AAAC,Columbia AAA CLO ETF,ETF,Taxable Bond,Securitized Bond - Focused,"$10,041,257.00",17939.7
AALG,Leverage Shares 2X Long AAL Daily ETF,"ETF, Leveraged",Miscellaneous,Trading--Leveraged Equity,"$1,214,610.00",55267
AAPD,Direxion Daily AAPL Bear 1X Shares,"ETF, Inverse",Miscellaneous,Trading--Inverse Equity,"$19,160,688.00",10795882.5
AAPY,Kurv Yield Premium Strategy Apple ETF,ETF,Nontraditional Equity,Derivative Income,"$5,383,673.00",3620
AAUM,Tema Alternative Asset Managers ETF,ETF,Sector Equity,Financial,"$2,039,471.00",375.9
ABLS,Abacus FCF Small Cap Leaders ETF,ETF,US Equity,Small Blend,"$965,822.00",80.4
ABNG,Leverage Shares 2X Long Abnb Daily ETF,"ETF, Leveraged",Miscellaneous,Trading--Leveraged Equity,"$516,947.00",1210.9
ABXB,Abacus Flexible Bond Leaders ETF,ETF,Taxable Bond,Nontraditional Bond,"$1,996,358.00",305.6
ACEP,ARS Core Equity Portfolio ETF,ETF,US Equity,Large Blend,"$89,686,685.00",2766
ACKY,VistaShares Target 15 ACKtivist Select Income ETF,ETF,US Equity,Large Blend,"$53,694,983.00",30175.9
ACYN,FT Vest Laddered Autocallable Barrier & Income ETF,ETF,Nontraditional Equity,Derivative Income,"$3,005,340.00",73838.8
ADBG,Leverage Shares 2X Long ADBE Daily ETF,"ETF, Leveraged",Miscellaneous,Trading--Leveraged Equity,"$28,875,714.00",2331962.5
ADFI,Anfield Dynamic Fixed Income ETF,ETF,Taxable Bond,Intermediate Core-Plus Bond,"$51,056,257.00",24616.6
ADIV,Guinness Atkinson Asia Pacific Dividend Builder ETF,ETF,International Equity,Pacific/Asia ex-Japan Stk,"$39,442,379.00",60100.7
AEMS,Anfield Enhanced Market ETF,ETF,Nontraditional Equity,Derivative Income,"$200,000.00",30797.5
AESR,Anfield U.S. Equity Sector Rotation ETF,ETF,US Equity,Large Blend,"$153,028,027.00",46436.5
AFIF,Anfield Universal Fixed Income ETF,ETF,Taxable Bond,Multisector Bond,"$233,686,491.00",70314.3
AFRU,T-REX 2X Long AFRM Daily Target ETF,"ETF, Leveraged",Miscellaneous,Trading--Leveraged Equity,"$4,869,301.00",221236.5
AGFXF,DB Agriculture Long ETN,ETN,Commodities,Commodities Focused,"$183,592.00",120
AGGH,Simplify Aggregate Bond ETF,ETF,Taxable Bond,Intermediate Core Bond,"$390,972,749.00",125993.6
AGIQ,Sofi Agentic AI ETF,ETF,Sector Equity,Technology,"$10,148,611.00",4771.5
AGQI,First Trust Active Global Quality Income ETF,ETF,International Equity,Global Large-Stock Value,"$61,174,847.00",6654.4
AGZD,WisdomTree Interest Rate Hedged U.S. Aggregate Bond Fund,ETF,Taxable Bond,Nontraditional Bond,"$91,090,332.00",25544.6
AIBD,Direxion Daily AI And Big Data Bear 2X Shares,"ETF, Leveraged, Inverse",Miscellaneous,Trading--Inverse Equity,"$7,277,991.00",69594.7
AIYY,YieldMax AI Option Income Strategy ETF,ETF,Nontraditional Equity,Derivative Income,"$33,612,298.00",150215
ALBG,Leverage Shares 2X Long ALB Daily ETF,"ETF, Leveraged",Miscellaneous,Trading--Leveraged Equity,"$1,388,279.00",15261.3
ALTY,Global X Alternative Income ETF,ETF,Allocation,Global Moderate Allocation,"$44,337,349.00",20989.1
AMAX,Adaptive Hedged Multi-Asset Income ETF,ETF,Taxable Bond,Nontraditional Bond,"$49,393,914.00",69550.2
AMDD,Direxion Daily AMD Bear 1X Shares,"ETF, Inverse",Miscellaneous,Trading--Inverse Equity,"$11,773,314.00",16047296.1
AMDG,Leverage Shares 2X Long AMD Daily ETF,"ETF, Leveraged",Miscellaneous,Trading--Leveraged Equity,"$19,007,990.00",111764.5
AMDL,GraniteShares 2x Long AMD Daily ETF,"ETF, Leveraged",Miscellaneous,Trading--Leveraged Equity,"$566,056,891.00",11402386.5
AMUB,UBS ETRACS Alerian MLP Index ETN Series B,ETN,Sector Equity,Energy Limited Partnership,"$37,087,370.00",245.5
AMYY,Graniteshares YieldBOOST AMD ETF,ETF,Nontraditional Equity,Derivative Income,"$9,299,593.00",14752.4
AMZD,Direxion Daily AMZN Bear 1X Shares,"ETF, Inverse",Miscellaneous,Trading--Inverse Equity,"$9,074,270.00",10776130.2
AMZY,YieldMax AMZN Option Income Strategy ETF,ETF,Nontraditional Equity,Derivative Income,"$223,049,362.00",545196.5
ANEL,Defiance Daily Target 2X Long ANET ETF,"ETF, Leveraged",Miscellaneous,Trading--Leveraged Equity,"$5,513,110.00",39035
AOHY,Angel Oak High Yield Opportunities ETF,ETF,Taxable Bond,High Yield Bond,"$125,078,643.00",49198.1
AOTS,AOT Software Platform ETF,ETF,Sector Equity,Technology,"$2,198,847.00",2026.3
APHU,T-Rex 2x Long Aph Daily Target ETF,"ETF, Leveraged",Miscellaneous,Trading--Leveraged Equity,"$479,814.00",2824.9
APLX,Tradr 2X Long APLD Daily ETF,"ETF, Leveraged",Miscellaneous,Trading--Leveraged Equity,"$44,352,932.00",1545765.432
APLY,YieldMax AAPL Option Income Strategy ETF,ETF,Nontraditional Equity,Derivative Income,"$109,286,885.00",312020.1
APLZ,Tradr 2X Short Apld Daily ETF,"ETF, Leveraged, Inverse",Miscellaneous,Trading--Inverse Equity,"$875,458.00",152334.6
AQWA,Global X Clean Water ETF,ETF,Sector Equity,Natural Resources,"$41,365,958.00",130907.8
ARCX,Tradr 2X Long ACHR Daily ETF,"ETF, Leveraged",Miscellaneous,Trading--Leveraged Equity,"$14,070,666.00",46325.7
ARKT,Ark Diet Q4 Buffer ETF,ETF,Nontraditional Equity,Defined Outcome,"$2,744,323.00",119.2
ARMG,Leverage Shares 2X Long ARM Daily ETF,"ETF, Leveraged",Miscellaneous,Trading--Leveraged Equity,"$23,880,985.00",390451.6
ARMU,T-Rex 2X Long ARM Daily Target ETF,"ETF, Leveraged",Miscellaneous,Trading--Leveraged Equity,"$3,435,441.00",16051.3
ASEA,Global X FTSE Southeast Asia ETF,ETF,International Equity,Pacific/Asia ex-Japan Stk,"$98,562,981.00",61732.7
ASTN,Defiance Daily Target 2X Short ASTS ETF,"ETF, Leveraged, Inverse",Miscellaneous,Trading--Inverse Equity,"$1,418,353.00",404896.8
AVRY,Avory Foundational ETF,ETF,US Equity,Large Blend,"$41,325,621.00",11044.6
AVS,Direxion Daily AVGO Bear 1X Shares,"ETF, Inverse",Miscellaneous,Trading--Inverse Equity,"$9,850,785.00",1592879.6
AVXX,Defiance Daily Target 2X Long AVAV ETF,"ETF, Leveraged",Miscellaneous,Trading--Leveraged Equity,"$9,110,590.00",1938511.6
AWAY,Amplify Travel Tech ETF,ETF,Sector Equity,Consumer Cyclical,"$25,892,219.00",7045.6
AXPG,Leverage Shares 2X Long AXP Daily ETF,"ETF, Leveraged",Miscellaneous,Trading--Leveraged Equity,"$292,848.00",11126.2
AXUP,T-REX 2X Long AXON Daily Target ETF,"ETF, Leveraged",Miscellaneous,Trading--Leveraged Equity,"$3,818,132.00",107176.7
AZYY,Graniteshares YieldBOOST AMZN ETF,ETF,Nontraditional Equity,Derivative Income,"$2,555,507.00",2183.9
BABO,YieldMax BABA Option Income Strategy ETF,ETF,Nontraditional Equity,Derivative Income,"$33,609,314.00",143539.6
BABU,Direxion Daily BABA Bull 2X ETF,"ETF, Leveraged",Miscellaneous,Trading--Leveraged Equity,"$1,852,690.00",19964.3
BAIG,Leverage Shares 2X Long BBAI Daily ETF,"ETF, Leveraged",Miscellaneous,Trading--Leveraged Equity,"$12,315,936.00",621561.3
BATT,Amplify Lithium & Battery Technology ETF,ETF,Sector Equity,Natural Resources,"$121,851,701.00",73668.8
BBHL,BBH Select Large Cap ETF,ETF,US Equity,Large Growth,"$483,277,641.00",69467.9
BBHM,BBH Select Mid Cap ETF,ETF,US Equity,Mid-Cap Growth,"$497,457,616.00",104287.9
BBLU,Ea Bridgeway Blue Chip ETF,ETF,US Equity,Large Blend,"$374,906,409.00",129164.7
BBYY,Graniteshares YieldBOOST Baba ETF,ETF,Nontraditional Equity,Derivative Income,"$1,195,781.00",3004
BCCC,Global X Bitcoin Covered Call ETF,ETF,Alternative,Digital Assets,"$8,785,961.00",14161.9
BCFN,Baron Financials ETF,ETF,Sector Equity,Financial,"$49,757,060.00",11201.1
BCHG,Grayscale Bitcoin Cash Trust (BCH),ETF,Alternative,Digital Assets,"$178,735,008.00",93357.2
BDCX,ETRACS Quarterly Pay 1.5X Leveraged Wells Fargo BDC Index ETN,"ETN, Leveraged",Miscellaneous,Trading--Leveraged Equity,"$6,003,810.00",3026.9
BDCZ,UBS ETRACS Wells Fargo® Business Development Company Index ETN,ETN,Sector Equity,Financial,"$11,135,925.00",739.6
BDDXF,DB Base Metals Double Long ETN,"ETN, Leveraged",Miscellaneous,Trading--Leveraged Commodities,"$382,560.00",800
BDRY,Breakwave Dry Bulk Shipping ETF,ETF,Sector Equity,Miscellaneous Sector,"$41,567,120.00",519194.3
BDVG,iMGP Berkshire Dividend Growth ETF,ETF,US Equity,Large Value,"$8,949,823.00",4150.9
BEGS,Rareview 2x Bull Cryptocurrency & Precious Metals ETF,"ETF, Leveraged",Miscellaneous,Trading--Miscellaneous,"$4,080,261.00",5102.7
BETZ,Roundhill Sports Betting & iGaming ETF,ETF,Sector Equity,Consumer Cyclical,"$52,467,785.00",13229.8
BEZ,Tradr 2X Short Be Daily ETF,"ETF, Leveraged, Inverse",Miscellaneous,Trading--Inverse Equity,"$2,262,282.00",120622.9
BFAP,FT Vest Bitcoin Strategy Floor15 ETF - April,ETF,Alternative,Digital Assets,"$1,484,153.00",433
BFJA,FT Vest Bitcoin Strategy Floor15 ETF - January,ETF,Nontraditional Equity,Defined Outcome,"$905,518.00",104.5
BFJL,FT Vest Bitcoin Strategy Floor15 ETF - July,ETF,Alternative,Digital Assets,"$3,354,131.00",116.5
BGLD,FT Vest Gold Strategy Quarterly Buffer ETF,ETF,Nontraditional Equity,Defined Outcome,"$47,622,765.00",55719.1
BIDG,Leverage Shares 2X Long BIDU Daily ETF,"ETF, Leveraged",Miscellaneous,Trading--Leveraged Equity,"$1,288,282.00",15139
BIS,ProShares UltraShort Nasdaq Biotechnology,"ETF, Leveraged, Inverse",Miscellaneous,Trading--Inverse Equity,"$2,364,776.00",10383.2
BITK,Tuttle Capital Bitcoin 0DTE Covered Call ETF,ETF,Nontraditional Equity,Derivative Income,"$4,504,663.00",28035.4
BITO,ProShares Bitcoin ETF,ETF,Alternative,Digital Assets,"$1,793,074,117.00",113859744.5
BITQ,Bitwise Crypto Industry Innovators ETF,ETF,Alternative,Equity Digital Assets,"$354,154,883.00",143556.7
BITU,Proshares Ultra Bitcoin ETF,"ETF, Leveraged",Alternative,Digital Assets,"$350,554,155.00",5793208.2
BITX,2x Bitcoin Strategy ETF,"ETF, Leveraged",Alternative,Digital Assets,"$905,306,882.00",16819910.5
BIZD,VanEck BDC Income ETF,ETF,Sector Equity,Financial,"$1,438,233,168.00",4598809.9
BKLN,Invesco Senior Loan ETF,ETF,Taxable Bond,Bank Loan,"$6,500,109,673.00",40713354.7
BKNU,T-REX 2X Long BKNG Daily Target ETF,"ETF, Leveraged",Miscellaneous,Trading--Leveraged Equity,"$1,962,398.00",24271.8
BLCN,Siren Nasdaq NexGen Economy ETF,ETF,Alternative,Equity Digital Assets,"$34,739,062.00",18920.1
BLOX,Nicholas Crypto Income ETF,ETF,Alternative,Digital Assets,"$214,578,514.00",302858.4
BLSG,Leverage Shares 2X Long BLSH Daily ETF,"ETF, Leveraged",Miscellaneous,Trading--Leveraged Equity,"$1,176,584.00",18107
BLSX,Tradr 2X Long BLSH Daily ETF,"ETF, Leveraged",Miscellaneous,Trading--Leveraged Equity,"$1,205,730.00",17223.5
BMAX,REX Bitcoin Corporate Treasury Convertible Bond ETF,ETF,Allocation,Convertibles,"$5,901,245.00",593.4
BMNG,Leverage Shares 2X Long BMNR Daily ETF,"ETF, Leveraged",Miscellaneous,Trading--Leveraged Equity,"$21,407,772.00",24268577.4
BMNU,T-REX 2X Long BMNR Daily Target ETF,"ETF, Leveraged",Miscellaneous,Trading--Leveraged Equity,"$220,338,427.00",113090073.5
BMNZ,Defiance Daily Target 2X Short BMNR ETF,"ETF, Leveraged, Inverse",Miscellaneous,Trading--Inverse Equity,"$15,561,204.00",1699854.4
BNDC,FlexShares Core Select Bond Fund,ETF,Taxable Bond,Intermediate Core Bond,"$154,274,271.00",6829.3
BOED,Direxion Daily BA Bear 1X Shares,"ETF, Inverse",Miscellaneous,Trading--Inverse Equity,"$1,282,294.00",12364
BOEG,Leverage Shares 2X Long BA Daily ETF,"ETF, Leveraged",Miscellaneous,Trading--Leveraged Equity,"$3,877,804.00",26880.3
BOIL,ProShares Ultra Bloomberg Natural Gas,"ETF, Leveraged",Miscellaneous,Trading--Leveraged Commodities,"$416,164,483.00",17335486.3
BRF,VanEck Brazil Small-Cap ETF,ETF,International Equity,Latin America Stock,"$26,268,344.00",8391.8
BRRR,CoinShares Bitcoin ETF,ETF,Alternative,Digital Assets,"$396,238,455.00",379060.5
BSCQ,Invesco BulletShares 2026 Corporate Bond ETF,ETF,Taxable Bond,Target Maturity,"$4,155,948,005.00",856185.4
BSCR,Invesco BulletShares 2027 Corporate Bond ETF,ETF,Taxable Bond,Target Maturity,"$4,597,412,044.00",703829.5
BSCS,Invesco BulletShares 2028 Corporate Bond ETF,ETF,Taxable Bond,Target Maturity,"$3,388,481,317.00",898927.9
BSCT,Invesco BulletShares 2029 Corporate Bond ETF,ETF,Taxable Bond,Target Maturity,"$2,806,755,553.00",738954.3
BSCU,Invesco BulletShares 2030 Corporate Bond ETF,ETF,Taxable Bond,Target Maturity,"$2,461,216,137.00",645724.4
BSCV,Invesco BulletShares 2031 Corporate Bond ETF,ETF,Taxable Bond,Target Maturity,"$1,637,496,252.00",530811.4
BSCW,Invesco Bulletshares 2032 Corporate Bond ETF,ETF,Taxable Bond,Target Maturity,"$1,405,791,960.00",329601.9
BSCX,Invesco Bulletshares 2033 Corporate Bond ETF,ETF,Taxable Bond,Target Maturity,"$929,998,031.00",214342.7
BSCY,Invesco BulletShares 2034 Corporate Bond ETF,ETF,Taxable Bond,Target Maturity,"$469,903,821.00",136231.5
BSCZ,Invesco Bulletshares 2035 Corporate Bond ETF,ETF,Taxable Bond,Target Maturity,"$189,136,689.00",176345.1
BSJR,Invesco BulletShares 2027 High Yield Corporate Bond ETF,ETF,Taxable Bond,Target Maturity,"$811,625,431.00",151282.1
BSJS,Invesco BulletShares 2028 High Yield Corporate Bond ETF,ETF,Taxable Bond,Target Maturity,"$636,426,805.00",258232.5
BSJT,Invesco BulletShares 2029 High Yield Corporate Bond ETF,ETF,Taxable Bond,Target Maturity,"$459,703,883.00",125234.3
BSMU,Invesco BulletShares 2030 Municipal Bond ETF,ETF,Municipal Bond,Muni Target Maturity,"$242,454,879.00",38777.5
BSMV,Invesco BulletShares 2031 Municipal Bond ETF,ETF,Municipal Bond,Muni Target Maturity,"$175,314,074.00",32205.6
BSOL,Bitwise Solana Staking ETF,ETF,Alternative,Digital Assets,"$508,375,860.00",3100014
BTAL,AGF U.S. Market Neutral Anti-Beta Fund,ETF,Alternative,Equity Market Neutral,"$385,023,737.00",1120702.7
BTCC,Grayscale Bitcoin Covered Call ETF,ETF,Alternative,Digital Assets,"$16,316,159.00",17088.3
BTCL,T-Rex 2X Long Bitcoin Daily Target ETF,"ETF, Leveraged",Miscellaneous,Trading--Miscellaneous,"$25,270,840.00",136322.2
BTCZ,T-Rex 2X Inverse Bitcoin Daily Target ETF,"ETF, Leveraged, Inverse",Miscellaneous,Trading--Miscellaneous,"$16,419,534.00",20330769.6
BTF,CoinShares Bitcoin and Ether ETF,ETF,Alternative,Digital Assets,"$14,900,425.00",12235.2
BTFL,Defiance Daily Target 2X Long BITF ETF,"ETF, Leveraged",Miscellaneous,Trading--Leveraged Equity,"$1,900,799.00",8951.7
BUFH,FT Vest Laddered Max Buffer ETF,ETF,Nontraditional Equity,Defined Outcome,"$48,153,394.00",8790.2
BUFX,FT Vest Laddered Enhance & Moderate Buffer ETF,ETF,Nontraditional Equity,Defined Outcome,"$9,614,057.00",1300.9
BUFY,FT Vest Laddered International Moderate Buffer ETF,ETF,Nontraditional Equity,Defined Outcome,"$75,766,271.00",48745.9
BULG,Leverage Shares 2X Long BULL Daily ETF,"ETF, Leveraged",Miscellaneous,Trading--Leveraged Equity,"$5,480,796.00",556316.1
BULU,T-REX 2X Long BULL Daily Target ETF,"ETF, Leveraged",Miscellaneous,Trading--Leveraged Equity,"$612,112.00",15712.3
BULX,GraniteShares 2x Long BULL Daily ETF,"ETF, Leveraged",Miscellaneous,Trading--Leveraged Equity,"$929,206.00",24863.5
BULZ,MicroSectors™ Solactive FANG Innovation 3X Leveraged ETNs,"ETN, Leveraged",Miscellaneous,Trading--Leveraged Equity,"$1,771,159,623.00",1729611.9
BUXX,Strive Enhanced Income Short Maturity ETF,ETF,Taxable Bond,Ultrashort Bond,"$386,598,915.00",324363.2
BUYW,Main Buywrite ETF,ETF,Nontraditional Equity,Derivative Income,"$1,103,291,795.00",390307.1
BWOW,Bitwise Dogecoin ETF,ETF,Alternative,Digital Assets,"$612,387.00",581.1
BWX,SPDR® Bloomberg International Treasury Bond ETF,ETF,Taxable Bond,Global Bond,"$1,682,155,248.00",2634845.5
BYLD,iShares Yield Optimized Bond ETF,ETF,Taxable Bond,Multisector Bond,"$321,749,735.00",109126
BZQ,ProShares UltraShort MSCI Brazil Capped,"ETF, Leveraged, Inverse",Miscellaneous,Trading--Inverse Equity,"$4,598,724.00",60197.6
CAAA,First Trust AAA CMBS ETF,ETF,Taxable Bond,Securitized Bond - Focused,"$32,020,895.00",10909
CABZ,Roundhill Robotaxi Autonomous Vehicles & Technology ETF,ETF,Sector Equity,Technology,"$1,334,181.00",1699.3
CANE,Teucrium Sugar Fund,ETF,Commodities,Commodities Focused,"$17,125,572.00",255374.1
CARD,Max Auto Industry -3X Inverse Leveraged ETN,"ETN, Leveraged, Inverse",Miscellaneous,Trading--Inverse Equity,"$1,715,258.00",23097.1
CARY,Angel Oak Income ETF,ETF,Taxable Bond,Multisector Bond,"$885,914,973.00",708587.2
CBTA,Calamos Bitcoin 80 Series Structured Alt Protection ETF - April,ETF,Alternative,Digital Assets,"$3,229,291.00",1968.7
CBTJ,Calamos Bitcoin 80 Series Structured Alt Protection ETF - January,ETF,Alternative,Digital Assets,"$22,435,880.00",7767.9
CBTL,Calamos Laddered Bitcoin 80 Series Structured Alt Protection ETF,ETF,Alternative,Digital Assets,"$2,703,942.00",915.4
CBTO,Calamos Bitcoin 80 Series Structured Alt Protection ETF - October,ETF,Alternative,Digital Assets,"$26,978,687.00",16819.9
CBTY,Calamos Bitcoin 80 Series Structured Alt Protection ETF - July,ETF,Alternative,Digital Assets,"$10,878,859.00",6629.1
CBXA,Calamos Bitcoin 90 Series Structured Alt Protection ETF - April,ETF,Alternative,Digital Assets,"$4,490,392.00",2696.2
CBXJ,Calamos Bitcoin 90 Series Structured Alt Protection ETF - January,ETF,Alternative,Digital Assets,"$17,562,777.00",3496.4
CBXL,Calamos Laddered Bitcoin 90 Series Structured Alt Protection ETF,ETF,Alternative,Digital Assets,"$1,517,303.00",379
CBXO,Calamos Bitcoin 90 Series Structured Alt Protection ETF - October,ETF,Alternative,Digital Assets,"$9,941,956.00",3596.6
CBXY,Calamos Bitcoin 90 Series Structured Alt Protection ETF - July,ETF,Alternative,Digital Assets,"$8,798,131.00",5584
CCRP,Columbia Corporate Bond ETF Shares,ETF,Taxable Bond,Corporate Bond,"$10,082,972.00",19976.4
CCSB,Carbon Collective Short Duration Green Bond ETF,ETF,Taxable Bond,Short-Term Bond,"$25,121,062.00",3100
CCUP,T-REX 2X Long CRCL Daily Target ETF,"ETF, Leveraged",Miscellaneous,Trading--Leveraged Equity,"$20,826,596.00",6979816.8
CDX,Simplify High Yield ETF,ETF,Taxable Bond,High Yield Bond,"$487,780,290.00",148344.2
CEFD,ETRACS Monthly Pay 1.5X Leveraged Closed-End Fund Index ETN,"ETN, Leveraged",Miscellaneous,Trading--Miscellaneous,"$7,745,440.00",3122.8
CEFS,Saba Closed-End Funds ETF,ETF,Alternative,Event Driven,"$383,470,727.00",134603.7
CEFZ,RiverNorth Active Income ETF,ETF,Allocation,Global Moderately Conservative Allocation,"$37,644,037.00",11295.2
CEGX,Tradr 2X Long CEG Daily ETF,"ETF, Leveraged",Miscellaneous,Trading--Leveraged Equity,"$15,904,439.00",74213.9
CELT,Tradr 2X Long CELH Daily ETF,"ETF, Leveraged",Miscellaneous,Trading--Leveraged Equity,"$2,536,860.00",41808.8
CEW,WisdomTree Emerging Currency Strategy Fund,ETF,Taxable Bond,Emerging-Markets Local-Currency Bond,"$15,573,905.00",12053.2
CGCP,Capital Group Core Plus Income ETF,ETF,Taxable Bond,Intermediate Core-Plus Bond,"$7,253,390,233.00",1860403.2
CGV,Conductor Global Equity Value ETF,ETF,International Equity,Foreign Small/Mid Value,"$138,173,178.00",15245.6
CHAU,Direxion Daily CSI 300 China A Share Bull 2X Shares,"ETF, Leveraged",Miscellaneous,Trading--Leveraged Equity,"$130,975,337.00",184576.9
CHIQ,Global X MSCI China Consumer Disc ETF,ETF,International Equity,China Region,"$178,952,818.00",56021.3
CIFG,Leverage Shares 2X Long CIFR Daily ETF,"ETF, Leveraged",Miscellaneous,Trading--Leveraged Equity,"$2,481,828.00",130442.6
CIFU,T-REX 2X LONG CIFR DAILY TARGET ETF,"ETF, Leveraged",Miscellaneous,Trading--Leveraged Equity,"$7,989,528.00",253658.9
CLNK,Bitwise Chainlink ETF,ETF,Alternative,Digital Assets,"$10,446,874.00",35469.8
CLOU,Global X Cloud Computing ETF,ETF,Sector Equity,Technology,"$206,234,238.00",219566.8
CLSX,Tradr 2X Long CLSK Daily ETF,"ETF, Leveraged",Miscellaneous,Trading--Leveraged Equity,"$13,778,927.00",391782.4
CLSZ,Tradr 2X Short CLSK Daily ETF,"ETF, Leveraged, Inverse",Miscellaneous,Trading--Inverse Equity,"$416,383.00",10952
CMGG,Leverage Shares 2X Long CMG Daily ETF,"ETF, Leveraged",Miscellaneous,Trading--Leveraged Equity,"$879,901.00",4064.8
CNBS,Amplify Seymour Cannabis ETF,ETF,Sector Equity,Miscellaneous Sector,"$77,943,793.00",11403.2
CNCG,Leverage Shares 2X Long CNC Daily ETF,"ETF, Leveraged",Miscellaneous,Trading--Leveraged Equity,"$469,472.00",4830.8
CNQQ,Rayliant-ChinaAMC Transformative China Tech ETF,ETF,International Equity,China Region,"$17,221,308.00",10044
COIA,Proshares Ultra COIN,"ETF, Leveraged",Miscellaneous,Trading--Leveraged Equity,"$2,089,155.00",88236.5
COIG,Leverage Shares 2X Long COIN Daily ETF,"ETF, Leveraged",Miscellaneous,Trading--Leveraged Equity,"$4,577,107.00",134208
COII,REX COIN Growth & Income ETF,"ETF, Leveraged",Miscellaneous,Trading--Leveraged Equity,"$2,769,409.00",6466.6
COIO,Leverage Shares 2x Capped Accelerated COIN Monthly ETF,"ETF, Leveraged",Miscellaneous,Trading--Leveraged Equity,"$136,367.00",2356.2
COIW,Roundhill COIN WeeklyPay ETF,"ETF, Leveraged",Miscellaneous,Trading--Miscellaneous,"$44,042,288.00",99948.5
CONL,GraniteShares 2x Long COIN Daily ETF,"ETF, Leveraged",Miscellaneous,Trading--Leveraged Equity,"$470,322,259.00",25100016.9
CONX,Direxion Daily COIN Bull 2X ETF,"ETF, Leveraged",Miscellaneous,Trading--Leveraged Equity,"$2,997,419.00",77132.1
COPY,"Tweedy, Browne Insider + Value ETF",ETF,International Equity,Global Small/Mid Stock,"$298,276,072.00",222685.2
COPZ,Defiance Daily Target 2X Long Copper ETF,"ETF, Leveraged",Miscellaneous,Trading--Leveraged Equity,"$1,513,721.00",22829.9
CORD,T-REX 2X Inverse CRWV Daily Target ETF,"ETF, Leveraged, Inverse",Miscellaneous,Trading--Inverse Equity,"$22,789,165.00",1293568.3
CORN,Teucrium Corn Fund,ETF,Commodities,Commodities Focused,"$48,301,962.00",446927.2
COTG,Leverage Shares 2X Long Cost Daily ETF,"ETF, Leveraged",Miscellaneous,Trading--Leveraged Equity,"$5,819,087.00",39101.8
COYY,GraniteShares YieldBOOST COIN ETF,ETF,Nontraditional Equity,Derivative Income,"$43,082,443.00",241140.8
COZX,Tradr 2X Long CORZ Daily ETF,"ETF, Leveraged",Miscellaneous,Trading--Miscellaneous,"$3,446,244.00",94624.1
CPII,American Beacon Ionic Inflation Protection ETF,ETF,Taxable Bond,Inflation-Protected Bond,"$10,389,460.00",742.6
CPLB,NYLI MacKay Core Plus Bond ETF,ETF,Taxable Bond,Intermediate Core-Plus Bond,"$306,915,559.00",27596
CRCD,T-REX 2X Inverse CRCL Daily Target ETF,"ETF, Leveraged, Inverse",Miscellaneous,Trading--Inverse Equity,"$17,108,071.00",5241787.2
CRCG,Leverage Shares 2X Long CRCL Daily ETF,"ETF, Leveraged",Miscellaneous,Trading--Leveraged Equity,"$91,953,989.00",45987516.5
CRDT,Simplify Opportunistic Income ETF,ETF,Taxable Bond,Multisector Bond,"$37,762,181.00",10566.4
CRDU,Tradr 2X Long CRDO Daily ETF,"ETF, Leveraged",Miscellaneous,Trading--Leveraged Equity,"$33,673,006.00",776228.7333
CRED,Columbia Research Enhanced Real Estate ETF,ETF,Sector Equity,Real Estate,"$3,304,140.00",104.3
CRMG,Leverage Shares 2X Long CRM Daily ETF,"ETF, Leveraged",Miscellaneous,Trading--Leveraged Equity,"$26,105,556.00",1993512.5
CRMU,Leverage Shares 2X Long CRML Daily ETF,"ETF, Leveraged",Miscellaneous,Trading--Leveraged Equity,"$659,530.00",34044.1
CRMX,Tradr 2X Long CRML Daily ETF,"ETF, Leveraged",Miscellaneous,Trading--Leveraged Equity,"$11,519,283.00",157752.5333
CRPT,First Trust SkyBridge Crypto Industry and Digital Economy ETF,ETF,Alternative,Equity Digital Assets,"$94,028,321.00",50575.3
CRWG,Leverage Shares 2X Long CRWV Daily ETF,"ETF, Leveraged",Miscellaneous,Trading--Leveraged Equity,"$100,471,702.00",23784631.6
CRWU,T-REX 2X Long CRWV Daily Target ETF,"ETF, Leveraged",Miscellaneous,Trading--Leveraged Equity,"$12,489,977.00",1866927.6
CRXP,Columbia Core Plus Bond ETF Shares,ETF,Taxable Bond,Intermediate Core-Plus Bond,"$10,183,304.00",24901
CSCS,Direxion Daily CSCO Bear 1X Shares,"ETF, Inverse",Miscellaneous,Trading--Inverse Equity,"$2,065,151.00",1418.5
CSEX,Tradr 2X Long CLS Daily ETF,"ETF, Leveraged",Miscellaneous,Trading--Leveraged Equity,"$8,914,098.00",98180.6
CTWO,COtwo Advisors Physical European Carbon Allowance Trust,ETF,Sector Equity,Miscellaneous Sector,"$1,621,077.00",1423.2
CUSD,CrossingBridge Ultra-Short Duration ETF,ETF,Sector Equity,Financial,"$12,713,585.00",2334.4
CVNX,Defiance Daily Target 2X Long CVNA ETF,"ETF, Leveraged",Miscellaneous,Trading--Leveraged Equity,"$3,733,660.00",61245.1
CVRD,Madison Covered Call ETF,ETF,Nontraditional Equity,Derivative Income,"$36,260,237.00",62.4
CWII,Rex Crwv Growth & Income ETF,"ETF, Leveraged",Miscellaneous,Trading--Leveraged Equity,"$465,989.00",11017.9
CWVX,Tradr 2X Long CRWV Daily ETF,"ETF, Leveraged",Miscellaneous,Trading--Leveraged Equity,"$82,842,659.00",2173661.7
CXRN,Teucrium 2x Daily Corn ETF,"ETF, Leveraged",Miscellaneous,Trading--Leveraged Commodities,"$765,214.00",5882.6
DADS,Digital Asset Debt Strategy ETF,ETF,Alternative,Digital Assets,"$7,774,070.00",884.5
DAGXF,DB Agriculture Double Long ETN,"ETN, Leveraged",Miscellaneous,Trading--Leveraged Commodities,"$924,488.00",1000
DAMD,Defiance Daily Target 2X Short AMD ETF,"ETF, Leveraged, Inverse",Miscellaneous,Trading--Inverse Equity,"$3,398,404.00",202047.9
DAPP,VanEck Digital Transformation ETF,ETF,Alternative,Equity Digital Assets,"$280,191,593.00",776416.1
DASX,Tradr 2X Long DASH Daily ETF,"ETF, Leveraged",Miscellaneous,Trading--Leveraged Equity,"$1,208,508.00",20336.2
DBO,Invesco DB Oil Fund,ETF,Commodities,Commodities Focused,"$230,327,075.00",3610058.2
DDFD,Innovator Equity Dual Directional 15 Buffer ETF - December,ETF,Nontraditional Equity,Defined Outcome,"$101,501,294.00",11363.8
DDFF,Innovator Equity Dual Directional 15 Buffer ETF™ - February,ETF,Nontraditional Equity,Defined Outcome,"$57,306,559.00",69486.7
DDFJ,Innovator Equity Dual Directional 15 Buffer ETF - January,ETF,Nontraditional Equity,Defined Outcome,"$109,233,259.00",39919.8
DDFL,Innovator Equity Dual Directional 15 Buffer ETF - July,ETF,Nontraditional Equity,Defined Outcome,"$75,415,550.00",19474.1
DDFN,Innovator Equity Dual Directional 15 Buffer ETF November,ETF,Nontraditional Equity,Defined Outcome,"$112,065,222.00",10111
DDFO,Innovator Equity Dual Directional 15 Buffer ETF - October,ETF,Nontraditional Equity,Defined Outcome,"$107,000,483.00",9205
DDFS,Innovator Equity Dual Directional 15 Buffer ETF - September,ETF,Nontraditional Equity,Defined Outcome,"$51,160,592.00",7117.3
DDNQ,Innovator Growth-100 Dual Directional 5 Buffer ETF,ETF,Nontraditional Equity,Defined Outcome,"$20,244,323.00",7253.8
DDSQ,Innovator Equity Dual Directional 5 Buffer ETF,ETF,Nontraditional Equity,Defined Outcome,"$39,633,210.00",11943.9
DDTD,Innovator Equity Dual Directional 10 Buffer ETF - December,ETF,Nontraditional Equity,Defined Outcome,"$17,318,741.00",3098.1
DDTF,Innovator Equity Dual Directional 10 Buffer ETF™ - February,ETF,Nontraditional Equity,Defined Outcome,"$16,335,411.00",8102.6
DDTJ,Innovator Equity Dual Directional 10 Buffer ETF - January,ETF,Nontraditional Equity,Defined Outcome,"$21,961,364.00",3775.5
DDTL,Innovator Equity Dual Directional 10 Buffer ETF - July,ETF,Nontraditional Equity,Defined Outcome,"$100,180,158.00",13812.9
DDTN,Innovator Equity Dual Directional 10 Buffer ETF November,ETF,Nontraditional Equity,Defined Outcome,"$45,797,764.00",5157.1
DDTO,Innovator Equity Dual Directional 10 Buffer ETF - October,ETF,Nontraditional Equity,Defined Outcome,"$34,857,595.00",3723
DDTS,Innovator Equity Dual Directional 10 Buffer ETF - September,ETF,Nontraditional Equity,Defined Outcome,"$22,039,665.00",1462.8
DEED,First Trust Securitized Plus ETF,ETF,Taxable Bond,Securitized Bond - Diversified,"$87,623,244.00",56335.2
DFII,FT Vest Bitcoin Strategy & Target Income ETF,ETF,Alternative,Digital Assets,"$15,680,835.00",12740.8
DGLO,First Trust RBA Deglobalization ETF,ETF,US Equity,Large Blend,"$2,315,576.00",420.8
DGZ,DB Gold Short ETN,"ETN, Inverse",Miscellaneous,Trading--Inverse Commodities,"$1,400,637.00",5556.3
DHLX,Diamond Hill Large Cap Concentrated ETF,ETF,US Equity,Large Value,"$71,103,283.00",31508.1
DIAL,Columbia Diversified Fixed Income Allocation ETF,ETF,Taxable Bond,Multisector Bond,"$446,061,499.00",90005.5
DIME,CoinShares Altcoins ETF,ETF,Alternative,Digital Assets,"$1,276,062.00",4761.2
DISO,YieldMax DIS Option Income Strategy ETF,ETF,Nontraditional Equity,Derivative Income,"$18,452,536.00",120150
DIV,Global X SuperDividend™ U.S. ETF,ETF,US Equity,Small Value,"$737,139,431.00",412508.3
DJIA,Global X Dow 30 Covered Call ETF,ETF,Nontraditional Equity,Derivative Income,"$170,483,153.00",74928.3
DJTU,T-Rex 2X Long DJT Daily Target ETF,"ETF, Leveraged",Miscellaneous,Trading--Leveraged Equity,"$10,095,500.00",678013
DKNX,Defiance Daily Target 2X Long DKNG ETF,"ETF, Leveraged",Miscellaneous,Trading--Leveraged Equity,"$5,032,427.00",61431.1
DKUP,T-REX 2X Long DKNG Daily Target ETF,"ETF, Leveraged",Miscellaneous,Trading--Leveraged Equity,"$588,793.00",3076.4
DNNG,Leverage Shares 2X Long DNN Daily ETF,"ETF, Leveraged",Miscellaneous,Trading--Leveraged Equity,"$657,502.00",1933.6
DOGD,Tradr 2X Long DDOG Daily ETF,"ETF, Leveraged",Miscellaneous,Trading--Leveraged Equity,"$2,610,790.00",31920.8
DOGG,FT Vest DJIA® Dogs 10 Target Income ETF,ETF,Nontraditional Equity,Derivative Income,"$61,672,306.00",28221.1
DOJE,REX-Osprey DOGE ETF,ETF,Alternative,Digital Assets,"$15,209,676.00",34952.5
DRAY,YieldMax DKNG Option Income Strategy ETF,ETF,Nontraditional Equity,Derivative Income,"$15,527,643.00",84267.5
DRIP,Direxion Daily S&P Oil & Gas Exp. & Prod. Bear 2X Shares,"ETF, Leveraged, Inverse",Miscellaneous,Trading--Inverse Equity,"$44,956,765.00",37545871.3
DRN,Direxion Daily Real Estate Bull 3X Shares,"ETF, Leveraged",Miscellaneous,Trading--Leveraged Equity,"$61,178,595.00",653207.8
DRV,Direxion Daily Real Estate Bear 3X Shares,"ETF, Leveraged, Inverse",Miscellaneous,Trading--Inverse Equity,"$34,987,490.00",149821.5
DUG,ProShares UltraShort Energy,"ETF, Leveraged, Inverse",Miscellaneous,Trading--Inverse Equity,"$9,517,503.00",115200.1
DUNK,Dana Unconstrained Equity ETF,ETF,US Equity,Large Blend,"$123,040,905.00",17958.6
DUOG,Leverage Shares 2X Long DUOL Daily ETF,"ETF, Leveraged",Miscellaneous,Trading--Leveraged Equity,"$3,486,536.00",1625860.2
DVAL,BrandywineGLOBAL Dynamic U.S. Large Cap Value ETF,ETF,US Equity,Large Value,"$88,697,604.00",16643.4
DVDN,Kingsbarn Dividend Opportunity ETF,ETF,Sector Equity,Real Estate,"$3,028,747.00",1504.8
DVXF,WEBs Financial XLF Defined Volatility ETF,ETF,Sector Equity,Financial,"$230,056.00",24.9
DWSH,AdvisorShares Dorsey Wright Short ETF,"ETF, Inverse",Miscellaneous,Trading--Inverse Equity,"$8,627,884.00",76960.4
DXD,ProShares UltraShort Dow30,"ETF, Leveraged, Inverse",Miscellaneous,Trading--Inverse Equity,"$63,634,916.00",5613922.5
DYLD,LeaderShares® Dynamic Yield ETF,ETF,Taxable Bond,Multisector Bond,"$41,874,020.00",3920.5
DYYXF,DB Commodity Double Long ETN,"ETN, Leveraged",Miscellaneous,Trading--Leveraged Commodities,"$440,767.00",7529
DZZ,DB Gold Double Short ETN,"ETN, Leveraged, Inverse",Miscellaneous,Trading--Inverse Commodities,"$720,297.00",12694
EBND,SPDR® Bloomberg Emerging Markets Local Bond ETF,ETF,Taxable Bond,Emerging-Markets Local-Currency Bond,"$2,363,077,201.00",629961.9
EEE,Cyber Hornet S&P 500®And Ethereum 75/25 Strategy ETF,ETF,Allocation,Tactical Allocation,"$480,185.00",130.9
EEMO,Invesco S&P Emerging Markets Momentum ETF,ETF,International Equity,Diversified Emerging Mkts,"$12,078,035.00",1263.7
EEV,ProShares UltraShort MSCI Emerging Markets,"ETF, Leveraged, Inverse",Miscellaneous,Trading--Inverse Equity,"$2,357,081.00",38246.5
EFAS,Global X MSCI SuperDividend® EAFE ETF,ETF,International Equity,Foreign Large Value,"$47,263,411.00",35100.8
EFU,ProShares UltraShort MSCI EAFE,"ETF, Leveraged, Inverse",Miscellaneous,Trading--Inverse Equity,"$896,004.00",14720.2
EFZ,ProShares Short MSCI EAFE,"ETF, Inverse",Miscellaneous,Trading--Inverse Equity,"$7,969,025.00",116852.8
EHY,Amplify Ethereum Max Income Covered Call ETF,ETF,Alternative,Digital Assets,"$3,211,412.00",8240.9
EIDO,iShares MSCI Indonesia ETF,ETF,International Equity,Miscellaneous Region,"$310,150,980.00",828363.1
EIPI,FT Energy Income Partners Enhanced Income ETF,ETF,Nontraditional Equity,Derivative Income,"$1,053,059,500.00",122034.3
EKG,First Trust Nasdaq Lux Digital Health Solutions ETF,ETF,Sector Equity,Health,"$2,697,820.00",448.5
ELIS,Direxion Daily LLY Bear 1X Shares,"ETF, Inverse",Miscellaneous,Trading--Inverse Equity,"$3,016,915.00",24708.4
EMTY,ProShares Decline of the Retail Store ETF,"ETF, Inverse",Miscellaneous,Trading--Inverse Equity,"$2,570,922.00",2197.1
ENPX,Tradr 2X Long ENPH Daily ETF,"ETF, Leveraged",Miscellaneous,Trading--Leveraged Equity,"$3,175,633.00",38216.1
EOSU,T-Rex 2X Long Eose Daily Target ETF,"ETF, Leveraged",Miscellaneous,Trading--Leveraged Equity,"$2,279,809.00",3094678.6
EPAI,Harbor AI Inflection Strategy ETF,ETF,Sector Equity,Technology,"$4,174,964.00",2148.2
EPRF,Innovator S&P Investment Grade Preferred ETF,ETF,Taxable Bond,Preferred Stock,"$70,770,500.00",25604.3
EPV,ProShares UltraShort FTSE Europe,"ETF, Leveraged, Inverse",Miscellaneous,Trading--Inverse Equity,"$9,592,577.00",32708.6
ERNZ,TrueShares Active Yield ETF,ETF,Allocation,Moderately Aggressive Allocation,"$56,141,273.00",6760.1
ERY,Direxion Daily Energy Bear 2X Shares,"ETF, Leveraged, Inverse",Miscellaneous,Trading--Inverse Equity,"$18,451,602.00",1398851.2
ESK,REX-Osprey ETH + Staking ETF,ETF,Alternative,Digital Assets,"$1,541,252.00",873.1
ESN,Essential 40 Stock ETF,ETF,US Equity,Large Value,"$223,845,790.00",46915.9
ETCG,Grayscale Ethereum Classic Trust (ETC),ETF,Alternative,Digital Assets,"$94,516,658.00",21663.1
ETCO,Grayscale Ethereum Covered Call ETF,ETF,Alternative,Digital Assets,"$4,532,063.00",12152.7
ETFT,Fundsmith Equity ETF,ETF,International Equity,Global Large-Stock Blend,"$15,010,523.00",768.1
ETH,Grayscale Ethereum Mini Staking ETF,ETF,Alternative,Digital Assets,"$1,576,364,177.00",8105183.7
ETHA,iShares Ethereum Trust ETF,ETF,Alternative,Digital Assets,"$6,065,787,418.00",42884551.1
ETHE,Grayscale Ethereum Staking ETF,ETF,Alternative,Digital Assets,"$1,669,446,314.00",5739418.3
ETHT,Proshares Ultra Ether ETF,"ETF, Leveraged",Alternative,Digital Assets,"$179,475,888.00",2462236.2
ETHU,2x Ether ETF,"ETF, Leveraged",Alternative,Digital Assets,"$706,588,157.00",8420541.9
ETHW,Bitwise Ethereum ETF,ETF,Alternative,Digital Assets,"$208,302,178.00",2050239
ETRL,GraniteShares 2x Long ETOR Daily ETF,"ETF, Leveraged",Miscellaneous,Trading--Leveraged Equity,"$1,193,721.00",4223.9
ETTY,Amplify Ethereum 3% Monthly Option Income ETF,ETF,Alternative,Digital Assets,"$2,549,110.00",6641.5
ETU,T-Rex 2X Long Ether Daily Target ETF,"ETF, Leveraged",Miscellaneous,Trading--Miscellaneous,"$10,840,713.00",219914
EUM,ProShares Short MSCI Emerging Markets,"ETF, Inverse",Miscellaneous,Trading--Inverse Equity,"$9,426,953.00",120175.9
EVMT,Invesco Electric Vehicle Metals Commodity Strategy No K-1 ETF,ETF,Commodities,Commodities Focused,"$10,685,250.00",33031.5
EVNT,AltShares Event-Driven ETF,ETF,Alternative,Event Driven,"$10,686,709.00",5216.2
EWV,ProShares UltraShort MSCI Japan,"ETF, Leveraged, Inverse",Miscellaneous,Trading--Inverse Equity,"$8,883,450.00",51370.2
EWZS,iShares MSCI Brazil Small-Cap ETF,ETF,International Equity,Latin America Stock,"$364,343,758.00",724545.1
EZET,Franklin Ethereum ETF,ETF,Alternative,Digital Assets,"$38,650,349.00",209810
EZPZ,Franklin Crypto Index ETF,ETF,Alternative,Digital Assets,"$7,482,787.00",27778.4
FBDC,FT Confluence BDC & Specialty Finance Income ETF,ETF,Sector Equity,Financial,"$32,936,612.00",13339.5
FBY,YieldMax META Option Income Strategy ETF,ETF,Nontraditional Equity,Derivative Income,"$112,975,667.00",271587.3
FBYY,Graniteshares YieldBOOST Meta ETF,ETF,Nontraditional Equity,Derivative Income,"$490,065.00",828.3
FCXG,Leverage Shares 2X Long FCX Daily ETF,"ETF, Leveraged",Miscellaneous,Trading--Leveraged Equity,"$794,245.00",19663.9
FDAT,Tactical Advantage ETF,ETF,Allocation,Tactical Allocation,"$36,123,131.00",2413.3
FDD,First Trust STOXX® European Select Dividend Index Fund,ETF,International Equity,Europe Stock,"$870,056,137.00",371664.4
FDND,FT Vest Dow Jones Internet & Target Income ETF,ETF,Nontraditional Equity,Derivative Income,"$9,086,253.00",7926.4
FDRS,Founder-Led ETF Shares,ETF,US Equity,Large Blend,"$25,235,648.00",12670.6
FDRV,Fidelity Electric Vehicles and Future Transportation ETF,ETF,International Equity,Global Large-Stock Growth,"$26,902,711.00",9050
FDRX,Founder-Led 2x Daily ETF Shares,"ETF, Leveraged",Miscellaneous,Trading--Leveraged Equity,"$7,469,644.00",1333
FEAT,YieldMax Dorsey Wright Featured 5 Income ETF,ETF,Nontraditional Equity,Derivative Income,"$11,247,164.00",14132.3
FETH,Fidelity Ethereum Fund,ETF,Alternative,Digital Assets,"$1,293,398,041.00",8146715
FFF,Founders 100 ETF,ETF,US Equity,Large Blend,"$1,846,538.00",1427
FFIU,Fieldstone UVA Unconstrained Medium-Term Fixed Income ETF,ETF,Taxable Bond,Long-Term Bond,"$54,010,906.00",452.8
FFLS,The Future Fund Long/Short ETF,ETF,Nontraditional Equity,Long-Short Equity,"$39,562,373.00",7655.5
FGRU,T-Rex 2X Long FIGR Daily Target ETF,"ETF, Leveraged",Miscellaneous,Trading--Leveraged Equity,"$681,809.00",105406.3
FGSI,FT Vest Growth Strength & Target Income ETF,ETF,Nontraditional Equity,Derivative Income,"$3,045,796.00",1036.3
FIAX,Nicholas Fixed Income Alternative ETF,ETF,Taxable Bond,Nontraditional Bond,"$141,826,455.00",13367.4
FID,First Trust S&P International Dividend Aristocrats ETF,ETF,International Equity,Foreign Large Value,"$149,192,839.00",79810.9
FIGG,Leverage Shares 2x Long FIG Daily ETF,"ETF, Leveraged",Miscellaneous,Trading--Leveraged Equity,"$16,615,836.00",3309965.2
FIIG,First Trust Intermediate Duration Investment Grade Corporate ETF,ETF,Taxable Bond,Corporate Bond,"$664,001,961.00",255343
FILG,Grayscale Filecoin Trust (FIL),ETF,Alternative,Digital Assets,"$2,249,877.00",8895.6
FIXP,FolioBeyond Enhanced Fixed Income Premium ETF,ETF,Taxable Bond,Multisector Bond,"$9,948,795.00",1017.9
FLBL,Franklin Senior Loan ETF,ETF,Taxable Bond,Bank Loan,"$886,702,889.00",398592.2
FLCB,Franklin U.S. Core Bond ETF,ETF,Taxable Bond,Intermediate Core Bond,"$2,913,282,838.00",583965
FLCO,Franklin Investment Grade Corporate ETF,ETF,Taxable Bond,Corporate Bond,"$611,281,149.00",131643.9
FLGV,Franklin U.S. Treasury Bond ETF,ETF,Taxable Bond,Intermediate Government,"$1,089,622,495.00",512340.3
FLIA,Franklin International Aggregate Bond ETF,ETF,Taxable Bond,Global Bond-USD Hedged,"$693,436,931.00",84317.3
FLYT,Tradr 2X Long FLY Daily ETF,"ETF, Leveraged",Miscellaneous,Trading--Leveraged Equity,"$2,662,734.00",52981.5
FMKT,The Free Markets ETF,ETF,US Equity,Large Blend,"$17,764,563.00",6845.2
FMQQ,FMQQ The Next Frontier Internet ETF,ETF,International Equity,Diversified Emerging Mkts,"$24,285,310.00",14640.1
FNGU,Microsectors FANG+ 3x Leveraged ETNs,"ETN, Leveraged",Miscellaneous,Trading--Leveraged Equity,"$1,470,172,410.00",9304081.7
FPE,First Trust Preferred Securities and Income ETF,ETF,Taxable Bond,Preferred Stock,"$6,479,878,985.00",1967552.8
FPEI,First Trust Institutional Preferred Securities and Income ETF,ETF,Taxable Bond,Preferred Stock,"$1,932,042,777.00",397444.7
FPFD,Fidelity Preferred Securities & Income ETF,ETF,Taxable Bond,Preferred Stock,"$82,095,819.00",25649.6
FRDD,Direxion Daily F Bear 1X ETF,"ETF, Inverse",Miscellaneous,Trading--Inverse Equity,"$1,855,056.00",257.6
FRNW,Fidelity Clean Energy ETF,ETF,Sector Equity,Miscellaneous Sector,"$62,647,907.00",48098.3
FRTY,Alger Mid Cap 40 ETF,ETF,US Equity,Mid-Cap Growth,"$138,876,050.00",32198.1
FSIG,First Trust Limited Duration Investment Grade Corporate ETF,ETF,Taxable Bond,Short-Term Bond,"$1,496,822,112.00",349936.7
FSMB,First Trust Short Duration Managed Municipal ETF,ETF,Municipal Bond,Muni National Short,"$572,820,558.00",217724.6
FSOL,Fidelity Solana Fund,ETF,Alternative,Digital Assets,"$106,651,935.00",529100.6
FTBI,First Trust Balanced Income ETF,ETF,Allocation,Moderate Allocation,"$18,491,652.00",5361.1
FTCA,Franklin California Municipal Income ETF,ETF,Municipal Bond,Muni California Long,"$594,751,245.00",123234.3
FTCB,First Trust Core Investment Grade ETF,ETF,Taxable Bond,Intermediate Core Bond,"$2,202,640,563.00",609827.5
FTKI,First Trust Small Cap BuyWrite Income ETF,ETF,Nontraditional Equity,Derivative Income,"$24,323,868.00",17049.9
FTMA,Franklin Massachusetts Municipal Inc ETF,ETF,Municipal Bond,Muni Massachusetts,"$255,138,238.00",86939.4
FTMH,Franklin Municipal High Yield ETF,ETF,Municipal Bond,High Yield Muni,"$554,213,272.00",129317.3
FTMN,Franklin Minnesota Municipal Income ETF,ETF,Municipal Bond,Muni Minnesota,"$183,943,026.00",60122.2
FTMS,Franklin Short-Term Municipal Income ETF,ETF,Municipal Bond,Muni National Short,"$164,775,320.00",90319.5
FTMU,Franklin Municipal Income ETF,ETF,Municipal Bond,Muni National Long,"$478,966,625.00",79730.6
FTNJ,Franklin New Jersey Municipal Income ETF,ETF,Municipal Bond,Muni New Jersey,"$151,068,083.00",131610.4
FTNY,Franklin New York Municipal Income ETF,ETF,Municipal Bond,Muni New York Long,"$644,763,970.00",202620
FTOH,Franklin Ohio Municipal Income ETF,ETF,Municipal Bond,Muni Ohio,"$66,164,428.00",30863.4
FTPA,Franklin Pennsylvania Municipal Income ETF,ETF,Municipal Bond,Muni Pennsylvania,"$85,243,589.00",48059.3
FTQI,First Trust Nasdaq BuyWrite Income ETF,ETF,Nontraditional Equity,Derivative Income,"$757,884,677.00",180926
FTRI,First Trust Indxx Global Natural Resources Income ETF,ETF,Sector Equity,Natural Resources,"$142,730,279.00",60241.9
FTXG,First Trust Nasdaq Food & Beverage ETF,ETF,Sector Equity,Consumer Defensive,"$20,356,875.00",12171.1
FUMB,First Trust Ultra Short Duration Municipal ETF,ETF,Municipal Bond,Muni National Short,"$242,327,609.00",86605.5
FUTG,Leverage Shares 2X Long Futu Daily ETF,"ETF, Leveraged",Miscellaneous,Trading--Leveraged Equity,"$8,197,152.00",62447.7
FXED,Sound Enhanced Fixed Income ETF,ETF,Allocation,Conservative Allocation,"$41,206,255.00",8167.8
FXN,First Trust Energy AlphaDEX® Fund,ETF,Sector Equity,Equity Energy,"$329,563,049.00",1073727.1
FXP,ProShares UltraShort FTSE China 50,"ETF, Leveraged, Inverse",Miscellaneous,Trading--Inverse Equity,"$6,425,679.00",20812.5
GARY,Mango Growth ETF,ETF,US Equity,Large Growth,"$241,882,666.00",1056.7
GBAT,Grayscale Basic Attention Token Trust (BAT),ETF,Alternative,Digital Assets,"$2,680,312.00",16340.6
GDIV,Harbor Dividend Growth Leaders ETF,ETF,US Equity,Large Blend,"$226,720,913.00",9644.8
GDOG,Grayscale Dogecoin Trust ETF,ETF,Alternative,Digital Assets,"$6,080,545.00",41506.7
GDXY,YieldMax Gold Miners Option Income Strategy ETF,ETF,Commodities,Commodities Focused,"$344,893,022.00",1346034.8
GEMG,Leverage Shares 2X Long GEMI Daily ETF,"ETF, Leveraged",Miscellaneous,Trading--Leveraged Equity,"$574,999.00",93657.1
GEND,Genter Capital Dividend Income ETF,ETF,US Equity,Large Value,"$4,126,336.00",2694.8
GENM,Genter Capital Municipal Quality Intermediate ETF,ETF,Municipal Bond,Muni National Interm,"$22,220,079.00",22075.6
GENT,Genter Capital Taxable Quality Intermediate ETF,ETF,Taxable Bond,Intermediate Core Bond,"$84,401,048.00",46664.3
GENW,Genter Capital International Dividend ETF,ETF,International Equity,Foreign Large Value,"$4,082,235.00",2049.1
GEVG,Leverage Shares 2X Long GEV Daily ETF,"ETF, Leveraged",Miscellaneous,Trading--Leveraged Equity,"$5,758,641.00",32559.4
GGLS,Direxion Daily GOOGL Bear 1X Shares,"ETF, Inverse",Miscellaneous,Trading--Inverse Equity,"$15,316,378.00",15707225.5
GIAX,Nicholas Global Equity and Income ETF,ETF,Nontraditional Equity,Derivative Income,"$88,498,445.00",71220.5
GLDN,Nicholas Gold Income ETF,ETF,Sector Equity,Equity Precious Metals,"$2,231,700.00",6508
GLDY,Defiance Gold Enhanced Options Income ETF,ETF,Nontraditional Equity,Equity Hedged,"$40,112,185.00",42961.3
GLGG,Leverage Shares 2X Long GLXY Daily ETF,"ETF, Leveraged",Miscellaneous,Trading--Leveraged Equity,"$2,424,820.00",90014.2
GLIV,Grayscale Livepeer Trust (LPT),ETF,Alternative,Digital Assets,"$1,393,083.00",831.6
GLL,ProShares UltraShort Gold,"ETF, Leveraged, Inverse",Miscellaneous,Trading--Inverse Commodities,"$73,817,899.00",7495700.7
GLNK,Grayscale Chainlink Trust ETF,ETF,Alternative,Digital Assets,"$67,071,284.00",228549.1
GLXU,T-REX 2X Long GLXY Daily Target ETF,"ETF, Leveraged",Miscellaneous,Trading--Leveraged Equity,"$9,080,111.00",160730.1
GMEU,T-Rex 2X Long GME Daily Target ETF,"ETF, Leveraged",Miscellaneous,Trading--Leveraged Equity,"$22,446,137.00",271862.5
GMMA,Gammaroad Market Navigation ETF,ETF,Allocation,Tactical Allocation,"$5,876,155.00",469.4
GOOY,YieldMax GOOGL Option Income Strategy ETF,ETF,Nontraditional Equity,Derivative Income,"$231,352,186.00",458178.5
GOU,GraniteShares 2x Long GOOGL Daily ETF,"ETF, Leveraged",Miscellaneous,Trading--Leveraged Equity,--,31351.3
GOVZ,iShares 25+ Year Treasury STRIPS Bond ETF,ETF,Taxable Bond,Long Government,"$319,446,420.00",1891254.2
GPZ,VanEck Alternative Asset Manager ETF,ETF,Sector Equity,Financial,"$116,364,491.00",351467.6
GRAG,Leverage Shares 2X Long GRAB Daily ETF,"ETF, Leveraged",Miscellaneous,Trading--Leveraged Equity,"$983,709.00",4300.3
GRNI,Fundstrat Granny Shots US Large Cap & Income ETF,ETF,Nontraditional Equity,Derivative Income,"$58,127,309.00",33381.9
GSOL,Grayscale Solana Staking ETF,ETF,Alternative,Digital Assets,"$106,988,728.00",1785832.2
GSUI,Grayscale Sui Staking ETF,ETF,Alternative,Digital Assets,"$21,240,591.00",44615.4
GTOQ,Invesco High Yield Systematic Bond ETF,ETF,Taxable Bond,High Yield Bond,"$162,585,581.00",37061.5
GXLM,Grayscale® Stellar Lumens Trust (XLM),ETF,Alternative,Digital Assets,"$18,285,636.00",7214.8
GYLD,Arrow Dow Jones Global Yield ETF,ETF,Allocation,Global Moderate Allocation,"$27,577,639.00",13861.4
HAUS,Residential REIT ETF,ETF,Sector Equity,Real Estate,"$9,207,149.00",1348.5
HBR,Canary HBAR ETF,ETF,Alternative,Digital Assets,"$54,964,382.00",46798.1
HBTC,Fortuna Hedged Bitcoin Fund,ETF,Alternative,Digital Assets,"$586,677.00",765.6
HDGE,AdvisorShares Ranger Equity Bear ETF,"ETF, Inverse",Miscellaneous,Trading--Inverse Equity,"$74,265,588.00",337801.7
HDLB,ETRACS Monthly Pay 2xLeveraged US High Dividend Low Volatility ETN Series B,"ETN, Leveraged",Miscellaneous,Trading--Leveraged Equity,"$6,012,704.00",2326.3
HF,DGA Core Plus Absolute Return ETF,ETF,Allocation,Moderate Allocation,"$19,681,622.00",103.2
HFEQ,Unlimited HFEQ Equity Long/Short ETF,ETF,Nontraditional Equity,Long-Short Equity,"$19,045,332.00",12337.2
HFSP,TradersAI Large Cap Equity & Cash ETF,ETF,Nontraditional Equity,Long-Short Equity,"$754,374.00",26.4
HIGH,Simplify Enhanced Income ETF,ETF,Taxable Bond,Short-Term Bond,"$96,388,908.00",33688.5
HIMZ,Defiance Daily Target 2X Long HIMS ETF,"ETF, Leveraged",Miscellaneous,Trading--Leveraged Equity,"$54,096,831.00",64187728.6
HIPS,GraniteShares HIPS US High Income ETF,ETF,Allocation,Aggressive Allocation,"$96,703,600.00",38321.3
HIYY,YieldMax HIMS Option Income Strategy ETF,ETF,Nontraditional Equity,Derivative Income,"$13,006,455.00",162219.3333
HMYY,GraniteShares YieldBOOST HIMS ETF,ETF,Nontraditional Equity,Derivative Income,"$922,406.00",13005.1
HNDL,Strategy Shares Nasdaq 7 Handl™ Index ETF,ETF,Allocation,Moderately Conservative Allocation,"$650,837,331.00",69293.4
HODL,VanEck Bitcoin ETF,ETF,Alternative,Digital Assets,"$1,101,572,979.00",2788129.1
HODU,Direxion Daily HOOD Bull 2X ETF,"ETF, Leveraged",Miscellaneous,Trading--Leveraged Equity,"$3,807,163.00",84883.5
HOII,Rex Hood Growth & Income ETF,"ETF, Leveraged",Miscellaneous,Trading--Leveraged Equity,"$783,972.00",3551.2
HOOG,Leverage Shares 2X Long HOOD Daily ETF,"ETF, Leveraged",Miscellaneous,Trading--Leveraged Equity,"$48,050,465.00",614296.1
HOOX,Defiance Daily Target 2X Long HOOD ETF,"ETF, Leveraged",Miscellaneous,Trading--Leveraged Equity,"$11,829,938.00",400751.9
HOYY,GraniteShares YieldBOOST HOOD ETF,ETF,Nontraditional Equity,Derivative Income,"$13,263,871.00",37069.7
HTAB,Hartford Schroders Tax-Aware Bond ETF,ETF,Taxable Bond,Intermediate Core Bond,"$322,499,812.00",76124
HUTG,Leverage Shares 2X Long HUT Daily ETF,"ETF, Leveraged",Miscellaneous,Trading--Leveraged Equity,"$954,381.00",53983.1
HYEM,VanEck Emerging Markets High Yield Bond ETF,ETF,Taxable Bond,Emerging Markets Bond,"$465,003,156.00",237439.7
HYIN,WisdomTree Private Credit & Alternative Income Fund,ETF,Taxable Bond,Nontraditional Bond,"$54,925,243.00",32173.1
HYSA,Bondbloxx USD High Yield Bond Sector Rotation ETF,ETF,Taxable Bond,High Yield Bond,"$31,307,927.00",22701.5
HYSD,Columbia Short Duration High Yield ETF,ETF,Taxable Bond,High Yield Bond,"$104,299,357.00",1673.8
HYTI,FT Vest High Yield & Target Income ETF,ETF,Nontraditional Equity,Derivative Income,"$66,501,042.00",30822.2
HYTR,CounterPoint High Yield Trend ETF,ETF,Taxable Bond,Nontraditional Bond,"$249,407,471.00",73552
HYZD,WisdomTree Interest Rate Hedged High Yield Bond Fund,ETF,Taxable Bond,Nontraditional Bond,"$216,595,583.00",40793.7
HZEN,Grayscale® Horizen Trust (ZEN),ETF,Alternative,Digital Assets,"$5,111,975.00",61126.8
IBDV,iShares iBonds Dec 2030 Term Corporate ETF,ETF,Taxable Bond,Target Maturity,"$2,983,789,083.00",653530.2
IBDW,iShares iBonds Dec 2031 Term Corporate ETF,ETF,Taxable Bond,Target Maturity,"$2,296,708,759.00",507257.3
IBHF,iShares iBonds 2026 Term High Yield and Income ETF,ETF,Taxable Bond,Target Maturity,"$1,043,751,968.00",243854.4
IBHG,iShares® iBonds® 2027 Term High Yield and Income ETF,ETF,Taxable Bond,Target Maturity,"$449,666,496.00",92823.3
IBTG,iShares iBonds Dec 2026 Term Treasury ETF,ETF,Taxable Bond,Target Maturity,"$2,351,457,656.00",346956
IBTH,iShares iBonds Dec 2027 Term Treasury ETF,ETF,Taxable Bond,Target Maturity,"$2,062,257,022.00",352028.2
IBTI,iShares iBonds Dec 2028 Term Treasury ETF,ETF,Taxable Bond,Target Maturity,"$1,572,154,834.00",265049.1
IBTJ,iShares iBonds Dec 2029 Term Treasury ETF,ETF,Taxable Bond,Target Maturity,"$1,210,464,276.00",158856.7
IBTK,iShares iBonds Dec 2030 Term Treasury ETF,ETF,Taxable Bond,Target Maturity,"$816,134,957.00",145375.3
IBTL,iShares iBonds Dec 2031 Term Treasury ETF,ETF,Taxable Bond,Target Maturity,"$536,477,011.00",99068.8
ICLN,iShares Global Clean Energy ETF,ETF,Sector Equity,Miscellaneous Sector,"$2,121,759,184.00",5237047.3
ICOI,Bitwise COIN Option Income Strategy ETF,ETF,Nontraditional Equity,Derivative Income,"$20,250,902.00",50633.5
ICPY,"Tweedy, Browne International Insider + Value ETF",ETF,International Equity,Foreign Large Value,"$36,554,750.00",109568.6
IDX,VanEck Indonesia Index ETF,ETF,International Equity,Miscellaneous Region,"$36,806,698.00",56655
IETH,Bitwise Ethereum Option Income Strategy ETF,ETF,Nontraditional Equity,Derivative Income,"$740,419.00",2565.2
IFLN,Invesco Bloomberg Enhanced Fallen Angels ETF,ETF,Taxable Bond,High Yield Bond,"$398,753,607.00",227071
IG,Principal Investment Grade Corporate Active ETF,ETF,Taxable Bond,Corporate Bond,"$168,611,408.00",30317.6
IHY,VanEck International High Yield Bond ETF,ETF,Taxable Bond,High Yield Bond,"$53,280,031.00",34693.7
ILIT,Ishares Lithium Miners And Producers ETF,ETF,Sector Equity,Natural Resources,"$21,681,894.00",34860.9
ILS,Brookmont Catastrophic Bond ETF,ETF,Taxable Bond,Miscellaneous Fixed Income,"$47,172,719.00",41340.5
IMRA,Bitwise MARA Option Income Strategy ETF,ETF,Nontraditional Equity,Derivative Income,"$2,680,709.00",4014.6
IMST,Bitwise MSTR Option Income Strategy ETF,ETF,Nontraditional Equity,Derivative Income,"$15,679,689.00",36984.1
IMVP,Invesco India ETF,ETF,International Equity,India Equity,"$180,363,283.00",43333.4
IND,Xtrackers Nifty 500 India ETF,ETF,International Equity,India Equity,"$4,776,557.00",4399.6
INQQ,INQQ The India Internet ETF,ETF,International Equity,India Equity,"$50,151,650.00",23668.9
IONL,GraniteShares 2x Long IONQ Daily ETF,"ETF, Leveraged",Miscellaneous,Trading--Leveraged Equity,"$52,301,713.00",698205.6
IONX,Defiance Daily Target 2X Long IONQ ETF,"ETF, Leveraged",Miscellaneous,Trading--Leveraged Equity,"$179,032,840.00",6443441.6
IONZ,Defiance Daily Target 2X Short IONQ ETF,"ETF, Leveraged, Inverse",Miscellaneous,Trading--Inverse Equity,"$14,231,111.00",3187694.3
IOYY,GraniteShares YieldBOOST IONQ ETF,ETF,Nontraditional Equity,Derivative Income,"$8,381,564.00",34192.8
IPOS,Renaissance International IPO ETF,ETF,International Equity,Foreign Large Growth,"$6,904,766.00",22553.5
IRE,Defiance Daily Target 2X Long IREN ETF,"ETF, Leveraged",Miscellaneous,Trading--Leveraged Equity,"$268,800,922.00",25566008.2
IREG,Leverage Shares 2X Long IREN Daily ETF,"ETF, Leveraged",Miscellaneous,Trading--Leveraged Equity,"$4,938,331.00",103661.4
IRET,iREIT - MarketVector Quality REIT Index ETF,ETF,Sector Equity,Real Estate,"$2,592,134.00",506.4
IRVH,Global X Interest Rate Volatility & Inflation Hedge ETF,ETF,Taxable Bond,Inflation-Protected Bond,"$1,431,688.00",38.9
ISBG,Incomestkd 1x Bitcoin & 1x Gold Premium ETF,ETF,Alternative,Digital Assets,"$3,337,260.00",8206.4
ISSB,Incomestkd 1x US Stocks & 1x Bitcoin Premium ETF,ETF,Alternative,Digital Assets,"$747,019.00",5770.7
ISWN,Amplify BlackSwan ISWN ETF,ETF,Nontraditional Equity,Equity Hedged,"$36,676,434.00",2783.9
IVOL,Quadratic Interest Rate Volatility and Inflation Hedge ETF New,ETF,Taxable Bond,Inflation-Protected Bond,"$493,713,658.00",148354.3
IWMY,Defiance R2000 Target 30 Weekly Distribution ETF,ETF,Miscellaneous,Trading--Miscellaneous,"$104,694,351.00",69475.4
IYLD,iShares Morningstar Multi-Asset Income ETF,ETF,Allocation,Global Moderately Conservative Allocation,"$133,441,919.00",29830.2
JETD,MAX Airlines -3X Inverse Leveraged ETN,"ETN, Leveraged, Inverse",Miscellaneous,Trading--Inverse Equity,"$3,598,844.00",191555.4
JHAC,John Hancock Fundamental All Cap Core ETF,ETF,US Equity,Large Blend,"$3,476,904.00",54.8
JHCB,John Hancock Corporate Bond ETF,ETF,Taxable Bond,Corporate Bond,"$112,764,038.00",21610.8
JHMB,John Hancock Mortgage Backed Securities ETF,ETF,Taxable Bond,Securitized Bond - Diversified,"$216,568,358.00",38175.2
JOJO,ATAC Credit Rotation ETF,ETF,Taxable Bond,Multisector Bond,"$6,094,973.00",4633.3
JPO,YieldMax JP Option Income Strategy ETF,ETF,Nontraditional Equity,Derivative Income,"$47,269,497.00",72370.2
JSTC,Adasina Social Justice All Cap Global ETF,ETF,International Equity,Global Large-Stock Blend,"$271,080,485.00",46928.2
JUCY,Aptus Enhanced Yield ETF,ETF,Taxable Bond,Intermediate Core Bond,"$226,819,238.00",53435.9
KBAB,KraneShares 2x Long BABA Daily ETF,"ETF, Leveraged",Miscellaneous,Trading--Leveraged Equity,"$3,610,544.00",26581.6
KBWD,Invesco KBW High Dividend Yield Financial ETF,ETF,Sector Equity,Financial,"$436,364,904.00",415928.2
KBWY,Invesco KBW Premium Yield Equity REIT ETF,ETF,Sector Equity,Real Estate,"$268,741,378.00",130111.4
KCCA,KraneShares California Carbon Allowance ETF,ETF,Commodities,Commodities Focused,"$106,397,748.00",41274.9
KEUA,KraneShares European Carbon Allowance Strategy ETF,ETF,Commodities,Commodities Focused,"$4,574,897.00",1054
KJD,Kraneshares 2x Long JD Daily ETF,"ETF, Leveraged",Miscellaneous,Trading--Leveraged Equity,"$1,155,082.00",7523.6
KLAG,Leverage Shares 2X Long KLAC Daily ETF,"ETF, Leveraged",Miscellaneous,Trading--Leveraged Equity,"$3,926,373.00",27860.3
KMLI,KraneShares 2x Long MELI Daily ETF,"ETF, Leveraged",Miscellaneous,Trading--Leveraged Equity,"$4,227,877.00",99202.2
KNOW,Fundamentals First ETF,ETF,Allocation,Global Moderately Aggressive Allocation,"$6,294,081.00",2900.2
KOLD,ProShares UltraShort Bloomberg Natural Gas,"ETF, Leveraged, Inverse",Miscellaneous,Trading--Inverse Commodities,"$296,929,082.00",7335167.2
KOOL,North Shore Equity Rotation ETF,ETF,US Equity,Large Blend,"$54,257,011.00",23425.9
KPDD,KraneShares 2x Long PDD Daily ETF,"ETF, Leveraged",Miscellaneous,Trading--Leveraged Equity,"$16,480,044.00",104514.7
KRYP,ProShares CoinDesk 20 Crypto ETF,ETF,Alternative,Digital Assets,"$4,415,986.00",1074.3
KSTR,KraneShares SSE STAR Market 50 Index ETF,ETF,International Equity,China Region,"$133,420,150.00",182649.2
KTEC,KraneShares Hang Seng TECH Index ETF,ETF,International Equity,China Region,"$55,314,062.00",100942.8
KURE,KraneShares MSCI All China Health Care Index ETF,ETF,International Equity,China Region,"$84,060,554.00",36663.9
KYLD,Kurv High Income ETF,ETF,Nontraditional Equity,Derivative Income,"$38,421,214.00",37566.6
LABD,Direxion Daily S&P Biotech Bear 3X Shares,"ETF, Leveraged, Inverse",Miscellaneous,Trading--Inverse Equity,"$67,299,561.00",3659276.8
LABX,Tradr 2X Long ALAB Daily ETF,"ETF, Leveraged",Miscellaneous,Trading--Leveraged Equity,"$38,607,772.00",524300.5667
LACG,Leverage Shares 2X Long LAC Daily ETF,"ETF, Leveraged",Miscellaneous,Trading--Leveraged Equity,"$989,633.00",10070.3
LCDL,GraniteShares 2x Long LCID Daily ETF,"ETF, Leveraged",Miscellaneous,Trading--Leveraged Equity,"$4,341,351.00",324355.7
LDSF,First Trust Low Duration Strategic Focus ETF,ETF,Taxable Bond,Short-Term Bond,"$159,131,027.00",45992.7
LFGY,YieldMax Crypto Industry & Tech Portfolio Option Income ETF,ETF,Alternative,Equity Digital Assets,"$98,746,847.00",51092
LGHT,Langar Global Healthtech ETF,ETF,Sector Equity,Health,"$3,892,545.00",1054.6
LGOV,First Trust Long Duration Opportunities ETF,ETF,Taxable Bond,Long Government,"$690,278,053.00",225326
LITP,Sprott Lithium Miners ETF,ETF,Sector Equity,Natural Resources,"$56,658,984.00",131895.5
LLYX,Defiance Daily Target 2X Long LLY ETF,"ETF, Leveraged",Miscellaneous,Trading--Leveraged Equity,"$50,490,446.00",265262.8
LMBO,Direxion Daily Crypto Industry Bull 2X Shares ETF,"ETF, Leveraged",Miscellaneous,Trading--Leveraged Equity,"$6,204,381.00",15904.6
LMNX,Defiance Daily Target 2X Long LMND ETF,"ETF, Leveraged",Miscellaneous,Trading--Leveraged Equity,"$5,293,675.00",60854
LMTS,Direxion Daily LMT Bear 1X ETF,"ETF, Inverse",Miscellaneous,Trading--Inverse Equity,"$1,189,038.00",2346.5
LOGO,Alpha Brands Consumption Leaders ETF,ETF,US Equity,Mid-Cap Blend,"$30,155,540.00",1530
LQPE,PEO AlphaQuest Thematic PE ETF,ETF,US Equity,Mid-Cap Value,"$13,437,637.00",362.9
LQTI,FT Vest Investment Grade & Target Income ETF,ETF,Nontraditional Equity,Derivative Income,"$265,791,166.00",94447.5
LTCC,Canary Litecoin ETF,ETF,Alternative,Digital Assets,"$6,488,788.00",19459.9
LTCN,Grayscale Litecoin Trust (LTC),ETF,Alternative,Digital Assets,"$107,407,401.00",81919.8
LTTI,FT Vest 20+ Year Treasury & Target Income ETF,ETF,Nontraditional Equity,Derivative Income,"$19,647,876.00",5665.7
LULG,Leverage Shares 2X Long LULU Daily ETF,"ETF, Leveraged",Miscellaneous,Trading--Leveraged Equity,"$3,558,159.00",18017.4
LUNL,Defiance Daily Target 2X Long LUNR ETF,"ETF, Leveraged",Miscellaneous,Trading--Leveraged Equity,"$11,455,872.00",542220.8
MAAY,GraniteShares YieldBOOST MARA ETF,ETF,Nontraditional Equity,Derivative Income,"$3,712,655.00",15868.9
MAGC,Roundhill China Magnificent Seven ETF,ETF,International Equity,China Region,"$15,826,781.00",8922.5
MAGG,Madison Aggregate Bond ETF,ETF,Taxable Bond,Intermediate Core Bond,"$71,068,110.00",1985.6
MAGO,Tuttle Capital Magnificent 7 Income Blast ETF,ETF,Nontraditional Equity,Derivative Income,"$2,003,025.00",1827.7
MANA,Grayscale Decentraland Trust (MANA),ETF,Alternative,Digital Assets,"$2,811,804.00",15576.2
MARB,First Trust Merger Arbitrage ETF,ETF,Alternative,Event Driven,"$39,283,934.00",7815.4
MARO,YieldMax MARA Option Income Strategy ETF,ETF,Nontraditional Equity,Derivative Income,"$29,866,754.00",165290.1
MAXI,Simplify Bitcoin Strategy PLUS Income ETF,ETF,Alternative,Digital Assets,"$30,949,912.00",50630.1
MBBB,VanEck Moody's Analytics BBB Corporate Bond ETF,ETF,Taxable Bond,Corporate Bond,"$8,758,398.00",5227.3
MBS,Angel Oak Mortgage-Backed Securities ETF,ETF,Taxable Bond,Securitized Bond - Diversified,"$175,138,060.00",224922.7
MBSD,FlexShares Disciplined Duration MBS Index Fund,ETF,Taxable Bond,Government Mortgage-Backed Bond,"$93,501,943.00",5697.2
MCOW,Pacer S&P MidCap 400 Quality FCF Aristocrats ETF,ETF,US Equity,Mid-Cap Blend,"$969,504.00",104.2
MDEV,First Trust Indxx Global Medical Devices ETF,ETF,Sector Equity,Health,"$2,096,080.00",341.5
MDIV,First Trust Multi-Asset Diversified Income Index Fund,ETF,Allocation,Aggressive Allocation,"$411,898,458.00",60704.6
MEME,Roundhill Meme Stock ETF,ETF,Miscellaneous,Trading--Leveraged Equity,"$15,976,113.00",145396
MEMY,Tuttle Capital Meme Stock Income Blast ETF,ETF,Nontraditional Equity,Derivative Income,"$580,705.00",1830.9
METD,Direxion Daily META Bear 1X ETF,"ETF, Inverse",Miscellaneous,Trading--Inverse Equity,"$9,557,520.00",481138.2
METV,Roundhill Ball Metaverse ETF,ETF,Sector Equity,Technology,"$227,344,875.00",57205.9
MFIG,Motley Fool Innovative Growth Factor ETF,ETF,US Equity,Large Growth,"$6,038,054.00",12798.8
MFLX,First Trust Flexible Municipal High Income ETF,ETF,Municipal Bond,Muni National Long,"$18,240,805.00",3369.8
MFMO,Motley Fool Momentum Factor ETF,ETF,US Equity,Large Growth,"$4,790,433.00",3194.7
MFUL,Mindful Conservative ETF,ETF,Allocation,Moderate Allocation,"$8,334,417.00",679.4
MFUT,Cambria Chesapeake Pure Trend ETF,ETF,Alternative,Systematic Trend,"$30,392,182.00",8664.3
MFVL,Motley Fool Value Factor ETF,ETF,US Equity,Large Value,"$6,530,085.00",9972.5
MGOV,First Trust Intermediate Government Opportunities ETF,ETF,Taxable Bond,Government Mortgage-Backed Bond,"$90,481,961.00",106932.1
MIG,VanEck Moody's Analytics IG Corporate Bond ETF,ETF,Taxable Bond,Corporate Bond,"$18,549,484.00",3150.7
MINN,Mairs & Power Minnesota Municipal Bond ETF,ETF,Municipal Bond,Muni Minnesota,"$41,374,754.00",20508.8
MLN,VanEck Long Muni ETF,ETF,Municipal Bond,Muni National Long,"$652,198,576.00",230539.6
MMCA,NYLI MacKay California Muni Intermediate ETF,ETF,Municipal Bond,Muni California Intermediate,"$77,571,851.00",13222.2
MORT,VanEck Mortgage REIT Income ETF,ETF,Sector Equity,Real Estate,"$399,518,955.00",1986552.8
MPG,Leverage Shares 2X Long MP Daily ETF,"ETF, Leveraged",Miscellaneous,Trading--Leveraged Equity,"$2,727,596.00",54930.8
MPL,Defiance Daily Target 2X Long MP ETF,"ETF, Leveraged",Miscellaneous,Trading--Leveraged Equity,"$6,149,227.00",231593.9
MRNY,YieldMax MRNA Option Income Strategy ETF,ETF,Nontraditional Equity,Derivative Income,"$99,945,055.00",418098.8
MSFD,Direxion Daily MSFT Bear 1X Shares,"ETF, Inverse",Miscellaneous,Trading--Inverse Equity,"$10,824,091.00",1341728.1
MSFL,GraniteShares 2x Long MSFT Daily ETF,"ETF, Leveraged",Miscellaneous,Trading--Leveraged Equity,"$94,687,536.00",1159601.5
MSFO,YieldMax MSFT Option Income Strategy ETF,ETF,Nontraditional Equity,Derivative Income,"$95,391,051.00",196140.2
MSFX,T-Rex 2X Long Microsoft Daily Target ETF,"ETF, Leveraged",Miscellaneous,Trading--Leveraged Equity,"$20,124,112.00",186528.8
MSFY,Kurv Yield Premium Strategy Microsoft ETF,ETF,Nontraditional Equity,Derivative Income,"$7,922,451.00",18209.6
MSII,REX MSTR Growth & Income ETF,"ETF, Leveraged",Miscellaneous,Trading--Leveraged Equity,"$3,159,271.00",14565.8
MSOO,Leverage Shares 2x Capped Accelerated MSTR Monthly ETF,"ETF, Leveraged",Miscellaneous,Trading--Leveraged Equity,"$195,631.00",10041.9
MSOS,AdvisorShares Pure US Cannabis ETF,ETF,Sector Equity,Miscellaneous Sector,"$775,094,237.00",6203017.2
MSOX,AdvisorShares MSOS Daily Leveraged ETF,"ETF, Leveraged",Miscellaneous,Trading--Leveraged Equity,"$39,336,488.00",1875120.4
MST,Defiance Leveraged Long + Income MSTR ETF,"ETF, Leveraged",Miscellaneous,Trading--Miscellaneous,"$20,913,582.00",566699.6
MSTI,Madison Short-Term Strategic Income ETF,ETF,Taxable Bond,Short-Term Bond,"$59,292,228.00",134.4
MSTK,Tuttle Capital MSTR 0DTE Covered Call ETF,ETF,Nontraditional Equity,Derivative Income,"$304,130.00",1393.7
MSTP,GraniteShares 2x Long MSTR Daily ETF,"ETF, Leveraged",Miscellaneous,Trading--Leveraged Equity,"$5,520,787.00",1325552.1
MSTU,T-Rex 2X Long MSTR Daily Target ETF,"ETF, Leveraged",Miscellaneous,Trading--Leveraged Equity,"$305,530,275.00",39546393.6
MSTW,Roundhill MSTR WeeklyPay ETF,"ETF, Leveraged",Miscellaneous,Trading--Miscellaneous,"$44,595,938.00",422167.1
MSTX,Defiance Daily Target 2X Long MSTR ETF,"ETF, Leveraged",Miscellaneous,Trading--Leveraged Equity,"$232,983,999.00",88279027.3
MSTZ,T-Rex 2X Inverse MSTR Daily Target ETF,"ETF, Leveraged, Inverse",Miscellaneous,Trading--Inverse Equity,"$97,254,714.00",18183999.1
MTYY,GraniteShares YieldBoost MSTR ETF,ETF,Nontraditional Equity,Derivative Income,"$2,550,098.00",17232.8
MUST,Columbia Multi-Sector Municipal Income ETF,ETF,Municipal Bond,Muni National Interm,"$606,668,426.00",242645.7
MVRL,ETRACS Monthly Pay 1.5X Leveraged Mortgage REIT ETN,"ETN, Leveraged",Miscellaneous,Trading--Leveraged Equity,"$14,022,190.00",4783.5
MYY,ProShares Short MidCap400,"ETF, Inverse",Miscellaneous,Trading--Inverse Equity,"$3,155,042.00",11250.7
MZZ,ProShares UltraShort MidCap400,"ETF, Leveraged, Inverse",Miscellaneous,Trading--Inverse Equity,"$771,604.00",7376.5
NBIG,Leverage Shares 2X Long NBIS Daily ETF,"ETF, Leveraged",Miscellaneous,Trading--Leveraged Equity,"$12,296,696.00",900541.2
NBIL,GraniteShares 2x Long NBIS Daily ETF,"ETF, Leveraged",Miscellaneous,Trading--Leveraged Equity,"$46,732,097.00",1627485.2
NBIZ,Tradr 2X Short Nbis Daily ETF,"ETF, Leveraged, Inverse",Miscellaneous,Trading--Inverse Equity,"$2,753,795.00",219533.3
NCIQ,Hashdex Nasdaq CME Crypto Index ETF,ETF,Alternative,Digital Assets,"$93,425,421.00",18301.1
NDAA,Ned Davis Research 360 Dynamic Allocation ETF,ETF,Allocation,Moderate Allocation,"$2,967,162.00",1451.9
NERD,Roundhill Video Games ETF,ETF,Sector Equity,Communications,"$16,468,773.00",2168.6
NETG,Leverage Shares 2X Long NET Daily ETF,"ETF, Leveraged",Miscellaneous,Trading--Leveraged Equity,"$3,465,710.00",63311.9
NFLY,YieldMax NFLX Option Income Strategy ETF,ETF,Nontraditional Equity,Derivative Income,"$73,897,549.00",238283.1
NFXS,Direxion Daily NFLX Bear 1X Shares,"ETF, Inverse",Miscellaneous,Trading--Inverse Equity,"$5,752,389.00",163297.3
NIKL,Sprott Nickel Miners ETF,ETF,Sector Equity,Natural Resources,"$99,555,360.00",299587.3
NIOG,Leverage Shares 2X Long NIO Daily ETF,"ETF, Leveraged",Miscellaneous,Trading--Leveraged Equity,"$1,899,508.00",36707.1
NJNK,Columbia U.S. High Yield ETF,ETF,Taxable Bond,High Yield Bond,"$47,584,556.00",3561.3
NMBL,NovaTide Flexible Allocation ETF,ETF,Allocation,Global Moderate Allocation,"$20,299,441.00",1400.9
NNEX,Tradr 2X Long NNE Daily ETF,"ETF, Leveraged",Miscellaneous,Trading--Leveraged Equity,"$1,362,904.00",12408.1
NOWL,GraniteShares 2x Long NOW Daily ETF,"ETF, Leveraged",Miscellaneous,Trading--Leveraged Equity,--,1299245.9
NUAG,Nuveen Enhanced Yield U.S. Aggregate Bond ETF,ETF,Taxable Bond,Intermediate Core Bond,"$74,061,025.00",8463.7
NUBD,Nuveen ESG U.S. Aggregate Bond ETF,ETF,Taxable Bond,Intermediate Core Bond,"$473,152,983.00",139728.3
NUG,Leverage Shares 2X Long NU Daily ETF,"ETF, Leveraged",Miscellaneous,Trading--Leveraged Equity,"$740,457.00",5278.3
NUGY,Graniteshares YieldBOOST Gold Miners ETF,ETF,Nontraditional Equity,Derivative Income,"$22,229,964.00",56273.5
NUHY,Nuveen ESG High Yield Corporate Bond ETF,ETF,Taxable Bond,High Yield Bond,"$113,467,380.00",46793.2
NVD,Graniteshares 2x Short NVDA Daily ETF,"ETF, Leveraged, Inverse",Miscellaneous,Trading--Inverse Equity,"$89,366,209.00",100794542.9
NVDG,Leverage Shares 2X Long NVDA Daily ETF,"ETF, Leveraged",Miscellaneous,Trading--Leveraged Equity,"$33,145,133.00",474803
NVDO,Leverage Shares 2x Capped Accelerated NVDA Monthly ETF,"ETF, Leveraged",Miscellaneous,Trading--Leveraged Equity,"$1,285,795.00",3459.8
NVDQ,T-Rex 2X Inverse NVIDIA Daily Target ETF,"ETF, Leveraged, Inverse",Miscellaneous,Trading--Inverse Equity,"$35,779,962.00",4122667.6
NVDX,T-Rex 2X Long NVIDIA Daily Target ETF,"ETF, Leveraged",Miscellaneous,Trading--Leveraged Equity,"$474,377,424.00",19044497.1
NVDY,YieldMax NVDA Option Income Strategy ETF,ETF,Nontraditional Equity,Derivative Income,"$1,310,683,433.00",5866121.9
NVOX,Defiance Daily Target 2X Long NVO ETF,"ETF, Leveraged",Miscellaneous,Trading--Leveraged Equity,"$37,080,553.00",1635170.4
NVTX,Tradr 2X Long NVTS Daily ETF,"ETF, Leveraged",Miscellaneous,Trading--Leveraged Equity,"$17,382,370.00",228799.6
NVYY,GraniteShares YieldBOOST NVDA ETF,ETF,Nontraditional Equity,Derivative Income,"$68,536,754.00",102517.5
OACP,OneAscent Core Plus Bond ETF,ETF,Taxable Bond,Intermediate Core-Plus Bond,"$233,450,783.00",31177.4
OBNB,Osprey BNB Chain Trust,ETF,Alternative,Digital Assets,"$34,665,885.00",569
OBTC,Osprey Bitcoin Trust,ETF,Alternative,Digital Assets,"$76,822,807.00",9191.4
ODHY,Obra Defensive High Yield ETF,ETF,Taxable Bond,High Yield Bond,"$5,131,641.00",4.3
ODOT,Osprey Polkadot Trust,ETF,Alternative,Digital Assets,"$1,178,688.00",1377.28571
OGSP,Obra High Grade Structured Products ETF,ETF,Taxable Bond,Securitized Bond - Diversified,"$29,485,196.00",43.1
OKLL,Defiance Daily Target 2X Long OKLO ETF,"ETF, Leveraged",Miscellaneous,Trading--Leveraged Equity,"$132,149,321.00",3874742.6
OKLS,Defiance Daily Target 2X Short OKLO ETF,"ETF, Leveraged, Inverse",Miscellaneous,Trading--Inverse Debt,"$4,087,570.00",628095.6
OKTG,Leverage Shares 2X Long OKTA Daily ETF,"ETF, Leveraged",Miscellaneous,Trading--Leveraged Equity,"$304,287.00",40068.6
OLOXF,DB Crude Oil Long ETN,ETN,Commodities,Commodities Focused,"$1,101,320.00",1272
OMAH,VistaShares Target 15 Berkshire Select Income ETF,ETF,Nontraditional Equity,Derivative Income,"$688,818,064.00",393263.3
ONDG,Leverage Shares 2X Long ONDS Daily ETF,"ETF, Leveraged",Miscellaneous,Trading--Leveraged Equity,"$10,522,446.00",1918038.5
ONDL,Defiance Daily Target 2X Long ONDS ETF,"ETF, Leveraged",Miscellaneous,Trading--Leveraged Equity,"$67,713,785.00",2174965
ONDU,Tradr 2X Long ONDS Daily ETF,"ETF, Leveraged",Miscellaneous,Trading--Leveraged Equity,"$4,119,317.00",167691.5
OOQB,One+One Nasdaq-100 and Bitcoin ETF,"ETF, Leveraged",Miscellaneous,Trading--Miscellaneous,"$625,940.00",409.4
OOSB,One+One S&P 500 and Bitcoin ETF,"ETF, Leveraged",Miscellaneous,Trading--Miscellaneous,"$862,782.00",256.6
OOSP,Obra Opportunistic Structured Products ETF,ETF,Taxable Bond,Securitized Bond - Diversified,"$80,150,159.00",452936.7
OPEG,Leverage Shares 2X Long OPEN Daily ETF,"ETF, Leveraged",Miscellaneous,Trading--Leveraged Equity,"$975,186.00",19842
ORCU,Direxion Daily ORCL Bull 2X ETF,"ETF, Leveraged",Miscellaneous,Trading--Leveraged Equity,"$25,819,421.00",1083939.2
ORCX,Defiance Daily Target 2X Long ORCL ETF,"ETF, Leveraged",Miscellaneous,Trading--Leveraged Equity,"$184,708,103.00",10304828.3
ORLG,Leverage Shares 2X Long ORLY Daily ETF,"ETF, Leveraged",Miscellaneous,Trading--Leveraged Equity,"$427,912.00",673.7
ORO,Arrow Valtoro ETF,ETF,Miscellaneous,Trading--Miscellaneous,"$3,309,976.00",36.5
OSCG,Leverage Shares 2X Long OSCR Daily ETF,"ETF, Leveraged",Miscellaneous,Trading--Leveraged Equity,"$335,012.00",6795
OSCX,Defiance Daily Target 2x Long OSCR ETF,"ETF, Leveraged",Miscellaneous,Trading--Leveraged Equity,"$6,388,734.00",46275.3
OSOL,Osprey Solana Trust,ETF,Alternative,Digital Assets,"$15,754,791.00",18068.3
OTGL,OTG Latin America ETF,ETF,International Equity,Latin America Stock,"$29,913,409.00",6506
OVB,Overlay Shares Core Bond ETF,ETF,Taxable Bond,Intermediate Core Bond,"$47,862,137.00",15182.9
OVM,Overlay Shares Municipal Bond ETF,ETF,Municipal Bond,Muni National Long,"$33,452,909.00",8262.2
OVT,Overlay Shares Short Term Bond ETF,ETF,Taxable Bond,Short-Term Bond,"$56,471,684.00",12971.4
OWNB,Bitwise Bitcoin Standard Corporations ETF,ETF,Alternative,Equity Digital Assets,"$20,938,574.00",11228.2
OWNS,CCM Affordable Housing MBS ETF,ETF,Taxable Bond,Government Mortgage-Backed Bond,"$119,304,389.00",107842
PALU,Direxion Daily PANW Bull 2X Shares,"ETF, Leveraged",Miscellaneous,Trading--Leveraged Equity,"$12,858,961.00",153972.8
PANG,Leverage Shares 2X Long PANW Daily ETF,"ETF, Leveraged",Miscellaneous,Trading--Leveraged Equity,"$3,775,901.00",120056.1
PATX,Tradr 2X Long PATH Daily ETF,"ETF, Leveraged",Miscellaneous,Trading--Leveraged Equity,"$2,899,913.00",67774.7
PBD,Invesco Global Clean Energy ETF,ETF,International Equity,Global Small/Mid Stock,"$189,678,822.00",66802.2
PBP,Invesco S&P 500 BuyWrite ETF,ETF,Nontraditional Equity,Derivative Income,"$329,313,723.00",44831.1
PCCE,Polen Capital China Growth ETF,ETF,International Equity,China Region,"$1,620,688.00",1063.8
PCEF,Invesco CEF Income Composite ETF,ETF,Allocation,Global Moderate Allocation,"$817,754,360.00",134542.4
PCEM,Polen Capital Emerging Markets ex-China Growth ETF,ETF,International Equity,Diversified Emerging Mkts,"$3,231,546.00",883.8
PCFI,Polen Floating Rate Income ETF,ETF,Taxable Bond,Bank Loan,"$9,406,946.00",1260.1
PCGG,Polen Capital Global Growth ETF,ETF,International Equity,Global Large-Stock Growth,"$170,040,251.00",41047.2
PCIG,Polen Capital International Growth ETF,ETF,International Equity,Foreign Large Growth,"$28,212,557.00",6142.8
PCLG,Polen Focus Growth ETF,ETF,US Equity,Large Growth,"$109,930,534.00",63534.6
PCR,Simplify VettaFi Private Credit Strategy ETF,ETF,Taxable Bond,Nontraditional Bond,"$2,000,655.00",1532
PCY,Invesco Emerging Markets Sovereign Debt ETF,ETF,Taxable Bond,Emerging Markets Bond,"$1,470,618,975.00",398200.6
PDBC,Invesco Optimum Yield Diversified Commodity Strategy No K-1 ETF,ETF,Commodities,Commodities Broad Basket,"$5,473,554,947.00",13017204.9
PEX,ProShares Global Listed Private Equity ETF,ETF,Sector Equity,Financial,"$10,725,005.00",6330.6
PEY,Invesco High Yield Equity Dividend Achievers™ ETF,ETF,US Equity,Mid-Cap Value,"$1,052,636,860.00",373183.2
PFFA,Virtus InfraCap U.S. Preferred Stock ETF,ETF,Taxable Bond,Preferred Stock,"$2,226,951,881.00",1087548.8
PFFD,Global X U.S. Preferred ETF,ETF,Taxable Bond,Preferred Stock,"$2,251,016,876.00",638714.1
PFFL,ETRACS 2xMonthly Pay Leveraged Preferred Stock Index ETN,"ETN, Leveraged",Miscellaneous,Trading--Miscellaneous,"$5,053,740.00",1867.8
PFFR,InfraCap REIT Preferred ETF,ETF,Taxable Bond,Preferred Stock,"$109,508,010.00",46253.6
PFFV,Global X Variable Rate Preferred ETF,ETF,Taxable Bond,Preferred Stock,"$297,951,091.00",61965.6
PFLD,AAM Low Duration Preferred and Income Securities ETF,ETF,Taxable Bond,Preferred Stock,"$436,426,539.00",108051.6
PFXF,VanEck Preferred Securities ex Financials ETF,ETF,Taxable Bond,Preferred Stock,"$2,243,518,582.00",625434.1
PGF,Invesco Financial Preferred ETF,ETF,Taxable Bond,Preferred Stock,"$740,870,823.00",144373.5
PGHY,Invesco Global ex-US High Yield Corporate Bond ETF,ETF,Taxable Bond,High Yield Bond,"$219,781,283.00",62891.1
PGX,Invesco Preferred ETF,ETF,Taxable Bond,Preferred Stock,"$3,968,464,244.00",2798627.2
PID,Invesco International Dividend Achievers ETF,ETF,International Equity,Foreign Large Value,"$946,798,924.00",82345.8
PILL,Direxion Daily Pharmaceutical & Medical Bull 3X Shares ETF,"ETF, Leveraged",Miscellaneous,Trading--Leveraged Equity,"$18,444,431.00",176173
PLOO,Leverage Shares 2x Capped Accelerated PLTR Monthly ETF,"ETF, Leveraged",Miscellaneous,Trading--Leveraged Equity,"$645,811.00",944.8
PLTA,ProShares Ultra PLTR,"ETF, Leveraged",Miscellaneous,Trading--Leveraged Equity,"$5,336,036.00",55072.1
PLTD,Direxion Daily PLTR Bear 1X Shares,"ETF, Inverse",Miscellaneous,Trading--Inverse Equity,"$37,626,061.00",74490510.7
PLTG,Leverage Shares 2X Long PLTR Daily ETF,"ETF, Leveraged",Miscellaneous,Trading--Leveraged Equity,"$25,070,119.00",376543.2
PLTI,Rex Pltr Growth & Income ETF,"ETF, Leveraged",Miscellaneous,Trading--Leveraged Equity,"$1,078,524.00",3251.3
PLTM,GraniteShares Platinum Trust,ETF,Commodities,Commodities Focused,"$330,682,894.00",484094
PLU,Defiance Daily Target 2X Long PL ETF,"ETF, Leveraged",Miscellaneous,Trading--Leveraged Equity,"$5,963,842.00",111818.9
PLUL,Leverage Shares 2X Long PLUG Daily ETF,"ETF, Leveraged",Miscellaneous,Trading--Leveraged Equity,"$699,117.00",32591.5
PLYY,GraniteShares YieldBoost PLTR ETF,ETF,Nontraditional Equity,Derivative Income,"$5,912,571.00",8797.8
PONX,Tradr 2X Long PONY Daily ETF,"ETF, Leveraged",Miscellaneous,Trading--Leveraged Equity,"$6,743,745.00",16891.9
PPEM,Putnam Panagora ESG Emerging Markets Equity ETF -,ETF,International Equity,Diversified Emerging Mkts,"$16,901,199.00",68306.2
PPI,Astoria Real Asset ETF,ETF,Allocation,Global Moderately Aggressive Allocation,"$132,345,074.00",71441.1
PQDI,Principal Spectrum Preferred and Income ETF,ETF,Taxable Bond,Preferred Stock,"$67,986,452.00",10405.1
PQNT,Pictet AI Enhanced International Equity ETF,ETF,International Equity,Foreign Large Blend,"$9,152,854.00",2657.9
PREF,Principal Spectrum Preferred Securities Active ETF,ETF,Taxable Bond,Preferred Stock,"$1,465,791,766.00",213821.2
PRNT,The 3D Printing ETF,ETF,Sector Equity,Miscellaneous Sector,"$66,911,447.00",23470.7
PSIL,AdvisorShares Psychedelics ETF,ETF,Sector Equity,Miscellaneous Sector,"$20,144,876.00",13521.3
PSQA,Palmer Square CLO Senior Debt ETF,ETF,Taxable Bond,Securitized Bond - Focused,"$99,492,117.00",44854.5
PSQO,Palmer Square Credit Opportunities ETF,ETF,Taxable Bond,Multisector Bond,"$165,602,934.00",29524.6
PST,ProShares UltraShort 7-10 Year Treasury,"ETF, Leveraged, Inverse",Miscellaneous,Trading--Inverse Debt,"$10,702,360.00",13814.3
PTBD,Pacer Trendpilot US Bond ETF,ETF,Taxable Bond,Corporate Bond,"$104,443,816.00",44614.5
PTIR,GraniteShares 2x Long PLTR Daily ETF,"ETF, Leveraged",Miscellaneous,Trading--Leveraged Equity,"$428,568,226.00",6386044.3
PXIU,T-REX 2X Long UPXI Daily Target ETF,"ETF, Leveraged",Miscellaneous,Trading--Leveraged Equity,"$857,877.00",2930699.9
PYPG,Leverage Shares 2X Long PYPL Daily ETF,"ETF, Leveraged",Miscellaneous,Trading--Leveraged Equity,"$31,777,325.00",1327285.6
PZT,Invesco New York AMT-Free Municipal Bond ETF,ETF,Municipal Bond,Muni New York Long,"$131,911,664.00",41354.4
QAT,iShares MSCI Qatar ETF,ETF,International Equity,Miscellaneous Region,"$71,102,137.00",34144.8
QBF,Innovator Uncapped Bitcoin 20 Floor ETF - Quarterly,ETF,Alternative,Digital Assets,"$16,648,766.00",6505.1
QBTX,Tradr 2X Long QBTS Daily ETF,"ETF, Leveraged",Miscellaneous,Trading--Leveraged Equity,"$69,177,608.00",1830789.6
QBTZ,Defiance Daily Target 2X Short QBTS ETF,"ETF, Leveraged, Inverse",Miscellaneous,Trading--Inverse Equity,"$16,204,714.00",2145898.4
QBY,GraniteShares YieldBOOST QBTS ETF,ETF,Nontraditional Equity,Derivative Income,"$1,506,819.00",5753.4
QCJA,FT Vest Nasdaq-100 Conservative Buffer ETF - January,ETF,Nontraditional Equity,Defined Outcome,"$80,319,451.00",14555.9
QCML,GraniteShares 2x Long QCOM Daily ETF,"ETF, Leveraged",Miscellaneous,Trading--Leveraged Equity,"$11,670,275.00",48362.9
QCMU,Direxion Daily QCOM Bull 2X Shares,"ETF, Leveraged",Miscellaneous,Trading--Leveraged Equity,"$4,943,897.00",12893.9
QCOC,FT Vest Nasdaq-100® Conservative Buffer ETF – October,ETF,Nontraditional Equity,Defined Outcome,"$76,253,667.00",8088.3
QETH,Invesco Galaxy Ethereum ETF,ETF,Alternative,Digital Assets,"$21,018,379.00",139040.8
QID,ProShares UltraShort QQQ,"ETF, Leveraged, Inverse",Miscellaneous,Trading--Inverse Equity,"$320,226,815.00",22437395
QIDX,Indexperts Quality Earnings Focused ETF,ETF,US Equity,Mid-Cap Blend,"$38,114,730.00",1619.5
QIS,Simplify Multi-Qis Alternative ETF,ETF,Alternative,Multistrategy,"$55,509,936.00",208.4
QMFE,FT Vest Nasdaq-100 Moderate Buffer ETF - February,ETF,Nontraditional Equity,Defined Outcome,"$37,457,950.00",51326.4
QPUX,Defiance 2X Daily Long Pure Quantum ETF,"ETF, Leveraged",Miscellaneous,Trading--Leveraged Equity,"$24,562,717.00",313641.5
QQQD,Direxion Daily Magnificent 7 Bear 1X Shares,"ETF, Inverse",Miscellaneous,Trading--Inverse Equity,"$23,127,084.00",202400
QQQT,Defiance Nasdaq 100 Income Target ETF,ETF,Nontraditional Equity,Derivative Income,"$36,666,365.00",29689.7
QQQY,Defiance Nasdaq 100 Target 30 Weekly Distribution ETF,ETF,Miscellaneous,Trading--Miscellaneous,"$178,602,993.00",138113
QRMI,Global X NASDAQ 100® Risk Managed Income ETF,ETF,Nontraditional Equity,Derivative Income,"$16,448,707.00",7756.3
QSOL,Invesco Galaxy Solana ETF,ETF,Alternative,Digital Assets,"$2,657,606.00",37876.5
QSU,Defiance Daily Target 2X Long QS ETF,"ETF, Leveraged",Miscellaneous,Trading--Leveraged Equity,"$10,865,360.00",153747.6
QUBX,Tradr 2X Long QUBT Daily ETF,"ETF, Leveraged",Miscellaneous,Trading--Leveraged Equity,"$19,363,260.00",262868.9
QUSA,VistaShares Target 15 USA Quality Income ETF,ETF,Nontraditional Equity,Derivative Income,"$17,747,534.00",10204.2
QXAS,Quantify 2X Daily Alt Season Crypto ETF,"ETF, Leveraged",Miscellaneous,Trading--Leveraged Commodities,"$386,673.00",196.4
QYLD,Global X NASDAQ 100 Covered Call ETF,ETF,Nontraditional Equity,Derivative Income,"$8,305,483,377.00",11856811.8
RBLU,T-Rex 2X Long RBLX Daily Target ETF,"ETF, Leveraged",Miscellaneous,Trading--Leveraged Equity,"$11,531,488.00",112715.2
RBLY,YieldMax(TM) RBLX Option Income Strategy ETF,ETF,Nontraditional Equity,Derivative Income,"$13,674,465.00",12301.4
RCAX,Defiance Daily Target 2X Long RCAT ETF,ETF,Miscellaneous,Trading--Leveraged Equity,--,395763.9
RDTL,GraniteShares 2x Long RDDT Daily ETF,"ETF, Leveraged",Miscellaneous,Trading--Leveraged Equity,"$47,330,191.00",640805.6
RDYY,YieldMax RDDT Option Income Strategy ETF,ETF,Nontraditional Equity,Derivative Income,"$17,750,560.00",68647.3
REAI,Intelligent Real Estate ETF,ETF,Sector Equity,Real Estate,"$1,060,606.00",109.4
REFA,Columbia Research Enhanced International Equity ETF,ETF,International Equity,Foreign Large Blend,"$5,717,166.00",3901.9
REK,ProShares Short Real Estate,"ETF, Inverse",Miscellaneous,Trading--Inverse Equity,"$9,973,408.00",16900.3
REKT,Direxion Daily Crypto Industry Bear 1X Shares ETF,"ETF, Inverse",Miscellaneous,Trading--Inverse Equity,"$1,428,736.00",12164.5
REM,iShares Mortgage Real Estate Capped ETF,ETF,Sector Equity,Real Estate,"$589,397,631.00",906994.3
REMC,Columbia Research Enhanced Mid Cap ETF,ETF,US Equity,Mid-Cap Blend,"$5,231,805.00",12404.1
RESM,Columbia Research Enhanced Small Cap ETF,ETF,US Equity,Small Blend,"$5,334,237.00",12382.1
RETL,Direxion Daily Retail Bull 3X Shares,"ETF, Leveraged",Miscellaneous,Trading--Leveraged Equity,"$31,450,699.00",652174.7
REW,ProShares UltraShort Technology,"ETF, Leveraged, Inverse",Miscellaneous,Trading--Inverse Equity,"$5,464,184.00",66889.5
RFCI,RiverFront Dynamic Core Income ETF,ETF,Taxable Bond,Corporate Bond,"$16,023,391.00",752.6
RGTU,Tradr 2X Long RGTI Daily ETF,"ETF, Leveraged",Miscellaneous,Trading--Leveraged Equity,"$10,186,903.00",155848.7
RGTX,Defiance Daily Target 2X Long RGTI ETF,"ETF, Leveraged",Miscellaneous,Trading--Leveraged Equity,"$47,980,373.00",5586304
RGTZ,Defiance Daily Target 2X Short RGTI ETF,"ETF, Leveraged, Inverse",Miscellaneous,Trading--Inverse Equity,"$14,716,267.00",2703571.3
RGYY,GraniteShares YieldBOOST RGTI ETF,ETF,Nontraditional Equity,Derivative Income,"$2,228,660.00",6487.4
RHRX,RH Tactical Rotation ETF,ETF,Allocation,Tactical Allocation,"$19,875,142.00",16304.4
RHTX,RH Tactical Outlook ETF,ETF,Allocation,Tactical Allocation,"$9,045,263.00",125.5
RIET,Hoya Capital High Dividend Yield ETF,ETF,Sector Equity,Real Estate,"$99,260,809.00",73919.6
RILA,Indexperts Gorilla Aggressive Growth ETF,ETF,US Equity,Large Growth,"$40,849,943.00",2366.7
RIOX,Defiance Daily Target 2X Long RIOT ETF,"ETF, Leveraged",Miscellaneous,Trading--Leveraged Equity,"$20,822,912.00",792496
RITA,ETFB Green SRI REITs ETF,ETF,Sector Equity,Real Estate,"$8,812,646.00",1532.3
RKLZ,Defiance Daily Target 2X Short RKLB ETF,"ETF, Leveraged, Inverse",Miscellaneous,Trading--Inverse Equity,"$34,657.00",18831657
RKNG,Defiance Retail Kings ETF,ETF,Sector Equity,Consumer Cyclical,"$7,517,955.00",6834.2
RKTL,Defiance Daily Target 2X Long RKT ETF,"ETF, Leveraged",Miscellaneous,Trading--Leveraged Equity,"$1,785,109.00",52985.6
ROBN,T-Rex 2X Long HOOD Daily Target ETF,"ETF, Leveraged",Miscellaneous,Trading--Leveraged Equity,"$92,701,053.00",1532414.2
RPAR,RPAR Risk Parity ETF,ETF,Allocation,Moderately Conservative Allocation,"$623,878,732.00",41301.2
RPHS,Regents Park Hedged Market Strategy ETF,ETF,Allocation,Moderately Conservative Allocation,"$51,663,431.00",24712.2
RSBA,Return Stacked Bonds & Merger Arbitrage ETF,ETF,Alternative,Multi-Asset Leveraged,"$61,814,083.00",42591.3
RSBT,Return Stacked Bonds & Managed Futures ETF,ETF,Alternative,Multi-Asset Leveraged,"$114,519,532.00",81851.6
RSBY,Return Stacked Bonds & Futures Yield ETF,"ETF, Leveraged",Alternative,Multi-Asset Leveraged,"$78,360,071.00",15340.5
RSDE,FT Vest U.S. Equity Equal Weight Buffer ETF - December,ETF,Nontraditional Equity,Defined Outcome,"$76,983,573.00",22005.9
RSMR,FT Vest U.S. Equity Equal Weight Buffer ETF - March,ETF,Nontraditional Equity,Defined Outcome,"$6,792,022.00",3435.3
RSSE,FT Vest U.S. Equity Equal Weight Buffer ETF - September,ETF,Nontraditional Equity,Defined Outcome,"$36,707,128.00",15870.8
RSSY,Return Stacked® U.S. Stocks & Futures Yield ETF,ETF,Alternative,Multi-Asset Leveraged,"$92,223,264.00",16788.1
RSX,VanEck Russia ETF,ETF,International Equity,Miscellaneous Region,"$32,342,654.00",0
RSXJ,VanEck Russia Small-Cap ETF,ETF,International Equity,Miscellaneous Region,"$342,240.00",0
RTAI,Rareview Tax Advantaged Income ETF,ETF,Municipal Bond,Muni National Long,"$18,844,962.00",999.4
RTYY,GraniteShares YieldBOOST RIOT ETF,ETF,Nontraditional Equity,Derivative Income,"$6,195,532.00",22279.3
RWM,ProShares Short Russell2000,"ETF, Inverse",Miscellaneous,Trading--Inverse Equity,"$128,029,739.00",26516073.1
RXD,ProShares UltraShort Health Care,"ETF, Leveraged, Inverse",Miscellaneous,Trading--Inverse Equity,"$1,712,395.00",23553.6
RYLD,Global X Russell 2000 Covered Call ETF,ETF,Nontraditional Equity,Derivative Income,"$1,313,344,636.00",864408.9
RYLG,Global X Russell 2000 Covered Call & Growth ETF,ETF,Nontraditional Equity,Derivative Income,"$8,041,561.00",2713.2
RYSE,Cboe Vest 10 Year Interest Rate Hedge ETF,ETF,Taxable Bond,Nontraditional Bond,"$1,663,736.00",286.7
SATG,Leverage Shares 2X Long SATS Daily ETF,"ETF, Leveraged",Miscellaneous,Trading--Leveraged Equity,"$5,655,946.00",43893.7
SATO,Invesco Alerian Galaxy Crypto Economy ETF,ETF,Alternative,Equity Digital Assets,"$1,304,727.00",1357.1
SAWG,AAM Sawgrass U.S. Large Cap Quality Growth ETF,ETF,US Equity,Large Blend,"$2,193,902.00",19.4
SAWS,AAM Sawgrass U.S. Small Cap Quality Growth ETF,ETF,US Equity,Small Growth,"$6,799,531.00",1237.2
SBB,ProShares Short SmallCap600,"ETF, Inverse",Miscellaneous,Trading--Inverse Equity,"$4,242,894.00",16417.4
SBND,Columbia Short Duration Bond ETF,ETF,Taxable Bond,Short-Term Bond,"$159,641,360.00",205647
SBTU,T-REX 2X Long SBET Daily Target ETF,"ETF, Leveraged",Miscellaneous,Trading--Leveraged Equity,"$1,555,716.00",65847.9
SBU,Leverage Shares 2X Long SBUX Daily ETF,"ETF, Leveraged",Miscellaneous,Trading--Leveraged Equity,"$1,056,125.00",1658.9
SCC,ProShares UltraShort Consumer Discretionary,"ETF, Leveraged, Inverse",Miscellaneous,Trading--Inverse Equity,"$4,637,539.00",26440.2
SCHH,Schwab U.S. REIT ETF™,ETF,Sector Equity,Real Estate,"$9,735,953,431.00",8992260.7
SCHI,Schwab 5-10 Year Corporate Bond ETF,ETF,Taxable Bond,Corporate Bond,"$10,837,903,049.00",2738127.1
SCIO,First Trust Structured Credit Income Opportunities ETF,ETF,Taxable Bond,Multisector Bond,"$199,709,301.00",226331.4
SCLS,Stoneport Advisors Commodity Long Short ETF,ETF,Commodities,Commodities Broad Basket,"$2,608,649.00",146.8
SCO,ProShares UltraShort Bloomberg Crude Oil,"ETF, Leveraged, Inverse",Miscellaneous,Trading--Inverse Commodities,"$128,206,060.00",25861243.4
SCOW,Pacer S&P SmallCap 600 Quality FCF Aristocrats ETF,ETF,US Equity,Small Blend,"$1,499,540.00",282.2
SDD,ProShares UltraShort SmallCap600,"ETF, Leveraged, Inverse",Miscellaneous,Trading--Inverse Equity,"$1,332,339.00",7316.1
SDP,ProShares UltraShort Utilities,"ETF, Leveraged, Inverse",Miscellaneous,Trading--Inverse Equity,"$2,870,819.00",21992.1
SDVD,FT Vest SMID Rising Dividend Achievers Target Income ETF,ETF,Nontraditional Equity,Derivative Income,"$824,946,296.00",172497.3
SEA,U.S. Global Sea to Sky Cargo ETF,ETF,Sector Equity,Industrials,"$12,786,445.00",78754.6
SEMY,GraniteShares YieldBOOST Semiconductors ETF,ETF,Nontraditional Equity,Derivative Income,"$58,549,991.00",265403.9
SGRW,Harbor Active Small Cap Growth ETF,ETF,US Equity,Small Growth,"$3,432,009.00",383.7
SHNY,MicroSectors™ Gold 3X Leveraged ETN,"ETN, Leveraged",Miscellaneous,Trading--Leveraged Commodities,"$209,029,966.00",1139545.8
SHPD,Direxion Daily SHOP Bear 1X ETF,"ETF, Inverse",Miscellaneous,Trading--Inverse Equity,"$2,780,946.00",8409.4
SHPU,Direxion Daily SHOP Bull 2X ETF,"ETF, Leveraged",Miscellaneous,Trading--Leveraged Equity,"$8,551,811.00",147013.1
SHRT,Gotham Short Strategies ETF,ETF,Miscellaneous,Trading--Inverse Equity,"$17,054,267.00",4209.7
SHYD,VanEck Short High Yield Muni ETF,ETF,Municipal Bond,High Yield Muni,"$418,152,410.00",71156.8
SHYM,iShares Short Duration High Yield Muni Active ETF,ETF,Municipal Bond,High Yield Muni,"$511,365,666.00",255244.6
SIJ,ProShares UltraShort Industrials,"ETF, Leveraged, Inverse",Miscellaneous,Trading--Inverse Equity,"$4,427,861.00",52927.2
SIOO,VistaShares Target 15TM S&P 100 Distribution ETF,ETF,Nontraditional Equity,Derivative Income,"$5,307,197.00",21517.1
SJB,ProShares Short High Yield,"ETF, Inverse",Miscellaneous,Trading--Inverse Debt,"$42,148,843.00",628360.7
SKRE,Tuttle Capital Daily 2X Inverse Regional Banks ETF,"ETF, Leveraged, Inverse",Miscellaneous,Trading--Inverse Equity,"$6,495,019.00",234540
SLON,ProShares Ultra Solana ETF,"ETF, Leveraged",Alternative,Digital Assets,"$16,856,207.00",360154.1
SMB,VanEck Short Muni ETF,ETF,Municipal Bond,Muni National Short,"$303,696,088.00",61060.3
SMCL,GraniteShares 2x Long SMCI Daily ETF,"ETF, Leveraged",Miscellaneous,Trading--Leveraged Equity,"$50,536,624.00",5343906.6
SMCX,Defiance Daily Target 2X Long SMCI ETF,"ETF, Leveraged",Miscellaneous,Trading--Leveraged Equity,"$173,151,538.00",2651820.6
SMCY,YieldMax SMCI Option Income Strategy ETF,ETF,Nontraditional Equity,Derivative Income,"$144,423,815.00",1736206.5
SMDD,ProShares UltraPro Short MidCap400,"ETF, Leveraged, Inverse",Miscellaneous,Trading--Inverse Equity,"$1,855,036.00",25167.3
SMHB,ETRACS 2xMonthly Pay Leveraged US Small Cap High Dividend ETN,"ETN, Leveraged",Miscellaneous,Trading--Leveraged Equity,"$21,113,560.00",21121.9
SMLL,Harbor Active Small Cap ETF,ETF,US Equity,Small Blend,"$14,090,624.00",1948.7
SMN,ProShares UltraShort Materials,"ETF, Leveraged, Inverse",Miscellaneous,Trading--Inverse Equity,"$1,465,054.00",23090.7
SMU,Tradr 2X Long SMR Daily ETF,"ETF, Leveraged",Miscellaneous,Trading--Leveraged Equity,"$67,795,672.00",849264.6333
SMUP,T-REX 2X Long SMR Daily Target ETF,"ETF, Leveraged",Miscellaneous,Trading--Leveraged Equity,"$14,142,948.00",2372997
SMYY,GraniteShares YieldBOOST SMCI ETF,ETF,Nontraditional Equity,Derivative Income,"$9,406,255.00",25668.6
SNAG,Leverage Shares 2X Long SNAP Daily ETF,"ETF, Leveraged",Miscellaneous,Trading--Leveraged Equity,"$2,774,800.00",41299.4
SNOY,YieldMax SNOW Option Income Strategy ETF,ETF,Nontraditional Equity,Derivative Income,"$33,057,551.00",197026.1
SOEZ,Franklin Solana ETF,ETF,Alternative,Digital Assets,"$6,322,729.00",25773.7
SOFA,Direxion Daily SOFI Bull 2X ETF,"ETF, Leveraged",Miscellaneous,Trading--Leveraged Equity,"$2,576,713.00",32269.3
SOFX,Defiance Daily Target 2X Long SOFI ETF,"ETF, Leveraged",Miscellaneous,Trading--Leveraged Equity,"$43,499,482.00",840333.3
SOLM,Amplify Solana 3% Monthly Option Income ETF,ETF,Alternative,Digital Assets,"$797,914.00",6989
SOLX,T-REX 2X Long SOL Daily Target ETF,"ETF, Leveraged",Miscellaneous,Trading--Miscellaneous,"$443,545.00",10003.6
SOLZ,Solana ETF,ETF,Alternative,Digital Assets,"$86,765,368.00",4119545.1
SOUX,Defiance Daily Target 2X Long SOUN ETF,"ETF, Leveraged",Miscellaneous,Trading--Leveraged Equity,"$16,064,259.00",668007.8
SPCX,SPAC and New Issue ETF,ETF,Alternative,Event Driven,"$7,070,977.00",3217
SPDN,Direxion Daily S&P 500® Bear 1X Shares,"ETF, Inverse",Miscellaneous,Trading--Inverse Equity,"$232,322,704.00",62146864.5
SPFF,Global X SuperIncome™ Preferred ETF,ETF,Taxable Bond,Preferred Stock,"$127,872,641.00",30392.8
SPLB,State Street® SPDR® Portfolio Long Term Corporate Bond ETF,ETF,Taxable Bond,Long-Term Bond,"$1,225,209,786.00",4991236
SPMB,State Street® SPDR® Portfolio Mortgage Backed Bond ETF,ETF,Taxable Bond,Government Mortgage-Backed Bond,"$6,957,454,023.00",688685.7
SPOG,Leverage Shares 2X Long SPOT Daily ETF,"ETF, Leveraged",Miscellaneous,Trading--Leveraged Equity,"$4,284,193.00",96519.5
SPRE,SP Funds S&P Global REIT Sharia ETF,ETF,Sector Equity,Real Estate,"$208,905,272.00",91398.8
SPSK,SP Funds Dow Jones Global Sukuk ETF,ETF,Taxable Bond,Global Bond,"$489,171,280.00",349905
SPYT,Defiance S&P 500 Target Income ETF,ETF,US Equity,Large Blend,"$150,549,493.00",220120.1
SRET,Global X SuperDividend® REIT ETF,ETF,Sector Equity,Real Estate,"$226,894,356.00",63060
SRPU,Tradr 2X Long SRPT Daily ETF,"ETF, Leveraged",Miscellaneous,Trading--Leveraged Equity,"$2,548,297.00",53901.3
SSFI,Day Hagan Smart Sector Fixed Income ETF,ETF,Taxable Bond,Nontraditional Bond,"$30,893,666.00",55074.2
SSK,REX-Osprey SOL + Staking ETF,ETF,Alternative,Digital Assets,"$83,112,518.00",126100.3
SSS,Cyber Hornet S&P 500®And Solana 75/25 Strategy ETF,ETF,Allocation,Tactical Allocation,"$478,231.00",797.3
STBQ,Amplify Stablecoin Technology ETF,ETF,Alternative,Digital Assets,"$1,283,406.00",2037.7
STRN,SMART Trend 25 ETF,ETF,US Equity,Large Blend,"$17,723,750.00",18079.4
STSM,Defiance Daily Target 2X Short TSM ETF,"ETF, Leveraged, Inverse",Miscellaneous,Trading--Inverse Equity,"$1,541,292.00",60961.3
STXT,Strive Total Return Bond ETF,ETF,Taxable Bond,Intermediate Core-Plus Bond,"$124,980,053.00",19003.7
SURI,Simplify Propel Opportunities ETF,ETF,Sector Equity,Health,"$78,021,616.00",16094.7
SVIX,-1x Short VIX Futures ETF,"ETF, Inverse",Miscellaneous,Trading--Inverse Equity,"$136,512,787.00",9238302.9
SVOL,Simplify Volatility Premium ETF,"ETF, Inverse",Nontraditional Equity,Derivative Income,"$607,382,003.00",573507.4
SZK,ProShares UltraShort Consumer Staples,"ETF, Leveraged, Inverse",Miscellaneous,Trading--Inverse Equity,"$2,788,038.00",22273.5
TAIL,Cambria Tail Risk ETF,ETF,Miscellaneous,Trading--Inverse Equity,"$163,278,942.00",1171051.9
TBJL,Innovator 20+ Year Treasury Bond Buffer ETF – July,ETF,Nontraditional Equity,Defined Outcome,"$23,502,977.00",5771.7
TDAX,TDAQ Lift ETF,"ETF, Leveraged",Miscellaneous,Trading--Leveraged Equity,"$12,983,727.00",21003.8
TDOG,21Shares Dogecoin ETF,ETF,Alternative,Digital Assets,"$1,692,678.00",2390.6
TECS,Direxion Daily Technology Bear 3X Shares,"ETF, Leveraged, Inverse",Miscellaneous,Trading--Inverse Equity,"$108,878,344.00",5713283.1
TESL,Simplify Volt TSLA Revolution ETF,ETF,US Equity,Large Growth,"$19,711,619.00",7071.4
TETH,21Shares Ethereum ETF,ETF,Alternative,Digital Assets,"$22,579,944.00",1381476.2
TFFI,Chesapeake Trend-Following Fixed Income ETF,ETF,Alternative,Systematic Trend,"$499,951.00",93845
TFJL,Innovator 20+ Year Treasury Bond 5 Floor ETF™ – Quarterly,ETF,Nontraditional Equity,Defined Outcome,"$8,216,935.00",1316.3
THTA,SoFi Enhanced Yield ETF,ETF,Taxable Bond,Short Government,"$37,525,622.00",27597.7
THY,Toews Agility Shares Dynamic Tactical Income ETF,ETF,Taxable Bond,High Yield Bond,"$85,945,894.00",12883.5
TILL,Teucrium Agricultural Strategy No K-1 ETF,ETF,Commodities,Commodities Focused,"$2,823,218.00",12419.4
TIPX,State Street® SPDR® Bloomberg 1-10 Year TIPS ETF,ETF,Taxable Bond,Short-Term Inflation-Protected Bond,"$1,846,900,487.00",250790.3
TJUN,FT Vest Emerging Markets Buffer ETF - June,ETF,Nontraditional Equity,Defined Outcome,"$2,312,196.00",237.5
TKNQ,Amplify Tokenization Technology ETF,ETF,Alternative,Digital Assets,"$663,881.00",599.9
TLTP,Amplify TLT U.S. Treasury 12% Option Income ETF,ETF,Taxable Bond,Long Government,"$29,096,252.00",19277.1
TLTW,iShares 20+ Year Treasury Bond Buywrite Strategy ETF,ETF,Taxable Bond,Long Government,"$1,820,016,007.00",2110245.9
TMFM,Motley Fool Mid-Cap Growth ETF,ETF,US Equity,Mid-Cap Growth,"$131,012,374.00",14153.7
TMFX,Motley Fool Next Index ETF,ETF,US Equity,Mid-Cap Growth,"$32,246,076.00",4559.7
TMVE,Thrivent Mid Cap Value ETF,ETF,US Equity,Mid-Cap Value,"$299,902,914.00",2175.4
TNGY,Tortoise Energy Fund,ETF,Sector Equity,Equity Energy,"$552,873,548.00",78293.6
TOKE,Cambria Cannabis ETF,ETF,Sector Equity,Miscellaneous Sector,"$19,722,384.00",12109.9
TOT,Lionshares U.S. Equity Total Return ETF,ETF,US Equity,Large Blend,"$7,375,006.00",2335.2
TOXR,21shares XRP ETF,ETF,Alternative,Digital Assets,"$166,342,982.00",292943.5
TPZ,Tortoise Electrification Infrastructure ETF,ETF,Sector Equity,Equity Energy,"$140,999,929.00",13785.7
TQQY,GraniteShares YieldBOOST QQQ ETF,ETF,Nontraditional Equity,Derivative Income,"$9,325,641.00",10664.3
TSCM,Timessquare Quality Mid Cap Growth ETF,ETF,US Equity,Mid-Cap Growth,"$36,105,449.00",20649.3
TSDD,Graniteshares 2x Short TSLA Daily ETF,"ETF, Leveraged, Inverse",Miscellaneous,Trading--Inverse Equity,"$57,365,524.00",44972803.4
TSII,REX TSLA Growth & Income ETF,"ETF, Leveraged",Miscellaneous,Trading--Leveraged Equity,"$45,212,526.00",47847.2
TSL,GraniteShares 1.25x Long Tsla Daily ETF,"ETF, Leveraged",Miscellaneous,Trading--Leveraged Equity,"$30,990,606.00",1138364.6
TSLL,Direxion Daily TSLA Bull 2X Shares,"ETF, Leveraged",Miscellaneous,Trading--Leveraged Equity,"$5,009,521,335.00",60566036.9
TSLO,Leverage Shares 2x Capped Accelerated TSLA Monthly ETF,"ETF, Leveraged",Miscellaneous,Trading--Leveraged Equity,"$1,085,154.00",474.9
TSLP,Kurv Yield Premium Strategy Tesla ETF,ETF,Nontraditional Equity,Derivative Income,"$21,126,072.00",23321.5
TSLQ,Tradr 2X Short TSLA Daily ETF,"ETF, Leveraged, Inverse",Miscellaneous,Trading--Inverse Equity,"$178,714,441.00",11892105
TSLT,T-Rex 2X Long Tesla Daily Target ETF,"ETF, Leveraged",Miscellaneous,Trading--Leveraged Equity,"$266,884,676.00",3333882.4
TSLZ,T-Rex 2X Inverse Tesla Daily Target ETF,"ETF, Leveraged, Inverse",Miscellaneous,Trading--Inverse Equity,"$68,151,078.00",10036186.4
TSMY,YieldMax TSM Option Income Strategy ETF,ETF,Nontraditional Equity,Derivative Income,"$74,796,169.00",329497
TSMZ,Direxion Daily TSM Bear 1X Shares,"ETF, Inverse",Miscellaneous,Trading--Inverse Equity,"$3,153,842.00",160796.5
TSOL,21Shares Solana ETF,ETF,Alternative,Digital Assets,"$2,842,523.00",31011.1
TSUI,21Shares Sui ETF,ETF,Alternative,Digital Assets,"$9,702,512.00",33975.9
TSXD,Direxion Daily Semiconductors Top 5 Bear 2X ETF,"ETF, Leveraged, Inverse",Miscellaneous,Trading--Inverse Equity,"$1,507,806.00",3065.5
TSYX,TSPY Lift ETF,"ETF, Leveraged",Miscellaneous,Trading--Leveraged Equity,"$10,936,588.00",30173.8
TSYY,GraniteShares YieldBOOST TSLA ETF,ETF,Nontraditional Equity,Derivative Income,"$203,835,914.00",1276076.1
TTDU,T-REX 2X Long TTD Daily Target ETF,"ETF, Leveraged",Miscellaneous,Trading--Leveraged Equity,"$6,694,911.00",753156.9
TTOP,21Shares FTSE Crypto 10 Index ETF,ETF,Alternative,Digital Assets,"$625,507.00",282.5
TTXU,Direxion Daily Technology Top 5 Bull 2X ETF,"ETF, Leveraged",Miscellaneous,Trading--Leveraged Equity,"$2,871,914.00",11293.8
TUA,Simplify Short Term Treasury Futures Strategy ETF,ETF,Taxable Bond,Long Government,"$693,541,187.00",351344.3
TXBC,21Shares FTSE Crypto 10 ex-BTC Index ETF,ETF,Alternative,Digital Assets,"$576,195.00",1787.5
TXXD,21Shares 2x Long Dogecoin ETF,"ETF, Leveraged",Alternative,Digital Assets,"$3,067,569.00",68396.9
TXXS,21Shares 2x Long Sui ETF,"ETF, Leveraged",Alternative,Digital Assets,"$1,959,095.00",41256.8
TYA,Simplify Intermediate Term Treasury Futures Strategy ETF,ETF,Taxable Bond,Long Government,"$66,164,274.00",116681.7
TYO,Direxion Daily 7-10 Year Treasury Bear 3X Shares,"ETF, Leveraged, Inverse",Miscellaneous,Trading--Inverse Debt,"$8,882,866.00",17317.6
TZA,Direxion Daily Small Cap Bear 3X Shares,"ETF, Leveraged, Inverse",Miscellaneous,Trading--Inverse Equity,"$241,516,063.00",142077318.4
UAE,iShares MSCI UAE ETF,ETF,International Equity,Miscellaneous Region,"$224,029,617.00",1724361.5
UBND,VictoryShares Core Plus Bond ETF,ETF,Taxable Bond,Intermediate Core-Plus Bond,"$1,782,512,562.00",167458.4
UBRL,GraniteShares 2x Long UBER Daily ETF,"ETF, Leveraged",Miscellaneous,Trading--Leveraged Equity,"$20,725,899.00",72888.6
UBT,ProShares Ultra 20+ Year Treasury,"ETF, Leveraged",Miscellaneous,Trading--Leveraged Debt,"$80,365,917.00",88538.6
UCRD,VictoryShares Corporate Bond ETF,ETF,Taxable Bond,Corporate Bond,"$153,652,531.00",414.5
UDN,Invesco DB US Dollar Index Bearish Fund,"ETF, Inverse",Miscellaneous,Trading--Miscellaneous,"$147,923,256.00",273735.5
UECG,Leverage Shares 2X Long UEC Daily ETF,"ETF, Leveraged",Miscellaneous,Trading--Leveraged Equity,"$294,963.00",11536.1
UGE,ProShares Ultra Consumer Staples,"ETF, Leveraged",Miscellaneous,Trading--Leveraged Equity,"$14,401,901.00",101346.2
ULE,ProShares Ultra Euro,"ETF, Leveraged",Miscellaneous,Trading--Miscellaneous,"$6,645,114.00",11035.9
ULTI,REX IncomeMax Option Strategy ETF,ETF,Nontraditional Equity,Defined Outcome,"$15,701,855.00",39815.2
UNG,"United States Natural Gas Fund, LP",ETF,Commodities,Commodities Focused,"$422,751,124.00",15917465.4
UNHG,Leverage Shares 2X Long UNH Daily ETF,"ETF, Leveraged",Sector Equity,Industrials,"$157,952,723.00",1837024.2
UNL,"United States 12 Month Natural Gas Fund, LP",ETF,Commodities,Commodities Focused,"$14,393,728.00",123886.1
UPAR,UPAR Ultra Risk Parity ETF,ETF,Allocation,Moderate Allocation,"$72,132,818.00",9547
UPSG,Leverage Shares 2X Long UPS Daily ETF,"ETF, Leveraged",Miscellaneous,Trading--Leveraged Equity,"$807,189.00",2445.3
UPSX,Tradr 2X Long UPST Daily ETF,"ETF, Leveraged",Miscellaneous,Trading--Leveraged Equity,"$20,771,361.00",73454.8
USGG,Leverage Shares 2X Long USAR Daily ETF,"ETF, Leveraged",Miscellaneous,Trading--Leveraged Equity,"$6,677,344.00",254487.4
USOY,Defiance Oil Enhanced Options Income ETF,ETF,Nontraditional Equity,Equity Hedged,"$51,672,960.00",658320.8
UUUG,Leverage Shares 2X Long UUUU Daily ETF,"ETF, Leveraged",Miscellaneous,Trading--Leveraged Equity,"$14,925,299.00",396460.9
UVIX,2x Long VIX Futures ETF,"ETF, Leveraged",Miscellaneous,Trading--Leveraged Equity,"$405,035,673.00",74616416.9
UXRP,ProShares Ultra XRP ETF,"ETF, Leveraged",Alternative,Digital Assets,"$35,216,379.00",575373
VALG,Leverage Shares 2X Long VALE Daily ETF,"ETF, Leveraged",Miscellaneous,Trading--Leveraged Equity,"$1,155,034.00",2242.7
VAVX,VanEck Avalanche ETF,ETF,Alternative,Digital Assets,"$10,574,451.00",7614.1
VETZ,Academy Veteran Bond ETF,ETF,Taxable Bond,Government Mortgage-Backed Bond,"$91,185,771.00",5460.7
VGSR,Vert Global Sustainable Real Estate ETF,ETF,Sector Equity,Global Real Estate,"$498,150,810.00",68768
VIXM,ProShares VIX Mid-Term Futures ETF,ETF,Miscellaneous,Trading--Miscellaneous,"$65,069,491.00",515205.6
VNAM,Global X MSCI Vietnam ETF,ETF,International Equity,Miscellaneous Region,"$34,452,522.00",21774.1
VNM,VanEck Vietnam ETF,ETF,International Equity,Miscellaneous Region,"$658,099,674.00",1172074
VOYX,Tradr 2X Long VOYG Daily ETF,"ETF, Leveraged",Miscellaneous,Trading--Leveraged Equity,"$1,061,376.00",6129.6
VPC,Virtus Private Credit ETF,ETF,Taxable Bond,Nontraditional Bond,"$37,770,359.00",22036.4
VSHY,Virtus Newfleet Short Duration High Yield Bond ETF,ETF,Taxable Bond,High Yield Bond,"$30,621,435.00",3074.2
VSOL,VanEck Solana ETF,ETF,Alternative,Digital Assets,"$16,892,569.00",71985.2
VSTL,Defiance Daily Target 2X Long VST ETF,"ETF, Leveraged",Miscellaneous,Trading--Leveraged Equity,"$8,549,079.00",140362.5
WAGN,Pabrai Wagons ETF,ETF,International Equity,Global Small/Mid Stock,"$135,965,126.00",76291.6
WCAP,Warcap Unconstrained Equity ETF,ETF,US Equity,Large Blend,"$57,410,928.00",70330.2
WCME,First Trust WCM Developing World Equity ETF,ETF,International Equity,Diversified Emerging Mkts,"$26,747,978.00",29134
WCMI,First Trust WCM International Equity ETF,ETF,International Equity,Foreign Large Growth,"$1,031,802,170.00",613242.7
WDNA,WisdomTree BioRevolution Fund,ETF,Sector Equity,Health,"$2,386,490.00",535.2
WEAT,Teucrium Wheat Fund,ETF,Commodities,Commodities Focused,"$139,747,962.00",1049930
WEBL,Direxion Daily Dow Jones Internet Bull 3X Shares,"ETF, Leveraged",Miscellaneous,Trading--Leveraged Equity,"$95,942,945.00",608629.7
WEED,Roundhill Cannabis ETF,ETF,Sector Equity,Miscellaneous Sector,"$7,834,835.00",17872.8
WEEL,Peerless Option Income Wheel ETF,ETF,Nontraditional Equity,Derivative Income,"$32,069,986.00",7872.7
WTIB,USCF Oil Plus Bitcoin Strategy Fund,ETF,Miscellaneous,Trading--Miscellaneous,"$320,731.00",5500.3
WTID,MicroSectors™ Energy -3X Inverse Leveraged ETN,"ETN, Leveraged, Inverse",Miscellaneous,Trading--Inverse Equity,"$992,046.00",75660.5
WTIU,MicroSectors™ Energy 3X Leveraged ETN,"ETN, Leveraged",Miscellaneous,Trading--Leveraged Equity,"$23,872,320.00",203882.7
WTRE,WisdomTree New Economy Real Estate ETF,ETF,Sector Equity,Global Real Estate,"$15,395,258.00",3795.1
WULX,Tradr 2X Long WULF Daily ETF,"ETF, Leveraged",Miscellaneous,Trading--Leveraged Equity,"$13,449,015.00",364398.5
WXET,Teucrium 2x Daily Wheat ETF,"ETF, Leveraged",Miscellaneous,Trading--Leveraged Commodities,"$1,530,242.00",28747.1
WZRD,Opportunistic Trader ETF,ETF,US Equity,Large Blend,"$6,448,024.00",6693.7
XBTY,GraniteShares YieldBOOST Bitcoin ETF,ETF,Nontraditional Equity,Derivative Income,"$17,655,160.00",33062.6
XDAT,Franklin Exponential Data ETF,ETF,Sector Equity,Technology,"$3,253,288.00",1269.8
XFLX,FundX Flexible ETF,ETF,Taxable Bond,Multisector Bond,"$50,242,105.00",1072.2
XLFI,State Street® Financial Select Sector SPDR® Premium Income ETF,ETF,Nontraditional Equity,Derivative Income,"$2,583,452.00",3965.6
XMAG,Defiance Large Cap ex-Mag 7 ETF,ETF,US Equity,Large Blend,"$141,946,864.00",74336.5
XMPT,VanEck CEF Municipal Income ETF,ETF,Municipal Bond,High Yield Muni,"$220,038,859.00",35602.3
XOMO,Yieldmax XOM Option Income Strategy ETF,ETF,Nontraditional Equity,Derivative Income,"$39,663,534.00",322942.3
XOMZ,Direxion Daily XOM Bear 1X Shares,"ETF, Inverse",Miscellaneous,Trading--Inverse Equity,"$1,709,073.00",12680.1
XOVR,ERShares Private-Public Crossover ETF,ETF,US Equity,Large Growth,"$477,172,410.00",671460.9
XPEG,Leverage Shares 2X Long XPEV Daily ETF,"ETF, Leveraged",Miscellaneous,Trading--Leveraged Equity,"$679,998.00",9272.5
XRMI,Global X S&P 500® Risk Managed Income ETF,ETF,Nontraditional Equity,Derivative Income,"$42,794,546.00",13427.7
XRP,Bitwise XRP ETF,ETF,Alternative,Digital Assets,"$257,456,567.00",695406.6
XRPC,Canary XRP ETF,ETF,Alternative,Digital Assets,"$259,779,364.00",178345.8
XRPI,XRP ETF,ETF,Alternative,Digital Assets,"$101,639,150.00",429119.9
XRPK,T-REX 2X Long XRP Daily Target ETF,"ETF, Leveraged",Miscellaneous,Trading--Miscellaneous,"$335,571.00",4142.5
XRPM,Amplify XRP 3% Monthly Option Income ETF,ETF,Alternative,Digital Assets,"$6,813,077.00",12541.5
XRPR,REX-Osprey XRP ETF,ETF,Alternative,Digital Assets,"$59,755,665.00",61167.6
XRPZ,Franklin XRP ETF,ETF,Alternative,Digital Assets,"$224,933,138.00",441932.5
XSHD,Invesco S&P SmallCap High Dividend Low Volatility ETF,ETF,US Equity,Small Value,"$74,336,512.00",43628.1
XXRP,Teucrium 2x Long Daily XRP ETF,"ETF, Leveraged",Miscellaneous,Trading--Miscellaneous,"$102,721,883.00",2828830.3
XXX,Cyber Hornet S&P 500®And Xrp 75/25 Strategy ETF,ETF,Allocation,Tactical Allocation,"$488,287.00",266.8
XYZG,Leverage Shares 2X Long XYZ Daily ETF,"ETF, Leveraged",Miscellaneous,Trading--Leveraged Equity,"$3,345,313.00",49147
YBMN,Defiance BMNR Option Income ETF,ETF,Nontraditional Equity,Derivative Income,"$2,174,977.00",3590.1
YBST,GraniteShares YieldBOOST Single Stock Universe ETF,ETF,Nontraditional Equity,Derivative Income,"$2,332,279.00",7703.5
YBTC,Roundhill Bitcoin Covered Call Strategy ETF,ETF,Alternative,Digital Assets,"$152,195,002.00",127582.8
YBTY,GraniteShares YieldBOOST TopYielders ETF,ETF,Nontraditional Equity,Derivative Income,"$4,093,944.00",8500
YCL,ProShares Ultra Yen,"ETF, Leveraged",Miscellaneous,Trading--Miscellaneous,"$47,628,386.00",47990.4
YETH,Roundhill Ether Covered Call Strategy ETF,ETF,Alternative,Digital Assets,"$63,477,957.00",100632.4
YFFI,Indexperts Yield Focused Fixed Income ETF,ETF,Taxable Bond,Intermediate Core Bond,"$23,534,424.00",743.2
YFYA,Yields for You Strategy A ETF,ETF,Taxable Bond,Ultrashort Bond,"$27,330,738.00",8438.6
YLD,Principal Active High Yield ETF,ETF,Taxable Bond,High Yield Bond,"$487,497,956.00",210018.7
YMAG,YieldMax Magnificent 7 Fund of Option Income ETFs,ETF,US Equity,Large Blend,"$316,991,955.00",1330435
YMAX,YieldMax Universe Fund of Option Income ETFs,ETF,Nontraditional Equity,Derivative Income,"$446,964,517.00",2167591.7
YOLO,AdvisorShares Pure Cannabis ETF,ETF,Sector Equity,Miscellaneous Sector,"$36,329,422.00",37654.5
YQQQ,YieldMax Short N100 Option Income Strategy ETF,"ETF, Inverse",Nontraditional Equity,Derivative Income,"$15,647,640.00",52464.3
YSPY,GraniteShares YieldBOOST SPY ETF,ETF,Nontraditional Equity,Derivative Income,"$22,960,315.00",34866.8
YXI,ProShares Short FTSE China 50,"ETF, Inverse",Miscellaneous,Trading--Inverse Equity,"$3,039,724.00",17367.8
YYY,Amplify CEF High Income ETF,ETF,Allocation,Tactical Allocation,"$715,541,419.00",633251.2
ZCSH,Grayscale® Zcash Trust (ZEC),ETF,Alternative,Digital Assets,"$85,412,454.00",28685.8
ZETX,Defiance Daily Target 2X Long ZETA ETF,"ETF, Leveraged",Miscellaneous,Trading--Leveraged Equity,"$2,046,944.00",33470
ZHDG,ZEGA Buy and Hedge ETF,ETF,Nontraditional Equity,Derivative Income,"$34,303,476.00",6354.4
ZSB,USCF Sustainable Battery Metals Strategy Fund,ETF,Commodities,Commodities Focused,"$5,788,841.00",1993.7
ZSL,ProShares UltraShort Silver,"ETF, Leveraged, Inverse",Miscellaneous,Trading--Inverse Commodities,"$171,839,184.00",16193593.98
ZVOL,Volatility Premium Plus ETF,ETF,Miscellaneous,Trading--Inverse Equity,"$12,488,253.00",32096
AAA,Alternative Access First Priority CLO Bond ETF,ETF,Taxable Bond,Securitized Bond - Focused,"$42,374,110.00",5640.8
AAAA,Amplius Aggressive Asset Allocation ETF,ETF,Allocation,Aggressive Allocation,"$254,206,198.00",3984.7
AAPX,T-Rex 2X Long Apple Daily Target ETF,"ETF, Leveraged",Miscellaneous,Trading--Leveraged Equity,"$7,830,083.00",165649.5
ABI,VictoryShares Pioneer Asset-Based Income ETF,ETF,Taxable Bond,Multisector Bond,"$56,974,647.00",10.3
ACEI,Innovator Equity Autocallable Income Strategy ETF,ETF,Nontraditional Equity,Defined Outcome,"$27,999,846.00",21076
ACII,Innovator Index Autocallable Income Strategy ETF,ETF,Nontraditional Equity,Defined Outcome,"$36,900,898.00",59741.6
ACVT,Advent Convertible Bond ETF,ETF,Allocation,Convertibles,"$28,495,552.00",8628.5
AFIX,Allspring Broad Market Core Bond ETF,ETF,Taxable Bond,Intermediate Core Bond,"$180,848,892.00",3249.9
AFK,VanEck Africa Index ETF,ETF,International Equity,Miscellaneous Region,"$161,545,859.00",129498.1
AGGA,Astoria Dynamic Core US Fixed Income ETF,ETF,Taxable Bond,Multisector Bond,"$74,786,788.00",8971.5
AGRH,iShares Interest Rate Hedged U.S. Aggregate Bond ETF,ETF,Taxable Bond,Ultrashort Bond,"$5,240,041.00",209.4
AIMS,Acuitas Small Cap Active ETF,ETF,US Equity,Small Blend,"$76,680,167.00",4628.3
AINP,Allspring Income Plus ETF,ETF,Taxable Bond,Multisector Bond,"$200,031,359.00",3881
AINT,FINQ DOLLAR NEUTRAL U.S. Large Cap AI-Managed Equity ETF,ETF,Nontraditional Equity,Long-Short Equity,"$2,366,566.00",572.3
AIOO,AllianzIM U.S. Equity Buffer100 Protection ETF,ETF,Nontraditional Equity,Defined Outcome,"$28,970,667.00",14162.6
AIPO,Defiance AI & Power Infrastructure ETF,ETF,Sector Equity,Technology,"$232,345,071.00",428479.2
AIUP,FINQ FIRST U.S. Large Cap AI-Managed Equity ETF,ETF,US Equity,Large Blend,"$1,218,797.00",1161.3
AJAN,Innovator Equity Defined Protection ETF - 2 Yr To January 2028,ETF,Nontraditional Equity,Defined Outcome,"$45,557,113.00",14165.3
ALRG,Allspring LT Large Core ETF,ETF,US Equity,Large Blend,"$7,587,194.00",110
AMUN,abrdn Ultra Short Municipal Income Active ETF,ETF,Municipal Bond,Muni National Short,"$29,827,252.00",2594
AMZP,Kurv Yield Premium Strategy Amazon ETF,ETF,Nontraditional Equity,Derivative Income,"$19,811,671.00",21155.3
AMZZ,GraniteShares 2x Long AMZN Daily ETF,"ETF, Leveraged",Miscellaneous,Trading--Leveraged Equity,"$50,097,819.00",354881.1
ANV,Graniteshares Autocallable Nvda ETF,ETF,Nontraditional Equity,Derivative Income,"$985,242.00",1516.1
AOCT,Innovator Equity Defined Protection ETF - 2 Yr to October 2026,ETF,Nontraditional Equity,Defined Outcome,"$70,144,960.00",3983.5
APLU,Allspring Core Plus ETF,ETF,Taxable Bond,Intermediate Core-Plus Bond,"$347,970,522.00",17627.9
APMU,ActivePassive Intermediate Municipal Bond ETF,ETF,Municipal Bond,Muni National Interm,"$222,683,736.00",23560.1
APOC,Innovator Equity Defined Protection ETF - 6 Mo Apr/Oct,ETF,Nontraditional Equity,Defined Outcome,"$79,777,868.00",10295.7
APRB,Aptus April Buffer ETF,ETF,Nontraditional Equity,Defined Outcome,"$17,030,875.00",18153
APRH,Innovator Premium Income 20 Barrier ETF - April,ETF,Nontraditional Equity,Defined Outcome,"$24,246,576.00",2651.6
APRJ,Innovator Premium Income 30 Barrier ETF - April,ETF,Nontraditional Equity,Defined Outcome,"$29,744,936.00",3358.3
AQEC,AQE Core ETF,ETF,US Equity,Large Blend,"$611,425,402.00",20484.7
ARKB,ARK 21Shares Bitcoin ETF,ETF,Alternative,Digital Assets,"$2,340,582,802.00",7566961.2
ARKG,ARK Genomic Revolution ETF,ETF,Sector Equity,Health,"$1,295,845,002.00",2504907
ARMW,Roundhill ARM WeeklyPay ETF,"ETF, Leveraged",Miscellaneous,Trading--Miscellaneous,"$12,394,536.00",19240.8
ARWG,Archer Growth ETF,ETF,US Equity,Large Growth,"$11,517,558.00",3071.2
ASCE,Allspring SMID Core ETF,ETF,US Equity,Small Blend,"$48,191,922.00",24665.8
ASMF,Virtus Alphasimplex Managed Futures ETF,ETF,Alternative,Systematic Trend,"$29,768,832.00",5746.9
ASMU,Direxion Daily ASML Bull 2X ETF,"ETF, Leveraged",Miscellaneous,Trading--Leveraged Equity,"$4,556,684.00",19907.8
ATCL,Rex Autocallable Income ETF,ETF,Nontraditional Equity,Derivative Income,"$2,259,748.00",24108.6
AUSM,Allspring Ultra Short Municipal ETF,ETF,Municipal Bond,Muni National Short,"$30,172,664.00",3324.8
AVGG,Leverage Shares 2X Long AVGO Daily ETF,"ETF, Leveraged",Miscellaneous,Trading--Leveraged Equity,"$35,168,061.00",342776.3
BAB,Invesco Taxable Municipal Bond ETF,ETF,Municipal Bond,Muni National Long,"$1,062,256,491.00",165590.4
BAFE,Brown Advisory Flexible Equity ETF,ETF,US Equity,Large Blend,"$1,523,025,926.00",87597.6
BAMB,Brookstone Intermediate Bond ETF,ETF,Taxable Bond,Intermediate Core Bond,"$63,426,383.00",7025.5
BAMU,Brookstone Ultra-Short Bond ETF,ETF,Taxable Bond,Ultrashort Bond,"$71,033,847.00",8535.4
BAMY,Brookstone Yield ETF,ETF,Allocation,Moderate Allocation,"$41,177,126.00",31386.7
BASG,Brown Advisory Sustainable Growth ETF,ETF,US Equity,Large Growth,"$457,439,068.00",53793.5
BASV,Brown Advisory Sustainable Value ETF,ETF,US Equity,Large Value,"$325,500,913.00",43220.7
BBB,CYBER HORNET S&P 500® and Bitcoin 75/25 Strategy ETF,ETF,Other,Miscellaneous Allocation,"$6,908,813.00",1626.6
BCGD,Baron Global Durable Advantage ETF,ETF,International Equity,Global Large-Stock Blend,"$7,115,001.00",2846.6
BCI,abrdn Bloomberg All Commodity Strategy K-1 Free ETF,ETF,Commodities,Commodities Broad Basket,"$2,268,678,367.00",2817268.5
BCIL,Bancreek International Large Cap ETF,ETF,International Equity,Foreign Large Growth,"$79,063,070.00",2450
BCOR,Grayscale Bitcoin Adopters ETF,ETF,International Equity,Global Large-Stock Blend,"$2,976,303.00",1643.2
BCPL,BNY Mellon Core Plus ETF,ETF,Taxable Bond,Intermediate Core-Plus Bond,"$364,944,748.00",156951.7
BCSM,Baron SMID Cap ETF,ETF,US Equity,Mid-Cap Growth,"$17,736,595.00",5449.5
BCTK,Baron Technology ETF,ETF,Sector Equity,Technology,"$151,069,845.00",29604.8
BDBT,Bluemonte Core Bond ETF,ETF,Taxable Bond,Intermediate Core Bond,"$421,054,230.00",32166
BDIV,AAM Brentview Dividend Growth ETF,ETF,US Equity,Large Value,"$5,990,422.00",2951.2
BDVL,iShares Disciplined Volatility Equity Active ETF,ETF,International Equity,Global Large-Stock Blend,"$1,518,707,347.00",278297.9
BDYN,iShares Dynamic Equity Active ETF,ETF,International Equity,Global Large-Stock Blend,"$2,533,548,673.00",474089
BEDY,Bny Mellon Enhanced Dividend Income ETF,ETF,US Equity,Large Value,"$129,779,793.00",73359.3
BEEX,The BeeHive ETF,ETF,US Equity,Large Blend,"$185,809,560.00",1950.8
BEX,Tradr 2X Long BE Daily ETF,"ETF, Leveraged",Miscellaneous,Trading--Leveraged Equity,"$41,908,568.00",934761.6
BFIX,Build Bond Innovation ETF,ETF,Taxable Bond,Short-Term Bond,"$12,777,374.00",2320.7
BFRZ,Innovator Equity Managed 100 Buffer ETF,ETF,Nontraditional Equity,Defined Outcome,"$114,155,704.00",80668.7
BITI,ProShares Shrt Bitcoin ETF,"ETF, Inverse",Miscellaneous,Trading--Miscellaneous,"$144,962,006.00",2656848.6
BKFI,BNY Mellon Active Core Bond ETF,ETF,Taxable Bond,Intermediate Core Bond,"$367,878,354.00",116274.4
BKMI,BNY Mellon Municipal Intermediate ETF,ETF,Municipal Bond,Muni National Interm,"$1,794,139,963.00",83528.8
BKMS,BNY Mellon Municipal Short Duration ETF,ETF,Municipal Bond,Muni National Short,"$449,517,030.00",57282.9
BLDG,Cambria Global Real Estate ETF,ETF,Sector Equity,Global Real Estate,"$52,063,612.00",4633.5
BLDX,Impax Global Infrastructure ETF,ETF,Sector Equity,Infrastructure,"$97,139,887.00",8782.9
BLST,Bluemonte Short Term Bond ETF,ETF,Taxable Bond,Short-Term Bond,"$148,005,732.00",10429.5
BLTD,Bluemonte Long Term Bond ETF,ETF,Taxable Bond,Long-Term Bond,"$145,747,482.00",11115.3
BLUI,Bluemonte Diversified Income ETF,ETF,Taxable Bond,Multisector Bond,"$97,183,916.00",18210
BMOP,BNY Mellon Municipal Opportunities ETF,ETF,Municipal Bond,Muni National Interm,"$1,864,387,410.00",131808.3
BNDY,Horizon Core Bond ETF,ETF,Taxable Bond,Intermediate Core Bond,"$190,524,963.00",12996.3
BNKU,Microsectors U.S. Big Banks 3x Leveraged ETNs,"ETN, Leveraged",Miscellaneous,Trading--Leveraged Equity,"$32,758,877.00",29812.8
BOBP,CORE16 Best of Breed Premier Index ETF,ETF,US Equity,Large Blend,"$1,659,979.00",5801.1
BPAY,iShares FinTech Active ETF,ETF,Sector Equity,Financial,"$8,500,460.00",824.2
BPI,Grayscale Bitcoin Premium Income ETF,ETF,Alternative,Digital Assets,"$2,920,388.00",1184.8
BPRO,Bitwise Proficio Currency Debasement ETF,ETF,Sector Equity,Miscellaneous Sector,"$107,219,659.00",9391.4
BRCE,MFS Blended Research Core Equity ETF,ETF,US Equity,Large Blend,"$30,507,243.00",337.4
BRES,Burney U.S. Equity Select ETF,ETF,US Equity,Large Blend,"$607,772,047.00",12269.1
BRIE,MFS Blended Research International Equity ETF,ETF,International Equity,Foreign Large Blend,"$146,092,393.00",201457.2
BRKD,Direxion Daily BRKB Bear 1X Shares,"ETF, Inverse",Miscellaneous,Trading--Inverse Equity,"$2,313,466.00",4032.2
BRKU,Direxion Daily BRKB Bull 2X Shares,"ETF, Leveraged",Miscellaneous,Trading--Leveraged Equity,"$39,999,364.00",423426.5
BSJQ,Invesco BulletShares 2026 High Yield Corporate Bond ETF,ETF,Taxable Bond,Target Maturity,"$1,121,176,236.00",290624.9
BSJU,Invesco Bulletshares 2030 High Yield Corporate Bond ETF,ETF,Taxable Bond,Target Maturity,"$246,741,787.00",53054.3
BSJV,Invesco BulletShares 2031 High Yield Corporate Bond ETF,ETF,Taxable Bond,Target Maturity,"$79,563,582.00",22811.2
BSJW,Invesco BulletShares 2032 High Yield Corporate Bond ETF,ETF,Taxable Bond,Target Maturity,"$35,943,040.00",6964.3
BSJX,Invesco Bulletshares 2033 High Yield Corporate Bond ETF,ETF,Taxable Bond,Target Maturity,"$7,636,146.00",4087.3
BSMQ,Invesco BulletShares (R) 2026 Municipal Bond ETF,ETF,Municipal Bond,Muni Target Maturity,"$295,491,974.00",75229.9
BSMR,Invesco BulletShares (R) 2027 Municipal Bond ETF,ETF,Municipal Bond,Muni Target Maturity,"$320,362,065.00",51262.1
BSMS,Invesco BulletShares (R) 2028 Municipal Bond ETF,ETF,Municipal Bond,Muni Target Maturity,"$278,549,654.00",48091.7
BSMT,Invesco BulletShares 2029 Municipal Bond ETF,ETF,Municipal Bond,Muni Target Maturity,"$254,336,749.00",27070.3
BSMW,Invesco Bulletshares 2032 Municipal Bond ETF,ETF,Municipal Bond,Muni Target Maturity,"$165,595,155.00",25021.7
BSMY,Invesco Bulletshares 2034 Municipal Bond ETF,ETF,Municipal Bond,Muni Target Maturity,"$104,737,073.00",13141.6
BSMZ,Invesco BulletShares 2035 Municipal Bond ETF,ETF,Municipal Bond,Muni Target Maturity,"$38,708,006.00",8227.8
BSSX,Invesco Bulletshares 2033 Municipal Bond ETF,ETF,Municipal Bond,Muni Target Maturity,"$120,387,508.00",19378.4
BSVO,EA Bridgeway Omni Small-Cap Value ETF,ETF,US Equity,Small Value,"$2,070,217,174.00",136456.7
BTR,Beacon Tactical Risk ETF,ETF,Allocation,Tactical Allocation,"$36,516,893.00",22026
BTRN,Global X Bitcoin Trend Strategy ETF,ETF,Alternative,Digital Assets,"$2,201,926.00",1403.3
BTYB,Vistashares Bitbonds 5 Yr Enhanced Weekly Distribution ETF,ETF,Taxable Bond,Miscellaneous Fixed Income,"$1,965,113.00",767.9
BU,Defiance Daily Target 2X Long B ETF,"ETF, Leveraged",Miscellaneous,Trading--Leveraged Equity,"$1,667,988.00",2385.8
BUCK,Simplify Treasury Option Income ETF,ETF,Taxable Bond,Ultrashort Bond,"$401,556,303.00",209776.3
BUFG,FT Vest Buffered Allocation Growth ETF,ETF,Nontraditional Equity,Defined Outcome,"$299,269,496.00",32196.7
BUFS,FT Vest Laddered Small Cap Moderate Buffer ETF,ETF,Nontraditional Equity,Defined Outcome,"$129,155,651.00",35999.1
BUFT,FT Vest Buffered Allocation Defensive ETF,ETF,Nontraditional Equity,Defined Outcome,"$140,053,657.00",17333.8
BUFZ,FT Vest Laddered Moderate Buffer ETF,ETF,Nontraditional Equity,Defined Outcome,"$844,265,972.00",117655.5
BUG,Global X Cybersecurity ETF,ETF,Sector Equity,Technology,"$799,590,280.00",1653280.8
BWZ,SPDR® Bloomberg Short Term International Treasury Bond ETF,ETF,Taxable Bond,Global Bond,"$355,897,710.00",97763.2
BYRE,Principal Real Estate Active Opportunities ETF,ETF,Sector Equity,Real Estate,"$24,602,451.00",3301.7
CA,Xtrackers California Municipal Bond ETF,ETF,Municipal Bond,Muni California Intermediate,"$21,610,390.00",4493.5
CAFG,Pacer US Small Cap Cash Cows Growth Leaders ETF,ETF,US Equity,Small Growth,"$20,330,613.00",1908.1
CAFX,Congress Intermediate Bond ETF,ETF,Taxable Bond,Intermediate Core Bond,"$354,699,103.00",155942.7
CAIE,Calamos US Eq Autocallable Income ETF,ETF,Nontraditional Equity,Derivative Income,"$758,363,468.00",424811.4
CAIQ,Calamos Nasdaq Autocallable Income ETF,ETF,Nontraditional Equity,Derivative Income,"$115,296,682.00",133564
CAM,AB California Intermediate Municipal ETF,ETF,Municipal Bond,Muni Single State Short,"$1,136,756,471.00",66794.2
CARU,Max Auto Industry 3X Leveraged ETN,"ETN, Leveraged",Miscellaneous,Trading--Leveraged Equity,"$4,281,902.00",874.6
CAS,Simplify China A Shares PLUS Income ETF,ETF,International Equity,China Region,"$10,783,216.00",610.9
CBOA,Calamos Bitcoin Structured Alt Protection ETF - April,ETF,Alternative,Digital Assets,"$4,865,072.00",400.9
CBOJ,Calamos Bitcoin Structured Alt Protection ETF - January,ETF,Alternative,Digital Assets,"$23,765,134.00",4784.3
CBOL,Calamos Laddered Bitcoin Structured Alt Protection ETF,ETF,Alternative,Digital Assets,"$2,338,488.00",2014.7
CBON,VanEck China Bond ETF,ETF,Taxable Bond,Emerging Markets Bond,"$18,714,196.00",4345.6
CBOO,Calamos Bitcoin Structured Alt Protection ETF - October,ETF,Alternative,Digital Assets,"$6,083,457.00",858.8
CBOY,Calamos Bitcoin Structured Alt Protection ETF - July,ETF,Alternative,Digital Assets,"$4,860,978.00",769.4
CCFE,Concourse Capital Focused Equity ETF,ETF,US Equity,Small Value,"$41,118,836.00",557.8
CCOM,Simplify Chinese Commodities Strategy No K-1 ETF,ETF,Commodities,Commodities Broad Basket,"$103,596,401.00",397.2
CCOR,Core Alternative ETF,ETF,Nontraditional Equity,Equity Hedged,"$34,937,204.00",2897.6
CCSO,Carbon Collective Climate Solutions U.S. Equity ETF,ETF,US Equity,Mid-Cap Growth,"$44,640,633.00",7093.5
CDIG,City Different Investments Global Equity ETF,ETF,International Equity,Global Large-Stock Blend,"$37,327,739.00",11503.2
CFIT,Cambria Fixed Income Trend ETF,ETF,Taxable Bond,Long-Term Bond,"$23,301,018.00",8249.6
CGCB,Capital Group Core Bond ETF,ETF,Taxable Bond,Intermediate Core Bond,"$4,361,134,251.00",1777677.9
CGGG,Capital Group U.S. Large Growth ETF,ETF,US Equity,Large Growth,"$66,569,392.00",20464.3
CGHM,Capital Group Municipal High-Income ETF,ETF,Municipal Bond,High Yield Muni,"$2,749,462,706.00",375412.3
CGHY,Capital Group High Yield Bond ETF,ETF,Taxable Bond,High Yield Bond,"$56,362,641.00",232480.4
CGIB,Capital Group International Bond ETF (USD-Hedged),ETF,Taxable Bond,Global Bond-USD Hedged,"$189,448,807.00",109908.4
CGMS,Capital Group U.S. Multi-Sector Income ETF,ETF,Taxable Bond,Multisector Bond,"$4,434,394,035.00",1040229.3
CGMU,Capital Group Municipal Income ETF,ETF,Municipal Bond,Muni National Interm,"$5,421,453,906.00",1185885.2
CGRO,CoreValues Alpha Greater China Growth ETF,ETF,International Equity,China Region,"$1,866,599.00",1083.6
CGSD,Capital Group Short Duration Income ETF,ETF,Taxable Bond,Short-Term Bond,"$2,065,676,741.00",598525
CGSM,Capital Group Short Duration Municipal Income ETF,ETF,Municipal Bond,Muni National Short,"$1,057,029,212.00",318223
CGUI,Capital Group Ultra Short Income ETF,ETF,Taxable Bond,Ultrashort Bond,"$191,468,701.00",97317.7
CGVV,Capital Group U.S. Large Value ETF,ETF,US Equity,Large Value,"$90,193,249.00",135324.3
CHGX,Stance Sustainable Beta ETF,ETF,US Equity,Large Blend,"$144,759,408.00",4927.3
CLCG,Crossmark Large Cap Growth ETF,ETF,US Equity,Large Growth,"$22,979,931.00",3464.4
CLCV,Crossmark Large Cap Value ETF,ETF,US Equity,Large Value,"$13,923,312.00",1776.8
CLOC,AAM Crescent Clo ETF,ETF,Taxable Bond,Securitized Bond - Focused,"$52,113,033.00",526.7
CLOD,Themes Cloud Computing ETF,ETF,Sector Equity,Technology,"$1,056,938.00",3993
CLOX,Eldridge AAA CLO ETF,ETF,Taxable Bond,Securitized Bond - Focused,"$294,069,648.00",368652.1
CLOZ,Eldridge BBB-B CLO ETF,ETF,Taxable Bond,Bank Loan,"$653,030,676.00",1451970.1
CLSM,ETC Cabana Target Leading Sector Moderate ETF,ETF,Allocation,Moderate Allocation,"$95,540,899.00",14379.2
CMCI,VanEck® CMCI Commodity Strategy ETF,ETF,Commodities,Commodities Broad Basket,"$2,568,276.00",223.4
COAL,Range Global Coal ETF,ETF,Sector Equity,Equity Energy,"$34,410,535.00",58615.8
COMB,GraniteShares Bloomberg Commodity Broad Strategy No K-1 ETF,ETF,Commodities,Commodities Broad Basket,"$141,143,370.00",71230.1
COMD,Global X Commodity Strategy ETF,ETF,Commodities,Commodities Broad Basket,"$2,554,260.00",1652.8
CPNJ,Calamos Nasdaq-100 Structured Alt Protection ETF - June,ETF,Nontraditional Equity,Defined Outcome,"$27,172,902.00",3643.9
CPNM,Calamos Nasdaq-100 Structured Alt Protection ETF - March,ETF,Nontraditional Equity,Defined Outcome,"$11,154,691.00",12480.2
CPNQ,Calamos Nasdaq-100 Structured Alt Protection ETF - December,ETF,Nontraditional Equity,Defined Outcome,"$31,982,387.00",4140.2
CPNS,Calamos Nasdaq-100 Structured Alt Protection ETF - September,ETF,Nontraditional Equity,Defined Outcome,"$24,627,672.00",1482.6
CPRA,Calamos Russell 2000 Structured Alt Protection ETF - April,ETF,Nontraditional Equity,Defined Outcome,"$6,028,945.00",414.8
CPRJ,Calamos Russell 2000 Structured Alt Protection ETF - July,ETF,Nontraditional Equity,Defined Outcome,"$23,039,473.00",1675.4
CPRO,Calamos Russell 2000 Structured Alt Protection ETF - October,ETF,Nontraditional Equity,Defined Outcome,"$32,199,903.00",4808.1
CPRY,Calamos Russell 2000 Structured Alt Protection ETF - January,ETF,Nontraditional Equity,Defined Outcome,"$52,763,240.00",9471.5
CPSA,Calamos S&P 500 Structured Alt Protection ETF - August,ETF,Nontraditional Equity,Defined Outcome,"$43,446,707.00",1990.5
CPSD,Calamos S&P 500 Structured Alt Protection ETF - December,ETF,Nontraditional Equity,Defined Outcome,"$44,543,289.00",1051.8
CPSF,Calamos S&P 500 Structured Alt Protection ETF - February,ETF,Nontraditional Equity,Defined Outcome,"$32,312,084.00",2349.1
CPSJ,Calamos S&P 500 Structured Alt Protection ETF - July,ETF,Nontraditional Equity,Defined Outcome,"$40,657,087.00",2217.8
CPSL,Calamos Laddered S&P 500 Structured Alt Protection ETF,ETF,Nontraditional Equity,Defined Outcome,"$106,818,847.00",22825
CPSN,Calamos S&P 500 Structured Alt Protection ETF - November,ETF,Nontraditional Equity,Defined Outcome,"$33,869,768.00",1495.7
CPSO,Calamos S&P 500 Structured Alt Protection ETF - October,ETF,Nontraditional Equity,Defined Outcome,"$25,893,136.00",1275.7
CPSP,Calamos S&P 500 Structured Alt Protection ETF - April,ETF,Nontraditional Equity,Defined Outcome,"$15,765,511.00",857.1
CPSR,Calamos S&P 500 Structured Alt Protection ETF - March,ETF,Nontraditional Equity,Defined Outcome,"$23,538,073.00",24836.5
CPST,Calamos S&P 500 Structured Alt Protection ETF - September,ETF,Nontraditional Equity,Defined Outcome,"$31,984,529.00",3785.3
CPSU,Calamos S&P 500 Structured Alt Protection ETF - June,ETF,Nontraditional Equity,Defined Outcome,"$12,272,499.00",1798.7
CPSY,Calamos S&P 500 Structured Alt Protection ETF - January,ETF,Nontraditional Equity,Defined Outcome,"$25,920,924.00",1499.5
CPXR,USCF Daily Target 2X Copper Index ETF,"ETF, Leveraged",Miscellaneous,Trading--Leveraged Commodities,"$29,229,873.00",57768.2
CRSH,YieldMax Short TSLA Option Income Strategy ETF,"ETF, Inverse",Nontraditional Equity,Derivative Income,"$17,892,955.00",31313.4
CRWL,GraniteShares 2x Long CRWD Daily ETF,"ETF, Leveraged",Miscellaneous,Trading--Leveraged Equity,"$30,132,631.00",540673.1
CSIO,Cohen & Steers Infrastructure Opportunities Active ETF,ETF,Sector Equity,Infrastructure,"$25,099,716.00",5766.7
CSPF,Cohen & Steers Preferred and Income Opportunities Active ETF,ETF,Taxable Bond,Preferred Stock,"$140,404,045.00",74176.1
CSRE,Cohen & Steers Real Estate Active ETF,ETF,Sector Equity,Real Estate,"$262,115,611.00",194277.6
CSSD,Cohen & Steers Short Duration Preferred And Income Active ETF,ETF,Taxable Bond,Preferred Stock,"$25,225,843.00",65656.8
CVNY,YieldMax CVNA Option Income Strategy ETF,ETF,Nontraditional Equity,Derivative Income,"$31,918,198.00",62748.8
CVY,Invesco Zacks Multi-Asset Income ETF,ETF,Allocation,Aggressive Allocation,"$119,930,866.00",5774.7
DAK,Dakota Active Equity ETF,ETF,US Equity,Large Blend,"$39,710,458.00",75.8
DANA,Dana Limited Volatility ETF,ETF,Taxable Bond,Short-Term Bond,"$7,573,454.00",1380.3
DBA,Invesco DB Agriculture Fund,ETF,Commodities,Commodities Focused,"$746,170,206.00",935902.2
DBB,Invesco DB Base Metals Fund,ETF,Commodities,Commodities Focused,"$302,575,839.00",393862.8
DBC,Invesco DB Commodity Index Tracking Fund,ETF,Commodities,Commodities Broad Basket,"$1,403,465,969.00",1856494.5
DBE,Invesco DB Energy Fund,ETF,Commodities,Commodities Focused,"$47,064,586.00",87574.4
DBSC,Deepwater Beachfront Small Cap ETF,ETF,US Equity,Small Blend,"$4,344,294.00",2943.1
DDV,Defined Duration 5 ETF,ETF,Taxable Bond,Short-Term Bond,"$10,729,557.00",4963.1
DDX,Defined Duration 10 ETF,ETF,Allocation,Tactical Allocation,"$65,727,420.00",2761.9
DDXX,Defined Duration 20 ETF,ETF,International Equity,Global Large-Stock Blend,"$10,066,033.00",8473.4
DECU,AllianzIM U.S. Equity Buffer15 Uncapped Dec ETF,ETF,Nontraditional Equity,Defined Outcome,"$292,714,714.00",35399.5
DEFR,Aptus Deferred Income ETF,ETF,Taxable Bond,Intermediate Core-Plus Bond,"$110,457,177.00",10038
DFAR,Dimensional US Real Estate ETF,ETF,Sector Equity,Real Estate,"$1,653,954,708.00",1353158.4
DFGR,Dimensional Global Real Estate ETF,ETF,Sector Equity,Global Real Estate,"$3,401,128,273.00",351250.2
DFTT,DF Tactical 30 ETF,ETF,US Equity,Large Blend,"$28,813,466.00",1359.9
DHSB,Day Hagan Smart Buffer ETF,ETF,Nontraditional Equity,Derivative Income,"$41,360,892.00",1282
DINT,Davis Select International ETF,ETF,International Equity,Foreign Large Blend,"$283,534,211.00",16171.1
DIVE,Dana Concentrated Dividend ETF,ETF,US Equity,Large Value,"$45,202,377.00",4153.6
DIVL,Madison Dividend Value ETF,ETF,US Equity,Large Value,"$65,226,328.00",3027.5
DIVP,Cullen Enhanced Equity Income ETF,ETF,Nontraditional Equity,Derivative Income,"$45,580,055.00",20549.4
DIVY,Sound Equity Dividend Income ETF,ETF,US Equity,Mid-Cap Value,"$30,201,520.00",3251.7
DLLL,GraniteShares 2x Long DELL Daily ETF,"ETF, Leveraged",Miscellaneous,Trading--Leveraged Equity,"$17,954,478.00",172101.5
DMAX,iShares Large Cap Max Buffer Dec ETF,ETF,Nontraditional Equity,Defined Outcome,"$140,350,929.00",13387
DOG,ProShares Short Dow30,"ETF, Inverse",Miscellaneous,Trading--Inverse Equity,"$130,341,418.00",10948528.3
DRNZ,REX Drone ETF,ETF,Sector Equity,Industrials,"$56,060,670.00",239189.8
DRSK,Aptus Defined Risk ETF,ETF,Taxable Bond,Intermediate Core-Plus Bond,"$1,464,190,868.00",112540
DSCO,DoubleLine Securitized Credit ETF,ETF,Taxable Bond,Securitized Bond - Diversified,"$174,618,842.00",64420.7
DTCR,Global X Data Center & Digital Infrastructure ETF,ETF,Sector Equity,Real Estate,"$1,217,014,282.00",831381.7
DUKH,Ocean Park High Income ETF,ETF,Taxable Bond,High Yield Bond,"$10,526,381.00",9823.1
DUKQ,Ocean Park Domestic ETF,ETF,US Equity,Large Blend,"$13,424,621.00",2414.1
DUKX,Ocean Park International ETF,ETF,International Equity,Foreign Large Blend,"$3,784,383.00",3998.5
DUKZ,Ocean Park Diversified Income ETF,ETF,Taxable Bond,Nontraditional Bond,"$25,136,146.00",14283.5
DVGR,Dac 3D Dividend Growth ETF,ETF,US Equity,Large Value,"$14,085,013.00",227.7
DVQQ,WEBs QQQ Defined Volatility ETF,ETF,US Equity,Large Growth,"$3,197,824.00",15612.6
DVRE,WEBs Real Estate XLRE Defined Volatility ETF,ETF,Sector Equity,Real Estate,"$251,766.00",91.9
DVSP,WEBs SPY Defined Volatility ETF,ETF,US Equity,Large Blend,"$2,160,802.00",1094.7
DVXK,WEBs Technology XLK Defined Volatility ETF,ETF,Sector Equity,Technology,"$267,170.00",62.3
DVXP,WEBs Consumer Staples XLP Defined Volatility ETF,ETF,Sector Equity,Consumer Defensive,"$278,921.00",383.1
DVXY,WEBs Consumer Discretionary XLY Defined Volatility ETF,ETF,Sector Equity,Consumer Cyclical,"$243,677.00",23.1
DYFI,IDX Dynamic Fixed Income ETF,ETF,Taxable Bond,Multisector Bond,"$56,683,190.00",7872.1
DYLG,Global X Dow 30 Covered Call & Growth ETF,ETF,Nontraditional Equity,Derivative Income,"$5,940,131.00",4009.2
EAFG,Pacer Developed Markets Cash Cows Growth Leaders ETF,ETF,International Equity,Foreign Large Growth,"$3,242,146.00",864.6
EAOK,iShares ESG Aware 30/70 Conservative Allocation ETF,ETF,Allocation,Global Conservative Allocation,"$8,440,599.00",3957.5
EASY,Liberty One Defensive Dividend Growth ETF,ETF,US Equity,Large Blend,"$41,993,783.00",6328.7
EATZ,AdvisorShares Restaurant ETF,ETF,Sector Equity,Consumer Cyclical,"$2,652,447.00",1104.3
ECOW,Pacer Emerging Markets Cash Cows 100 ETF,ETF,International Equity,Diversified Emerging Mkts,"$187,671,390.00",67844
EDGF,3EDGE Dynamic Fixed Income ETF,ETF,Taxable Bond,Intermediate Core Bond,"$351,952,268.00",515540.4
EDGQ,Global X Nasdaq-100 Income Edge ETF,ETF,Nontraditional Equity,Derivative Income,"$758,092.00",3167.9
EDGX,Global X U.S. 500 Income Edge ETF,ETF,Nontraditional Equity,Derivative Income,"$755,664.00",2069.2
EDOG,ALPS Emerging Sector Dividend Dogs ETF,ETF,International Equity,Diversified Emerging Mkts,"$29,461,667.00",1366.8
EETH,ProShares Ether ETF,ETF,Alternative,Digital Assets,"$58,060,689.00",144187
EFFE,Harbor Osmosis Emerging Markets Resource Efficient ETF,ETF,International Equity,Diversified Emerging Mkts,"$133,678,783.00",1288.1
EFFI,Harbor Osmosis International Resource Efficient ETF,ETF,International Equity,Foreign Large Blend,"$159,640,511.00",1228.4
EHLS,Even Herd Long Short ETF,ETF,Nontraditional Equity,Long-Short Equity,"$60,397,758.00",4799.1
ELIL,Direxion Daily LLY Bull 2X Shares,"ETF, Leveraged",Miscellaneous,Trading--Leveraged Equity,"$15,538,971.00",83100.2
ELM,Elm Market Navigator ETF,ETF,Allocation,Global Moderately Aggressive Allocation,"$551,537,353.00",64329.6
EMBD,Global X Emerging Markets Bond ETF,ETF,Taxable Bond,Emerging Markets Bond,"$314,532,798.00",255166.2
EMES,Harbor Emerging Markets Select ETF,ETF,International Equity,Diversified Emerging Mkts,"$10,802,506.00",423.3
EMHC,State Street® SPDR® Bloomberg Emerging Markets USD Bond ETF,ETF,Taxable Bond,Emerging Markets Bond,"$249,538,570.00",30696.6
EMKT,Lazard Emerging Markets Opportunities ETF,ETF,International Equity,Diversified Emerging Mkts,"$151,699,201.00",26723.4
EMLC,VanEck J.P. Morgan EM Local Currency Bond ETF,ETF,Taxable Bond,Emerging-Markets Local-Currency Bond,"$5,222,737,324.00",6859514.6
EMOT,First Trust S&P 500 Economic Moat ETF,ETF,US Equity,Large Blend,"$2,539,963.00",115.4
ENHU,iShares Enhanced Large Cap Core Active ETF,ETF,US Equity,Large Blend,"$8,651,999.00",214.1
EPEM,Harbor Emerging Markets Equity ETF,ETF,International Equity,Diversified Emerging Mkts,"$7,598,257.00",20.6
EPHE,iShares MSCI Philippines ETF,ETF,International Equity,Miscellaneous Region,"$187,502,072.00",292708.1
EPIN,Harbor International Equity ETF,ETF,International Equity,Foreign Large Blend,"$6,960,693.00",3.5
EPMB,Harbor Mid Cap Core ETF,ETF,US Equity,Mid-Cap Blend,"$4,413,520.00",181.7
EPMV,Harbor Mid Cap Value ETF,ETF,US Equity,Mid-Cap Value,"$4,291,751.00",9.2
EPSB,Harbor SMID Cap Core ETF,ETF,US Equity,Small Blend,"$4,494,847.00",127.1
EPSV,Harbor SMID Cap Value ETF,ETF,US Equity,Small Value,"$4,679,662.00",19.3
EQTY,Kovitz Core Equity ETF,ETF,US Equity,Large Blend,"$1,330,266,001.00",37276
ESBG,"First Trust Enhanced Stocks, Bonds & Gold ETF",ETF,Alternative,Multi-Asset Leveraged,"$2,427,859.00",1794.6
ESIM,Eventide International ETF,ETF,International Equity,Foreign Large Blend,"$8,272,516.00",43450.4
ESLG,Eventide Large Cap Growth ETF,ETF,US Equity,Large Growth,"$11,877,858.00",2614.4
ESLV,Eventide Large Cap Value ETF,ETF,US Equity,Large Value,"$4,109,073.00",10217.2
ESSC,Eventide Small Cap ETF,ETF,US Equity,Small Blend,"$20,161,550.00",2599
ESUM,Eventide US Market ETF,ETF,US Equity,Large Blend,"$140,134,861.00",27695.6
ETEC,iShares Breakthrough Environmental Solutions ETF,ETF,Sector Equity,Miscellaneous Sector,"$4,409,436.00",840.3
EWH,iShares MSCI Hong Kong ETF,ETF,International Equity,China Region,"$779,529,563.00",8275561.7
EWK,iShares MSCI Belgium ETF,ETF,International Equity,Miscellaneous Region,"$27,746,276.00",15516.4
EWS,iShares MSCI Singapore ETF,ETF,International Equity,Miscellaneous Region,"$794,712,741.00",1346269.3
EXEQ,Wedbush ReturnOnLeadership(R) U.S. Large-Cap ETF,ETF,US Equity,Large Blend,"$1,013,355.00",20.1
EXUS,Nomura Focused International Core ETF,ETF,International Equity,Foreign Large Blend,"$69,414,480.00",2504.8
EZMO,Alphadroid Broad Markets Momentum ETF,ETF,US Equity,Large Growth,"$11,518,607.00",26924.2
EZRO,Alphadroid Defensive Sector Rotation ETF,ETF,Sector Equity,Miscellaneous Sector,"$17,132,744.00",83947.4
FALN,iShares Fallen Angels USD Bond ETF,ETF,Taxable Bond,High Yield Bond,"$1,845,727,357.00",1493069.1
FAN,First Trust Global Wind Energy ETF,ETF,Sector Equity,Miscellaneous Sector,"$239,291,782.00",64681.4
FCBD,Frontier Asset Core Bond ETF,ETF,Taxable Bond,Intermediate Core-Plus Bond,"$45,694,503.00",11830.8
FCEF,First Trust Income Opportunity ETF,ETF,Allocation,Global Moderately Conservative Allocation,"$75,038,004.00",19787.5
FCFY,First Trust S&P 500 Diversified Free Cash Flow ETF,ETF,US Equity,Mid-Cap Value,"$1,335,877.00",187
FCSH,Federated Hermes Short Duration Corporate ETF,ETF,Taxable Bond,Short-Term Bond,"$64,886,295.00",1062.6
FCTE,SMI 3Fourteen Full-Cycle Trend ETF,ETF,US Equity,Large Blend,"$230,206,737.00",25430.3
FDIV,MarketDesk Focused U.S. Dividend ETF,ETF,US Equity,Mid-Cap Value,"$97,457,184.00",7921.6
FEBU,AllianzIM U.S. Equity Buffer15 Uncapped Feb ETF,ETF,Nontraditional Equity,Defined Outcome,"$49,424,088.00",3747.2
FFLV,Fidelity Fundamental Large Cap Value ETF,ETF,US Equity,Large Value,"$16,418,762.00",6196.2
FFOX,FundX Future Fund Opportunities ETF,ETF,US Equity,Mid-Cap Growth,"$206,068,841.00",21781.7
FHYS,Federated Hermes Short Duration High Yield ETF,ETF,Taxable Bond,High Yield Bond,"$48,371,285.00",18761.1
FIAT,YieldMax Short COIN Option Income Strategy ETF,"ETF, Inverse",Nontraditional Equity,Derivative Income,"$43,427,023.00",108342.8
FIDI,Fidelity International High Dividend ETF,ETF,International Equity,Foreign Large Value,"$305,665,281.00",130058.4
FINX,Global X FinTech ETF,ETF,Sector Equity,Technology,"$212,791,974.00",157957
FISR,State Street® Fixed Income Sector Rotation ETF,ETF,Taxable Bond,Intermediate Core Bond,"$360,927,256.00",219582.8
FIVY,YieldMax Dorsey Wright Hybrid 5 Income ETF,ETF,Nontraditional Equity,Derivative Income,"$5,589,245.00",3005
FLAG,Global X S&P 500 U.S. Market Leaders TOP 50 ETF,ETF,US Equity,Large Blend,"$1,669,686.00",446
FLBR,Franklin FTSE Brazil ETF,ETF,International Equity,Latin America Stock,"$441,238,026.00",334145.5
FLCH,Franklin FTSE China ETF,ETF,International Equity,China Region,"$275,891,637.00",166143.6
FLHY,Franklin High Yield Corporate ETF,ETF,Taxable Bond,High Yield Bond,"$787,906,553.00",359157
FLLA,Franklin FTSE Latin America ETF,ETF,International Equity,Latin America Stock,"$84,151,017.00",78419.8
FLMB,Franklin Municipal Green Bond ETF,ETF,Municipal Bond,Muni National Long,"$93,454,007.00",23737.1
FLMI,Franklin Dynamic Municipal Bond ETF,ETF,Municipal Bond,High Yield Muni,"$1,815,031,808.00",717235.6
FLN,First Trust Latin America AlphaDEX® Fund,ETF,International Equity,Latin America Stock,"$29,577,704.00",29441.3
FLSP,Franklin Systematic Style Premia ETF,ETF,Alternative,Multistrategy,"$616,110,329.00",275149.7
FLTR,VanEck IG Floating Rate ETF,ETF,Taxable Bond,Ultrashort Bond,"$2,583,080,053.00",688240.5
FLUD,Franklin Ultra Short Bond ETF,ETF,Taxable Bond,Ultrashort Bond,"$218,143,757.00",52372.3
FLXN,Horizon Flexible Income ETF,ETF,Taxable Bond,High Yield Bond,"$37,301,351.00",3098.5
FMCE,FM Compounders Equity ETF,ETF,US Equity,Large Blend,"$62,645,806.00",224.8
FMED,Fidelity Disruptive Medicine ETF,ETF,Sector Equity,Health,"$60,936,782.00",9567
FMNY,First Trust New York High Income Municipal ETF,ETF,Municipal Bond,Muni New York Long,"$29,859,482.00",9184.4
FNDB,Schwab Fundamental U.S. Broad Market ETF,ETF,US Equity,Large Value,"$1,170,141,346.00",143923.6
FOPC,Frontier Asset Opportunistic Credit ETF,ETF,Taxable Bond,Intermediate Core-Plus Bond,"$35,250,780.00",6196
FORH,Formidable ETF,ETF,International Equity,Global Small/Mid Stock,"$21,063,743.00",322.1
FPAS,FPA Short Duration Government ETF,ETF,Taxable Bond,Short Government,"$4,450,889.00",558.9
FPRO,Fidelity Real Estate Investment ETF,ETF,Sector Equity,Real Estate,"$14,694,938.00",3121.4
FRDU,Direxion Daily F Bull 2X ETF,"ETF, Leveraged",Miscellaneous,Trading--Leveraged Equity,"$3,723,036.00",3949.7
FRGN,Horizon International Equity ETF,ETF,International Equity,Foreign Large Blend,"$94,654,044.00",7334
FRIZ,Franklin Dividend Growth ETF,ETF,US Equity,Large Blend,"$5,207,416.00",258.2
FRWD,Nomura Transformational Technologies ETF,ETF,Sector Equity,Technology,"$47,169,181.00",2715.1
FSML,Franklin Small Cap Enhanced ETF,ETF,US Equity,Small Blend,"$118,552,412.00",86819
FTCE,First Trust New Constructs Core Earnings Leaders ETF,ETF,US Equity,Large Blend,"$62,350,767.00",5821.8
FTGC,First Trust Global Tactical Commodity Strategy Fund,ETF,Commodities,Commodities Broad Basket,"$2,134,605,428.00",656667.8
FTHI,First Trust BuyWrite Income ETF,ETF,Nontraditional Equity,Derivative Income,"$2,024,294,772.00",610868.8
FTIF,First Trust Bloomberg Inflation Sensitive Equity ETF,ETF,US Equity,Mid-Cap Value,"$1,341,730.00",7663.4
FTRB,Federated Hermes Total Return Bond ETF,ETF,Taxable Bond,Intermediate Core-Plus Bond,"$429,819,447.00",218178.3
GAEM,Simplify Gamma Emerging Market Bond ETF,ETF,Taxable Bond,Emerging Markets Bond,"$39,414,837.00",8309
GAID,Guinness Atkinson International Dividend Builder ETF,ETF,International Equity,Foreign Large Blend,"$386,154.00",21.6
GARA,Guinness Atkinson Real Assets Income ETF,ETF,US Equity,Large Blend,"$426,769.00",22.6
GAUD,Guinness Atkinson US Dividend Builder ETF,ETF,US Equity,Large Blend,"$256,918.00",22
GBHI,Gabelli High Income ETF,ETF,Taxable Bond,High Yield Bond,"$6,126,239.00",198.5
GBXA,Goldman Sachs U.S. Large Cap Buffer 1 ETF,ETF,Nontraditional Equity,Defined Outcome,"$7,685,690.00",567.4
GCC,WisdomTree Enhanced Commodity Strategy Fund,ETF,Commodities,Commodities Broad Basket,"$251,027,411.00",82420.1
GFLW,VictoryShares Free Cash Flow Growth ETF,ETF,US Equity,Large Growth,"$660,651,123.00",135463.6
GIND,Goldman Sachs India Equity ETF,ETF,International Equity,India Equity,"$160,818,877.00",17113.5
GK,AdvisorShares Gerber Kawasaki ETF,ETF,US Equity,Large Growth,"$27,022,672.00",1378.2
GLBL,Pacer MSCI World Industry Advantage ETF,ETF,International Equity,Global Large-Stock Blend,"$1,495,058.00",336.2
GLCR,GlacierShares Nasdaq Iceland ETF,ETF,International Equity,Miscellaneous Region,"$1,646,078.00",1730.7
GLDB,IDX Alternative FIAT ETF,ETF,Sector Equity,Miscellaneous Sector,"$38,018,518.00",17070.2
GLIX,Lazard Listed Infrastructure ETF,ETF,Sector Equity,Infrastructure,"$23,277,278.00",6361.9
GMOD,GMO Dynamic Allocation ETF,ETF,Allocation,Moderate Allocation,"$34,923,746.00",23107.8
GOVI,Invesco Equal Weight 0-30 Year Treasury ETF,ETF,Taxable Bond,Long Government,"$1,070,737,407.00",481746.4
GOVT,iShares U.S. Treasury Bond ETF,ETF,Taxable Bond,Intermediate Government,"$36,179,089,270.00",7349879.8
GQGU,GQG US Equity ETF,ETF,US Equity,Large Growth,"$466,110,492.00",274177.2
GRNB,VanEck Green Bond ETF,ETF,Taxable Bond,Global Bond,"$174,962,750.00",25498.5
GRNJ,Fundstrat Granny Shots US Small- & Mid-Cap ETF,ETF,US Equity,Mid-Cap Blend,"$388,519,326.00",253761.8
GRNY,Fundstrat Granny Shots US Large Cap ETF,ETF,US Equity,Large Growth,"$4,123,273,015.00",2672487.3
GRPZ,Invesco S&P Smallcap 600 GARP ETF,ETF,US Equity,Small Blend,"$2,890,324.00",64.5
GTOC,Invesco Core Fixed Income ETF,ETF,Taxable Bond,Intermediate Core Bond,"$191,025,062.00",20820.5
GTOH,Invesco Short Duration High Yield ETF,ETF,Taxable Bond,High Yield Bond,"$8,180,136.00",1014.9
GTOS,Invesco Short Duration Total Return Bond ETF,ETF,Taxable Bond,Short-Term Bond,"$119,616,656.00",7492
GTR,WisdomTree Target Range Fund,ETF,Nontraditional Equity,Equity Hedged,"$65,251,552.00",6317.1
GVLU,Gotham 1000 Value ETF,ETF,US Equity,Mid-Cap Value,"$221,871,538.00",4137.2
GXDW,Global X Dorsey Wright Thematic ETF,ETF,International Equity,Global Small/Mid Stock,"$7,853,785.00",5824.1
GXIG,Global X Investment Grade Corporate Bond ETF,ETF,Taxable Bond,Corporate Bond,"$184,132,210.00",6209.9
GXPD,Global X Purecap MSCI Consumer Discretionary ETF,ETF,Sector Equity,Consumer Cyclical,"$22,062,603.00",101043.7
GXPS,Global X Purecap MSCI Consumer Staples ETF,ETF,Sector Equity,Consumer Defensive,"$49,838,922.00",29745.6
GXPT,Global X PureCap MSCI Information Technology ETF,ETF,Sector Equity,Technology,"$70,338,504.00",207605.4
GXRP,Grayscale XRP Trust ETF,ETF,Alternative,Digital Assets,"$72,458,074.00",140852
HAKY,Amplify Hack Cybersecurity Covered Call ETF,ETF,Nontraditional Equity,Derivative Income,"$1,828,737.00",4307.9
HAUZ,Xtrackers International Real Estate ETF,ETF,Sector Equity,Global Real Estate,"$1,082,937,455.00",107978.6
HBDC,Hilton Bdc Corporate Bond ETF,ETF,Taxable Bond,Corporate Bond,"$96,848,204.00",34003.8
HBRD,Invesco U.S. Hybrid Bond ETF,ETF,Taxable Bond,Corporate Bond,"$14,935,388.00",43.9
HCOW,Amplify COWS Covered Call ETF,ETF,Nontraditional Equity,Derivative Income,"$14,649,198.00",2815.7
HEAL,Global X HealthTech ETF,ETF,Sector Equity,Health,"$35,452,516.00",15997.4
HEFT,Hedgeye Fourth Turning ETF,ETF,Nontraditional Equity,Long-Short Equity,"$60,938,275.00",116465.2
HEGD,Swan Hedged Equity US Large Cap ETF,ETF,Nontraditional Equity,Equity Hedged,"$617,839,050.00",140691
HELS,Hedgeye 130/30 Equity ETF,ETF,Nontraditional Equity,Long-Short Equity,"$44,286,030.00",121747.3
HERO,Global X Video Games & Esports ETF,ETF,Sector Equity,Communications,"$87,523,358.00",26334.5
HFGO,Hartford Large Cap Growth ETF,ETF,US Equity,Large Growth,"$171,309,895.00",32611.2
HFMF,Unlimited HFMF Managed Futures ETF,ETF,Alternative,Systematic Trend,"$19,448,156.00",11021.1
HFND,Unlimited HFND Multi-Strategy Return Tracker ETF,ETF,Alternative,Multistrategy,"$32,259,702.00",4855.9
HIDE,Alpha Architect High Inflation And Deflation ETF,ETF,Nontraditional Equity,Equity Hedged,"$88,381,797.00",40300.5
HOOW,Roundhill HOOD WeeklyPay ETF,"ETF, Leveraged",Miscellaneous,Trading--Miscellaneous,"$117,455,629.00",159980.2
HTAX,Nomura National High-Yield Municipal Bond ETF,ETF,Municipal Bond,High Yield Muni,"$55,090,102.00",4945.4
HWSM,Hotchkis & Wiley SMID Cap Diversified Value Fund,ETF,US Equity,Mid-Cap Value,"$2,593,775.00",115.3
HYBL,State Street® Blackstone High Income ETF,ETF,Taxable Bond,High Yield Bond,"$580,889,843.00",284718.7
HYKE,Vest 2 Year Interest Rate Hedge ETF,ETF,Taxable Bond,Nontraditional Bond,"$1,237,888.00",12.3
HYMB,State Street® SPDR® Nuveen ICE High Yield Municipal Bond ETF,ETF,Municipal Bond,High Yield Muni,"$3,040,914,491.00",734970.4
HYP,Golden Eagle Dynamic Hypergrowth ETF,ETF,US Equity,Large Growth,"$27,682,411.00",33842.4
HYRM,Xtrackers Risk Managed USD High Yield Strategy ETF,ETF,Taxable Bond,High Yield Bond,"$49,141,878.00",3682.8
IALT,iShares Systematic Alternatives Active ETF,ETF,Alternative,Multistrategy,"$105,545,558.00",76187.5
IBCA,iShares iBonds Dec 2035 Term Corporate ETF,ETF,Taxable Bond,Target Maturity,"$313,540,702.00",90816
IBD,Inspire Corporate Bond ETF,ETF,Taxable Bond,Corporate Bond,"$479,679,963.00",85320.1
IBDR,iShares iBonds Dec 2026 Term Corporate ETF,ETF,Taxable Bond,Target Maturity,"$3,715,788,464.00",653382.7
IBDS,iShares iBonds Dec 2027 Term Corporate ETF,ETF,Taxable Bond,Target Maturity,"$3,738,933,483.00",615846.5
IBDT,iShares iBonds Dec 2028 Term Corporate ETF,ETF,Taxable Bond,Target Maturity,"$3,794,239,664.00",764014.1
IBDU,iShares iBonds Dec 2029 Term Corporate ETF,ETF,Taxable Bond,Target Maturity,"$3,680,967,226.00",738500.6
IBDX,iShares iBonds Dec 2032 Term Corporate ETF,ETF,Taxable Bond,Target Maturity,"$1,630,414,869.00",335204.1
IBDY,Shares iBonds Dec 2033 Term Corporate ETF,ETF,Taxable Bond,Target Maturity,"$1,064,898,099.00",234587.3
IBDZ,iShares iBonds Dec 2034 Term Corporate ETF,ETF,Taxable Bond,Target Maturity,"$777,458,557.00",210851.8
IBGA,iShares iBonds Dec 2044 Term Treasury ETF,ETF,Taxable Bond,Target Maturity,"$94,537,456.00",7967
IBGB,iShares iBonds Dec 2045 Term Treasury ETF,ETF,Taxable Bond,Target Maturity,"$8,935,492.00",2481.8
IBGK,iShares iBonds Dec 2054 Term Treasury ETF,ETF,Taxable Bond,Target Maturity,"$3,672,113.00",407.9
IBGL,iShares iBonds Dec 2055 Term Treasury ETF,ETF,Taxable Bond,Target Maturity,"$5,032,523.00",1705.7
IBHH,iShares iBonds 2028 Term High Yield and Income ETF,ETF,Taxable Bond,Target Maturity,"$452,754,497.00",76281.5
IBHI,iShares iBonds 2029 Term High Yield and Income ETF,ETF,Taxable Bond,Target Maturity,"$387,173,437.00",78289.5
IBHJ,iShares iBonds 2030 Term High Yield and Income ETF,ETF,Taxable Bond,Target Maturity,"$121,997,718.00",32175.8
IBHK,iShares iBonds 2031 Term High Yield And Income ETF,ETF,Taxable Bond,Target Maturity,"$51,684,961.00",8681.9
IBHL,iShares iBonds 2032 Term High Yield and Income ETF,ETF,Taxable Bond,Target Maturity,"$15,381,407.00",4443.3
IBIC,iShares iBonds Oct 2026 Term TIPS ETF,ETF,Taxable Bond,Target Maturity,"$70,628,181.00",12376.6
IBID,iShares iBonds Oct 2027 Term TIPS ETF,ETF,Taxable Bond,Target Maturity,"$85,561,095.00",17211.8
IBIE,iShares iBonds Oct 2028 Term TIPS ETF,ETF,Taxable Bond,Target Maturity,"$120,325,495.00",14829.8
IBIF,iShares iBonds Oct 2029 Term TIPS ETF,ETF,Taxable Bond,Target Maturity,"$73,591,443.00",8458.2
IBIG,iShares iBonds Oct 2030 Term TIPS ETF,ETF,Taxable Bond,Target Maturity,"$108,151,917.00",20047
IBIH,iShares iBonds Oct 2031 Term TIPS ETF,ETF,Taxable Bond,Target Maturity,"$43,612,186.00",12997.3
IBII,iShares iBonds Oct 2032 Term TIPS ETF,ETF,Taxable Bond,Target Maturity,"$32,770,730.00",5773.3
IBIJ,iShares iBonds Oct 2033 Term TIPS ETF,ETF,Taxable Bond,Target Maturity,"$46,154,167.00",4761.2
IBIK,iShares iBonds Oct 2034 Term TIPS ETF,ETF,Taxable Bond,Target Maturity,"$86,358,736.00",23574.2
IBIL,iShares iBonds Oct 2035 Term TIPS ETF,ETF,Taxable Bond,Target Maturity,"$28,537,853.00",3479
IBMO,iShares iBonds Dec 2026 Term Muni Bond ETF,ETF,Municipal Bond,Muni Target Maturity,"$577,918,839.00",77852.3
IBMP,iShares iBonds Dec 2027 Term Muni Bond ETF,ETF,Municipal Bond,Muni Target Maturity,"$619,722,220.00",79834.2
IBMQ,iShares iBonds Dec 2028 Term Muni Bond ETF,ETF,Municipal Bond,Muni Target Maturity,"$629,089,556.00",122206.2
IBMR,iShares iBonds Dec 2029 Term Muni Bond ETF,ETF,Municipal Bond,Muni Target Maturity,"$428,794,603.00",64367.8
IBMS,iShares iBonds Dec 2030 Term Muni Bond ETF,ETF,Municipal Bond,Muni Target Maturity,"$267,407,254.00",53231.8
IBMT,iShares iBonds Dec 2031 Term Muni Bond ETF,ETF,Municipal Bond,Muni Target Maturity,"$82,886,138.00",24494.6
IBTM,iShares iBonds Dec 2032 Term Treasury ETF,ETF,Taxable Bond,Target Maturity,"$534,273,443.00",128240.6
IBTO,iShares iBonds Dec 2033 Term Treasury ETF,ETF,Taxable Bond,Target Maturity,"$442,027,063.00",94460.1
IBTP,iShares iBonds Dec 2034 Term Treasury ETF,ETF,Taxable Bond,Target Maturity,"$240,615,497.00",53451.6
IBTQ,iShares iBonds Dec 2035 Term Treasury ETF,ETF,Taxable Bond,Target Maturity,"$135,049,754.00",47535.9
ICAP,Infrastructure Capital Equity Income Fund ETF,ETF,US Equity,Mid-Cap Value,"$93,799,960.00",24741.9
ICLO,Invesco AAA CLO Floating Rate Note ETF,ETF,Taxable Bond,Securitized Bond - Focused,"$417,672,704.00",237701.1
IDUB,Aptus International Enhanced Yield ETF,ETF,Nontraditional Equity,Derivative Income,"$464,217,166.00",34293.8
IDVY,First Trust International Rising Dividend Achievers ETF,ETF,International Equity,Foreign Large Blend,"$1,294,859.00",496.6
IEZ,iShares U.S. Oil Equipment & Services ETF,ETF,Sector Equity,Equity Energy,"$385,384,798.00",645545.2
IFGL,iShares International Developed Real Estate ETF,ETF,Sector Equity,Global Real Estate,"$94,824,996.00",11096.8
IFV,First Trust Dorsey Wright International Focus 5 ETF,ETF,International Equity,Foreign Large Blend,"$258,934,636.00",54933
IGBH,iShares Interest Rate Hedged Long-Term Corporate Bond ETF,ETF,Taxable Bond,Ultrashort Bond,"$174,592,369.00",67989.1
IGGY,AB International Growth ETF,ETF,International Equity,Foreign Large Growth,"$4,346,361.00",87.8
IIGD,Invesco Investment Grade Defensive ETF,ETF,Taxable Bond,Short-Term Bond,"$31,132,329.00",7834.8
INDE,Matthews India Active ETF,ETF,International Equity,India Equity,"$13,177,844.00",1742.6
INDZ,VanEck India Select ETF,ETF,International Equity,India Equity,"$1,480,967.00",3909.8
INFO,Harbor PanAgora Dynamic Large Cap Core ETF,ETF,US Equity,Large Blend,"$672,223,426.00",35722
INMU,iShares Intermediate Muni Income Active ETF,ETF,Municipal Bond,Muni National Interm,"$386,895,854.00",129115.5
INVG,GMO Systematic Investment Grade Credit ETF,ETF,Taxable Bond,Corporate Bond,"$24,673,251.00",916.6
IOPP,Simplify Tara India Opportunities ETF,ETF,International Equity,India Equity,"$8,538,939.00",1609
IQHI,NYLI MacKay High Income ETF,ETF,Taxable Bond,High Yield Bond,"$116,723,735.00",1379.4
IREX,Tradr 2X Long IREN Daily ETF,"ETF, Leveraged",Miscellaneous,Trading--Leveraged Equity,"$41,242,137.00",1037891.9
ISMF,iShares Managed Futures Active ETF,ETF,Alternative,Systematic Trend,"$32,845,875.00",5945.2
ISUL,GraniteShares 2x Long ISRG Daily ETF,"ETF, Leveraged",Miscellaneous,Trading--Leveraged Equity,"$3,482,650.00",6149.7
ITOL,Tema International Durable Quality ETF,ETF,International Equity,Foreign Large Blend,"$545,807.00",44
IVSI,Applied Finance IVS International Large ETF,ETF,International Equity,Foreign Large Blend,"$7,869,439.00",1408.7
IVSS,Applied Finance IVS US SMID ETF,ETF,US Equity,Mid-Cap Blend,"$13,566,086.00",9167.1
IWML,ETRACS 2x Leveraged US Size Factor TR ETN,"ETN, Leveraged",Miscellaneous,Trading--Leveraged Equity,"$5,223,800.00",817.4
JANB,Aptus January Buffer ETF,ETF,Nontraditional Equity,Defined Outcome,"$49,811,584.00",9452.6
JANH,Innovator Premium Income 20 Barrier ETF - January,ETF,Nontraditional Equity,Defined Outcome,"$17,915,452.00",4749.6
JANI,AllianzIM International Equity Buffer15 Uncapped Jan ETF,ETF,International Equity,Foreign Large Blend,"$10,977,393.00",10054.2
JANJ,Innovator Premium Income 30 Barrier ETF - January,ETF,Nontraditional Equity,Defined Outcome,"$15,451,267.00",2591
JANU,AllianzIM U.S. Equity Buffer15 Uncapped Jan ETF,ETF,Nontraditional Equity,Defined Outcome,"$79,013,893.00",15769.9
JAPN,Horizon Kinetics Japan Owner Operator ETF,ETF,International Equity,Japan Stock,"$25,551,821.00",9001.4
JDVL,John Hancock Disciplined Value Select ETF,ETF,US Equity,Large Value,"$525,450,078.00",22540.5
JEDI,Defiance Drone and Modern Warfare ETF,ETF,Sector Equity,Technology,"$61,857,027.00",224664.2
JETS,U.S. Global Jets ETF,ETF,Sector Equity,Industrials,"$790,041,128.00",6544706.4
JGRW,Jensen Quality Growth ETF,ETF,US Equity,Large Blend,"$121,168,408.00",13284.4
JHAI,Janus Henderson Global Artificial Intelligence ETF,ETF,Sector Equity,Technology,"$17,693,930.00",2588.8
JHCP,JHancock Core Plus Bond ETF,ETF,Taxable Bond,Intermediate Core-Plus Bond,"$77,070,862.00",64495.1
JHCR,JHancock Core Bond ETF,ETF,Taxable Bond,Intermediate Core Bond,"$18,043,424.00",37222.6
JHHY,John Hancock High Yield ETF,ETF,Taxable Bond,High Yield Bond,"$71,932,524.00",4589.2
JHLN,JHancock Global Senior Loan ETF,ETF,Taxable Bond,Bank Loan,"$156,448,848.00",1026910.8
JHMU,John Hancock Dynamic Municipal Bond ETF,ETF,Municipal Bond,Muni National Interm,"$42,645,852.00",4205.9
JHPI,John Hancock Preferred Income ETF,ETF,Taxable Bond,Preferred Stock,"$157,588,032.00",57948
JOBX,Tradr 2X Long JOBY Daily ETF,"ETF, Leveraged",Miscellaneous,Trading--Leveraged Equity,"$30,983,512.00",94932.86667
JRE,Janus Henderson U.S. Real Estate ETF,ETF,Sector Equity,Real Estate,"$3,873,827.00",877
JULB,Aptus July Buffer ETF,ETF,Nontraditional Equity,Defined Outcome,"$21,148,773.00",24845.5
JULH,Innovator Premium Income 20 Barrier ETF - July,ETF,Nontraditional Equity,Defined Outcome,"$18,178,863.00",1371.7
JULJ,Innovator Premium Income 30 Barrier ETF - July,ETF,Nontraditional Equity,Defined Outcome,"$16,283,998.00",2023.3
JXX,Janus Henderson Transformational Growth ETF,ETF,US Equity,Large Growth,"$32,429,825.00",4068.1
KAMO,Kensington Credit Opportunities ETF,ETF,Taxable Bond,Multisector Bond,"$82,275,662.00",26394.1
KAUG,Innovator U.S. Small Cap Power Buffer ETF - August,ETF,Nontraditional Equity,Defined Outcome,"$135,279,729.00",213114.7
KBDU,KraneShares 2x Long BIDU Daily ETF,"ETF, Leveraged",Miscellaneous,Trading--Leveraged Equity,"$654,759.00",4384.3
KBFR,Innovator U.S. Small Cap Managed 10 Buffer ETF,ETF,US Equity,Small Blend,"$6,237,559.00",4794.6
KCOP,Kurv Copper & Mining Enhanced Income ETF,ETF,Nontraditional Equity,Derivative Income,"$4,516,454.00",35230.4
KCSH,Kraneshares Sustainable Ultra Short Duration Index ETF,ETF,Taxable Bond,Ultrashort Bond,"$174,179,867.00",12102.6
KDEC,Innovator U.S. Small Cap Power Buffer ETF - December,ETF,Nontraditional Equity,Defined Outcome,"$88,726,340.00",11870.9
KDRN,Kingsbarn Tactical Bond ETF,ETF,Taxable Bond,Intermediate Core-Plus Bond,"$1,185,889.00",188.9
KDVD,Keeley Dividend ETF,ETF,US Equity,Mid-Cap Blend,"$7,681,426.00",770.9
KEMQ,KraneShares FTSE Emerging Markets Consumer Technology Index ETF,ETF,International Equity,Diversified Emerging Mkts,"$54,889,874.00",15806.1
KHPI,Kensington Hedged Premium Income ETF,ETF,Nontraditional Equity,Derivative Income,"$322,713,041.00",114965.6
KHYB,KraneShares Asia Pacific High Income USD Bond ETF,ETF,Taxable Bond,Emerging Markets Bond,"$17,270,141.00",5870.5
KIQQ,KraneShares InspereX Nasdaq Dynamic Buffered High Income Index ETF,ETF,Nontraditional Equity,Derivative Income,"$2,392,242.00",25.6
KLIP,KraneShares KWEB Covered Call Strategy ETF,ETF,Nontraditional Equity,Derivative Income,"$120,317,845.00",62578.3
KLMN,Invesco MSCI North America Climate ETF,ETF,US Equity,Large Blend,"$2,049,566,013.00",7842882.9
KLXY,Kraneshares Global Luxury Index ETF,ETF,Sector Equity,Consumer Cyclical,"$2,009,422.00",1239.3
KMID,Virtus KAR Mid-Cap ETF,ETF,US Equity,Mid-Cap Growth,"$40,671,986.00",7156
KMLM,KraneShares Mount Lucas Managed Futures Index Strategy ETF,ETF,Alternative,Systematic Trend,"$194,482,934.00",294885.7
KNRG,Simplify Kayne Anderson Energy and Infrastructure Credit ETF,ETF,Taxable Bond,Nontraditional Bond,"$21,439,991.00",16361.8
KPHO,KraneShares Dragon Capital Vietnam Growth Index ETF,ETF,International Equity,Miscellaneous Region,"$13,139,697.00",6500.7
KPRO,KraneShares 100% KWEB Defined Outcome January 2027 ETF,ETF,Nontraditional Equity,Defined Outcome,"$2,786,340.00",25.9
KQQQ,Kurv Technology Titans Select ETF,ETF,Sector Equity,Technology,"$94,329,392.00",48145.2
KSPY,Kraneshares Hedgeye Hedged Equity Index ETF,ETF,Nontraditional Equity,Equity Hedged,"$77,105,696.00",49445.5
KTUP,T-REX 2X Long KTOS Daily Target ETF,"ETF, Leveraged",Miscellaneous,Trading--Leveraged Equity,"$5,754,653.00",160384.7
KVLE,KraneShares Value Line® Dynamic Dividend Equity Index ETF,ETF,US Equity,Large Value,"$27,874,369.00",3173
KWIN,KraneShares Wahed Alternative Income Index ETF,ETF,US Equity,Large Value,"$48,196,894.00",30338.4
LALT,First Trust Multi-Strategy Alternative ETF,ETF,Alternative,Multistrategy,"$44,938,031.00",10638.3
LAPR,Innovator Premium Income 15 Buffer ETF - April,ETF,Nontraditional Equity,Defined Outcome,"$6,261,895.00",1077.7
LBAY,Leatherback Long/Short Alternative Yield ETF,ETF,Nontraditional Equity,Long-Short Equity,"$20,801,916.00",9332.5
LBO,WHITEWOLF Publicly Listed Private Equity ETF,ETF,Sector Equity,Financial,"$6,937,479.00",2359.9
LCIZ,Tradr 2X Short Lcid Daily ETF,"ETF, Leveraged, Inverse",Miscellaneous,Trading--Inverse Equity,"$387,126.00",3713.1
LCO,Logiq Contrarian Opportunities ETF,ETF,Allocation,Moderate Allocation,"$57,598,962.00",1282.7
LCOW,Pacer S&P 500 Quality FCF Aristocrats ETF,ETF,US Equity,Large Blend,"$17,206,823.00",1205.5
LDRC,iShares iBonds 1-5 Year Corporate Ladder ETF,ETF,Taxable Bond,Short-Term Bond,"$61,071,985.00",29170.9
LDRH,iShares iBonds 1-5 Year High Yield and Income Ladder ETF,ETF,Taxable Bond,High Yield Bond,"$7,468,643.00",3106.7
LDRI,iShares iBonds 1-5 Year TIPS Ladder ETF,ETF,Taxable Bond,Short-Term Inflation-Protected Bond,"$12,698,386.00",5891.8
LDRT,iShares iBonds 1-5 Year Treasury Ladder ETF,ETF,Taxable Bond,Short Government,"$60,014,223.00",52224.6
LEUX,Tradr 2X Long LEU Daily ETF,"ETF, Leveraged",Miscellaneous,Trading--Leveraged Equity,"$476,604.00",8787.3
LIFT,LifeX 2028 Income Bucket ETF,ETF,Taxable Bond,Target Maturity,"$2,552,543.00",722.2
LJAN,Innovator Premium Income 15 Buffer ETF - January,ETF,Nontraditional Equity,Defined Outcome,"$13,477,216.00",5901.7
LJUL,Innovator Premium Income 15 Buffer ETF - July,ETF,Nontraditional Equity,Defined Outcome,"$7,768,568.00",1943.3
LLII,Rex Lly Growth & Income ETF,"ETF, Leveraged",Miscellaneous,Trading--Leveraged Equity,"$3,309,993.00",6645.9
LOCT,Innovator Premium Income 15 Buffer ETF - October,ETF,Nontraditional Equity,Defined Outcome,"$13,678,281.00",2763.6
LODI,AAM SLC Low Duration Income ETF,ETF,Taxable Bond,Short-Term Bond,"$75,960,346.00",11497.7
LPRE,Long Pond Real Estate Select ETF,ETF,Sector Equity,Real Estate,"$137,363,302.00",25459.1
LQDI,iShares Inflation Hedged Corporate Bond ETF,ETF,Taxable Bond,Corporate Bond,"$70,629,884.00",14068.5
LQDW,iShares Investment Grade Corporate Bond Buywrite Strategy ETF,ETF,Nontraditional Equity,Derivative Income,"$272,303,376.00",54843.7
LRGG,Nomura Focused Large Growth ETF,ETF,US Equity,Large Growth,"$310,407,061.00",75082
LTAX,Nomura Tax-Free USA ETF,ETF,Municipal Bond,Muni National Long,"$5,692,815.00",21.5
LTL,ProShares Ultra Communication Services,"ETF, Leveraged",Miscellaneous,Trading--Leveraged Equity,"$13,813,734.00",27387.7
LVLN,State Street SPDR S&P Leveraged Ln ETF,ETF,Taxable Bond,Bank Loan,"$44,343,117.00",4027.4
MAMB,Monarch Ambassador Income ETF,ETF,Taxable Bond,Intermediate Core-Plus Bond,"$172,516,652.00",34187.8
MANI,Man Active Income ETF,ETF,Taxable Bond,Multisector Bond,"$21,188,460.00",624.4
MAPP,Harbor Multi-Asset Explorer ETF,ETF,Allocation,Global Moderately Aggressive Allocation,"$10,285,789.00",1275.8
MARU,AllianzIM U.S. Equity Buffer15 Uncapped Mar ETF,ETF,Nontraditional Equity,Defined Outcome,"$27,771,532.00",4789.8
MATE,Man Active Trend Enhanced ETF,ETF,Alternative,Multi-Asset Leveraged,"$36,159,556.00",5718.1
MBND,State Street® Nuveen Municipal Bond ETF,ETF,Municipal Bond,Muni National Interm,"$27,904,657.00",5866.1
MBSF,Regan Floating Rate MBS ETF,ETF,Taxable Bond,Government Mortgage-Backed Bond,"$188,845,371.00",30901
MBSX,Regan Fixed Rate MBS ETF,ETF,Taxable Bond,Intermediate Government,"$15,963,242.00",2129.2
MDBX,Tradr 2X Long MDB Daily ETF,"ETF, Leveraged",Miscellaneous,Trading--Leveraged Equity,"$3,568,158.00",208837.9
MDPL,Monarch Dividend Plus ETF,ETF,US Equity,Mid-Cap Value,"$58,810,823.00",12033.4
MEMS,Matthews Emerging Markets Discovery Active ETF,ETF,International Equity,Diversified Emerging Mkts,"$20,764,312.00",1381.4
MFEM,PIMCO RAFI Dynamic Multi-Factor Emerging Markets Equity ETF,ETF,International Equity,Diversified Emerging Mkts,"$135,960,763.00",23544.4
MFSB,MFS Active Core Plus Bond ETF,ETF,Taxable Bond,Intermediate Core-Plus Bond,"$232,675,983.00",268079.1
MFSG,MFS Active Growth ETF,ETF,US Equity,Large Growth,"$191,784,740.00",199143.7
MFSM,MFS Active Intermediate Muni Bond ETF,ETF,Municipal Bond,Muni National Interm,"$72,445,938.00",92425.4
MFSV,MFS Active Value ETF,ETF,US Equity,Large Value,"$283,664,619.00",377898.9
MHY,Man Active High Yield ETF,ETF,Taxable Bond,High Yield Bond,"$19,542,478.00",45.4
MIGO,Mig Core ETF,ETF,US Equity,Large Blend,"$533,273,105.00",28.8
MILK,Pacer US Cash Cows Bond ETF,ETF,Taxable Bond,Corporate Bond,"$15,890,786.00",6674.8
MJ,Amplify Alternative Harvest ETF,ETF,Sector Equity,Miscellaneous Sector,"$129,700,093.00",40392.1
MKTN,Federated Hermes MDT Market Neutral ETF,ETF,Alternative,Equity Market Neutral,"$80,116,875.00",6881.8
MLPD,Global X MLP & Energy Infrastructure Covered Call ETF,ETF,Nontraditional Equity,Derivative Income,"$18,988,204.00",16162.8
MMAX,iShares Large Cap Max Buffer Mar ETF,ETF,Nontraditional Equity,Defined Outcome,"$33,820,445.00",1616.7
MMID,MFS Active Mid Cap ETF,ETF,US Equity,Mid-Cap Blend,"$33,683,323.00",2651.7
MMIN,NYLI MacKay Muni Insured ETF,ETF,Municipal Bond,Muni National Long,"$414,919,447.00",76630.2
MMIT,NYLI MacKay Muni Intermediate ETF,ETF,Municipal Bond,Muni National Interm,"$1,449,338,104.00",252643.1
MMMA,NYLI MacKay Muni Allocation ETF,ETF,Municipal Bond,Muni National Long,"$26,937,579.00",1710
MMSC,First Trust Multi-Manager Small Cap Opportunities ETF,ETF,US Equity,Small Growth,"$45,522,287.00",10171.4
MMSD,NYLI MacKay Muni Short Duration ETF,ETF,Municipal Bond,Muni National Short,"$58,233,231.00",3001.9
MNBD,ALPS Intermediate Municipal Bond ETF,ETF,Municipal Bond,Muni National Interm,"$50,749,191.00",16819.8
MSTY,Yieldmax MSTR Option Income Strategy ETF,ETF,Nontraditional Equity,Derivative Income,"$1,036,395,201.00",691038.8
MTRA,Invesco International Growth Focus ETF,ETF,International Equity,Foreign Large Growth,"$146,281,838.00",117.9
MULT,Franklin Multisector Income ETF,ETF,Taxable Bond,Multisector Bond,"$15,346,571.00",177.8
MUNX,AMG GW&K Muni Income ETF,ETF,Municipal Bond,Muni National Interm,"$17,273,222.00",1751.1
MUSQ,MUSQ Global Music Industry Index ETF,ETF,Sector Equity,Miscellaneous Sector,"$23,615,235.00",447.6
MYCF,State Street® My2026 Corporate Bond ETF,ETF,Taxable Bond,Target Maturity,"$50,189,778.00",10978.7
MYCG,State Street® My2027 Corporate Bond ETF,ETF,Taxable Bond,Target Maturity,"$30,134,181.00",4849
MYCH,State Street® My2028 Corporate Bond ETF,ETF,Taxable Bond,Target Maturity,"$208,891,317.00",222988.3
MYCI,State Street® My2029 Corporate Bond ETF,ETF,Taxable Bond,Target Maturity,"$31,482,610.00",10414
MYCJ,State Street® My2030 Corporate Bond ETF,ETF,Taxable Bond,Target Maturity,"$30,229,823.00",40567.3
MYCK,State Street® My2031 Corporate Bond ETF,ETF,Taxable Bond,Target Maturity,"$15,216,488.00",1554.8
MYCL,State Street® My2032 Corporate Bond ETF,ETF,Taxable Bond,Target Maturity,"$7,592,068.00",6571.8
MYCM,State Street® My2033 Corporate Bond ETF,ETF,Taxable Bond,Target Maturity,"$6,314,500.00",1241.4
MYCN,State Street® My2034 Corporate Bond ETF,ETF,Taxable Bond,Target Maturity,"$7,536,578.00",1146.3
MYCO,State Street® My2035 Corporate Bond ETF,ETF,Taxable Bond,Target Maturity,"$5,028,929.00",877.5
MYMF,State Street® My2026 Municipal Bond ETF,ETF,Municipal Bond,Muni Target Maturity,"$12,497,509.00",742.2
MYMG,State Street® My2027 Municipal Bond ETF,ETF,Municipal Bond,Muni Target Maturity,"$8,683,247.00",16.2
MYMH,State Street® My2028 Municipal Bond ETF,ETF,Municipal Bond,Muni Target Maturity,"$8,690,422.00",92.5
MYMI,State Street® My2029 Municipal Bond ETF,ETF,Municipal Bond,Muni Target Maturity,"$13,704,998.00",1062.9
MYMJ,State Street® My2030 Municipal Bond ETF,ETF,Municipal Bond,Muni Target Maturity,"$12,552,258.00",947.2
MYMK,State Street® My2031 Municipal Bond ETF,ETF,Municipal Bond,Muni Target Maturity,"$8,907,132.00",661.7
NBCM,Neuberger Commodity Strategy ETF,ETF,Commodities,Commodities Broad Basket,"$345,595,856.00",85684.9
NBFR,Innovator Nasdaq-100 Managed 10 Buffer ETF,ETF,US Equity,Large Growth,"$3,733,782.00",32281.8
NBGX,Neuberger Growth ETF,ETF,US Equity,Large Growth,"$13,391,977.00",643.3
NBOS,Neuberger Option Strategy ETF,ETF,Nontraditional Equity,Equity Hedged,"$442,586,167.00",32128.3
NBSM,Neuberger Small-Mid Cap ETF,ETF,US Equity,Mid-Cap Growth,"$226,239,665.00",21084.4
NCLO,Nuveen AA-BBB CLO ETF,ETF,Taxable Bond,Securitized Bond - Focused,"$155,137,775.00",56762.6
NCPB,Nuveen Core Plus Bond ETF,ETF,Taxable Bond,Intermediate Core-Plus Bond,"$57,566,897.00",4574.3
NDEC,Innovator Growth-100 Power Buffer ETF - December,ETF,Nontraditional Equity,Defined Outcome,"$67,715,508.00",8355.9
NDIA,Global X India Active ETF,ETF,International Equity,India Equity,"$60,565,972.00",2732.1
NELS,Nelson Select ETF,ETF,US Equity,Large Blend,"$44,381,560.00",11716.2
NEMG,Leverage Shares 2X Long Nem Daily ETF,"ETF, Leveraged",Miscellaneous,Trading--Leveraged Equity,"$2,226,504.00",16541.9
NETL,Colterpoint Net Lease Real Estate ETF,ETF,Sector Equity,Real Estate,"$47,483,051.00",10581.9
NEWZ,Stocksnips AI-Powered Sentiment US ALL Cap ETF,ETF,US Equity,Mid-Cap Blend,"$18,918,275.00",648.4
NFLP,Kurv Yield Premium Strategy Netflix ETF,ETF,Nontraditional Equity,Derivative Income,"$8,070,954.00",8172.9
NFLT,Virtus Newfleet Multi-Sector Bond ETF,ETF,Taxable Bond,Multisector Bond,"$391,906,696.00",109301.2
NFLW,Roundhill NFLX WeeklyPay ETF,"ETF, Leveraged",Miscellaneous,Trading--Miscellaneous,"$23,698,166.00",23130
NFRX,Harrison Street Infrastructure Active ETF,ETF,Sector Equity,Infrastructure,"$116,445,958.00",9006.1
NHYB,Nuveen High Yield Corporate Bond ETF,ETF,Taxable Bond,High Yield Bond,"$1,612,199,648.00",199004.4
NHYM,Nuveen High Yield Municipal Income ETF,ETF,Municipal Bond,High Yield Muni,"$119,341,151.00",6025.1
NIXT,Research Affiliates Deletions ETF,ETF,US Equity,Small Value,"$35,657,174.00",3911.4
NMB,Simplify National Muni Bond ETF,ETF,Municipal Bond,Muni National Interm,"$46,514,828.00",2765.9
NPFI,Nuveen Preferred And Income ETF,ETF,Taxable Bond,Preferred Stock,"$145,080,206.00",15543.5
NRSH,Aztlan North America Nearshoring Stock Selection ETF,ETF,Sector Equity,Industrials,"$21,564,432.00",136.7
NSCI,Nuveen Securitized Income ETF,ETF,Taxable Bond,Securitized Bond - Diversified,"$121,456,558.00",8640.7
NUMI,Nuveen Municipal Income ETF,ETF,Municipal Bond,Muni National Interm,"$77,312,671.00",8225
NUSA,Nuveen ESG 1-5 Year U.S. Aggregate Bond ETF,ETF,Taxable Bond,Short-Term Bond,"$34,144,880.00",7962.9
NUSB,Nuveen Ultra Short Income ETF,ETF,Taxable Bond,Ultrashort Bond,"$156,282,250.00",1695.1
NVDB,ProShares Ultra NVDA,"ETF, Leveraged",Miscellaneous,Trading--Leveraged Equity,"$8,515,717.00",48503.4
NVDS,Tradr 1.5X Short NVDA Daily ETF,"ETF, Leveraged, Inverse",Miscellaneous,Trading--Inverse Equity,"$27,645,626.00",783625.8
NVII,REX NVDA Growth & Income ETF,"ETF, Leveraged",Miscellaneous,Trading--Leveraged Equity,"$72,606,804.00",106809.2
NXUS,Nuveen International Aggregate Bond ETF,ETF,Taxable Bond,Global Bond-USD Hedged,"$3,676,416,718.00",516949.1
NYM,AB New York Intermediate Municipal ETF,ETF,Municipal Bond,Muni Single State Short,"$1,321,259,955.00",65018.5
OACP,OneAscent Core Plus Bond ETF,ETF,Taxable Bond,Intermediate Core-Plus Bond,"$233,450,783.00",31177.4
OAKG,Oakmark Global Large Cap ETF,ETF,International Equity,Global Large-Stock Value,"$36,858,755.00",2676.6
OAKI,Oakmark International Large Cap ETF,ETF,International Equity,Foreign Large Value,"$71,465,703.00",20493.4
OAKM,Oakmark U.S. Large Cap ETF,ETF,US Equity,Large Value,"$1,080,955,173.00",213802.4
OBND,State Street® Loomis Sayles Opportunistic Bond ETF,ETF,Taxable Bond,Multisector Bond,"$53,609,867.00",17132.1
OCTB,Aptus October Buffer ETF,ETF,Nontraditional Equity,Defined Outcome,"$31,116,248.00",2841.6
OCTH,Innovator Premium Income 20 Barrier ETF - October,ETF,Nontraditional Equity,Defined Outcome,"$19,866,163.00",2319.3
OCTJ,Innovator Premium Income 30 Barrier ETF - October,ETF,Nontraditional Equity,Defined Outcome,"$19,258,690.00",3911.6
ODDS,Pacer BlueStar Digital Entertainment ETF,ETF,Sector Equity,Technology,"$3,917,313.00",1196.2
OEI,Optimized Equity Income ETF,ETF,US Equity,Large Value,"$35,114,655.00",8537.9
ONEH,TrueShares Equity Hedge ETF,ETF,Nontraditional Equity,Equity Hedged,"$13,878,089.00",2327.6
ONEZ,TrueShares Seasonality Laddered Buffered ETF,ETF,Nontraditional Equity,Defined Outcome,"$129,054,642.00",22911.3
OPEX,Tradr 2X Long OPEN Daily ETF,"ETF, Leveraged",Miscellaneous,Trading--Leveraged Equity,"$16,871,759.00",81685.8
PALD,Direxion Daily PANW Bear 1X Shares,"ETF, Inverse",Miscellaneous,Trading--Inverse Equity,"$2,896,341.00",2027.8
PAPI,Parametric Equity Premium Income ETF,ETF,Nontraditional Equity,Derivative Income,"$325,293,408.00",89720.9
PAYH,TrueShares S&P Autocallable High Income ETF,ETF,Nontraditional Equity,Derivative Income,"$1,428,266.00",66662.6
PAYM,TrueShares S&P Autocallable Defensive Income ETF,ETF,Nontraditional Equity,Derivative Income,"$66,911,219.00",38690.6
PBDC,Putnam BDC Income ETF,ETF,Sector Equity,Financial,"$227,311,021.00",177008.3
PBOT,Pictet AI & Automation ETF,ETF,Sector Equity,Technology,"$9,962,853.00",281.1
PBPH,Portfolio Building Block World Pharma And Biotech Index ETF,ETF,Sector Equity,Health,"$522,230,878.00",837943.7
PBTP,Invesco 0-5 Yr US TIPS ETF,ETF,Taxable Bond,Short-Term Inflation-Protected Bond,"$67,427,927.00",9040.1
PCHI,Polen High Income ETF,ETF,Taxable Bond,High Yield Bond,"$22,038,154.00",2033.8
PCLN,Pictet Cleaner Planet ETF,ETF,International Equity,Global Small/Mid Stock,"$14,496,322.00",86.8
PCLO,Virtus SEIX AAA Private Credit CLO ETF,ETF,Taxable Bond,Securitized Bond - Focused,"$18,723,592.00",2043
PDDL,GraniteShares 2x Long PDD Daily ETF,"ETF, Leveraged",Miscellaneous,Trading--Leveraged Equity,"$8,904,083.00",16104.8
PEVC,Pacer PE/VC ETF,ETF,US Equity,Large Growth,"$3,366,311.00",288.1
PFDE,Pathfinder Disciplined US Equity ETF,ETF,US Equity,Large Blend,"$102,905,820.00",13369.8
PFIG,Invesco Fundamental Investment Grade Corporate Bond ETF,ETF,Taxable Bond,Corporate Bond,"$109,758,400.00",36976
PFOE,Pathfinder Focused Opportunities ETF,ETF,US Equity,Large Growth,"$99,787,959.00",14589.2
PFUT,Putnam Sustainable Future ETF,ETF,US Equity,Mid-Cap Growth,"$137,850,298.00",532853.1
PGJ,Invesco Golden Dragon China ETF,ETF,International Equity,China Region,"$122,303,312.00",35995.8
PGRI,Putnam International Stock ETF,ETF,International Equity,Foreign Large Growth,"$5,389,705.00",381.4
PICB,Invesco International Corporate Bond ETF,ETF,Taxable Bond,Global Bond,"$338,909,999.00",175135.3
PIE,Invesco Dorsey Wright Emerging Markets Momentum ETF,ETF,International Equity,Diversified Emerging Mkts,"$160,742,884.00",40578.4
PIEL,Pacer International Export Leaders ETF,ETF,International Equity,Foreign Large Blend,"$1,106,407.00",120.3
PLGI,PL Growth and Income ETF,ETF,Allocation,Tactical Allocation,"$61,251,382.00",4430.7
PLTW,Roundhill PLTR WeeklyPay ETF,"ETF, Leveraged",Miscellaneous,Trading--Miscellaneous,"$138,823,371.00",191160.2
PMAP,PGIM S&P 500 Max Buffer ETF - April,ETF,Nontraditional Equity,Defined Outcome,"$2,656,957.00",0.3
PMAU,PGIM S&P 500 Max Buffer ETF - August,ETF,Nontraditional Equity,Defined Outcome,"$3,628,641.00",417.9
PMDE,PGIM S&P 500 Max Buffer ETF - December,ETF,Nontraditional Equity,Defined Outcome,"$7,066,639.00",313
PMFB,PGIM S&P 500 Max Buffer ETF - February,ETF,Nontraditional Equity,Defined Outcome,"$5,350,916.00",554.1
PMJA,PGIM S&P 500 Max Buffer ETF - January,ETF,Nontraditional Equity,Defined Outcome,"$4,571,135.00",124.2
PMJL,PGIM S&P 500 Max Buffer ETF - July,ETF,Nontraditional Equity,Defined Outcome,"$2,341,568.00",20
PMJN,PGIM S&P 500 Max Buffer ETF - June,ETF,Nontraditional Equity,Defined Outcome,"$3,156,567.00",0.4
PMMR,PGIM S&P 500 Max Buffer ETF - March,ETF,Nontraditional Equity,Defined Outcome,"$2,664,917.00",11180.4
PMMY,PGIM S&P 500 Max Buffer ETF - May,ETF,Nontraditional Equity,Defined Outcome,"$2,638,459.00",0
PMNV,PGIM S&P 500 Max Buffer ETF - November,ETF,Nontraditional Equity,Defined Outcome,"$5,821,125.00",0.1
PMOC,PGIM S&P 500 Max Buffer ETF - October,ETF,Nontraditional Equity,Defined Outcome,"$3,559,697.00",662.5
PMSE,PGIM S&P 500 Max Buffer ETF - September,ETF,Nontraditional Equity,Defined Outcome,"$4,109,896.00",40.1
POW,VistaShares Electrification Supercycle ETF,ETF,Sector Equity,Industrials,"$24,283,927.00",36291.6
POWR,iShares U.S. Power Infrastructure ETF,ETF,Sector Equity,Infrastructure,"$117,293,297.00",119304.8
PPIE,Putnam Panagora ESG International Equity ETF -,ETF,International Equity,Foreign Large Blend,"$9,884,466.00",341993
PRCS,Parnassus Core Select ETF,ETF,US Equity,Large Blend,"$115,393,109.00",70257.4
PRIV,State Street® IG Public & Private Credit ETF,ETF,Taxable Bond,Intermediate Core-Plus Bond,"$853,497,590.00",25488.1
PRMR,PeakShares RMR Prime Equity ETF,ETF,US Equity,Large Blend,"$54,573,432.00",29279.4
PRSD,State Street Short Duration Ig Public & Private Credit ETF,ETF,Taxable Bond,Short-Term Bond,"$126,127,467.00",219479.8
PVI,Invesco Floating Rate Municipal Income ETF,ETF,Municipal Bond,Muni National Short,"$31,009,354.00",5159.5
PWZ,Invesco California AMT-Free Municipal Bond ETF,ETF,Municipal Bond,Muni California Long,"$1,099,858,609.00",165527.5
PXH,Invesco RAFI Emerging Markets ETF,ETF,International Equity,Diversified Emerging Mkts,"$1,980,351,952.00",370271.9
PYLD,PIMCO Multisector Bond Active Exchange-Traded Fund,ETF,Taxable Bond,Multisector Bond,"$12,486,076,988.00",3641311
PZA,Invesco National AMT-Free Municipal Bond ETF,ETF,Municipal Bond,Muni National Long,"$3,775,956,807.00",1565511.8
QALT,SEI DBi Multi-Strategy Alternative ETF,ETF,Alternative,Multistrategy,"$193,090,539.00",11451.5
QBER,TrueShares Quarterly Bear Hedge ETF,ETF,Taxable Bond,Nontraditional Bond,"$183,080,315.00",154046.8
QBSF,AllianzIM U.S. Equity Buffer15 ETF,ETF,Nontraditional Equity,Defined Outcome,"$30,374,996.00",15091.4
QBUL,TrueShares Quarterly Bull Hedge ETF,ETF,Taxable Bond,Nontraditional Bond,"$8,752,640.00",12590.7
QCAP,FT Vest NASDAQ-100 Conservative Buffer ETF - April,ETF,Nontraditional Equity,Defined Outcome,"$38,242,375.00",2900.7
QCJL,FT Vest NASDAQ-100 Conservative Buffer ETF - July,ETF,Nontraditional Equity,Defined Outcome,"$68,982,850.00",5977.8
QCLR,Global X NASDAQ 100® Collar 95-110 ETF,ETF,Nontraditional Equity,Equity Hedged,"$3,924,615.00",3174.7
QCMD,Direxion Daily QCOM Bear 1X Shares,"ETF, Inverse",Miscellaneous,Trading--Inverse Equity,"$2,581,007.00",598.9
QDVO,Amplify CWP Growth & Income ETF,ETF,Nontraditional Equity,Derivative Income,"$607,254,155.00",347092.5
QFHD,Pacer S&P 500 Quality FCF High Dividend ETF,ETF,US Equity,Large Blend,"$1,076,933.00",128
QFRD,Pacer S&P 500 Quality FCF R&D Leaders ETF,ETF,US Equity,Large Growth,"$964,440.00",33.7
QGRD,Horizon NASDAQ-100 Defined Risk ETF,ETF,Nontraditional Equity,Equity Hedged,"$75,400,413.00",11298
QLTI,GMO International Quality ETF,ETF,International Equity,Foreign Large Growth,"$287,467,760.00",88393.1
QMAG,FT Vest Nasdaq-100 Moderate Buffer ETF - August,ETF,Nontraditional Equity,Defined Outcome,"$59,167,007.00",8352
QMID,Wisdomtree U.S. Midcap Quality Growth Fund,ETF,US Equity,Mid-Cap Growth,"$1,457,491.00",2728.7
QMMY,FT Vest NASDAQ-100 Moderate Buffer ETF - May,ETF,Nontraditional Equity,Defined Outcome,"$70,496,800.00",6606.6
QMNV,FT Vest Nasdaq-100® Moderate Buffer ETF – November,ETF,Nontraditional Equity,Defined Outcome,"$58,305,555.00",9665.5
QNXT,iShares Nasdaq-100 ex Top 30 ETF,ETF,US Equity,Large Growth,"$16,778,083.00",1464
QQLV,Invesco QQQ Low Volatility ETF,ETF,US Equity,Large Blend,"$4,018,232.00",4252.5
QQQG,Pacer Nasdaq 100 Top 50 Cash Cows Growth Leaders ETF,ETF,US Equity,Large Growth,"$9,430,802.00",2930.4
QQWZ,Pacer Cash COWZ 100-Nasdaq 100 Rotator ETF,ETF,US Equity,Large Value,"$28,661,046.00",12463.1
QTAC,Q3 All-Season Tactical Advantage ETF,ETF,Allocation,Tactical Allocation,"$49,416,513.00",43118.9
QTPI,North Square RCIM Tax-Advantaged Preferred and Income Securities ETF,ETF,Taxable Bond,Preferred Stock,"$74,063,606.00",9247.1
QUIZ,Zacks Quality International ETF,ETF,International Equity,Foreign Large Blend,"$70,791,347.00",18226.5
QUVU,Hartford Quality Value ETF,ETF,US Equity,Large Value,"$180,976,720.00",8136
QXQ,SGI Enhanced Nasdaq-100 ETF,ETF,Nontraditional Equity,Derivative Income,"$70,014,155.00",13070.3
QYLG,Global X Nasdaq 100® Covered Call & Growth ETF,ETF,Nontraditional Equity,Derivative Income,"$136,885,929.00",57333.6
RAAA,Reckoner Yield Enhanced AAA CLO ETF,"ETF, Leveraged",Taxable Bond,Ultrashort Bond,"$32,665,706.00",8141.9
RAUS,RACWI US ETF,ETF,US Equity,Large Blend,"$38,968,451.00",7022.2
RCLO,Reckoner BBB-B CLO ETF,ETF,Taxable Bond,Short-Term Bond,"$27,144,544.00",6789.6
RDFI,Rareview Dynamic Fixed Income ETF,ETF,Taxable Bond,Multisector Bond,"$74,302,525.00",19543.7
RDVI,FT Vest Rising Dividend Achievers Target Income ETF,ETF,Nontraditional Equity,Derivative Income,"$2,891,459,314.00",634320.7
REET,iShares Global REIT ETF,ETF,Sector Equity,Global Real Estate,"$4,782,772,962.00",1842921.7
RIGS,RiverFront Strategic Income Fund,ETF,Taxable Bond,Multisector Bond,"$67,117,240.00",5542.2
RMCA,Rockefeller California Municipal Bond ETF,ETF,Municipal Bond,Muni California Long,"$14,680,184.00",1320
RMIF,LHA Risk-Managed Income ETF,ETF,Taxable Bond,Multisector Bond,"$27,843,357.00",2058.4
RMNY,Rockefeller New York Municipal Bond ETF,ETF,Municipal Bond,Muni New York Long,"$22,258,469.00",2263.6
RMOP,Rockefeller Opportunistic Municipal Bond ETF,ETF,Municipal Bond,High Yield Muni,"$329,546,985.00",88119.6
RMRC,ARMOR Core Risk-Managed ETF,ETF,Allocation,Tactical Allocation,"$252,419.00",1294.8
RONB,Baron First Principles ETF,ETF,US Equity,Large Growth,"$201,637,751.00",551840.9
RSMC,Rockefeller U.S. Small-Mid Cap ETF,ETF,US Equity,Small Growth,"$715,507,497.00",29464
RSMV,Relative Strength Managed Volatility Strategy ETF,ETF,US Equity,Large Growth,"$32,349,902.00",11204.6
RSSX,Return Stacked U.S. Stocks & Gold/Bitcoin ETF,ETF,Alternative,Multi-Asset Leveraged,"$64,557,338.00",15306.5
RTRE,Rareview Total Return Bond ETF,ETF,Taxable Bond,Intermediate Core-Plus Bond,"$62,269,649.00",6882.1
RULE,Adaptive Core ETF,ETF,Allocation,Moderate Allocation,"$13,490,475.00",749.9
RVNU,Xtrackers Municipal Infrastructure Revenue Bond ETF,ETF,Municipal Bond,Muni National Long,"$137,196,282.00",10712.2
RW,Rainwater Equity ETF,ETF,International Equity,Global Large-Stock Growth,"$19,236,758.00",8320.2
SAA,ProShares Ultra SmallCap600,"ETF, Leveraged",Miscellaneous,Trading--Leveraged Equity,"$24,722,870.00",4984.5
SAUG,FT Vest U.S. Small Cap Moderate Buffer ETF - August,ETF,Nontraditional Equity,Defined Outcome,"$97,407,994.00",9973.1
SBAR,Simplify Barrier Income ETF,ETF,Nontraditional Equity,Derivative Income,"$262,796,379.00",178597.9
SCCR,Schwab® Core Bond ETF,ETF,Taxable Bond,Intermediate Core Bond,"$1,218,047,802.00",257251.9
SCDV,Bahl & Gaynor Small Cap Dividend ETF,ETF,US Equity,Small Blend,"$144,389,781.00",6340.4
SCEC,Sterling Capital Enhanced Core Bond ETF,ETF,Taxable Bond,Intermediate Core-Plus Bond,"$509,914,897.00",79385.2
SCEP,Sterling Capital Hedged Equity Premium Income ETF,ETF,US Equity,Large Blend,"$220,280,510.00",31772
SCHB,Schwab U.S. Broad Market ETF™,ETF,US Equity,Large Blend,"$38,703,260,566.00",12137907.9
SCHF,Schwab International Equity ETF™,ETF,International Equity,Foreign Large Blend,"$62,920,696,064.00",15200072.1
SCHJ,Schwab 1-5 Year Corporate Bond ETF,ETF,Taxable Bond,Short-Term Bond,"$731,071,503.00",206305.5
SCHO,Schwab Short-Term U.S. Treasury ETF™,ETF,Taxable Bond,Short Government,"$12,344,682,096.00",2996364.9
SCHP,Schwab U.S. TIPS ETF™,ETF,Taxable Bond,Inflation-Protected Bond,"$15,634,319,789.00",4357253.2
SCHR,Schwab Intermediate-Term U.S. Treasury ETF™,ETF,Taxable Bond,Intermediate Government,"$13,165,910,561.00",2462451.5
SCHX,Schwab U.S. Large-Cap ETF™,ETF,US Equity,Large Blend,"$64,140,176,020.00",29384511.6
SCHZ,Schwab U.S. Aggregate Bond ETF™,ETF,Taxable Bond,Intermediate Core Bond,"$10,090,636,860.00",1948780.3
SCMB,Schwab Municipal Bond ETF,ETF,Municipal Bond,Muni National Interm,"$3,669,107,004.00",1230780.9
SCMC,Sterling Capital Multi-Strategy Income ETF,ETF,Taxable Bond,Multisector Bond,"$163,859,722.00",24306.8
SCNM,Sterling Capital National Municipal Bond ETF,ETF,Municipal Bond,Muni National Interm,"$185,056,261.00",21335.6
SCUS,Schwab Ultra-Short Income ETF,ETF,Taxable Bond,Ultrashort Bond,"$214,639,033.00",106519.7
SCYB,Schwab High Yield Bond ETF,ETF,Taxable Bond,High Yield Bond,"$2,379,301,619.00",1332450.2
SDCI,USCF SummerHaven Dynamic Commodity Strategy No K-1 Fund,ETF,Commodities,Commodities Broad Basket,"$435,981,961.00",226066.8
SDCP,Virtus Newfleet Short Duration Core Plus Bond ETF,ETF,Taxable Bond,Short-Term Bond,"$12,917,723.00",1496.1
SDIV,Global X SuperDividend™ ETF,ETF,International Equity,Global Small/Mid Stock,"$1,262,629,853.00",986945.4
SDMF,Simplify DBi CTA Managed Futures Index ETF,ETF,Alternative,Systematic Trend,"$2,597,303.00",11419.4
SECR,NYLI MacKay Securitized Income ETF,ETF,Taxable Bond,Securitized Bond - Diversified,"$165,855,773.00",4301.4
SEIX,Virtus Seix Senior Loan ETF,ETF,Taxable Bond,Bank Loan,"$239,876,903.00",121473.2
SEMG,Suncoast Select Growth ETF,ETF,US Equity,Large Growth,"$56,512,317.00",31454.1
SEPI,Shelton Equity Premium Income ETF,ETF,Nontraditional Equity,Derivative Income,"$75,958,046.00",42455.7
SFEB,FT Vest U.S. Small Cap Moderate Buffer ETF – February,ETF,Nontraditional Equity,Defined Outcome,"$96,713,277.00",59958
SFTX,Horizon International Managed Risk ETF,ETF,Allocation,Tactical Allocation,"$420,055,117.00",27022
SGRT,SMART Earnings Growth 30 ETF,ETF,US Equity,Large Growth,"$34,156,731.00",43390.9
SIO,Touchstone Strategic Income ETF,ETF,Taxable Bond,Multisector Bond,"$244,542,246.00",16898.5
SJCP,SanJac Alpha Core Plus Bond ETF,ETF,Taxable Bond,Intermediate Core-Plus Bond,"$2,796,008.00",823.2
SJLD,SanJac Alpha Low Duration ETF,ETF,Taxable Bond,Short-Term Bond,"$2,556,471.00",219.2
SJNK,State Street® SPDR® Bloomberg Short Term High Yield Bond ETF,ETF,Taxable Bond,High Yield Bond,"$5,091,112,944.00",5330960
SKYU,ProShares Ultra Cloud Computing,"ETF, Leveraged",Miscellaneous,Trading--Inverse Equity,"$1,398,791.00",2251.4
SLVX,Nicholas Silver Income ETF,ETF,Sector Equity,Equity Precious Metals,"$2,552,579.00",7296.4
SMAP,Amplify Small-Mid Cap Equity ETF,ETF,US Equity,Small Blend,"$649,841.00",917.3
SMAX,iShares Large Cap Max Buffer Sep ETF,ETF,Nontraditional Equity,Defined Outcome,"$109,507,833.00",2978.3
SMAY,FT Vest U.S. Small Cap Moderate Buffer ETF - May,ETF,Nontraditional Equity,Defined Outcome,"$85,019,477.00",9859.6
SMBS,Schwab® Mortgage-Backed Securities ETF,ETF,Taxable Bond,Government Mortgage-Backed Bond,"$6,257,529,588.00",638795.2
SMCO,Hilton Small-Midcap Opportunity ETF,ETF,US Equity,Mid-Cap Blend,"$155,668,022.00",23324.6
SMOM,Symmetry Panoramic Sector Momentum ETF,ETF,US Equity,Large Blend,"$58,609,001.00",6941.9
SMOX,Horizon Small/Mid Cap Core Equity ETF,ETF,US Equity,Mid-Cap Blend,"$56,186,627.00",3440.1
SMRF,"ALPS Nautilus SMR, Nuclear & Technology ETF",ETF,US Equity,Large Blend,"$5,921,053.00",8255.5
SMTH,ALPS Smith Core Plus Bond ETF,ETF,Taxable Bond,Intermediate Core-Plus Bond,"$2,555,301,756.00",271287.1
SNOU,T-Rex 2X Long SNOW Daily Target ETF,"ETF, Leveraged",Miscellaneous,Trading--Leveraged Equity,"$11,378,818.00",123094.4
SNOV,FT Vest U.S. Small Cap Moderate Buffer ETF - November,ETF,Nontraditional Equity,Defined Outcome,"$114,759,987.00",8763.1
SNPX,Tradr 2X Long SNPS Daily ETF,"ETF, Leveraged",Miscellaneous,Trading--Leveraged Equity,"$1,620,937.00",21220.1
SNTH,MRP SynthEquity ETF,ETF,Nontraditional Equity,Equity Hedged,"$139,214,240.00",27559.1
SOVF,Sovereign's Capital Flourish Fund,ETF,US Equity,Mid-Cap Blend,"$96,853,715.00",9119.1
SOYB,Teucrium Soybean Fund,ETF,Commodities,Commodities Focused,"$41,083,698.00",112640
SPAB,State Street® SPDR® Portfolio Aggregate Bond ETF,ETF,Taxable Bond,Intermediate Core Bond,"$9,258,687,304.00",2978823
SPBU,AllianzIM Buffer15 Uncapped Allocation ETF,ETF,Nontraditional Equity,Defined Outcome,"$133,207,965.00",47459.6
SPBW,AllianzIM Buffer20 Allocation ETF,ETF,Nontraditional Equity,Defined Outcome,"$53,822,264.00",11925.1
SPBX,AllianzIM 6 Month Buffer10 Allocation ETF,ETF,Nontraditional Equity,Defined Outcome,"$47,072,037.00",20456.7
SPCZ,RiverNorth Enhanced Pre-Merger SPAC ETF,ETF,Sector Equity,Financial,"$5,776,344.00",513.4
SPHY,State Street® SPDR® Portfolio High Yield Bond ETF,ETF,Taxable Bond,High Yield Bond,"$10,798,016,436.00",6004436.8
SPIP,State Street® SPDR® Portfolio TIPS ETF,ETF,Taxable Bond,Inflation-Protected Bond,"$1,008,943,459.00",244485.9
SPIT,F/m Emerald Special Situations ETF,ETF,US Equity,Large Growth,"$24,250,738.00",4134.5
SPTL,State Street® SPDR® Portfolio Long Term Treasury ETF,ETF,Taxable Bond,Long Government,"$11,238,976,695.00",8371291.2
SPUT,Innovator Equity Premium Income - Daily PutWrite ETF,ETF,Nontraditional Equity,Equity Hedged,"$13,534,613.00",2886.4
SPXD,Xtrackers S&P 500 Diversified Sector Weight ETF,ETF,US Equity,Large Value,"$6,680,014.00",6788.3
SPYA,Twin Oak Endure ETF,ETF,Nontraditional Equity,Equity Hedged,"$121,591,811.00",641.3
SPYU,MAX S&P 500 4X Leveraged ETN,"ETN, Leveraged",Miscellaneous,Trading--Leveraged Equity,"$425,928,288.00",2023198.5
SSG,ProShares UltraShort Semiconductors,"ETF, Leveraged, Inverse",Miscellaneous,Trading--Inverse Equity,"$20,754,185.00",254285.1
STAX,Nomura Tax-Free USA Short Term ETF,ETF,Municipal Bond,Muni National Short,"$5,760,880.00",985.3
STBF,Performance Trust Short Term Bond ETF,ETF,Taxable Bond,Short-Term Bond,"$39,796,688.00",14160.7
STEN,iShares Large Cap 10% Target Buffer Sep ETF,ETF,Nontraditional Equity,Defined Outcome,"$33,951,908.00",6025.5
SUIS,Canary Staked SUI ETF,ETF,Alternative,Digital Assets,"$23,735,276.00",3387.4
SUSB,iShares ESG 1-5 Year USD Corporate Bond ETF,ETF,Taxable Bond,Short-Term Bond,"$1,091,962,722.00",152230.2
SUSC,iShares ESG USD Corporate Bond ETF,ETF,Taxable Bond,Corporate Bond,"$1,404,158,705.00",237141.6
SYZ,Lazard US Systematic Small Cap Equity ETF,ETF,US Equity,Small Blend,"$59,627,538.00",4469.4
TABD,Transamerica Bond Active ETF,ETF,Taxable Bond,Intermediate Core-Plus Bond,"$67,357,882.00",2000.8
TACN,T. Rowe Price Active Core International Equity ETF,ETF,International Equity,Foreign Large Blend,"$19,746,311.00",5044.9
TACU,T. Rowe Price Active Core U.S. Equity ETF,ETF,US Equity,Large Blend,"$11,894,155.00",7081.5
TAFI,AB Tax-Aware Short Duration Municipal ETF,ETF,Municipal Bond,Muni National Short,"$1,166,871,821.00",307174.5
TAFL,AB Tax-Aware Long Municipal ETF,ETF,Municipal Bond,Muni National Long,"$49,581,957.00",8292.8
TAFM,AB Tax-Aware Intermediate Municipal ETF,ETF,Municipal Bond,Muni National Interm,"$500,000,551.00",136040.1
TAGS,Teucrium Agricultural Fund,ETF,Commodities,Commodities Focused,"$7,458,615.00",33107.1
TALV,Transamerica Large Value Active ETF,ETF,US Equity,Large Value,"$57,613,232.00",911.2
TAPR,Innovator Equity Defined Protection ETF - 2 Yr to April 2027,ETF,Nontraditional Equity,Defined Outcome,"$10,407,021.00",153.5
TAX,Cambria Tax Aware ETF,ETF,US Equity,Mid-Cap Blend,"$23,960,177.00",343.3
TBF,ProShares Short 20+ Year Treasury,"ETF, Inverse",Miscellaneous,Trading--Inverse Debt,"$67,887,481.00",92037.8
TBX,ProShares Short 7-10 Year Treasury,"ETF, Inverse",Miscellaneous,Trading--Inverse Debt,"$12,343,909.00",5866.9
TCAL,T. Rowe Price Capital Appreciation Premium Income ETF,ETF,Nontraditional Equity,Derivative Income,"$266,223,527.00",134246.3
TCHI,iShares MSCI China Multisector Tech ETF,ETF,International Equity,China Region,"$44,198,822.00",24700.7
TCV,Towle Value ETF,ETF,US Equity,Small Value,"$90,067,053.00",9153.4
TDAQ,TappAlpha Innovation 100 Growth & Daily Income ETF,ETF,Nontraditional Equity,Long-Short Equity,"$121,965,103.00",138609.6
TDEC,FT Vest Emerging Markets Buffer ETF - December,ETF,Nontraditional Equity,Defined Outcome,"$10,266,022.00",21617.7
TDSB,ETC Cabana Target Beta ETF,ETF,Allocation,Tactical Allocation,"$52,447,617.00",9937.4
TDSC,ETC Cabana Target Drawdown 10 ETF,ETF,Allocation,Tactical Allocation,"$108,571,666.00",16015.8
TDTF,FlexShares iBoxx 5-Year Target Duration TIPS Index Fund,ETF,Taxable Bond,Inflation-Protected Bond,"$1,002,072,214.00",148158.5
TDTT,FlexShares iBoxx 3-Year Target Duration TIPS Index Fund,ETF,Taxable Bond,Short-Term Inflation-Protected Bond,"$2,544,050,251.00",306867.8
TDVI,FT Vest Technology Dividend Target Income ETF,ETF,Nontraditional Equity,Derivative Income,"$300,871,571.00",94512.9
TEC,Harbor Transformative Technologies ETF,ETF,Sector Equity,Technology,"$6,078,945.00",720.8
TEMD,Templeton Emerging Markets Debt ETF,ETF,Taxable Bond,Emerging Markets Bond,"$51,114,843.00",5056.4
TEMT,Tradr 2X Long TEM Daily ETF,"ETF, Leveraged",Miscellaneous,Trading--Leveraged Equity,"$37,901,713.00",362223.7667
TEND,Ishares Large Cap 10% Target Buffer Dec ETF,ETF,Nontraditional Equity,Defined Outcome,"$49,117,233.00",24741.3
TENJ,ishares Large Cap 10% Target Buffer Jun ETF,ETF,Nontraditional Equity,Defined Outcome,"$11,265,098.00",2
TENM,ishares Large Cap 10% Target Buffer Mar ETF,ETF,Nontraditional Equity,Defined Outcome,"$183,327,413.00",2838.6
TEXX,Horizon Kinetics Texas ETF,ETF,Sector Equity,Equity Energy,"$2,127,491.00",5710
TFNS,T. Rowe Price Financials ETF,ETF,Sector Equity,Financial,"$11,706,255.00",1244.1
TGLB,T. Rowe Price Global Equity ETF,ETF,International Equity,Global Large-Stock Blend,"$20,884,054.00",261.2
THEQ,T. Rowe Price Hedged Equity ETF,ETF,Nontraditional Equity,Equity Hedged,"$35,477,447.00",1944.9
THNR,Amplify Weight Loss Drug & Treatment ETF,ETF,Sector Equity,Health,"$4,414,551.00",1343.2
THRV,Prospera Income ETF,ETF,Other,Miscellaneous Allocation,"$3,420,724.00",2113
TIME,Clockwise U.S. Core Equity ETF,ETF,US Equity,Large Growth,"$10,275,093.00",7645.5
TINS,Templeton International Insights ETF,ETF,International Equity,Foreign Large Blend,"$5,765,380.00",205.1
TJAN,Innovator Equity Defined Protection ETF - 2 Yr to January 2027,ETF,Nontraditional Equity,Defined Outcome,"$32,972,211.00",1046.3
TLA,Graniteshares Autocallable Tsla ETF,ETF,Nontraditional Equity,Derivative Income,"$993,745.00",2013.4
TLCI,Touchstone International Equity ETF,ETF,International Equity,Foreign Large Blend,"$108,236,268.00",3817.5
TLDR,The Laddered T-Bill ETF,ETF,Taxable Bond,Ultrashort Bond,"$3,503,346.00",3516
TLTX,Global X Treasury Bond Enhanced Income ETF,ETF,Taxable Bond,Intermediate Government,"$6,639,019.00",8296
TMAR,FT Vest Emerging Markets Buffer ETF - March,ETF,Nontraditional Equity,Defined Outcome,"$2,321,893.00",559.2
TMAT,Main Thematic Innovation ETF,ETF,International Equity,Global Small/Mid Stock,"$196,642,299.00",19831.8
TMB,Thornburg Multi Sector Bond ETF,ETF,Taxable Bond,Multisector Bond,"$89,041,900.00",120608.7
TNUK,Tortoise Nuclear Renaissance ETF,ETF,Sector Equity,Equity Energy,"$2,237,629.00",1515.1
TNXT,T. Rowe Price Innovation Leaders ETF,ETF,US Equity,Large Growth,"$16,123,830.00",1831.9
TOCT,Innovator Equity Defined Protection ETF - 2 Yr To October 2027,ETF,Nontraditional Equity,Defined Outcome,"$17,336,758.00",4136
TOS,Twin Oak Strategic Solutions ETF,ETF,US Equity,Large Blend,"$171,209,586.00",696.7
TPLS,Thornburg Core Plus Bond ETF,ETF,Taxable Bond,Intermediate Core-Plus Bond,"$19,371,580.00",1029.1
TROT,Invesco MSCI Treasury Duration Rotation ETF,ETF,Taxable Bond,Long Government,"$1,002,119.00",64.7
TRUC,VanEck Communication Services TruSector ETF,ETF,Sector Equity,Communications,"$517,560.00",14912.1
TRUD,VanEck Consumer Disc TruSector ETF,ETF,Sector Equity,Consumer Cyclical,"$18,607,514.00",112639.1
TRUT,Vaneck Technology Trusector ETF,ETF,Sector Equity,Technology,"$89,594,396.00",263211.4
TSCV,Thrivent Small Cap Value ETF,ETF,US Equity,Small Value,"$162,856,030.00",1150.8
TSEC,Touchstone Securitized Income ETF,ETF,Taxable Bond,Securitized Bond - Diversified,"$129,406,607.00",35472.9
TSEL,Touchstone Sands Capital US Select Growth ETF,ETF,US Equity,Large Growth,"$111,140,723.00",23235.3
TSEP,FT Vest Emerging Markets Buffer ETF - September,ETF,Nontraditional Equity,Defined Outcome,"$13,875,410.00",9586.8
TSIC,Truth Social American Icons ETF,ETF,US Equity,Large Blend,"$4,101,657.00",2090.4
TSLI,Proshares Ultra TSLA,"ETF, Leveraged",Miscellaneous,Trading--Leveraged Equity,"$3,285,197.00",17010.2
TSLR,Graniteshares 2x Long TSLA Daily ETF,"ETF, Leveraged",Miscellaneous,Trading--Leveraged Equity,"$167,952,273.00",1595001.4
TSLW,Roundhill TSLA WeeklyPay ETF,"ETF, Leveraged",Miscellaneous,Trading--Miscellaneous,"$111,470,078.00",102385.3
TSNF,Truth Social American Next Frontiers ETF,ETF,Sector Equity,Technology,"$11,718,067.00",11644.6
TSPX,Twin Oak Active Opportunities ETF,ETF,Allocation,Moderate Allocation,"$252,792,219.00",22.2
TSPY,TappAlpha SPY Growth & Daily Income ETF,ETF,Nontraditional Equity,Derivative Income,"$254,552,214.00",337778.9
TSRS,Truth Social American Red State REITs ETF,ETF,Sector Equity,Real Estate,"$4,078,260.00",1217.9
TSSD,Truth Social American Security & Defense ETF,ETF,Sector Equity,Industrials,"$12,345,400.00",9837.6
TUGN,STF Tactical Growth & Income ETF,ETF,Allocation,Tactical Allocation,"$69,183,473.00",10927.8
TUSI,Touchstone Ultra Short Income ETF,ETF,Taxable Bond,Ultrashort Bond,"$357,425,371.00",198718.5
TXUG,Thornburg International Growth ETF,ETF,International Equity,Foreign Large Growth,"$5,127,106.00",29.2
TYD,Direxion Daily 7-10 Year Treasury Bull 3X Shares,"ETF, Leveraged",Miscellaneous,Trading--Leveraged Debt,"$45,449,800.00",40509.7
TYLD,Cambria Tactical Yield ETF,ETF,Taxable Bond,Multisector Bond,"$31,614,013.00",2885.9
UBOT,"Direxion Daily Robotics, Artificial Intelligence & Automation Index Bull 2X Shares","ETF, Leveraged",Miscellaneous,Trading--Leveraged Equity,"$34,195,946.00",28229.7
UCON,First Trust Smith Unconstrained Plus Bond ETF,ETF,Taxable Bond,Nontraditional Bond,"$3,260,049,097.00",702046.5
UFOD,Tuttle Capital UFO Disclosure ETF,ETF,US Equity,Large Blend,"$1,297,114.00",4065
UMDD,ProShares UltraPro MidCap400,"ETF, Leveraged",Miscellaneous,Trading--Leveraged Equity,"$32,864,560.00",17740.8
UNX,Tradr 2X Long U Daily ETF,"ETF, Leveraged",Miscellaneous,Trading--Leveraged Equity,"$4,625,657.00",52959.53
UPGR,Xtrackers US Green Infrastructure Select Equity ETF,ETF,Sector Equity,Infrastructure,"$5,623,743.00",560.4
UPSD,Aptus Large Cap Upside ETF,ETF,US Equity,Large Blend,"$101,709,972.00",17736.6
UPW,ProShares Ultra Utilities,"ETF, Leveraged",Miscellaneous,Trading--Leveraged Equity,"$16,860,887.00",44130.9
USAX,Tradr 2X Long USAR Daily ETF,"ETF, Leveraged",Miscellaneous,Trading--Leveraged Equity,"$9,863,621.00",159543.6
USDU,WisdomTree Bloomberg U.S. Dollar Bullish Fund,ETF,Miscellaneous,Trading--Miscellaneous,"$181,976,454.00",982939.2
USDX,SGI Enhanced Core ETF,ETF,Taxable Bond,Intermediate Core Bond,"$324,778,280.00",120515.1
USE,USCF Energy Commodity Strategy Absolute Return Fund,ETF,Commodities,Commodities Focused,"$2,295,279.00",15790.8
USFI,Brandywineglobal-U.S. Fixed Income ETF,ETF,Taxable Bond,Intermediate Core Bond,"$13,629,222.00",16360.1
USMD,CoreValues America First Technology ETF,ETF,Sector Equity,Technology,"$1,001,492.00",59.5
UUP,Invesco DB US Dollar Index Bullish Fund,ETF,Miscellaneous,Trading--Miscellaneous,"$246,672,686.00",2748227.2
VABS,Virtus Newfleet Securitized Income ETF,ETF,Taxable Bond,Securitized Bond - Diversified,"$78,096,438.00",4409.4
VCLN,Virtus Duff & Phelps Clean Energy ETF,ETF,Sector Equity,Miscellaneous Sector,"$5,674,421.00",3038.5
VEM,Virtus Emerging Markets Dividend ETF,ETF,International Equity,Diversified Emerging Mkts,"$10,501,662.00",725.8
VGRO,Virtus Silvant Growth Opportunities ETF,ETF,US Equity,Large Growth,"$2,976,828.00",213.8
VLLU,Harbor AlphaEdge Large Cap Value ETF,ETF,US Equity,Large Value,"$5,457,181.00",7423.4
VNIE,Vontobel International Equity Active ETF,ETF,International Equity,Foreign Large Growth,"$9,281,930.00",90.9
VRAI,Virtus Real Asset Income ETF,ETF,International Equity,Global Small/Mid Stock,"$17,336,450.00",2871.2
VRIG,Invesco Variable Rate Investment Grade ETF,ETF,Taxable Bond,Ultrashort Bond,"$1,427,875,807.00",531283.3
VRP,Invesco Variable Rate Preferred ETF,ETF,Taxable Bond,Preferred Stock,"$2,435,098,581.00",525501.8
VUS,Virtus U.S. Dividend ETF,ETF,US Equity,Large Blend,"$17,225,250.00",431.3
VYLD,"Inverse VIX Short-Term Futures ETNs due March 22, 2045","ETN, Inverse",Miscellaneous,Trading--Miscellaneous,"$1,678,338.00",1521.6
WABF,Western Asset Bond ETF,ETF,Taxable Bond,Intermediate Core-Plus Bond,"$16,770,803.00",669.6
WAR,U.S. Global Technology and Aerospace & Defense ETF,ETF,Sector Equity,Technology,"$15,015,041.00",52336.5
WBIG,WBI BullBear Yield 3000 ETF,ETF,Allocation,Tactical Allocation,"$28,536,227.00",7740.3
WCBR,WisdomTree Cybersecurity Fund,ETF,Sector Equity,Technology,"$72,051,604.00",52650.6
WCPB,Weitz Core Plus Bond ETF,ETF,Taxable Bond,Intermediate Core-Plus Bond,"$161,648,223.00",23548.8
WDCX,Tradr 2X Long WDC Daily ETF,"ETF, Leveraged",Miscellaneous,Trading--Leveraged Equity,"$41,118,948.00",597195
WEBS,Direxion Daily Dow Jones Internet Bear 3X Shares,"ETF, Leveraged, Inverse",Miscellaneous,Trading--Inverse Equity,"$14,525,574.00",146201.1
WEEI,Westwood Salient Enhanced Energy Income ETF,ETF,Sector Equity,Equity Energy,"$48,147,653.00",31876.5
WMSB,Weitz Multisector Bond ETF,ETF,Taxable Bond,Multisector Bond,"$8,213,710.00",204.5
WMTI,Rex Wmt Growth & Income ETF,"ETF, Leveraged",Miscellaneous,Trading--Leveraged Equity,"$3,685,632.00",14457.4
WQTM,WisdomTree Quantum Computing Fund,ETF,Sector Equity,Technology,"$26,422,637.00",29765
WSGE,Warren Street Global Equity ETF,ETF,International Equity,Global Large-Stock Blend,"$44,903,135.00",264.2
WTBN,Wisdomtree Bianco Fixed Income Total Return Fund,ETF,Taxable Bond,Intermediate Core Bond,"$98,853,334.00",12185.5
WTMU,Wisdomtree Core Laddered Municipal Fund,ETF,Municipal Bond,Muni National Interm,"$10,477,671.00",2955.4
WTMY,Wisdomtree High Income Laddered Municipal Fund,ETF,Municipal Bond,High Yield Muni,"$5,149,659.00",82.8
XBFR,Innovator Equity Managed 10 Buffer ETF,ETF,US Equity,Large Blend,"$3,759,630.00",30766.3
XCHG,Ab US Equity ETF,ETF,US Equity,Large Blend,"$659,056,852.00",1214.3
XCLR,Global X S&P 500® Collar 95-110 ETF,ETF,Nontraditional Equity,Equity Hedged,"$3,239,339.00",1666.2
XDEF,Xtrackers Europe Defense Technologies ETF,ETF,Sector Equity,Industrials,"$4,855,982.00",1698.7
XDIV,Roundhill S&P 500 No Dividend Target ETF,ETF,US Equity,Large Blend,"$34,261,114.00",19513.6
XEML,Xtrackers Europe Market Leaders ETF,ETF,International Equity,Europe Stock,"$5,467,583.00",79.3
XLBI,The Materials Select Sector SPDR Premium Income Fund,ETF,Nontraditional Equity,Derivative Income,"$5,593,201.00",7780.3
XLCI,State Street® Communication Services Select Sector SPDR® Premium Income ETF,ETF,Nontraditional Equity,Derivative Income,"$1,766,602.00",1488
XLEI,State Street® Energy Select Sector SPDR® Premium Income ETF,ETF,Nontraditional Equity,Derivative Income,"$14,426,859.00",41698.6
XLII,State Street® Industrial Select Sector SPDR® Premium Income ETF,ETF,Nontraditional Equity,Derivative Income,"$2,881,782.00",7279.6
XLKI,State Street® Technology Select Sector SPDR® Premium Income ETF,ETF,Nontraditional Equity,Derivative Income,"$5,723,447.00",12448.5
XLRI,State Street® Real Estate Select Sector SPDR® Premium Income ETF,ETF,Nontraditional Equity,Derivative Income,"$1,950,006.00",4241.2
XLSI,State Street® Consumer Staples Select Sector SPDR® Premium Income ETF,ETF,Nontraditional Equity,Derivative Income,"$2,041,344.00",5544.8
XLUI,State Street® Utilities Select Sector SPDR® Premium Income ETF,ETF,Nontraditional Equity,Derivative Income,"$8,933,185.00",11926.4
XLVI,State Street® Health Care Select Sector SPDR® Premium Income ETF,ETF,Nontraditional Equity,Derivative Income,"$13,544,994.00",15466.7
XLYI,State Street® Consumer Discretionary Select Sector SPDR® Premium Income ETF,ETF,Nontraditional Equity,Derivative Income,"$1,446,243.00",2237.4
XOEF,iShares S&P 500 ex S&P 100 ETF,ETF,US Equity,Large Blend,"$19,044,881.00",2057.5
XPP,ProShares Ultra FTSE China 50,"ETF, Leveraged",Miscellaneous,Trading--Leveraged Equity,"$14,539,532.00",16115
XTR,Global X S&P 500® Tail Risk ETF,ETF,Nontraditional Equity,Equity Hedged,"$3,182,339.00",5339.9
XV,Simplify Target 15 Distribution ETF,ETF,Nontraditional Equity,Derivative Income,"$66,900,398.00",68834.1
XVOL,Acruence Active Hedge U.S. Equity ETF,ETF,US Equity,Large Blend,"$2,411,734.00",161.7
XXV,Simplify Ancorato Target 25 Distribution ETF,ETF,Nontraditional Equity,Derivative Income,"$51,994,562.00",27571.6
XYLG,Global X S&P 500® Covered Call & Growth ETF,ETF,Nontraditional Equity,Derivative Income,"$64,829,478.00",19873.3
YBIT,YieldMax Bitcoin Option Income Strategy ETF,ETF,Alternative,Digital Assets,"$52,059,629.00",75721.5
YDEC,FT Vest International Equity Moderate Buffer ETF – December,ETF,Nontraditional Equity,Defined Outcome,"$144,521,880.00",30995.6
YJUN,FT Vest International Equity Moderate Buffer ETF – June,ETF,Nontraditional Equity,Defined Outcome,"$143,795,322.00",27752.2
YLDW,Westwood Enhanced Income Opportunity ETF,ETF,Allocation,Moderately Conservative Allocation,"$16,450,463.00",17414.9
YMAR,FT Vest International Equity Moderate Buffer ETF - March,ETF,Nontraditional Equity,Defined Outcome,"$101,073,382.00",14069.3
YSEP,FT Vest International Equity Moderate Buffer ETF - September,ETF,Nontraditional Equity,Defined Outcome,"$127,526,852.00",29787.5
ZAPR,Innovator Equity Defined Protection ETF - 1 Yr April,ETF,Nontraditional Equity,Defined Outcome,"$36,355,933.00",2437.1
ZAUG,Innovator Equity Defined Protection ETF - 1 Yr August,ETF,Nontraditional Equity,Defined Outcome,"$102,186,879.00",6046.9
ZDEK,Innovator Equity Defined Protection ETF - 1 Yr December,ETF,Nontraditional Equity,Defined Outcome,"$122,198,111.00",23884.7
ZFEB,Innovator Equity Defined Protection ETF - 1 Yr February,ETF,Nontraditional Equity,Defined Outcome,"$155,840,669.00",27604.7
ZJAN,Innovator Equity Defined Protection ETF - 1 Yr January,ETF,Nontraditional Equity,Defined Outcome,"$113,357,136.00",9049.1
ZJUN,Innovator Equity Defined Protection ETF - 1 Yr June,ETF,Nontraditional Equity,Defined Outcome,"$35,792,289.00",10448.3
ZMAR,Innovator Equity Defined Protection ETF - 1 Yr March,ETF,Nontraditional Equity,Defined Outcome,"$67,300,315.00",231600
ZMAY,Innovator Equity Defined Protection ETF - 1 Yr May,ETF,Nontraditional Equity,Defined Outcome,"$34,516,657.00",556
ZNOV,Innovator Equity Defined Protection ETF - 1 Yr November,ETF,Nontraditional Equity,Defined Outcome,"$125,403,688.00",24877.3
ZOCT,Innovator Equity Defined Protection ETF - 1 Yr October,ETF,Nontraditional Equity,Defined Outcome,"$121,476,799.00",8117
ZSEP,Innovator Equity Defined Protection ETF - 1 Yr September,ETF,Nontraditional Equity,Defined Outcome,"$133,381,679.00",8149.5
ZTAX,X-Square Municipal Income Tax Free ETF,ETF,Municipal Bond,Muni National Interm,"$4,587,800.00",601.6
AAPB,GraniteShares 2x Long AAPL Daily ETF,"ETF, Leveraged",Miscellaneous,Trading--Leveraged Equity,"$18,942,387.00",129496.1
AAPR,Innovator Equity Defined Protection ETF - 2 Yr To April 2026,ETF,Nontraditional Equity,Defined Outcome,"$53,030,988.00",2477.2
AAPU,Direxion Daily AAPL Bull 2X Shares,"ETF, Leveraged",Miscellaneous,Trading--Leveraged Equity,"$154,672,475.00",1890603.6
AAPW,Roundhill AAPL WeeklyPay ETF,"ETF, Leveraged",Miscellaneous,Trading--Miscellaneous,"$25,449,518.00",8031.5
AAVM,Alpha Architect Global Factor Equity ETF,ETF,Nontraditional Equity,Equity Hedged,"$22,387,792.00",2576
ABCS,Alpha Blue Capital US Small-Mid Cap Dynamic ETF,ETF,US Equity,Mid-Cap Value,"$11,023,814.00",3416.3
ABIG,Argent Large Cap ETF,ETF,US Equity,Large Blend,"$46,511,834.00",1645.4
ABLD,Abacus FCF Real Assets Leaders ETF,ETF,US Equity,Mid-Cap Value,"$47,572,306.00",6145
ABLG,Abacus FCF International Leaders ETF,ETF,International Equity,Foreign Large Blend,"$18,938,754.00",4660.4
ABOT,Abacus FCF Innovation Leaders ETF,ETF,Sector Equity,Technology,"$4,321,856.00",511.4
ACES,ALPS Clean Energy ETF,ETF,Sector Equity,Miscellaneous Sector,"$113,093,901.00",170958.7
AETH,Bitwise Trendwise Ethereum & Treasuries Rotation Strategy ETF,ETF,Alternative,Digital Assets,"$7,022,666.00",1634.1
AFMC,First Trust Active Factor Mid Cap ETF,ETF,US Equity,Mid-Cap Blend,"$136,380,663.00",24454.5
AFSC,abrdn Focused U.S. Small Cap Active ETF,ETF,US Equity,Small Blend,"$11,889,150.00",1953.3
AFSM,First Trust Active Factor Small Cap ETF,ETF,US Equity,Small Blend,"$84,718,869.00",20133.5
AGIX,KraneShares Artificial Intelligence and Technology ETF,ETF,Sector Equity,Technology,"$188,340,673.00",100261.8
AGNG,Global X Aging Population ETF,ETF,Sector Equity,Health,"$89,279,463.00",16198.7
AGOX,Adaptive Alpha Opportunities ETF,ETF,Allocation,Tactical Allocation,"$341,765,899.00",40605.1
AGRW,Allspring LT Large Growth ETF,ETF,US Equity,Large Growth,"$100,056,822.00",236
AHLT,American Beacon AHL Trend ETF,ETF,Alternative,Systematic Trend,"$52,313,237.00",11039.6
AIPI,REX AI Equity Premium Income ETF,ETF,Nontraditional Equity,Derivative Income,"$376,136,227.00",158307.1
AJUL,Innovator Equity Defined Protection ETF - 2 Yr to July 2026,ETF,Nontraditional Equity,Defined Outcome,"$58,567,492.00",1607.3
AKAF,The Frontier Economic Fund,ETF,International Equity,Global Large-Stock Blend,"$3,638,227.00",66.5
ALAI,Alger AI Enablers & Adopters ETF,ETF,Sector Equity,Technology,"$292,635,005.00",103265.3
ALIL,Argent Focused Small Cap ETF,ETF,US Equity,Small Blend,"$24,750,215.00",1703.2
ALLW,State Street® Bridgewater® All Weather® ETF,ETF,Allocation,Tactical Allocation,"$1,017,342,001.00",1190665.9
AMDY,YieldMax AMD Option Income Strategy ETF,ETF,Nontraditional Equity,Derivative Income,"$142,011,688.00",117966.6
AMID,Argent Mid Cap ETF,ETF,US Equity,Mid-Cap Blend,"$108,400,352.00",6461.2
AMJB,Alerian MLP Index ETN,ETN,Sector Equity,Energy Limited Partnership,"$811,757,212.00",48726.1
AMZU,Direxion Daily AMZN Bull 2X Shares,"ETF, Leveraged",Miscellaneous,Trading--Leveraged Equity,"$384,693,059.00",3965783.7
AMZW,Roundhill AMZN WeeklyPay ETF,"ETF, Leveraged",Miscellaneous,Trading--Miscellaneous,"$28,580,660.00",38332.1
ANGL,VanEck Fallen Angel High Yield Bond ETF,ETF,Taxable Bond,High Yield Bond,"$3,160,542,484.00",1187431.5
APCB,ActivePassive Core Bond ETF,ETF,Taxable Bond,Intermediate Core-Plus Bond,"$924,462,957.00",53826.1
APIE,ActivePassive International Equity ETF,ETF,International Equity,Foreign Large Blend,"$1,029,764,264.00",43774.8
APRP,PGIM S&P 500 Buffer 12 ETF - Apr,ETF,Nontraditional Equity,Defined Outcome,"$15,307,733.00",2314
APRW,AllianzIM U.S. Equity Buffer20 Apr ETF,ETF,Nontraditional Equity,Defined Outcome,"$168,971,126.00",11684
APRZ,TrueShares Structured Outcome (April) ETF,ETF,Nontraditional Equity,Defined Outcome,"$15,717,001.00",1642.3
APXM,FT Vest U.S. Equity Max Buffer ETF - April,ETF,Nontraditional Equity,Defined Outcome,"$9,363,654.00",67.9
AQLT,iShares MSCI Global Quality Factor ETF,ETF,International Equity,Global Large-Stock Blend,"$223,271,304.00",21751.7
ARB,AltShares Merger Arbitrage ETF,ETF,Alternative,Event Driven,"$103,388,236.00",14834.6
ARKX,ARK Space & Defense Innovation ETF,ETF,US Equity,Mid-Cap Growth,"$728,500,191.00",533170.5
ARLU,AllianzIM U.S. Equity Buffer15 Uncapped Apr ETF,ETF,Nontraditional Equity,Defined Outcome,"$49,354,757.00",2200.1
ARP,Pmv Adaptive Risk Parity ETF,ETF,Allocation,Tactical Allocation,"$65,105,901.00",5468.7
ASCI,abrdn International Small Cap Active ETF,ETF,International Equity,Foreign Small/Mid Growth,"$83,521,859.00",5558.5
ASGM,Virtus AlphaSimplex Global Macro ETF,ETF,Alternative,Macro Trading,"$7,329,343.00",819.3
ASHR,Xtrackers Harvest CSI 300 China A-Shares ETF,ETF,International Equity,China Region,"$1,829,333,776.00",10293712.3
ASIA,Matthews Pacific Tiger Active ETF,ETF,International Equity,Pacific/Asia ex-Japan Stk,"$48,908,022.00",5997.3
ASLV,Allspring Special Large Value ETF,ETF,US Equity,Large Value,"$238,178,153.00",6420.3
ASMG,Leverage Shares 2X Long ASML Daily ETF,"ETF, Leveraged",Miscellaneous,Trading--Leveraged Equity,"$33,660,267.00",135845.5
ATFV,Alger 35 ETF,ETF,US Equity,Large Growth,"$115,694,190.00",23677.7
ATMP,Barclays ETN+ Select MLP ETN,ETN,Sector Equity,Energy Limited Partnership,"$618,399,002.00",16576.8
AUGM,FT Vest U.S. Equity Max Buffer ETF - August,ETF,Nontraditional Equity,Defined Outcome,"$34,218,512.00",16100.6
AUGP,PGIM S&P 500 Buffer 12 ETF - Aug,ETF,Nontraditional Equity,Defined Outcome,"$15,672,760.00",1172.7
AUGT,AllianzIM U.S. Equity Buffer10 Aug ETF,ETF,Nontraditional Equity,Defined Outcome,"$34,132,395.00",905.5
AUGU,AllianzIM U.S. Equity Buffer15 Uncapped Aug ETF,ETF,Nontraditional Equity,Defined Outcome,"$36,869,042.00",2046.3
AUGW,AllianzIM U.S. Equity Buffer20 Aug ETF,ETF,Nontraditional Equity,Defined Outcome,"$144,081,186.00",24121.9
AVGU,GraniteShares 2x Long AVGO Daily ETF,"ETF, Leveraged",Miscellaneous,Trading--Leveraged Equity,--,152115.1
AZTD,Aztlan Global Stock Selection Dm SMID ETF,ETF,International Equity,Global Small/Mid Stock,"$34,927,031.00",205.3
BABW,Roundhill BABA WeeklyPay ETF,"ETF, Leveraged",Miscellaneous,Trading--Miscellaneous,"$10,266,628.00",3086.9
BABX,GraniteShares 2x Long BABA Daily ETF,"ETF, Leveraged",Miscellaneous,Trading--Leveraged Equity,"$116,944,579.00",828926.6
BAGY,Amplify Bitcoin Max Income Covered Call ETF,ETF,Alternative,Digital Assets,"$9,233,292.00",8265.9
BAI,iShares A.I. Innovation and Tech Active ETF,ETF,Sector Equity,Technology,"$9,021,294,384.00",1373155.4
BALI,iShares U.S. Large Cap Premium Income Active ETF,ETF,Nontraditional Equity,Derivative Income,"$845,093,413.00",190734.7
BALT,Innovator Defined Wealth Shield ETF,ETF,Nontraditional Equity,Defined Outcome,"$2,165,386,553.00",350557.9
BAMA,Brookstone Active ETF,ETF,Allocation,Moderate Allocation,"$46,770,900.00",22141
BAMD,Brookstone Dividend Stock ETF,ETF,US Equity,Mid-Cap Value,"$99,795,217.00",13893.2
BAMO,Brookstone Opportunities ETF,ETF,Allocation,Moderate Allocation,"$41,981,084.00",22870
BAMV,Brookstone Value Stock ETF,ETF,US Equity,Large Value,"$98,596,679.00",14922.8
BCD,abrdn Bloomberg All Commodity Longer Dated Strategy K-1 Free ETF,ETF,Commodities,Commodities Broad Basket,"$370,144,802.00",71275
BCDF,Horizon Kinetics Blockchain Development ETF,ETF,Alternative,Digital Assets,"$21,475,519.00",3044.6
BCHI,GMO Beyond China ETF,ETF,International Equity,Diversified Emerging Mkts,"$17,095,329.00",2743
BCHP,Principal Focused Blue Chip ETF,ETF,US Equity,Large Growth,"$193,346,560.00",36018.1
BCUS,Bancreek U.S. Large Cap ETF,ETF,US Equity,Large Blend,"$100,906,670.00",22451.4
BDGS,Bridges Capital Tactical ETF,ETF,Allocation,Tactical Allocation,"$39,777,558.00",6128.7
BEDZ,AdvisorShares Hotel ETF,ETF,Sector Equity,Consumer Cyclical,"$1,829,952.00",1163.2
BEEZ,Honeytree U.S. Equity ETF,ETF,US Equity,Large Blend,"$6,182,963.00",138.2
BEG,Leverage Shares 2X Long BE Daily ETF,"ETF, Leveraged",Miscellaneous,Trading--Leveraged Equity,"$5,074,881.00",61901.8
BELT,iShares U.S. Select Equity Active ETF,ETF,US Equity,Large Growth,"$8,623,514.00",539.9
BETE,Proshares Bitcoin & Ether Equal Weight ETF,ETF,Alternative,Digital Assets,"$8,254,764.00",3976.8
BGDV,Bahl & Gaynor Dividend ETF,ETF,US Equity,Large Blend,"$762,029,635.00",6443.4
BGIG,Bahl & Gaynor Income Growth ETF,ETF,US Equity,Large Value,"$449,540,535.00",47894
BGRO,iShares Large Cap Growth Active ETF,ETF,US Equity,Large Growth,"$8,421,121.00",528.8
BIDD,iShares International Dividend Active ETF,ETF,International Equity,Foreign Large Blend,"$473,430,395.00",51477.5
BILD,Nomura Global Listed Infrastructure ETF,ETF,Sector Equity,Infrastructure,"$8,733,995.00",125.1
BILT,iShares Infrastructure Active ETF,"ETF, Leveraged",Sector Equity,Infrastructure,"$22,603,611.00",2844.3
BINT,Bluemonte Global Equity ETF,ETF,International Equity,Global Large-Stock Blend,"$307,697,031.00",18617.5
BITY,Amplify Bitcoin 2% Monthly Option Income ETF,ETF,Alternative,Digital Assets,"$11,906,782.00",8057.9
BJK,VanEck Gaming ETF,ETF,Sector Equity,Consumer Cyclical,"$20,255,016.00",4051
BKCG,BNY Mellon ETF Trust II: BNY Mellon Concentrated Growth ETF,ETF,US Equity,Large Growth,"$118,024,458.00",4317.7
BKDV,BNY Mellon Dynamic Value ETF,ETF,US Equity,Large Value,"$991,557,908.00",354811
BLGR,Bluemonte Large Cap Growth ETF,ETF,US Equity,Large Growth,"$206,773,552.00",13994.2
BLUC,Bluemonte Large Cap Core ETF,ETF,US Equity,Large Blend,"$255,803,832.00",18515.6
BLUX,Bluemonte Dynamic Total Market ETF,ETF,US Equity,Large Blend,"$430,882,939.00",34501.2
BMED,iShares Health Innovation Active ETF,ETF,Sector Equity,Health,"$11,172,489.00",4562.8
BNGE,First Trust S-Network Streaming & Gaming ETF,ETF,Sector Equity,Communications,"$4,878,394.00",2650.5
BOTZ,Global X Robotics & Artificial Intelligence ETF,ETF,Sector Equity,Miscellaneous Sector,"$3,536,561,367.00",1267198.6
BRAZ,Global X Brazil Active ETF,ETF,International Equity,Latin America Stock,"$10,566,365.00",3024.9
BRIF,FIS Bright Portfolios Focused Equity ETF,ETF,US Equity,Large Blend,"$114,242,464.00",5692
BSMC,Brandes U.S. Small-Mid Cap Value ETF,ETF,US Equity,Small Value,"$162,125,537.00",14799.9
BSR,Beacon Selective Risk ETF,ETF,Allocation,Tactical Allocation,"$40,170,003.00",19645.5
BSTP,Innovator Buffer Step-Up Strategy ETF,ETF,Nontraditional Equity,Defined Outcome,"$56,949,523.00",8233.6
BTC,Grayscale Bitcoin Mini Trust ETF,ETF,Alternative,Digital Assets,"$3,334,691,731.00",7343868.3
BTCI,NEOS Bitcoin High Income ETF,ETF,Alternative,Digital Assets,"$865,061,498.00",477468
BTGD,STKd 100% Bitcoin & 100% Gold ETF,ETF,Alternative,Digital Assets,"$74,733,058.00",141070.9
BTOP,Bitwise Trendwise BTC/ETH and Treasuries Rotation Strategy ETF,ETF,Alternative,Digital Assets,"$4,182,399.00",973.5
BUFB,Innovator Laddered Allocation Buffer ETF,ETF,Nontraditional Equity,Defined Outcome,"$247,467,551.00",36964
BUFD,FT Vest Laddered Deep Buffer ETF,ETF,Nontraditional Equity,Defined Outcome,"$1,703,627,048.00",239271.1
BUFP,PGIM Laddered S&P 500 Buffer 12 ETF,ETF,Nontraditional Equity,Defined Outcome,"$129,890,364.00",22004
BUFQ,FT Vest Laddered Nasdaq Buffer ETF,ETF,Nontraditional Equity,Defined Outcome,"$1,193,541,062.00",149481.3
BUFR,FT Vest Laddered Buffer ETF,ETF,Nontraditional Equity,Defined Outcome,"$8,656,183,026.00",1520727.2
BULD,Pacer BlueStar Engineering the Future ETF,ETF,Sector Equity,Technology,"$4,182,108.00",3025.7
BUYO,KraneShares Man Buyout Beta Index ETF,ETF,US Equity,Small Blend,"$13,250,811.00",682.3
BUYZ,Franklin Disruptive Commerce ETF,ETF,International Equity,Global Large-Stock Growth,"$6,772,308.00",286.7
BUZZ,VanEck Social Sentiment ETF,ETF,US Equity,Large Growth,"$91,340,860.00",272564.9
BVAL,Bluemonte Large Cap Value ETF,ETF,US Equity,Large Value,"$223,101,035.00",19409.8
CAML,Congress Large Cap Growth ETF,ETF,US Equity,Large Growth,"$334,474,127.00",27369.7
CAMX,Cambiar Aggressive Value ETF,ETF,International Equity,Global Large-Stock Value,"$64,960,667.00",1025.8
CANQ,Calamos Nasdaq® Equity & Income ETF,ETF,Other,Miscellaneous Allocation,"$23,590,268.00",3532.9
CAPE,DoubleLine Shiller CAPE U.S. Equities ETF,ETF,US Equity,Large Value,"$281,083,567.00",42644.7
CBLS,Clough Hedged Equity ETF,ETF,Nontraditional Equity,Equity Hedged,"$49,006,024.00",8637.4
CCEF,Calamos CEF Income & Arbitrage ETF,ETF,Alternative,Relative Value Arbitrage,"$31,441,629.00",7511.1
CEPI,REX Crypto Equity Premium Income ETF,ETF,Nontraditional Equity,Derivative Income,"$83,854,030.00",32224.5
CERY,State Street® SPDR® Bloomberg Enhanced Roll Yield Commodity Strategy No K-1 ETF,ETF,Commodities,Commodities Broad Basket,"$862,741,362.00",210908.4
CGBL,Capital Group Core Balanced ETF,ETF,Allocation,Moderate Allocation,"$5,517,591,847.00",1269013.3
CGCV,Capital Group Conservative Equity ETF,ETF,US Equity,Large Value,"$1,505,390,219.00",342357.9
CGDG,Capital Group Dividend Growers ETF,ETF,International Equity,Global Large-Stock Blend,"$4,754,087,153.00",739059.1
CGGE,Capital Group Global Equity ETF,ETF,International Equity,Global Large-Stock Blend,"$2,192,105,345.00",1400171.8
CGGO,Capital Group Global Growth Equity ETF,ETF,International Equity,Global Large-Stock Growth,"$9,463,888,750.00",1311846.4
CGIC,Capital Group International Core Equity ETF,ETF,International Equity,Foreign Large Blend,"$1,521,160,715.00",619393.7
CGIE,Capital Group International Equity ETF,ETF,International Equity,Foreign Large Growth,"$1,983,659,030.00",678029.2
CGMM,Capital Group U.S. Small and Mid Cap ETF,ETF,US Equity,Mid-Cap Blend,"$1,674,080,446.00",960008.7
CGNG,Capital Group New Geography Equity ETF,ETF,International Equity,Diversified Emerging Mkts,"$1,775,715,429.00",796125
CGXU,Capital Group International Focus Equity ETF,ETF,International Equity,Foreign Large Growth,"$5,253,647,643.00",1417161.4
CLSE,Convergence Long/Short Equity ETF,ETF,Nontraditional Equity,Long-Short Equity,"$334,681,000.00",129966.9
CMDT,PIMCO Commodity Strategy Active Exchange-Traded Fund,ETF,Commodities,Commodities Broad Basket,"$639,798,333.00",143046
CNAV,Mohr Company Nav ETF,ETF,US Equity,Large Blend,"$36,620,931.00",3005.8
CNEQ,Alger Concentrated Equity ETF,ETF,US Equity,Large Growth,"$241,144,665.00",441900.2
CNYA,iShares MSCI China A ETF,ETF,International Equity,China Region,"$227,924,468.00",81530.7
COM,Direxion Auspice Broad Commodity Strategy ETF,ETF,Commodities,Commodities Broad Basket,"$180,631,534.00",154298.6
COMT,iShares GSCI Commodity Dynamic Roll Strategy ETF,ETF,Commodities,Commodities Broad Basket,"$751,026,557.00",759690.6
CONY,YieldMax COIN Option Income Strategy ETF,ETF,Nontraditional Equity,Derivative Income,"$397,758,631.00",356618.9
CORB,AB Core Bond ETF,ETF,Taxable Bond,Intermediate Core Bond,"$952,016,569.00",93892.7
CORO,iShares International Country Rotation Active ETF,ETF,International Equity,Foreign Large Blend,"$18,109,997.00",3710.6
COWG,Pacer US Large Cap Cash Cows Growth Leaders ETF,ETF,US Equity,Mid-Cap Growth,"$2,279,402,668.00",648710.4
COWS,Amplify Cash Flow Dividend Leaders ETF,ETF,US Equity,Mid-Cap Value,"$31,581,927.00",4667.9
CPER,"United States Copper Index Fund, LP",ETF,Commodities,Commodities Focused,"$862,582,585.00",890418.5
CPLS,AB Core Plus Bond ETF,ETF,Taxable Bond,Intermediate Core-Plus Bond,"$215,555,086.00",54120.1
CPSM,Calamos S&P 500 Structured Alt Protection ETF - May,ETF,Nontraditional Equity,Defined Outcome,"$53,353,850.00",2183.4
CRCO,YieldMax CRCL Option Income Strategy ETF,ETF,Nontraditional Equity,Derivative Income,"$25,032,327.00",182267.7
CRTC,Xtrackers US National Critical Technologies ETF,ETF,Sector Equity,Technology,"$115,218,516.00",17398.3
CSCL,Direxion Daily CSCO Bull 2X Shares,"ETF, Leveraged",Miscellaneous,Trading--Leveraged Equity,"$6,147,871.00",11718.3
CSMD,Congress SMID Growth ETF,ETF,US Equity,Mid-Cap Growth,"$475,918,628.00",64468.5
CSNR,Cohen & Steers Natural Resources Active ETF,ETF,Sector Equity,Natural Resources,"$85,945,007.00",23204.5
CSTK,Invesco Comstock Contrarian Equity ETF,ETF,US Equity,Large Value,"$117,204,514.00",17574.7
CTA,Simplify Managed Futures Strategy ETF,ETF,Alternative,Systematic Trend,"$1,360,047,037.00",670113.2
CTAP,Simplify US Equity PLUS Managed Futures Strategy ETF,ETF,US Equity,Large Blend,"$114,559,044.00",74081
CTEX,ProShares S&P Kensho Cleantech ETF,ETF,Sector Equity,Technology,"$6,286,060.00",2203.5
CUT,Invesco MSCI Global Timber ETF,ETF,Sector Equity,Natural Resources,"$39,452,325.00",10337
CVAR,Cultivar ETF,ETF,US Equity,Mid-Cap Value,"$40,968,459.00",309
CWEB,Direxion Daily CSI China Internet Bull 2X Shares,"ETF, Leveraged",Miscellaneous,Trading--Leveraged Equity,"$220,419,774.00",600527.5
CZAR,Themes Natural Monopoly ETF,ETF,International Equity,Global Large-Stock Blend,"$1,606,597.00",380.1
DALI,First Trust Dorsey Wright DALI 1 ETF,ETF,Allocation,Tactical Allocation,"$120,330,763.00",11100.3
DAT,ProShares Big Data Refiners ETF,ETF,Sector Equity,Technology,"$5,493,811.00",1832.2
DBEM,Xtrackers MSCI Emerging Markets Hedged Equity ETF,ETF,International Equity,Diversified Emerging Mkts,"$93,344,580.00",13847
DBMF,iMGP DBi Managed Futures Strategy ETF,ETF,Alternative,Systematic Trend,"$3,151,831,945.00",1592079.8
DCMT,DoubleLine Commodity Strategy ETF,ETF,Commodities,Commodities Broad Basket,"$29,972,220.00",5919.8
DECM,FT Vest U.S. Equity Max Buffer ETF - December,ETF,Nontraditional Equity,Defined Outcome,"$52,776,679.00",4630.9
DECP,PGIM S&P 500 Buffer 12 ETF - Dec,ETF,Nontraditional Equity,Defined Outcome,"$24,218,309.00",20767.4
DECT,Allianzim U.S. Equity Buffer10 Dec ETF,ETF,Nontraditional Equity,Defined Outcome,"$117,912,338.00",10855
DECW,Allianzim U.S. Equity Buffer20 Dec ETF,ETF,Nontraditional Equity,Defined Outcome,"$226,183,123.00",15100.7
DEEP,Acquirers Small and Micro Deep Value ETF,ETF,US Equity,Small Value,"$26,737,482.00",973.8
DEHP,Dimensional Emerging Markets High Profitability ETF,ETF,International Equity,Diversified Emerging Mkts,"$383,261,690.00",35818.7
DES,WisdomTree U.S. SmallCap Dividend Fund,ETF,US Equity,Small Value,"$2,004,890,755.00",141805.7
DESK,Vaneck Office And Commercial REIT ETF,ETF,Sector Equity,Real Estate,"$2,450,493.00",842.2
DFAE,Dimensional Emerging Core Equity Market ETF,ETF,International Equity,Diversified Emerging Mkts,"$8,780,296,909.00",1368646.2
DFAX,Dimensional World ex U.S. Core Equity 2 ETF,ETF,International Equity,Foreign Large Blend,"$11,562,714,298.00",1122109.8
DFEM,Dimensional Emerging Markets Core Equity 2 ETF,ETF,International Equity,Diversified Emerging Mkts,"$8,328,917,399.00",911944.9
DFEV,Dimensional Emerging Markets Value ETF,ETF,International Equity,Diversified Emerging Mkts,"$1,603,019,694.00",387178.5
DFIC,Dimensional International Core Equity 2 ETF,ETF,International Equity,Foreign Large Blend,"$13,734,568,266.00",1548581.3
DFIS,Dimensional International Small Cap ETF,ETF,International Equity,Foreign Small/Mid Blend,"$5,610,186,965.00",608014.9
DFLV,Dimensional US Large Cap Value ETF,ETF,US Equity,Large Value,"$5,397,307,337.00",1409006.3
DFSV,Dimensional US Small Cap Value ETF,ETF,US Equity,Small Value,"$6,899,182,140.00",1922187
DFVE,Doubleline Fortune 500 Equal Weight ETF,ETF,US Equity,Mid-Cap Value,"$26,751,107.00",4719.2
DGIN,VanEck Digital India ETF,ETF,International Equity,India Equity,"$15,626,932.00",19070.7
DGJA,FT Vest U.S. Equity Buffer & Digital Return ETF - January,ETF,Nontraditional Equity,Defined Outcome,"$3,045,731.00",3649.2
DGOC,FT Vest U.S. Equity Buffer & Digital Return ETF October,ETF,Nontraditional Equity,Defined Outcome,"$3,140,232.00",1402.7
DGRE,WisdomTree Emerging Markets Quality Dividend Growth Fund,ETF,International Equity,Diversified Emerging Mkts,"$136,552,635.00",16152.6
DHDG,FT Vest U.S. Equity Quarterly 2.5 to 15 Buffer ETF,ETF,Nontraditional Equity,Defined Outcome,"$72,511,014.00",8216.2
DIEM,Franklin Emerging Market Core Dividend Tilt Index ETF,ETF,International Equity,Diversified Emerging Mkts,"$46,291,219.00",12512.4
DIHP,Dimensional International High Profitability ETF,ETF,International Equity,Foreign Large Blend,"$5,821,255,849.00",616315.9
DIVG,Invesco S&P 500 High Dividend Growers ETF,ETF,US Equity,Mid-Cap Value,"$10,309,849.00",672.6
DIVN,Horizon Dividend Income ETF,ETF,US Equity,Large Value,"$145,174,748.00",12787.2
DIVS,Guinness Atkinson Dividend Builder ETF,ETF,International Equity,Global Large-Stock Blend,"$44,057,166.00",3129.1
DLAG,FT Vest U.S. Equity Dual Directional Buffer ETF - August,ETF,US Equity,Large Blend,"$22,038,659.00",1678.7
DLFE,FT Vest U.S. Equity Dual Directional Buffer ETF - February,ETF,Nontraditional Equity,Defined Outcome,"$43,871,611.00",35013
DLNV,FT Vest U.S. Equity Dual Directional Buffer ETF November,ETF,Nontraditional Equity,Derivative Income,"$17,243,404.00",629.3
DRAI,Draco Evolution AI ETF,ETF,Allocation,Conservative Allocation,"$20,731,345.00",6313.6
DRES,GMO Domestic Resilience ETF,ETF,US Equity,Mid-Cap Blend,"$39,305,724.00",4316.4
DRGN,Themes China Generative Artificial Intelligence ETF,ETF,Sector Equity,Technology,"$25,427,073.00",15470.6
DRIV,Global X Autonomous & Electric Vehicles ETF,ETF,Sector Equity,Miscellaneous Sector,"$358,214,938.00",53478.7
DRLL,Strive U.S. Energy ETF,ETF,Sector Equity,Equity Energy,"$286,813,834.00",23087.3
DSTX,Distillate International Fundamental Stability & Value ETF,ETF,International Equity,Foreign Large Blend,"$45,994,821.00",20479.3
DTAN,Sparkline International Intangible Value ETF,ETF,International Equity,Foreign Large Value,"$20,302,627.00",2785.9
DVIN,WEBs Industrials XLI Defined Volatility ETF,ETF,Sector Equity,Industrials,"$313,632.00",877.8
DVLU,First Trust Dorsey Wright Momentum & Value ETF,ETF,US Equity,Mid-Cap Value,"$43,527,500.00",3101.3
DVND,Touchstone Dividend Select ETF,ETF,US Equity,Large Value,"$41,312,202.00",630.7
DVOL,First Trust Dorsey Wright Momentum & Low Volatility ETF,ETF,US Equity,Large Blend,"$73,379,210.00",8653.7
DVUT,WEBs Utilities XLU Defined Volatility ETF,ETF,Sector Equity,Utilities,"$301,358.00",209.7
DVXB,WEBs Materials XLB Defined Volatility ETF,ETF,Sector Equity,Natural Resources,"$310,416.00",82.6
DVXC,WEBs Communication Services XLC Defined Volatility ETF,ETF,Sector Equity,Communications,"$286,778.00",23.1
DVXE,WEBs Energy XLE Defined Volatility ETF,ETF,Sector Equity,Equity Energy,"$357,131.00",1805.7
DVXV,WEBs Health Care XLV Defined Volatility ETF,ETF,Sector Equity,Health,"$981,882.00",1330.5
DVYE,iShares Emerging Markets Dividend ETF,ETF,International Equity,Diversified Emerging Mkts,"$1,304,770,108.00",323716.2
DWMF,WisdomTree International Multifactor Fund,ETF,International Equity,Foreign Large Value,"$39,516,335.00",5366
DYTA,SGI Dynamic Tactical ETF,ETF,Allocation,Tactical Allocation,"$77,034,098.00",26554.2
EAGL,Eagle Capital Select Equity ETF,ETF,US Equity,Large Blend,"$3,788,086,278.00",463383.4
EALT,Innovator U.S. Equity 5 To 15 Buffer ETF - Quarterly,ETF,Nontraditional Equity,Defined Outcome,"$170,778,570.00",30620.6
EAOM,iShares ESG Aware 40/60 Moderate Allocation ETF,ETF,Allocation,Global Moderately Conservative Allocation,"$8,478,241.00",187.3
EAOR,iShares ESG Aware 60/40 Balanced Allocation ETF,ETF,Allocation,Global Moderate Allocation,"$30,056,556.00",2344.8
EAPR,Innovator Emerging Markets Power Buffer ETF - April,ETF,Nontraditional Equity,Defined Outcome,"$72,993,718.00",7005
EART,Global X Rare Earth & Critical Materials ETF,ETF,Sector Equity,Natural Resources,"$50,729,416.00",33213.1
EASG,Xtrackers MSCI EAFE Selection Equity ETF,ETF,International Equity,Foreign Large Blend,"$69,365,944.00",3611.3
EBIT,Harbor AlphaEdge Small Cap Earners ETF,ETF,US Equity,Small Value,"$11,775,390.00",496.4
EBIZ,Global X E-commerce ETF,ETF,Sector Equity,Consumer Cyclical,"$35,361,239.00",11537.2
EBUF,Innovator Emerging Markets 10 Buffer ETF - Quarterly,ETF,Nontraditional Equity,Defined Outcome,"$21,294,867.00",5699
ECML,Euclidean Fundamental Value ETF,ETF,US Equity,Small Value,"$144,779,376.00",1091.3
ECNS,iShares MSCI China Small-Cap ETF,ETF,International Equity,China Region,"$97,308,925.00",46521.9
ECON,Columbia Research Enhanced Emerging Economies ETF,ETF,International Equity,Diversified Emerging Mkts,"$326,132,222.00",16108.6
EDGH,3EDGE Dynamic Hard Assets ETF,ETF,Commodities,Commodities Broad Basket,"$135,531,469.00",36927.4
EDGI,3EDGE Dynamic International Equity ETF,ETF,International Equity,Foreign Large Blend,"$194,452,345.00",370942.8
EDGU,3EDGE Dynamic US Equity ETF,ETF,US Equity,Large Blend,"$57,655,436.00",14988.1
EDZ,Direxion Daily MSCI Emerging Markets Bear 3X Shares,"ETF, Leveraged, Inverse",Miscellaneous,Trading--Inverse Equity,"$10,252,667.00",279056.8
EELV,Invesco S&P Emerging Markets Low Volatility ETF,ETF,International Equity,Diversified Emerging Mkts,"$452,433,379.00",71841.6
EFRA,iShares Environmental Infrastructure and Industrials ETF,ETF,Sector Equity,Infrastructure,"$5,990,036.00",714.8
EGGS,NestYield Total Return Guard ETF,ETF,Nontraditional Equity,Equity Hedged,"$41,291,321.00",3915.1
EGGY,NestYield Dynamic Income ETF,ETF,Nontraditional Equity,Equity Hedged,"$84,717,250.00",24039
EGLE,Global X S&P 500 U.S. Revenue Leaders ETF,ETF,US Equity,Large Blend,"$2,011,102.00",112.2
EIPX,FT Energy Income Partners Strategy ETF,ETF,Sector Equity,Equity Energy,"$489,173,781.00",44834.3
EJAN,Innovator Emerging Markets Power Buffer ETF™ - January,ETF,Nontraditional Equity,Defined Outcome,"$137,670,509.00",34154.5
EJUL,Innovator Emerging Markets Power Buffer ETF - July,ETF,Nontraditional Equity,Defined Outcome,"$133,884,738.00",15048.1
ELCV,Eventide High Dividend ETF,ETF,US Equity,Large Value,"$169,059,078.00",27557.8
ELD,WisdomTree Emerging Markets Local Debt Fund,ETF,Taxable Bond,Emerging-Markets Local-Currency Bond,"$125,001,398.00",38671.1
EMC,Global X Emerging Markets Great Consumer ETF,ETF,International Equity,Diversified Emerging Mkts,"$62,472,572.00",8614.2
EMDM,First Trust Bloomberg Emerging Market Democracies ETF,ETF,International Equity,Diversified Emerging Mkts,"$21,697,737.00",8330.3
EMIF,iShares Emerging Markets Infrastructure ETF,ETF,International Equity,Diversified Emerging Mkts,"$14,957,344.00",5807
EMM,Global X Emerging Markets ex-China ETF,ETF,International Equity,Diversified Emerging Mkts,"$63,636,367.00",65021.6
EMMF,WisdomTree Emerging Markets Multifactor Fund,ETF,International Equity,Diversified Emerging Mkts,"$168,728,066.00",29995.4
EMPB,Efficient Market Portfolio Plus ETF,ETF,Nontraditional Equity,Long-Short Equity,"$18,657,582.00",7481.9
EMQQ,EMQQ The Emerging Markets Internet ETF,ETF,International Equity,Diversified Emerging Mkts,"$317,922,395.00",103307.3
EMSF,Matthews Emerging Markets Sustainable Future Active ETF,ETF,International Equity,Diversified Emerging Mkts,"$36,306,654.00",4071.9
ENDW,Cambria Endowment Style ETF,ETF,Allocation,Tactical Allocation,"$135,268,983.00",13675.7
ENFR,Alerian Energy Infrastructure ETF,ETF,Sector Equity,Energy Limited Partnership,"$398,593,423.00",79473.7
ENOR,iShares MSCI Norway ETF,ETF,International Equity,Miscellaneous Region,"$62,052,126.00",47794.6
EOCT,Innovator Emerging Markets Power Buffer ETF™ - October,ETF,Nontraditional Equity,Defined Outcome,"$124,707,176.00",9468.6
EPOL,iShares MSCI Poland ETF,ETF,International Equity,Miscellaneous Region,"$642,989,266.00",879799.6
EQLT,iShares MSCI Emerging Markets Quality Factor ETF,ETF,International Equity,Diversified Emerging Mkts,"$11,021,159.00",2452.5
ERET,Ishares Environmentally Aware Real Estate ETF,ETF,Sector Equity,Global Real Estate,"$10,615,921.00",1293.2
ESIX,State Street® SPDR® S&P SmallCap 600 ESG ETF,ETF,US Equity,Small Blend,"$7,517,134.00",460.6
ESMV,iShares ESG Optimized MSCI USA Min Vol Factor ETF,ETF,US Equity,Large Blend,"$7,482,556.00",340.9
ETHV,VanEck Ethereum ETF,ETF,Alternative,Digital Assets,"$106,197,066.00",246445
EUFN,iShares MSCI Europe Financials ETF,ETF,International Equity,Europe Stock,"$4,392,621,136.00",2795944.9
EUO,ProShares UltraShort Euro,"ETF, Leveraged, Inverse",Miscellaneous,Trading--Miscellaneous,"$32,472,331.00",44003.8
EVLU,iShares MSCI Emerging Markets Value Factor ETF,ETF,International Equity,Diversified Emerging Mkts,"$13,335,512.00",9067.5
EVUS,Ishares ESG Aware MSCI USA Value ETF,ETF,US Equity,Large Value,"$279,086,380.00",93972.6
EWA,iShares MSCI Australia ETF,ETF,International Equity,Miscellaneous Region,"$1,437,794,281.00",7868970.4
EWM,iShares MSCI Malaysia ETF,ETF,International Equity,Miscellaneous Region,"$381,327,597.00",649405.6
EWO,iShares MSCI Austria ETF,ETF,International Equity,Miscellaneous Region,"$142,690,112.00",68157.1
EYEG,AB Corporate Bond ETF,ETF,Taxable Bond,Corporate Bond,"$27,030,820.00",146.4
FAAR,First Trust Alternative Absolute Return Strategy ETF,ETF,Commodities,Commodities Broad Basket,"$150,956,496.00",23010.6
FARX,Frontier Asset Absolute Return ETF,ETF,Allocation,Global Conservative Allocation,"$11,720,473.00",1463.7
FBCV,Fidelity Blue Chip Value ETF,ETF,US Equity,Large Value,"$187,636,983.00",86633.8
FBL,GraniteShares 2x Long META Daily ETF,"ETF, Leveraged",Miscellaneous,Trading--Leveraged Equity,"$216,190,665.00",1072098.4
FBOT,Fidelity Disruptive Automation ETF,ETF,International Equity,Global Large-Stock Growth,"$192,774,336.00",22839.6
FBUF,Fidelity Dynamic Buffered Equity ETF,ETF,Nontraditional Equity,Equity Hedged,"$18,682,987.00",8994.7
FCA,First Trust China AlphaDEX® Fund,ETF,International Equity,China Region,"$118,202,979.00",94857.9
FCG,First Trust Natural Gas ETF,ETF,Sector Equity,Equity Energy,"$598,981,811.00",1512204.7
FCLD,Fidelity Cloud Computing ETF,ETF,Sector Equity,Technology,"$79,505,958.00",22991
FCTR,First Trust Lunt U.S. Factor Rotation ETF,ETF,US Equity,Large Blend,"$55,984,952.00",4323.1
FCUS,Pinnacle Focused Opportunities ETF,ETF,US Equity,Mid-Cap Growth,"$62,644,714.00",26596.8
FDEM,Fidelity Emerging Markets Multifactor ETF,ETF,International Equity,Diversified Emerging Mkts,"$515,624,396.00",132091.8
FDEV,Fidelity International Multifactor ETF,ETF,International Equity,Foreign Large Blend,"$272,231,070.00",40794.8
FDFF,Fidelity Disruptive Finance ETF,ETF,Sector Equity,Financial,"$40,914,840.00",2855
FDIF,Fidelity Disruptors ETF,ETF,US Equity,Large Growth,"$99,209,367.00",6318.5
FDIG,Fidelity Crypto Industry and Digital Payments ETF,ETF,Alternative,Equity Digital Assets,"$230,853,351.00",34214.4
FDNI,First Trust Dow Jones International Internet ETF,ETF,International Equity,Diversified Emerging Mkts,"$47,460,016.00",24853
FDV,Federated Hermes U.S. Strategic Dividend ETF,ETF,US Equity,Large Value,"$634,936,893.00",109497.2
FEAC,Fidelity Enhanced U.S. All-Cap Equity ETF,ETF,US Equity,Large Blend,"$11,012,353.00",4925.5
FEBM,FT Vest U.S. Equity Max Buffer ETF - February,ETF,Nontraditional Equity,Defined Outcome,"$43,623,304.00",20624.1
FEBP,PGIM S&P 500 Buffer 12 ETF - Feb,ETF,Nontraditional Equity,Defined Outcome,"$16,455,105.00",3369.8
FEBW,Allianzim U.S. Equity Buffer20 Feb ETF,ETF,Nontraditional Equity,Defined Outcome,"$117,858,652.00",15419.3
FELV,Fidelity Enhanced Large Cap Value ETF,ETF,US Equity,Large Value,"$2,817,928,969.00",110665.5
FEM,First Trust Emerging Markets AlphaDEX® Fund,ETF,International Equity,Diversified Emerging Mkts,"$652,156,876.00",153050.6
FEMB,First Trust Emerging Markets Local Currency Bond ETF,ETF,Taxable Bond,Emerging-Markets Local-Currency Bond,"$388,690,649.00",168295.3
FEMD,First Eagle Mid Cap Equity ETF,ETF,US Equity,Mid-Cap Value,"$2,548,297.00",576.1
FEMR,Fidelity Enhanced Emerging Markets ETF,ETF,International Equity,Diversified Emerging Mkts,"$99,010,162.00",60803.9
FENY,Fidelity MSCI Energy Index ETF,ETF,Sector Equity,Equity Energy,"$1,637,527,451.00",6572514.8
FFDI,Fidelity Fundamental Developed International ETF,ETF,International Equity,Foreign Large Growth,"$19,423,546.00",4436.2
FFEM,Fidelity Fundamental Emerging Markets ETF,ETF,International Equity,Diversified Emerging Mkts,"$34,970,928.00",25389.1
FFGX,Fidelity Fundamental Global ex-U.S. ETF,ETF,International Equity,Foreign Large Growth,"$40,204,345.00",7661
FFLG,Fidelity Fundamental Large Cap Growth ETF,ETF,US Equity,Large Growth,"$495,080,617.00",70122.4
FFND,One Global ETF,ETF,US Equity,Large Growth,"$92,266,171.00",9769.9
FFSM,Fidelity Fundamental Small-Mid Cap ETF,ETF,US Equity,Mid-Cap Blend,"$1,145,648,809.00",152981.2
FGD,First Trust Dow Jones Global Select Dividend Index Fund,ETF,International Equity,Foreign Large Value,"$1,281,260,935.00",358092
FGSM,Frontier Asset Global Small Cap Equity ETF,ETF,International Equity,Global Small/Mid Stock,"$65,834,494.00",26462.3
FHDG,FT Vest U.S. Equity Quarterly Dynamic Buffer ETF,ETF,Nontraditional Equity,Defined Outcome,"$74,179,452.00",24446.4
FHEQ,Fidelity Hedged Equity ETF,ETF,Nontraditional Equity,Equity Hedged,"$831,781,729.00",78856.3
FINT,Frontier Asset Total International Equity ETF,ETF,International Equity,Foreign Large Blend,"$64,063,259.00",7112.4
FIVA,Fidelity International Value Factor ETF,ETF,International Equity,Foreign Large Value,"$553,702,866.00",225087.1
FLAO,AllianzIM U.S. Equity 6 Month Floor5 Apr/Oct ETF,ETF,Nontraditional Equity,Defined Outcome,"$10,029,423.00",2013.6
FLAU,Franklin FTSE Australia ETF,ETF,International Equity,Miscellaneous Region,"$79,013,028.00",24058.9
FLAX,Franklin FTSE Asia ex Japan ETF,ETF,International Equity,Pacific/Asia ex-Japan Stk,"$47,261,399.00",23850.1
FLCC,Federated Hermes MDT Large Cap Core ETF,ETF,US Equity,Large Blend,"$61,418,260.00",44448.1
FLCE,Frontier Asset U.S. Large Cap Equity ETF,ETF,US Equity,Large Blend,"$61,415,058.00",31180
FLCG,Federated Hermes MDT Large Cap Growth ETF,ETF,US Equity,Large Growth,"$399,959,607.00",116200.6
FLCV,Federated Hermes MDT Large Cap Value ETF,ETF,US Equity,Large Value,"$71,158,694.00",7785.5
FLDZ,RiverNorth Patriot ETF,ETF,US Equity,Mid-Cap Blend,"$3,928,769.00",4.1
FLEU,Franklin FTSE Eurozone ETF,ETF,International Equity,Europe Stock,"$71,198,324.00",18013.3
FLGB,Franklin FTSE United Kingdom ETF,ETF,International Equity,Miscellaneous Region,"$1,012,219,121.00",585885.2
FLGR,Franklin FTSE Germany ETF,ETF,International Equity,Miscellaneous Region,"$45,652,767.00",6511.4
FLIN,Franklin FTSE India ETF,ETF,International Equity,India Equity,"$3,092,436,303.00",1419189.2
FLJJ,AllianzIM U.S. Equity 6 Month Floor5 Jan/Jul ETF,ETF,Nontraditional Equity,Defined Outcome,"$8,858,414.00",12949.3
FLJP,Franklin FTSE Japan ETF,ETF,International Equity,Japan Stock,"$3,254,772,858.00",2212272.8
FLMX,Franklin FTSE Mexico ETF,ETF,International Equity,Miscellaneous Region,"$95,220,153.00",38858.4
FLOW,Global X U.S. Cash Flow Kings 100 ETF,ETF,US Equity,Mid-Cap Value,"$29,235,598.00",2783.9
FLRN,State Street® SPDR® Bloomberg Investment Grade Floating Rate ETF,ETF,Taxable Bond,Ultrashort Bond,"$2,778,068,680.00",1048163.1
FLSA,Franklin FTSE Saudi Arabia ETF,ETF,International Equity,Miscellaneous Region,"$8,039,500.00",8535.6
FLYU,MicroSectors™ Travel 3X Leveraged ETNs,"ETN, Leveraged",Miscellaneous,Trading--Leveraged Equity,"$7,031,355.00",5001.2
FMAG,Fidelity Magellan ETF,ETF,US Equity,Large Growth,"$246,654,706.00",27727.3
FMCX,FM Focus Equity ETF,ETF,US Equity,Large Blend,"$108,524,252.00",4284.4
FMDE,Fidelity Enhanced Mid Cap ETF,ETF,US Equity,Mid-Cap Blend,"$5,481,292,885.00",1838177.7
FMET,Fidelity Metaverse ETF,ETF,Sector Equity,Communications,"$41,548,766.00",4774.4
FMTL,First Trust Indxx Critical Metals ETF,ETF,Sector Equity,Natural Resources,"$25,117,841.00",7487.1
FMTM,MarketDesk Focused U.S. Momentum ETF,ETF,US Equity,Large Growth,"$98,956,535.00",40258.1
FNDA,Schwab Fundamental U.S. Small Company ETF,ETF,US Equity,Small Blend,"$9,826,438,024.00",741007.6
FNDX,Schwab Fundamental U.S. Large Company ETF,ETF,US Equity,Large Value,"$24,455,633,131.00",8293807.6
FOWF,Pacer Solactive Whitney Future of Warfare ETF,ETF,Sector Equity,Industrials,"$14,578,482.00",3569.2
FOXY,Simplify Currency Strategy ETF,ETF,Taxable Bond,Single Currency,"$96,057,164.00",46129.5
FPXE,First Trust IPOX Europe Equity Opportunities ETF,ETF,International Equity,Europe Stock,"$5,019,915.00",1300.3
FREL,Fidelity MSCI Real Estate Index ETF,ETF,Sector Equity,Real Estate,"$1,412,843,055.00",364023.1
FRI,First Trust S&P REIT Index Fund,ETF,Sector Equity,Real Estate,"$169,162,961.00",19837.4
FSCC,Federated Hermes MDT Small Cap Core ETF,ETF,US Equity,Small Blend,"$153,554,473.00",32613
FSCS,First Trust SMID Capital Strength ETF,ETF,US Equity,Mid-Cap Blend,"$61,730,545.00",5029.3
FSGS,First Trust SMID Growth Strength ETF,ETF,US Equity,Small Value,"$29,169,543.00",1602.9
FTAG,First Trust Indxx Global Agriculture ETF,ETF,Sector Equity,Natural Resources,"$13,274,286.00",5356.5
FTGS,First Trust Growth Strength ETF,ETF,US Equity,Large Blend,"$1,275,179,585.00",149391.7
FTXH,First Trust Nasdaq Pharmaceuticals ETF,ETF,Sector Equity,Health,"$30,295,503.00",5938
FTXN,First Trust Nasdaq Oil & Gas ETF,ETF,Sector Equity,Equity Energy,"$121,228,567.00",85386.9
FTXO,First Trust Nasdaq Bank ETF,ETF,Sector Equity,Financial,"$1,057,522,798.00",4177800.2
FVC,First Trust Dorsey Wright Dynamic Focus 5 ETF,ETF,Allocation,Tactical Allocation,"$103,494,631.00",2869.7
FXI,iShares China Large-Cap ETF,ETF,International Equity,China Region,"$6,211,959,067.00",41486556.4
FYEE,Fidelity Yield Enhanced Equity ETF,ETF,Nontraditional Equity,Derivative Income,"$151,400,648.00",54932.2
FYLD,Cambria Foreign Shareholder Yield ETF,ETF,International Equity,Foreign Small/Mid Value,"$611,572,741.00",79487.2
GAA,Cambria Global Asset Allocation ETF,ETF,Allocation,Global Moderate Allocation,"$68,334,218.00",5590.1
GDOC,Goldman Sachs Future Health Care Equity ETF,ETF,Sector Equity,Health,"$22,605,845.00",1128.4
GDXD,MicroSectors™ Gold Miners -3X Inverse Leveraged ETNs,"ETN, Leveraged, Inverse",Miscellaneous,Trading--Inverse Commodities,"$61,332,441.00",1263516
GEME,Pacific NoS Global EM Equity Active ETF,ETF,International Equity,Diversified Emerging Mkts,"$203,222,160.00",179126.3
GEOA,WisdomTree GeoAlpha Opportunities Fund,ETF,Alternative,Macro Trading,"$907,430.00",423.3
GFGF,Guru Favorite Stocks ETF,ETF,US Equity,Large Blend,"$35,804,196.00",180.8
GGM,GGM Macro Alignment ETF,ETF,US Equity,Large Blend,"$17,824,025.00",893.2
GGRW,Gabelli Growth Innovators ETF,ETF,US Equity,Large Growth,"$7,944,386.00",92.4
GGTL,Gabelli Global Technology Leaders ETF,ETF,US Equity,Mid-Cap Blend,"$7,521,733.00",101.4
GHTA,Goose Hollow Tactical Allocation ETF,ETF,Allocation,Tactical Allocation,"$41,989,528.00",1834.7
GINX,SGI Enhanced Global Income ETF,ETF,International Equity,Global Large-Stock Value,"$93,393,525.00",19737.8
GLOW,VictoryShares WestEnd Global Equity ETF,ETF,International Equity,Global Large-Stock Blend,"$47,418,246.00",11483
GMEY,Yieldmax Gme Option Income Strategy ETF,ETF,Nontraditional Equity,Derivative Income,"$15,255,476.00",37656.6
GMOI,GMO International Value ETF,ETF,International Equity,Foreign Large Value,"$444,963,936.00",92702.6
GMOM,Cambria Global Momentum ETF,ETF,Allocation,Tactical Allocation,"$140,074,011.00",8831
GMOV,GMO U.S. Value ETF,ETF,US Equity,Large Value,"$79,564,414.00",16300.8
GOLY,Strategy Shares Gold-Hedged Bond ETF,ETF,Commodities,Commodities Broad Basket,"$195,218,243.00",76103.3
GOOP,Kurv Yield Premium Strategy Google ETF,ETF,Nontraditional Equity,Derivative Income,"$21,550,355.00",13862.6
GPT,Intelligent Alpha Atlas ETF,ETF,International Equity,Global Large-Stock Blend,"$22,832,943.00",2786.1
GQQQ,Astoria US Quality Growth Kings ETF,ETF,US Equity,Large Growth,"$112,118,457.00",13947.8
GRIN,VictoryShares International Free Cash Flow Growth ETF,ETF,International Equity,Foreign Large Growth,"$258,447,549.00",39389
GRN,iPath® Series B Carbon ETN,ETN,Commodities,Commodities Focused,"$10,300,437.00",832.8
GROZ,Zacks Focus Growth ETF,ETF,US Equity,Large Growth,"$60,327,352.00",15878.9
GRW,TCW Durable Growth ETF,ETF,US Equity,Large Growth,"$87,995,848.00",18927.9
GSG,iShares S&P GSCI Commodity-Indexed Trust,ETF,Commodities,Commodities Broad Basket,"$806,140,844.00",2036661.6
GSPY,Gotham Enhanced 500 ETF,ETF,US Equity,Large Blend,"$656,772,887.00",1680.8
GUSH,Direxion Daily S&P Oil & Gas Exp. & Prod. Bull 2X Shares,"ETF, Leveraged",Miscellaneous,Trading--Leveraged Equity,"$296,022,878.00",2557287.1
GVAL,Cambria Global Value ETF,ETF,International Equity,Foreign Large Value,"$597,678,956.00",289226.3
GXPC,Global X Purecap MSCI Communication Services ETF,ETF,Sector Equity,Communications,"$89,063,342.00",52743.5
GXPE,Global X Purecap MSCI Energy ETF,ETF,Sector Equity,Equity Energy,"$983,162.00",1666.2
HAIL,State Street® SPDR® S&P Kensho Smart Mobility ETF,ETF,Sector Equity,Technology,"$20,101,612.00",4014.4
HAPS,Harbor Human Capital Factor US Small Cap ETF,ETF,US Equity,Small Blend,"$148,683,419.00",47.5
HARD,Simplify Commodities Strategy No K-1 ETF,ETF,Commodities,Commodities Broad Basket,"$73,754,369.00",46715.2
HBTA,Horizon Expedition Plus ETF,ETF,Nontraditional Equity,Derivative Income,"$126,897,315.00",7140.4
HCRB,Hartford Core Bond ETF,ETF,Taxable Bond,Intermediate Core Bond,"$351,328,527.00",12408.3
HDEF,Xtrackers MSCI EAFE High Dividend Yield Equity ETF,ETF,International Equity,Foreign Large Value,"$2,426,125,844.00",285877.9
HECA,Hedgeye Capital Allocation ETF,ETF,Allocation,Global Moderate Allocation,"$286,326,482.00",594964.8
HEDG,Equable Shares Hedged Equity ETF,ETF,Nontraditional Equity,Equity Hedged,"$376,618,356.00",67027.3
HELX,Franklin Genomic Advancements ETF,ETF,Sector Equity,Health,"$22,465,070.00",430.5
HEQT,Simplify Hedged Equity ETF,ETF,Nontraditional Equity,Equity Hedged,"$336,112,904.00",127922
HFGM,Unlimited HFGM Global Macro ETF,ETF,Alternative,Macro Trading,"$111,279,107.00",57002.1
HFSI,Hartford Strategic Income ETF,ETF,Taxable Bond,Multisector Bond,"$652,755,281.00",258966.3
HFXI,NYLI FTSE International Equity Currency Neutral ETF,ETF,International Equity,Foreign Large Blend,"$1,440,323,904.00",463972.1
HGER,Harbor Commodity All-Weather Strategy ETF,ETF,Commodities,Commodities Broad Basket,"$2,040,173,420.00",869645.1
HGRO,Hedgeye Quality Growth ETF,ETF,US Equity,Large Blend,"$87,940,499.00",103106.9
HOLD,Harbor Alpha Layering ETF,"ETF, Leveraged",Alternative,Systematic Trend,"$8,062,933.00",1322.4
HOOY,YieldMax HOOD Option Income Strategy ETF,ETF,Nontraditional Equity,Derivative Income,"$89,611,353.00",144308.2
HOOZ,Defiance Daily Target 2X Short HOOD ETF,"ETF, Leveraged, Inverse",Miscellaneous,Trading--Inverse Equity,"$6,802,523.00",269281.5
HRTS,Tema Heart & Health ETF,ETF,Sector Equity,Health,"$55,318,482.00",3305.6
HSMV,First Trust Horizon Managed Volatility Small/Mid ETF,ETF,US Equity,Small Blend,"$30,646,402.00",1643.7
HTEC,Robo Global® Healthcare Technology and Innovation ETF,ETF,Sector Equity,Health,"$53,773,293.00",4006.1
HTRB,Hartford Total Return Bond ETF,ETF,Taxable Bond,Intermediate Core-Plus Bond,"$2,326,205,460.00",256143.1
HUMN,Roundhill Humanoid Robotics ETF,ETF,Sector Equity,Technology,"$56,787,054.00",51540
HVAC,AdvisorShares HVAC and Industrials ETF,ETF,Sector Equity,Industrials,"$8,564,037.00",12576.4
HWAY,Themes US Infrastructure ETF,ETF,Sector Equity,Infrastructure,"$2,879,312.00",1235.5
HYBX,TCW High Yield Bond ETF,ETF,Taxable Bond,High Yield Bond,"$33,263,523.00",1452.4
HYGW,iShares High Yield Corporate Bond Buywrite Strategy ETF,ETF,Nontraditional Equity,Derivative Income,"$181,462,459.00",86989.5
HYLB,Xtrackers USD High Yield Corporate Bond ETF,ETF,Taxable Bond,High Yield Bond,"$3,712,509,731.00",1889743.8
IAPR,Innovator International Developed Power Buffer ETF - April,ETF,Nontraditional Equity,Defined Outcome,"$195,256,558.00",15766.3
IAUG,Innovator International Developed Power Buffer ETF - August,ETF,Nontraditional Equity,Defined Outcome,"$71,490,988.00",6905.3
IBAT,iShares Energy Storage & Materials ETF,ETF,Sector Equity,Miscellaneous Sector,"$40,136,712.00",18618.8
IBBQ,Invesco Nasdaq Biotechnology ETF,ETF,Sector Equity,Health,"$75,069,435.00",23003.2
IBND,SPDR® Bloomberg International Corporate Bond ETF,ETF,Taxable Bond,Global Bond,"$502,252,517.00",93097.3
IBRN,iShares Neuroscience and Healthcare ETF,ETF,Sector Equity,Health,"$4,820,014.00",830.6
IBUF,Innovator International Developed 10 Buffer ETF - Quarterly,ETF,Nontraditional Equity,Defined Outcome,"$87,699,635.00",15501
ICRC,Bitwise CRCL Option Income Strategy ETF,ETF,Nontraditional Equity,Derivative Income,"$494,899.00",2471.2
IDEC,Innovator International Developed Power Buffer ETF - December,ETF,Nontraditional Equity,Defined Outcome,"$49,374,581.00",9038.4
IDEF,iShares Defense Industrials Active ETF,ETF,Sector Equity,Industrials,"$94,400,581.00",113952.7
IDEQ,Lazard International Dynamic Equity ETF,ETF,International Equity,Foreign Large Blend,"$896,142,999.00",347431.3
IDLV,Invesco S&P International Developed Low Volatility ETF,ETF,International Equity,Foreign Large Blend,"$345,118,278.00",156853.8
IDNA,iShares Genomics Immunology and Healthcare ETF,ETF,Sector Equity,Health,"$158,481,144.00",35323
IDVZ,Polen International Dividend Income ETF,ETF,International Equity,Foreign Large Value,"$149,013,381.00",14776.1
IDYN,iShares International Equity Factor Rotation Active ETF,ETF,International Equity,Foreign Large Blend,"$111,298,598.00",6800.6
IFEB,Innovator International Developed Power Buffer ETF - February,ETF,Nontraditional Equity,Defined Outcome,"$87,118,778.00",32121.3
IFLO,VictoryShares International Free Cash Flow ETF,ETF,International Equity,Foreign Large Value,"$144,989,142.00",110387.3
IGLD,FT Vest Gold Strategy Target Income ETF,ETF,Commodities,Commodities Focused,"$651,504,344.00",239495
IGTR,Innovator Gradient Tactical Rotation Strategy ETF,ETF,International Equity,Global Large-Stock Blend,"$59,182,686.00",5799.8
IJAN,Innovator International Developed Power Buffer ETF™ - January,ETF,Nontraditional Equity,Defined Outcome,"$242,912,522.00",21336.9
IJUL,Innovator International Developed Power Buffer ETF - July,ETF,Nontraditional Equity,Defined Outcome,"$210,924,209.00",29547.9
IJUN,Innovator International Developed Power Buffer ETF - June,ETF,Nontraditional Equity,Defined Outcome,"$56,161,722.00",31730.1
ILDR,First Trust Innovation Leaders ETF,ETF,US Equity,Large Growth,"$220,603,043.00",88807.7
ILF,iShares Latin America 40 ETF,ETF,International Equity,Latin America Stock,"$4,392,335,083.00",5005292.3
IMAR,Innovator International Developed Power Buffer ETF - March,ETF,Nontraditional Equity,Defined Outcome,"$34,160,354.00",152563.9
IMAY,Innovator International Developed Power Buffer ETF - May,ETF,Nontraditional Equity,Defined Outcome,"$33,080,741.00",6251.3
IMFL,Invesco International Developed Dynamic Multifactor ETF,ETF,International Equity,Foreign Large Blend,"$979,622,331.00",113792.8
INCM,Franklin Income Focus ETF,ETF,Allocation,Moderately Conservative Allocation,"$1,307,267,234.00",355275.5
INKM,State Street® Income Allocation ETF,ETF,Allocation,Global Moderately Conservative Allocation,"$78,218,216.00",7344.1
INOV,Innovator International Developed Power Buffer ETF - November,ETF,Nontraditional Equity,Defined Outcome,"$61,997,258.00",4232.6
INRO,iShares U.S. Industry Rotation Active ETF,ETF,US Equity,Large Blend,"$32,930,120.00",6608.5
INTL,Main International ETF,ETF,International Equity,Foreign Large Blend,"$211,146,957.00",46626.2
IOCT,Innovator International Developed Power Buffer ETF™- October,ETF,Nontraditional Equity,Defined Outcome,"$191,462,581.00",23664.2
IPAV,Global X Infrastructure Development ex-U.S. ETF,ETF,Sector Equity,Infrastructure,"$5,421,518.00",2610.8
IQDF,FlexShares International Quality Dividend Index Fund,ETF,International Equity,Foreign Large Value,"$1,137,542,558.00",100494.2
IQRA,NYLI CBRE Real Assets ETF,ETF,Sector Equity,Global Real Estate,"$7,035,825.00",70.9
IQSI,NYLI Candriam International Equity ETF,ETF,International Equity,Foreign Large Blend,"$237,835,196.00",8442.5
IQSM,NYLI Candriam U.S. Mid Cap Equity ETF,ETF,US Equity,Mid-Cap Blend,"$281,648,828.00",816.5
IQSZ,Invesco Global Equity Net Zero ETF,ETF,International Equity,Global Large-Stock Blend,"$159,395,550.00",6.4
IREZ,Tradr 2X Short Iren Daily ETF,"ETF, Leveraged, Inverse",Miscellaneous,Trading--Inverse Equity,"$14,067,868.00",1604553.2
IRTR,Ishares Lifepath Retirement ETF,ETF,Allocation,Target-Date Retirement,"$52,647,300.00",11561.6
ISEP,Innovator International Developed Power Buffer ETF - September,ETF,Nontraditional Equity,Defined Outcome,"$100,115,363.00",7414.2
ISHP,First Trust S-Network Global E-Commerce ETF,ETF,International Equity,Global Large-Stock Blend,"$5,370,876.00",54
ITAN,Sparkline Intangible Value ETF,ETF,US Equity,Large Value,"$73,151,811.00",5327.1
ITDB,Ishares Lifepath Target Date 2030 ETF,ETF,Allocation,Target-Date 2030,"$60,619,108.00",16149.6
ITDC,Ishares Lifepath Target Date 2035 ETF,ETF,Allocation,Target-Date 2035,"$83,441,993.00",24463.7
ITDD,Ishares Lifepath Target Date 2040 ETF,ETF,Allocation,Target-Date 2040,"$80,987,412.00",18818.5
ITDE,Ishares Lifepath Target Date 2045 ETF,ETF,Allocation,Target-Date 2045,"$64,496,228.00",14728.2
ITDJ,iShares LifePath Target Date 2070 ETF,ETF,Allocation,Target-Date 2065+,"$9,827,020.00",4543.3
IVAL,Alpha Architect International Quantitative Value ETF,ETF,International Equity,Foreign Large Value,"$216,335,222.00",12558.2
IVES,Dan IVES Wedbush AI Revolution ETF,ETF,Sector Equity,Technology,"$926,282,010.00",510646.9
IVRS,iShares Future Metaverse Tech And Communications ETF,ETF,Sector Equity,Communications,"$7,625,758.00",343.7
IVVB,iShares Large Cap Deep Quarterly Laddered ETF,ETF,Nontraditional Equity,Defined Outcome,"$131,921,678.00",11087.7
IVVM,iShares Large Cap Moderate Quarterly Laddered ETF,ETF,Nontraditional Equity,Defined Outcome,"$150,879,985.00",9925.3
IZRL,ARK Israel Innovative Technology ETF,ETF,International Equity,Miscellaneous Region,"$127,449,667.00",42239.1
JAJL,Innovator Equity Defined Protection ETF - 6 Mo Jan/Jul,ETF,Nontraditional Equity,Defined Outcome,"$239,664,741.00",28506.1
JANM,FT Vest U.S. Equity Max Buffer ETF - January,ETF,Nontraditional Equity,Defined Outcome,"$32,287,159.00",3089
JANP,PGIM S&P 500 Buffer 12 ETF - Jan,ETF,Nontraditional Equity,Defined Outcome,"$44,088,417.00",25958.4
JANW,AllianzIM U.S. Equity Buffer20 Jan ETF,ETF,Nontraditional Equity,Defined Outcome,"$334,859,904.00",26193.1
JDST,Direxion Daily Junior Gold Miners Index Bear 2X Shares,"ETF, Leveraged, Inverse",Miscellaneous,Trading--Inverse Equity,"$30,087,780.00",1987202.5
JETU,MAX Airlines 3X Leveraged ETN,"ETN, Leveraged",Miscellaneous,Trading--Leveraged Equity,"$5,781,043.00",7401.6
JHEM,John Hancock Multifactor Emerging Markets ETF,ETF,International Equity,Diversified Emerging Mkts,"$739,936,907.00",120440.5
JMID,Janus Henderson Mid Cap Growth Alpha ETF,ETF,US Equity,Mid-Cap Growth,"$18,058,804.00",2597
JNEU,AllianzIM U.S. Equity Buffer15 Uncapped Jun ETF,ETF,Nontraditional Equity,Defined Outcome,"$28,147,035.00",1453.1
JPY,Lazard Japanese Equity ETF,ETF,International Equity,Japan Stock,"$78,219,720.00",9223.6
JULM,FT Vest U.S. Equity Max Buffer ETF - July,ETF,Nontraditional Equity,Defined Outcome,"$24,500,855.00",3458
JULP,PGIM S&P 500 Buffer 12 ETF - Jul,ETF,Nontraditional Equity,Defined Outcome,"$18,336,247.00",2333.8
JULU,AllianzIM U.S. Equity Buffer15 Uncapped Jul ETF,ETF,Nontraditional Equity,Defined Outcome,"$144,836,918.00",14277.7
JUNM,FT Vest U.S. Equity Max Buffer ETF - June,ETF,Nontraditional Equity,Defined Outcome,"$64,603,522.00",720
JUNP,PGIM S&P 500 Buffer 12 ETF - Jun,ETF,Nontraditional Equity,Defined Outcome,"$28,063,197.00",21586.7
JUNT,AllianzIM U.S. Equity Buffer10 Jun ETF,ETF,Nontraditional Equity,Defined Outcome,"$19,263,276.00",848.6
JUNW,AllianzIM U.S. Equity Buffer20 Jun ETF,ETF,Nontraditional Equity,Defined Outcome,"$59,734,720.00",1639.2
JUNZ,TrueShares Structured Outcome (June) ETF,ETF,Nontraditional Equity,Defined Outcome,"$12,600,624.00",1257.8
KAPR,Innovator Russell 2000 Power Buffer ETF - April,ETF,Nontraditional Equity,Defined Outcome,"$155,902,931.00",11777.8
KARS,KraneShares Electric Vehicles and Future Mobility Index ETF,ETF,Sector Equity,Industrials,"$79,758,768.00",22840.6
KBA,KraneShares Bosera MSCI China A 50 Connect Index ETF,ETF,International Equity,China Region,"$188,784,603.00",120526.7
KBUF,KraneShares 90% KWEB Defined Outcome January 2027 ETF,ETF,Nontraditional Equity,Defined Outcome,"$2,938,783.00",858.9
KEAT,Keating Active ETF,ETF,Allocation,Global Moderately Aggressive Allocation,"$121,864,619.00",3214.2
KFEB,Innovator U.S. Small Cap Power Buffer ETF - February,ETF,Nontraditional Equity,Defined Outcome,"$50,685,587.00",13906.2
KGLD,Kurv Gold Enhanced Income ETF,ETF,Commodities,Commodities Focused,"$96,462,850.00",68728.1
KGRN,KraneShares MSCI China Clean Technology ETF,ETF,International Equity,China Region,"$60,598,924.00",12570.7
KJUL,Innovator Russell 2000 Power Buffer ETF™ - July,ETF,Nontraditional Equity,Defined Outcome,"$132,735,770.00",97784.3
KJUN,Innovator U.S. Small Cap Power Buffer ETF - June,ETF,Nontraditional Equity,Defined Outcome,"$16,411,654.00",2058.5
KLMT,Invesco MSCI Global Climate 500 ETF,ETF,International Equity,Global Large-Stock Blend,"$1,466,908,463.00",578.2
KMAR,Innovator U.S. Small Cap Power Buffer ETF - March,ETF,Nontraditional Equity,Defined Outcome,"$12,683,867.00",50996.2
KMAY,Innovator U.S. Small Cap Power Buffer ETF - May,ETF,Nontraditional Equity,Defined Outcome,"$12,238,606.00",662.3
KNGZ,First Trust S&P 500 Diversified Dividend Aristocrats ETF,ETF,US Equity,Large Value,"$59,200,611.00",5266.7
KNOV,Innovator U.S. Small Cap Power Buffer ETF - November,ETF,Nontraditional Equity,Defined Outcome,"$36,168,907.00",218934.9
KOCT,Innovator U.S. Small Cap Power Buffer ETF™ - October,ETF,Nontraditional Equity,Defined Outcome,"$141,195,266.00",13927.5
KOID,KraneShares Global Humanoid and Embodied Intelligence Index ETF,ETF,Sector Equity,Technology,"$136,629,676.00",84271.2
KONG,Formidable Fortress ETF,ETF,US Equity,Mid-Cap Blend,"$22,232,624.00",2366.6
KRBN,KraneShares Global Carbon ETF,ETF,Commodities,Commodities Focused,"$136,300,532.00",32376.2
KROP,Global X AgTech & Food Innovation ETF,ETF,International Equity,Global Small/Mid Stock,"$7,494,338.00",2997.2
KSEP,Innovator U.S. Small Cap Power Buffer ETF - September,ETF,Nontraditional Equity,Defined Outcome,"$26,744,618.00",5992.1
KWEB,KraneShares CSI China Internet ETF,ETF,International Equity,China Region,"$6,908,524,189.00",29845813.1
KWT,iShares® MSCI Kuwait ETF,ETF,International Equity,Miscellaneous Region,"$71,893,229.00",13671.3
LCAP,Principal Capital Appreciation Select ETF,ETF,US Equity,Large Blend,"$192,592,097.00",75301
LDRX,SGI Enhanced Market Leaders ETF,ETF,Nontraditional Equity,Derivative Income,"$208,905,396.00",23912.1
LEXI,Alexis Practical Tactical ETF,ETF,Allocation,Tactical Allocation,"$157,648,056.00",7173
LFSC,F/m Emerald Life Sciences Innovation ETF,ETF,Sector Equity,Health,"$95,650,512.00",6101.1
LGCF,Themes US Cash Flow Champions ETF,ETF,US Equity,Large Value,"$3,117,654.00",312.5
LITL,Simplify Piper Sandler US Small-Cap PLUS Income ETF,ETF,US Equity,Small Blend,"$6,071,049.00",382.2
LITX,Tradr 2X Long Lite Daily ETF,"ETF, Leveraged",Miscellaneous,Trading--Leveraged Equity,"$210,574,282.00",3615128.228
LNOK,Defiance Daily Target 2X Long NOK ETF,ETF,Miscellaneous,Trading--Leveraged Equity,"$1,124,443.00",5878.2
LOPP,Gabelli Love Our Planet & People ETF,ETF,US Equity,Mid-Cap Blend,"$18,392,640.00",725.6
LRCU,Tradr 2X Long LRCX Daily ETF,"ETF, Leveraged",Miscellaneous,Trading--Leveraged Equity,"$22,249,969.00",132142.4214
LSEQ,Harbor Long-Short Equity ETF,ETF,Nontraditional Equity,Long-Short Equity,"$16,165,678.00",970.9
LSVD,LSV Disciplined Value ETF,ETF,US Equity,Large Value,"$562,640,832.00",1755.3
LYLD,Cambria LargeCap Shareholder Yield ETF,ETF,US Equity,Mid-Cap Value,"$6,033,038.00",620.4
MADE,iShares U.S. Manufacturing ETF,ETF,Sector Equity,Industrials,"$49,126,132.00",26705.6
MARM,FT Vest U.S. Equity Max Buffer ETF - March,ETF,Nontraditional Equity,Defined Outcome,"$113,120,216.00",30598.2
MARW,Allianzim U.S. Equity Buffer20 Mar ETF,ETF,Nontraditional Equity,Defined Outcome,"$67,840,132.00",55915.5
MARZ,TrueShares Structured Outcome (March) ETF,ETF,Nontraditional Equity,Defined Outcome,"$16,464,569.00",4871.5
MAXJ,iShares Large Cap Max Buffer Jun ETF,ETF,Nontraditional Equity,Defined Outcome,"$153,372,531.00",15628.4
MAYM,FT Vest U.S. Equity Max Buffer ETF - May,ETF,Nontraditional Equity,Defined Outcome,"$16,205,983.00",154.2
MAYP,PGIM S&P 500 Buffer 12 ETF - May,ETF,Nontraditional Equity,Defined Outcome,"$14,353,894.00",3340.9
MAYU,AllianzIM U.S. Equity Buffer15 Uncapped May ETF,ETF,Nontraditional Equity,Defined Outcome,"$28,416,363.00",1809.7
MAYW,AllianzIM U.S. Equity Buffer20 May ETF,ETF,Nontraditional Equity,Defined Outcome,"$66,803,291.00",2319.1
MAYZ,TrueShares Structured Outcome (May) ETF,ETF,Nontraditional Equity,Defined Outcome,"$14,070,724.00",2192.8
MBCC,Monarch Blue Chips Core ETF,ETF,US Equity,Large Growth,"$152,534,230.00",20019.1
MBNE,State Street® Nuveen Municipal Bond ESG ETF,ETF,Municipal Bond,Muni National Interm,"$8,928,953.00",5142.2
MCH,Matthews China Active ETF,ETF,International Equity,China Region,"$23,087,617.00",9269.2
MDLV,Morgan Dempsey Large Cap Value ETF,ETF,US Equity,Large Value,"$38,873,166.00",4365.9
MDST,Westwood Salient Enhanced Midstream Income ETF,ETF,Sector Equity,Energy Limited Partnership,"$210,242,477.00",61697.3
MEDI,Harbor Health Care ETF,ETF,Sector Equity,Health,"$29,346,511.00",4248
MEDX,Horizon Kinetics Medical ETF,ETF,Sector Equity,Health,"$20,218,554.00",3305.5
MEMA,Man Active Emerging Markets Alternative ETF,ETF,International Equity,Diversified Emerging Mkts,"$11,909,540.00",4338.3
METL,Sprott Active Metals & Miners ETF,ETF,Sector Equity,Natural Resources,"$114,374,199.00",83721.2
METU,Direxion Daily META Bull 2X ETF,"ETF, Leveraged",Miscellaneous,Trading--Leveraged Equity,"$392,454,988.00",2402157.1
METW,Roundhill META WeeklyPay ETF,"ETF, Leveraged",Miscellaneous,Trading--Miscellaneous,"$25,401,750.00",15052.8
MEXX,Direxion Daily MSCI Mexico Bull 3X Shares Direxion Daily MSCI Mexico Bull 3,"ETF, Leveraged",Miscellaneous,Trading--Leveraged Equity,"$31,075,611.00",69453.5
MFSI,MFS Active International ETF,ETF,International Equity,Foreign Large Blend,"$873,134,904.00",324503.9
MIDE,Xtrackers S&P MidCap 400 Scored & Screened ETF,ETF,US Equity,Mid-Cap Blend,"$3,910,194.00",462.4
MKAM,MKAM ETF,ETF,Allocation,Moderate Allocation,"$12,043,958.00",2540.2
MLPB,UBS ETRACS Alerian MLP Infrastructure Index ETN Series B,ETN,Sector Equity,Energy Limited Partnership,"$218,275,040.00",10175.9
MMLG,First Trust Multi-Manager Large Growth ETF,ETF,US Equity,Large Growth,"$82,699,382.00",5629.8
MNA,NYLI Merger Arbitrage ETF,ETF,Alternative,Event Driven,"$248,702,812.00",35313.9
MNRS,Grayscale Bitcoin Miners ETF,ETF,Alternative,Equity Digital Assets,"$9,792,346.00",7317.9
MOTI,VanEck Morningstar International Moat ETF,ETF,International Equity,Foreign Large Blend,"$204,558,561.00",14396.4
MPLY,Monopoly ETF,ETF,US Equity,Large Blend,"$12,316,792.00",1935.3
MPRO,Monarch ProCap ETF,ETF,Allocation,Moderate Allocation,"$250,487,885.00",31104.9
MRCP,PGIM S&P 500 Buffer 12 ETF - Mar,ETF,Nontraditional Equity,Defined Outcome,"$15,015,230.00",10038.6
MRNX,Defiance Daily Target 2X Long MRNA ETF,"ETF, Leveraged",Miscellaneous,Trading--Leveraged Equity,"$936,282.00",15588.4
MRSK,Toews Agility Shares Managed Risk ETF,ETF,Nontraditional Equity,Equity Hedged,"$295,156,768.00",44015
MRVU,Direxion Daily MRVL Bull 2X ETF,"ETF, Leveraged",Miscellaneous,Trading--Leveraged Equity,"$2,453,094.00",42853.3
MSFU,Direxion Daily MSFT Bull 2X Shares,"ETF, Leveraged",Miscellaneous,Trading--Leveraged Equity,"$628,277,021.00",4658590.4
MSFW,Roundhill MSFT WeeklyPay ETF,"ETF, Leveraged",Miscellaneous,Trading--Miscellaneous,"$16,485,863.00",12997.8
MSMR,McElhenny Sheffield Managed Risk ETF,ETF,Allocation,Moderate Allocation,"$166,610,809.00",7602.9
MSSS,Monarch Select Subsector ETF,ETF,US Equity,Mid-Cap Blend,"$125,131,370.00",15098.1
MSST,YieldMax MSTR Performance & Distribution Target 25 ETF,ETF,Nontraditional Equity,Derivative Income,"$2,560,199.00",2709.6
MSTQ,LHA Market State™ Tactical Q ETF,ETF,Nontraditional Equity,Equity Hedged,"$33,144,469.00",951.9
MTUL,ETRACS 2x Leveraged MSCI US Momentum Factor TR ETN,"ETN, Leveraged",Miscellaneous,Trading--Leveraged Equity,"$5,744,805.00",1.6
MVAL,VanEck Morningstar Wide Moat Value ETF,ETF,US Equity,Large Value,"$7,879,250.00",1833.2
MVFD,Monarch Volume Factor Dividend Tree ETF,ETF,Allocation,Moderate Allocation,"$98,468,776.00",18144.1
MVFG,Monarch Volume Factor Global Unconstrained ETF,ETF,International Equity,Global Large-Stock Blend,"$147,983,221.00",20336.5
MVPA,Miller Value Ptnrs Appreciation ETF,ETF,US Equity,Small Value,"$62,040,519.00",1447.7
MVPL,Miller Value Ptnrs Leverage ETF,"ETF, Leveraged",Miscellaneous,Trading--Leveraged Equity,"$20,638,281.00",1192.4
MYLD,Cambria Micro And Smallcap Shareholder Yield ETF,ETF,US Equity,Small Value,"$28,427,317.00",2378.7
NAUG,Innovator Growth-100 Power Buffer ETF - August,ETF,Nontraditional Equity,Defined Outcome,"$78,413,078.00",9883.1
NBCE,Neuberger China Equity ETF,ETF,International Equity,China Region,"$16,092,605.00",548.3
NBCR,Neuberger Core Equity ETF,ETF,US Equity,Large Blend,"$880,468,736.00",248821
NBDS,Neuberger Disrupters ETF,ETF,Sector Equity,Technology,"$27,332,588.00",1008.6
NBJP,Neuberger Japan Equity ETF,ETF,International Equity,Japan Stock,"$125,381,773.00",16423.7
NDIV,Amplify Energy & Natural Resources Covered Call ETF,ETF,Sector Equity,Natural Resources,"$19,502,036.00",21546.3
NDOW,Anydrus Advantage ETF,ETF,Allocation,Global Moderately Conservative Allocation,"$62,856,067.00",10556.4
NDVG,Nuveen Dividend Growth ETF,ETF,US Equity,Large Blend,"$14,306,090.00",727
NEBX,Tradr 2X Long NBIS Daily ETF,"ETF, Leveraged",Miscellaneous,Trading--Leveraged Equity,"$101,826,548.00",759081.9
NEHI,NEOS Ethereum High Income ETF,ETF,Alternative,Digital Assets,"$31,035,550.00",56507.1
NFEB,Innovator Growth-100 Power Buffer ETF - February,ETF,Nontraditional Equity,Defined Outcome,"$73,096,873.00",16931.2
NFLU,T-REX 2X Long NFLX Daily Target ETF,"ETF, Leveraged",Miscellaneous,Trading--Leveraged Equity,"$93,080,659.00",727420.3
NFXL,Direxion Daily NFLX Bull 2X Shares,"ETF, Leveraged",Miscellaneous,Trading--Leveraged Equity,"$221,446,199.00",1740470.7
NITE,The Nightview ETF,ETF,US Equity,Large Growth,"$28,681,018.00",14505.5
NJUN,Innovator Growth-100 Power Buffer ETF - June,ETF,Nontraditional Equity,Defined Outcome,"$55,469,158.00",47801.3
NMAR,Innovator Growth-100 Power Buffer ETF - March,ETF,Nontraditional Equity,Defined Outcome,"$21,006,271.00",75855.6
NMAY,Innovator Growth-100 Power Buffer ETF - May,ETF,Nontraditional Equity,Defined Outcome,"$14,726,649.00",1883.8
NNOV,Innovator Growth-100 Power Buffer ETF - November,ETF,Nontraditional Equity,Defined Outcome,"$106,577,939.00",17626.5
NODE,VanEck Onchain Economy ETF,ETF,Alternative,Equity Digital Assets,"$56,335,208.00",17650.6
NORW,Global X MSCI Norway ETF,ETF,International Equity,Miscellaneous Region,"$72,594,894.00",228412.7
NOVM,FT Vest U.S. Equity Max Buffer ETF – November,ETF,Nontraditional Equity,Defined Outcome,"$27,250,543.00",924.2
NOVP,PGIM S&P 500 Buffer 12 ETF - Nov,ETF,Nontraditional Equity,Defined Outcome,"$17,443,458.00",2532.9
NRES,Xtrackers RREEF Global Natural Resources ETF,ETF,Sector Equity,Natural Resources,"$38,918,218.00",620.3
NRGU,Microsectors U.S. Big Oil 3x Leveraged ETNs,"ETN, Leveraged",Miscellaneous,Trading--Leveraged Equity,"$43,180,857.00",288605.5
NSCR,Nuveen Sustainable Core ETF,ETF,US Equity,Large Blend,"$6,723,654.00",2.1
NSEP,Innovator Growth-100 Power Buffer ETF - September,ETF,Nontraditional Equity,Defined Outcome,"$51,292,284.00",52479.5
NSI,National Security Emerging Markets Index ETF,ETF,International Equity,Diversified Emerging Mkts,"$38,842,507.00",8166.7
NUDV,Nuveen ESG Dividend ETF,ETF,US Equity,Large Value,"$45,670,684.00",15770.6
NURE,Nuveen Short-Term REIT ETF,ETF,Sector Equity,Real Estate,"$32,488,510.00",3868.5
NVBT,Allianzim U.S. Equity Buffer10 Nov ETF,ETF,Nontraditional Equity,Defined Outcome,"$29,655,340.00",1054
NVBU,AllianzIM U.S. Equity Buffer15 Uncapped Nov ETF,ETF,Nontraditional Equity,Defined Outcome,"$38,413,567.00",5672.4
NVBW,Allianzim U.S. Equity Buffer20 Nov ETF,ETF,Nontraditional Equity,Defined Outcome,"$93,573,350.00",5000.9
NWLG,Nuveen Winslow Large-Cap Growth ESG ETF,ETF,US Equity,Large Growth,"$11,130,853.00",241.9
NXTI,Simplify Next Intangible Core Index ETF,ETF,US Equity,Large Blend,"$35,574,805.00",730.6
NZUS,State Street® SPDR® MSCI USA Climate Paris Aligned ETF,ETF,US Equity,Large Growth,"$2,752,155.00",203
OALC,OneAscent Large Cap Core ETF,ETF,US Equity,Large Blend,"$202,692,443.00",14870.2
OARK,YieldMax® Innovation Option Income Strategy ETF,ETF,Nontraditional Equity,Derivative Income,"$48,098,918.00",45338.8
OASC,OneAscent Enhanced Small and Mid Cap ETF,ETF,US Equity,Small Blend,"$73,134,735.00",5835
OBOR,KraneShares MSCI One Belt One Road Index ETF,ETF,International Equity,China Region,"$4,512,192.00",9244
OCIO,ClearShares OCIO ETF,ETF,Allocation,Moderate Allocation,"$171,818,058.00",827.9
OCTM,FT Vest U.S. Equity Max Buffer ETF – October,ETF,Nontraditional Equity,Defined Outcome,"$30,360,023.00",1253.4
OCTP,PGIM S&P 500 Buffer 12 ETF - Oct,ETF,Nontraditional Equity,Defined Outcome,"$23,496,700.00",3145
OCTU,AllianzIM U.S. Equity Buffer15 Uncapped Oct ETF,ETF,Nontraditional Equity,Defined Outcome,"$67,013,051.00",5881.2
OEFA,ALPS O'Shares International Developed Quality Dividend ETF,ETF,International Equity,Europe Stock,"$41,014,135.00",4262.3
OILT,Texas Capital Texas Oil Index ETF,ETF,Sector Equity,Equity Energy,"$12,346,193.00",11773.7
OND,ProShares On-Demand ETF,ETF,Sector Equity,Communications,"$4,584,229.00",1288.5
ORCS,Direxion Daily ORCL Bear 1X ETF,"ETF, Inverse",Miscellaneous,Trading--Inverse Equity,"$9,703,367.00",82511
ORR,Militia Long/Short Equity ETF,ETF,Nontraditional Equity,Long-Short Equity,"$476,362,303.00",543683.2
OSEA,Harbor International Compounders ETF,ETF,International Equity,Foreign Large Growth,"$504,447,629.00",86181.2
OVF,Overlay Shares Foreign Equity ETF,ETF,International Equity,Foreign Large Blend,"$34,036,256.00",9422.5
OVS,Overlay Shares Small Cap Equity ETF,ETF,US Equity,Small Blend,"$19,093,280.00",1998.6
OZEM,Roundhill Glp-1 & Weight Loss ETF,ETF,Sector Equity,Health,"$56,646,702.00",30087.3
PATN,Pacer Nasdaq International Patent Leaders ETF,ETF,International Equity,Foreign Large Blend,"$55,861,853.00",50282.9
PBAP,PGIM S&P 500 Buffer 20 ETF - April,ETF,Nontraditional Equity,Defined Outcome,"$20,760,245.00",4705.5
PBAU,PGIM S&P 500 Buffer 20 ETF - August,ETF,Nontraditional Equity,Defined Outcome,"$20,511,666.00",1378
PBDE,PGIM S&P 500 Buffer 20 ETF - December,ETF,Nontraditional Equity,Defined Outcome,"$31,991,526.00",2370.3
PBEU,Portfolio Building Block European Banks Index ETF,ETF,Sector Equity,Financial,"$335,297,955.00",476117.8
PBFB,PGIM S&P 500 Buffer 20 ETF - Feburary,ETF,Nontraditional Equity,Defined Outcome,"$29,134,014.00",3890.9
PBFR,PGIM Laddered S&P 500 Buffer 20 ETF,ETF,Nontraditional Equity,Defined Outcome,"$98,312,239.00",21478.7
PBJA,PGIM S&P 500 Buffer 20 ETF - January,ETF,Nontraditional Equity,Defined Outcome,"$53,363,866.00",3279.4
PBJL,PGIM S&P 500 Buffer 20 ETF - July,ETF,Nontraditional Equity,Defined Outcome,"$41,343,472.00",28083.4
PBJN,PGIM S&P 500 Buffer 20 ETF - June,ETF,Nontraditional Equity,Defined Outcome,"$21,128,443.00",1851.9
PBL,PGIM Portfolio Ballast ETF,ETF,Allocation,Moderate Allocation,"$75,247,467.00",1773.7
PBMR,PGIM S&P 500 Buffer 20 ETF - March,ETF,Nontraditional Equity,Defined Outcome,"$16,683,046.00",55663.7
PBMY,PGIM S&P 500 Buffer 20 ETF - May,ETF,Nontraditional Equity,Defined Outcome,"$15,737,733.00",1792.1
PBNV,PGIM S&P 500 Buffer 20 ETF - November,ETF,Nontraditional Equity,Defined Outcome,"$25,419,519.00",1944.6
PBOC,PGIM S&P 500 Buffer 20 ETF - October,ETF,Nontraditional Equity,Defined Outcome,"$37,274,811.00",36366.4
PBOG,Portfolio Building Block Integrated Oil And Gas And Exploration And Production Index ETF,ETF,Sector Equity,Equity Energy,"$392,956,572.00",613300.6
PBQQ,PGIM Laddered Nasdaq-100 Buffer 12 ETF,ETF,Nontraditional Equity,Defined Outcome,"$46,981,074.00",8076.4
PBRG,Leverage Shares 2X Long PBR Daily ETF,"ETF, Leveraged",Miscellaneous,Trading--Leveraged Equity,"$763,007.00",6449.3
PBSE,PGIM S&P 500 Buffer 20 ETF - September,ETF,Nontraditional Equity,Defined Outcome,"$22,241,919.00",3023.4
PBW,Invesco WilderHill Clean Energy ETF,ETF,US Equity,Small Growth,"$563,890,426.00",1283614.8
PDBA,Invesco Agriculture Commodity Strategy No K-1 ETF,ETF,Commodities,Commodities Focused,"$74,671,050.00",131940.2
PEPS,Parametric Equity Plus ETF,ETF,Nontraditional Equity,Derivative Income,"$25,221,869.00",313
PFF,iShares Preferred and Income Securities ETF,ETF,Taxable Bond,Preferred Stock,"$14,085,472,888.00",3671041.9
PHEQ,Parametric Hedged Equity ETF,ETF,Nontraditional Equity,Equity Hedged,"$133,643,449.00",30130.9
PHYL,PGIM Active High Yield Bond ETF,ETF,Taxable Bond,High Yield Bond,"$1,253,873,597.00",179070.5
PIEQ,Principal International Equity ETF,ETF,International Equity,Foreign Large Blend,"$1,324,977,619.00",48790
PINK,Simplify Health Care ETF,ETF,Sector Equity,Health,"$289,626,578.00",161020.7
PLDR,Putnam Sustainable Leaders ETF,ETF,US Equity,Large Growth,"$281,020,169.00",753954.5
PLTZ,Defiance Daily Target 2X Short PLTR ETF,"ETF, Leveraged, Inverse",Miscellaneous,Trading--Inverse Equity,"$64,418,040.00",1694756.4
PPTY,Vident U.S. Diversified Real Estate ETF,ETF,Sector Equity,Real Estate,"$25,479,954.00",4205.7
PQAP,PGIM Nasdaq-100 Buffer 12 ETF - April,ETF,Nontraditional Equity,Defined Outcome,"$15,602,920.00",1644.4
PQJA,PGIM Nasdaq-100 Buffer 12 ETF - January,ETF,Nontraditional Equity,Defined Outcome,"$26,149,006.00",3447.2
PQJL,PGIM Nasdaq-100 Buffer 12 ETF - July,ETF,Nontraditional Equity,Defined Outcome,"$13,364,534.00",2248.5
PQOC,PGIM Nasdaq-100 Buffer 12 ETF - October,ETF,Nontraditional Equity,Defined Outcome,"$15,975,782.00",1918.2
PRAY,FIS Christian Stock Fund ETF,ETF,US Equity,Large Blend,"$81,496,583.00",13757.2
PRVS,Parnassus Value Select ETF,ETF,US Equity,Large Value,"$17,440,117.00",16638.6
PRXG,Praxis Impact Large Cap Growth ETF,ETF,US Equity,Large Growth,"$71,101,851.00",7154.9
PRXV,Praxis Impact Large Cap Value ETF,ETF,US Equity,Large Value,"$67,949,905.00",7244.8
PSCC,Invesco S&P SmallCap Consumer Staples ETF,ETF,Sector Equity,Consumer Defensive,"$36,036,533.00",8749.4
PSCJ,Pacer Swan SOS Conservative (July) ETF,ETF,Nontraditional Equity,Defined Outcome,"$40,924,691.00",282
PSCQ,Pacer Swan SOS Conservative (October) ETF,ETF,Nontraditional Equity,Defined Outcome,"$47,480,215.00",1817.1
PSCW,Pacer Swan SOS Conservative (April) ETF,ETF,Nontraditional Equity,Defined Outcome,"$58,567,768.00",343.7
PSCX,Pacer Swan SOS Conservative (January) ETF,ETF,Nontraditional Equity,Defined Outcome,"$44,457,054.00",2389.7
PSFF,Pacer Swan SOS Fund of Funds ETF,ETF,Nontraditional Equity,Defined Outcome,"$558,995,274.00",96973.2
PSFJ,Pacer Swan SOS Flex (July) ETF,ETF,Nontraditional Equity,Defined Outcome,"$35,992,127.00",652.6
PSFM,Pacer Swan SOS Flex (April) ETF,ETF,Nontraditional Equity,Defined Outcome,"$20,931,319.00",139.9
PSFO,Pacer Swan SOS Flex (October) ETF,ETF,Nontraditional Equity,Defined Outcome,"$45,714,856.00",2661.6
PSK,State Street® SPDR® ICE Preferred Securities ETF,ETF,Taxable Bond,Preferred Stock,"$749,381,915.00",121597.9
PSMD,Pacer Swan SOS Moderate (January) ETF,ETF,Nontraditional Equity,Defined Outcome,"$91,595,334.00",582.7
PSMJ,Pacer Swan SOS Moderate (July) ETF,ETF,Nontraditional Equity,Defined Outcome,"$88,400,416.00",446.2
PSMO,Pacer Swan SOS Moderate (October) ETF,ETF,Nontraditional Equity,Defined Outcome,"$98,996,713.00",1907.8
PSMR,Pacer Swan SOS Moderate (April) ETF,ETF,Nontraditional Equity,Defined Outcome,"$84,390,841.00",1555.1
PSQ,ProShares Short QQQ,"ETF, Inverse",Miscellaneous,Trading--Inverse Equity,"$639,886,531.00",13133954.2
PSTP,Innovator Power Buffer Step-Up Strategy ETF,ETF,Nontraditional Equity,Defined Outcome,"$126,924,212.00",10064.4
PSTR,PeakShares Sector Rotation ETF,ETF,Nontraditional Equity,Derivative Income,"$54,989,623.00",2141.4
PSWD,Xtrackers Cybersecurity Select Equity ETF,ETF,Sector Equity,Technology,"$6,810,082.00",740.5
PTEU,Pacer Trendpilot™ European Index ETF,ETF,International Equity,Europe Stock,"$36,313,473.00",2276.1
PTIN,Pacer Trendpilot International ETF,ETF,International Equity,Foreign Large Blend,"$187,491,003.00",20588.9
PVEX,TrueShares ConVequity ETF,ETF,US Equity,Large Blend,"$50,570,557.00",5920.7
PWS,Pacer WealthShield ETF,ETF,Allocation,Tactical Allocation,"$31,652,725.00",2614.6
PXE,Invesco Energy Exploration & Production ETF,ETF,Sector Equity,Equity Energy,"$84,602,386.00",34138.9
PYPY,Yieldmax PYPL Option Income Strategy ETF,ETF,Nontraditional Equity,Derivative Income,"$24,299,132.00",46732.5
QAI,NYLI Hedge Multi-Strategy Tracker ETF,ETF,Alternative,Multistrategy,"$786,597,375.00",93365.6
QBIG,Invesco Top QQQ ETF,ETF,US Equity,Large Growth,"$39,903,321.00",9114.8
QBUF,Innovator Nasdaq-100 10 Buffer ETF - Quarterly,ETF,Nontraditional Equity,Defined Outcome,"$195,682,388.00",21504.9
QDEC,FT Vest Nasdaq-100 Buffer ETF – December,ETF,Nontraditional Equity,Defined Outcome,"$606,657,677.00",42109.9
QDIV,Global X S&P 500® Quality Dividend ETF,ETF,US Equity,Large Value,"$33,853,507.00",2410.2
QDTE,Roundhill Innovation-100 0DTE Covered Call Strategy ETF,ETF,Nontraditional Equity,Derivative Income,"$863,510,872.00",583323.1
QFLR,Innovator Nasdaq-100 Managed Floor ETF,ETF,Nontraditional Equity,Equity Hedged,"$479,685,033.00",94304.2
QHDG,Innovator Hedged Nasdaq-100 ETF,ETF,Nontraditional Equity,Equity Hedged,"$2,972,132.00",511.7
QJUN,FT Vest Nasdaq-100 Buffer ETF - June,ETF,Nontraditional Equity,Defined Outcome,"$589,352,957.00",42616.6
QLVD,FlexShares Developed Markets ex-US Quality Low Volatility Index Fund,ETF,International Equity,Foreign Large Blend,"$66,309,911.00",3883
QLVE,FlexShares Emerging Markets Quality Low Volatility Index Fund,ETF,International Equity,Diversified Emerging Mkts,"$16,178,539.00",609.8
QMAR,FT Vest Nasdaq-100 Buffer ETF – March,ETF,Nontraditional Equity,Defined Outcome,"$467,156,070.00",10252.8
QOWZ,Invesco Nasdaq Free Cash Flow Achievers ETF,ETF,US Equity,Large Growth,"$13,515,090.00",5963
QQDN,ProShares UltraShort QQQ Mega,"ETF, Leveraged, Inverse",Miscellaneous,Trading--Inverse Equity,"$1,486,195.00",3461.1
QQQS,Invesco NASDAQ Future Gen 200 ETF,ETF,US Equity,Small Blend,"$14,281,206.00",6151.3
QSIX,Pacer Metarus Nasdaq 100 Dividend Multiplier 600 ETF,ETF,Nontraditional Equity,Derivative Income,"$16,581,615.00",3160.7
QSML,Wisdomtree U.S. Smallcap Quality Growth Fund,ETF,US Equity,Small Blend,"$10,299,918.00",710.1
QSPT,FT Vest Nasdaq-100® Buffer ETF – September,ETF,Nontraditional Equity,Defined Outcome,"$506,781,593.00",18095.7
QTJA,Innovator Growth Accelerated Plus ETF - January,ETF,Nontraditional Equity,Defined Outcome,"$14,825,414.00",5038.5
QTOC,Innovator Growth Accelerated Plus ETF™ - October,ETF,Nontraditional Equity,Defined Outcome,"$16,193,996.00",10914.8
QTOP,iShares Nasdaq Top 30 Stocks ETF,ETF,US Equity,Large Growth,"$225,355,054.00",144639.8
QTR,Global X NASDAQ 100® Tail Risk ETF,ETF,Nontraditional Equity,Equity Hedged,"$2,990,011.00",523.3
QVMM,Invesco S&P MidCap 400 QVM Multi-factor ETF,ETF,US Equity,Mid-Cap Blend,"$407,277,711.00",10417.6
QVMS,Invesco S&P SmallCap 600 QVM Multi-factor ETF,ETF,US Equity,Small Blend,"$227,201,152.00",5271.2
QVOY,Q3 All-Season Active Rotation ETF,ETF,Allocation,Tactical Allocation,"$54,940,898.00",12279.3
RAA,SMI 3Fourteen REAL Asset Allocation ETF,ETF,Allocation,Moderate Allocation,"$588,417,099.00",42602.5
RAYJ,Rayliant SMDAM Japan Equity ETF,ETF,International Equity,Japan Stock,"$25,504,526.00",4960.6
RBUF,Innovator U.S. Small Cap 10 Buffer ETF - Quarterly,ETF,Nontraditional Equity,Defined Outcome,"$80,395,954.00",12892.5
RCGE,RockCreek Global Equality ETF,ETF,International Equity,Global Large-Stock Blend,"$96,065,265.00",1491.1
RCTR,First Trust Bloomberg Nuclear Power ETF,ETF,Sector Equity,Miscellaneous Sector,"$23,000,393.00",2909.7
RDTE,Roundhill Russell 2000 0DTE Covered Call Strategy ETF,ETF,Nontraditional Equity,Derivative Income,"$159,585,530.00",158111.9
REIT,ALPS Active REIT ETF,ETF,Sector Equity,Real Estate,"$49,978,581.00",9459
REMG,Russell Investments Emerging Markets Equity ETF,ETF,International Equity,Diversified Emerging Mkts,"$90,405,967.00",9722.6
REVS,Columbia Research Enhanced Value ETF,ETF,US Equity,Large Value,"$221,127,585.00",27718.3
RFLR,Innovator U.S. Small Cap Managed Floor ETF,ETF,Nontraditional Equity,Equity Hedged,"$60,678,339.00",18648.7
RGEF,Rockefeller Global Equity ETF,ETF,International Equity,Global Large-Stock Blend,"$781,805,927.00",10337.8
RGLO,Russell Investments Global Equity ETF,ETF,International Equity,Global Large-Stock Blend,"$286,985,993.00",33047.3
RIFR,Russell Investments Global Infrastructure ETF,ETF,Sector Equity,Infrastructure,"$38,803,629.00",4088
RINF,ProShares Inflation Expectations ETF,ETF,Taxable Bond,Nontraditional Bond,"$17,179,280.00",3150
RINT,Russell Investments International Developed Equity ETF,ETF,International Equity,Foreign Large Blend,"$127,122,927.00",15619.3
RISN,Inspire Tactical Balanced ETF,ETF,Allocation,Tactical Allocation,"$88,618,582.00",14918
RISR,FolioBeyond Alternative Income and Interest Rate Hedge ETF,ETF,Taxable Bond,Nontraditional Bond,"$195,713,801.00",48006.6
RKLX,Defiance Daily Target 2X Long RKLB ETF,"ETF, Leveraged",Miscellaneous,Trading--Leveraged Equity,"$161,546,085.00",1945293
RLY,State Street® Multi-Asset Real Return ETF,ETF,Allocation,Global Moderate Allocation,"$863,995,657.00",272191.8
RND,First Trust Bloomberg R&D Leaders ETF,ETF,US Equity,Large Blend,"$4,359,127.00",1276.8
RNIN,Bushido Capital US SMID Cap Equity ETF,ETF,US Equity,Mid-Cap Value,"$138,094,656.00",8302.4
RNRG,Global X Renewable Energy Producers ETF,ETF,Sector Equity,Equity Energy,"$29,114,364.00",4714.1
RNWZ,TrueShares Eagle Global Renewable Energy Income ETF,ETF,Sector Equity,Equity Energy,"$3,180,888.00",1256.9
ROAM,Hartford Multifactor Emerging Markets ETF,ETF,International Equity,Diversified Emerging Mkts,"$88,477,652.00",22881.9
ROE,Astoria US Equal Weight Quality Kings ETF,ETF,US Equity,Large Blend,"$223,144,018.00",22283.6
ROMO,Strategy Shares Newfound/ReSolve Robust Momentum ETF,ETF,Allocation,Moderately Aggressive Allocation,"$27,753,310.00",2089.7
ROPE,Coastal Compass 100 ETF,ETF,Allocation,Tactical Allocation,"$7,336,087.00",1080.2
RSEE,Rareview Systematic Equity ETF,ETF,Nontraditional Equity,Equity Hedged,"$63,721,556.00",8780.3
RSJN,FT Vest U.S. Equity Equal Weight Buffer ETF - June,ETF,Nontraditional Equity,Defined Outcome,"$17,748,941.00",10192.3
RSPE,Invesco ESG S&P 500 Equal Weight ETF,ETF,US Equity,Large Value,"$47,577,999.00",14057.8
RSPH,Invesco S&P 500® Equal Weight Health Care ETF,ETF,Sector Equity,Health,"$771,191,619.00",82217.6
RSPR,Invesco S&P 500® Equal Weight Real Estate ETF,ETF,Sector Equity,Real Estate,"$101,287,233.00",8150.8
RSPS,Invesco S&P 500® Equal Weight Consumer Staples ETF,ETF,Sector Equity,Consumer Defensive,"$283,925,530.00",111689
RSSB,Return Stacked Global Stocks & Bonds ETF,ETF,Alternative,Multi-Asset Leveraged,"$466,160,535.00",64356.7
RSST,Return Stacked® U.S. Stocks & Managed Futures ETF,ETF,Alternative,Multi-Asset Leveraged,"$633,757,725.00",57077.7
RTXG,Leverage Shares 2X Long RTX Daily ETF,"ETF, Leveraged",Miscellaneous,Trading--Leveraged Equity,"$2,709,875.00",42076.7
RUNN,Running Oak Efficient Growth ETF,ETF,US Equity,Mid-Cap Blend,"$385,974,081.00",35949
RUSC,Russell Investments U.S. Small Cap Equity ETF,ETF,US Equity,Small Blend,"$50,628,200.00",5970.2
RVER,Trenchless Fund ETF,ETF,US Equity,Large Growth,"$121,115,606.00",9075.8
RVNL,GraniteShares 2x Long RIVN Daily ETF,"ETF, Leveraged",Miscellaneous,Trading--Leveraged Equity,"$7,393,967.00",31757.9
RVRB,Reverb ETF,ETF,US Equity,Large Blend,"$5,328,536.00",360.8
RWEM,Rayliant Wilshire NxtGen Emerging Markets Equity ETF,ETF,International Equity,Diversified Emerging Mkts,"$91,941,828.00",9013.5
RWLC,Rayliant Wilshire NxtGen US Large Cap Equity ETF,ETF,International Equity,Global Large-Stock Blend,"$94,586,791.00",42532.2
RWX,State Street® SPDR® Dow Jones® International Real Estate ETF,ETF,Sector Equity,Global Real Estate,"$310,513,738.00",36771
SAEF,Schwab Ariel Opportunities ETF,ETF,US Equity,Mid-Cap Blend,"$25,492,205.00",4473.8
SAGP,Strategas Global Policy Opportunities ETF,ETF,International Equity,Global Small/Mid Stock,"$76,795,060.00",18928.5
SAMM,Strategas Macro Momentum ETF,ETF,US Equity,Large Blend,"$24,124,797.00",9826.4
SARK,Tradr 1X Short Innovation Daily ETF,"ETF, Inverse",Miscellaneous,Trading--Inverse Equity,"$71,911,123.00",740761.3
SCAP,Infrastructure Capital Small Cap Income ETF,ETF,US Equity,Small Value,"$19,374,811.00",4393.9
SCHA,Schwab U.S. Small-Cap ETF™,ETF,US Equity,Small Blend,"$20,748,744,701.00",4126252.4
SCHD,Schwab U.S. Dividend Equity ETF™,ETF,US Equity,Large Value,"$85,904,446,955.00",25647592.2
SCHE,Schwab Emerging Markets Equity ETF™,ETF,International Equity,Diversified Emerging Mkts,"$12,462,451,882.00",3509822.7
SCHG,Schwab U.S. Large-Cap Growth ETF™,ETF,US Equity,Large Growth,"$50,521,730,990.00",25000163.2
SCHK,Schwab 1000 ETF,ETF,US Equity,Large Blend,"$4,929,183,035.00",3065007.8
SCHM,Schwab U.S. Mid-Cap ETF™,ETF,US Equity,Mid-Cap Blend,"$13,640,029,629.00",1753603.6
SCHQ,Schwab Long-Term U.S. Treasury ETF,ETF,Taxable Bond,Long Government,"$957,259,663.00",1212858.8
SCHV,Schwab U.S. Large-Cap Value ETF™,ETF,US Equity,Large Value,"$15,639,998,748.00",5070257.2
SCHY,Schwab International Dividend Equity ETF,ETF,International Equity,Foreign Large Value,"$2,249,643,670.00",931319.3
SDEM,Global X MSCI SuperDividend® Emerging Markets ETF,ETF,International Equity,Diversified Emerging Mkts,"$48,733,411.00",16358
SDFI,AB Short Duration Income ETF,ETF,Taxable Bond,Short-Term Bond,"$166,849,294.00",22801.2
SDOW,ProShares UltraPro Short Dow30,"ETF, Leveraged, Inverse",Miscellaneous,Trading--Inverse Equity,"$193,415,626.00",9206035.4
SEEM,SEI Select Emerging Markets Equity ETF,ETF,International Equity,Diversified Emerging Mkts,"$483,706,631.00",102156
SEF,ProShares Short Financials,"ETF, Inverse",Miscellaneous,Trading--Inverse Equity,"$11,283,964.00",58694.1
SEIE,SEI Select International Equity ETF,ETF,International Equity,Foreign Large Blend,"$1,023,087,244.00",76490.9
SEIS,SEI Select Small Cap ETF,ETF,US Equity,Small Blend,"$435,599,630.00",39211.2
SELV,SEI Enhanced Low Volatility US Large Cap ETF,ETF,US Equity,Large Value,"$233,937,501.00",14035.2
SEMI,Columbia Select Technology ETF,ETF,Sector Equity,Technology,"$37,721,994.00",12390.8
SEPM,FT Vest U.S. Equity Max Buffer ETF - September,ETF,Nontraditional Equity,Defined Outcome,"$31,974,710.00",2915.3
SEPP,PGIM S&P 500 Buffer 12 ETF - Sep,ETF,Nontraditional Equity,Defined Outcome,"$16,644,810.00",1239.3
SEPT,AllianzIM U.S. Equity Buffer10 Sep ETF,ETF,Nontraditional Equity,Defined Outcome,"$101,852,663.00",8592.2
SEPU,AllianzIM U.S. Equity Buffer15 Uncapped Sep ETF,ETF,Nontraditional Equity,Defined Outcome,"$129,020,943.00",12914
SEPW,AllianzIM U.S. Equity Buffer20 Sep ETF,ETF,Nontraditional Equity,Defined Outcome,"$281,877,031.00",25251.4
SETM,Sprott Critical Materials ETF,ETF,Sector Equity,Natural Resources,"$603,603,894.00",317543.3
SFGV,Sequoia Global Value ETF,ETF,International Equity,Global Large-Stock Value,"$1,153,508,391.00",13656.6
SFLO,Victoryshares Small Cap Free Cash Flow ETF,ETF,US Equity,Small Value,"$500,465,057.00",58003.3
SFLR,Innovator Equity Managed Floor ETF,ETF,Nontraditional Equity,Equity Hedged,"$1,499,962,956.00",250762.3
SFTY,Horizon Managed Risk ETF,ETF,Allocation,Tactical Allocation,"$346,402,356.00",24410.9
SH,ProShares Short S&P500,"ETF, Inverse",Miscellaneous,Trading--Inverse Equity,"$1,043,574,417.00",19340902.7
SHDG,Soundwatch Hedged Equity ETF,ETF,Nontraditional Equity,Equity Hedged,"$166,551,702.00",4273.1
SHPP,Pacer Industrials and Logistics ETF,ETF,Sector Equity,Industrials,"$1,986,084.00",289.8
SILJ,Amplify Junior Silver Miners ETF,ETF,Sector Equity,Equity Precious Metals,"$6,137,252,878.00",7414705.4
SIXD,AllianzIM U.S. Equity 6 Month Buffer10 Jun/Dec ETF,ETF,Nontraditional Equity,Defined Outcome,"$30,561,744.00",3974.2
SIXF,Allianzim U.S. Equity 6 Month Buffer10 Feb/Aug ETF,ETF,Nontraditional Equity,Defined Outcome,"$45,955,454.00",5910.6
SIXJ,AllianzIM U.S. Equity 6 Month Buffer10 Jan/Jul ETF,ETF,Nontraditional Equity,Defined Outcome,"$147,541,370.00",11747.1
SIXO,AllianzIM U.S. Equity 6 Month Buffer10 Apr/Oct ETF,ETF,Nontraditional Equity,Defined Outcome,"$410,889,847.00",117497.5
SIXP,Allianzim U.S. Equity 6 Month Buffer10 Mar/Sep ETF,ETF,Nontraditional Equity,Defined Outcome,"$48,086,362.00",31953.2
SIXZ,AllianzIM U.S. Equity 6 Month Buffer10 May/Nov ETF,ETF,Nontraditional Equity,Defined Outcome,"$53,597,554.00",5382.8
SKF,ProShares UltraShort Financials,"ETF, Leveraged, Inverse",Miscellaneous,Trading--Inverse Equity,"$12,736,321.00",60673.3
SLTY,YieldmaxTM Ultra Short Option Income Strategy ETF,ETF,Nontraditional Equity,Derivative Income,"$16,512,570.00",18521.4
SMCF,Themes US Small Cap Cash Flow Champions ETF,ETF,US Equity,Small Value,"$2,441,499.00",825.1
SMCZ,Defiance Daily Target 2X Short SMCI ETF,"ETF, Leveraged, Inverse",Miscellaneous,Trading--Inverse Equity,"$2,624,391.00",190703.4
SMIG,Bahl & Gaynor Small/Mid Cap Income Growth ETF,ETF,US Equity,Mid-Cap Value,"$1,270,663,895.00",257895.2
SMOT,VanEck Morningstar SMID Moat ETF,ETF,US Equity,Mid-Cap Blend,"$349,820,600.00",32715.5
SMRI,Bushido Capital US Equity ETF,ETF,US Equity,Mid-Cap Value,"$514,028,629.00",13947
SNAV,Mohr Sector Nav ETF,ETF,US Equity,Large Blend,"$26,511,453.00",1464.6
SNPD,Xtrackers S&P Dividend Aristocrats Screened ETF,ETF,US Equity,Mid-Cap Value,"$5,404,332.00",3731.7
SOLR,Guinness Atkinson Sustainable Energy ETF,ETF,Sector Equity,Equity Energy,"$4,433,583.00",987.6
SPAM,Themes Cybersecurity ETF,ETF,Sector Equity,Technology,"$2,281,476.00",2167.2
SPBO,State Street® SPDR® Portfolio Corporate Bond ETF,ETF,Taxable Bond,Corporate Bond,"$1,858,280,312.00",567256.5
SPIB,State Street® SPDR® Portfolio Intermediate Term Corporate Bond ETF,ETF,Taxable Bond,Corporate Bond,"$11,009,827,288.00",9314931.4
SPIN,State Street® US Equity Premium Income ETF,ETF,Nontraditional Equity,Derivative Income,"$56,871,736.00",4592.8
SPSB,State Street® SPDR® Portfolio Short Term Corporate Bond ETF,ETF,Taxable Bond,Short-Term Bond,"$8,929,531,781.00",3016430.5
SPTB,State Street® SPDR® Portfolio Treasury ETF,ETF,Taxable Bond,Intermediate Government,"$157,525,180.00",82105.5
SPTE,SP Funds S&P Global Technology ETF,ETF,Sector Equity,Technology,"$109,982,643.00",39337.8
SPTI,State Street® SPDR® Portfolio Intermediate Term Treasury ETF,ETF,Taxable Bond,Intermediate Government,"$9,615,588,273.00",1748906.6
SPTS,State Street® SPDR® Portfolio Short Term Treasury ETF,ETF,Taxable Bond,Short Government,"$5,624,173,891.00",1290197.3
SPWO,SP Funds S&P World ETF,ETF,International Equity,Foreign Large Growth,"$138,565,640.00",78717.2
SPXS,Direxion Daily S&P 500® Bear 3X Shares,"ETF, Leveraged, Inverse",Miscellaneous,Trading--Inverse Equity,"$377,063,472.00",23957704.6
SQMX,FT Vest U.S. Equity Quarterly Max Buffer ETF,ETF,Nontraditional Equity,Defined Outcome,"$17,663,985.00",1401.9
SROI,Calamos Antetokounmpo Global Sustainable Equities ETF,ETF,International Equity,Global Large-Stock Blend,"$19,442,052.00",951.7
SRVR,Pacer Data & Infrastructure Real Estate ETF,ETF,Sector Equity,Real Estate,"$385,760,237.00",118967.7
SSXU,Day Hagan Smart Sector International ETF,ETF,International Equity,Foreign Large Blend,"$44,384,324.00",15496.4
STNC,Hennessy Sustainable ETF,ETF,US Equity,Large Blend,"$95,529,929.00",1098.2
STOX,Horizon Core Equity ETF,ETF,US Equity,Large Blend,"$113,861,079.00",14093.5
STXD,Strive 1000 Dividend Growth ETF,ETF,US Equity,Large Blend,"$62,719,729.00",6338.5
STXI,Strive International Developed Markets ETF,ETF,International Equity,Foreign Large Blend,"$23,920,527.00",19705
STXK,Strive Small-Cap ETF,ETF,US Equity,Small Blend,"$74,428,746.00",7947.4
STXM,Strive Mid-Cap ETF,ETF,US Equity,Mid-Cap Blend,"$21,754,620.00",20693.4
STXV,Strive 1000 Value ETF,ETF,US Equity,Large Value,"$75,589,486.00",6832.5
SVAL,iShares US Small Cap Value Factor ETF,ETF,US Equity,Small Value,"$176,092,271.00",14362.4
SWAN,Amplify BlackSwan Growth & Treasury Core ETF,ETF,Nontraditional Equity,Equity Hedged,"$377,736,594.00",9622.4
SWP,SWP Growth & Income ETF,ETF,US Equity,Large Blend,"$145,310,745.00",13532.2
SXQG,ETC 6 Meridian Quality Growth ETF,ETF,US Equity,Large Growth,"$66,328,669.00",1294.5
SYFI,AB Short Duration High Yield ETF,ETF,Taxable Bond,High Yield Bond,"$893,308,487.00",195059.3
SZNE,Pacer CFRA-Stovall Equal Weight Seasonal Rotation ETF,ETF,US Equity,Mid-Cap Blend,"$13,374,796.00",609
TACK,Fairlead Tactical Sector Fund,ETF,Allocation,Tactical Allocation,"$278,940,490.00",17451.3
TBFC,The Brinsmere Fund - Conservative ETF,ETF,Allocation,Tactical Allocation,"$355,456,696.00",2627.1
TBFG,The Brinsmere Fund - Growth ETF,ETF,Allocation,Tactical Allocation,"$373,978,331.00",801.6
TBG,TBG Dividend Focus ETF,ETF,US Equity,Large Value,"$228,850,738.00",29795
TBT,ProShares UltraShort 20+ Year Treasury,"ETF, Leveraged, Inverse",Miscellaneous,Trading--Inverse Debt,"$223,775,164.00",525127.7
TBXU,Direxion Daily Biotech Top 5 Bull 2X ETF,"ETF, Leveraged",Miscellaneous,Trading--Leveraged Equity,"$3,601,876.00",604.1
TCAI,Tortoise AI Infrastructure ETF,ETF,Sector Equity,Infrastructure,"$79,283,524.00",57232.7
TEK,iShares Technology Opportunities Active ETF,ETF,Sector Equity,Technology,"$31,457,287.00",6387.7
TEKY,Lazard Next Gen Technologies ETF,ETF,Sector Equity,Technology,"$46,748,221.00",1056.2
TEMX,Touchstone Sands Capital Emerging Markets ex-China Growth ETF,ETF,International Equity,Diversified Emerging Mkts,"$10,697,184.00",941.9
TEXN,iShares Texas Equity ETF,ETF,US Equity,Large Blend,"$14,523,032.00",3224
TEXU,Direxion Daily Energy Top 5 Bull 2X ETF,"ETF, Leveraged",Miscellaneous,Trading--Leveraged Equity,"$3,588,787.00",19675.8
TFPN,Blueprint Chesapeake Multi-Asset Trend ETF,ETF,Alternative,Systematic Trend,"$146,916,827.00",9835.1
THIR,THOR Index Rotation ETF,ETF,US Equity,Large Blend,"$215,646,621.00",85477.5
THLV,THOR Equal Weight Low Volatility ETF,ETF,US Equity,Large Blend,"$57,740,875.00",12036.9
THMZ,Lazard Equity Megatrends ETF,ETF,International Equity,Global Large-Stock Blend,"$49,823,257.00",8296
TIER,T. Rowe Price International Equity Research ETF,ETF,International Equity,Foreign Large Blend,"$26,452,240.00",1891
TIIV,AAM Todd International Intrinsic Value ETF,ETF,International Equity,Foreign Large Value,"$27,985,538.00",4873.7
TINT,ProShares Smart Materials ETF,ETF,Sector Equity,Natural Resources,"$1,982,997.00",616.6
TJUL,Innovator Equity Defined Protection ETF – 2 Yr to July 2027,ETF,Nontraditional Equity,Defined Outcome,"$151,867,556.00",42075.2
TMED,T. Rowe Price Health Care ETF,ETF,Sector Equity,Health,"$19,832,478.00",2331.6
TMET,iShares Transition-Enabling Metals ETF,ETF,Commodities,Commodities Focused,"$12,996,958.00",2704.5
TMFE,Motley Fool Capital Efficiency 100 Index ETF,ETF,US Equity,Large Blend,"$90,078,508.00",24517.6
TMFG,Motley Fool Global Opportunities ETF,ETF,International Equity,Global Large-Stock Growth,"$363,193,185.00",16731.7
TMFS,Motley Fool Small-Cap Growth ETF,ETF,US Equity,Small Growth,"$69,263,745.00",7069.1
TMLP,Tortoise MLP ETF,ETF,Sector Equity,Energy Limited Partnership,"$39,339,596.00",2911.1
TMV,Direxion Daily 20+ Year Treasury Bear 3X Shares,"ETF, Leveraged, Inverse",Miscellaneous,Trading--Inverse Debt,"$151,838,407.00",1003843.6
TOAK,Twin Oak Short Horizon Absolute Return ETF,ETF,Taxable Bond,Ultrashort Bond,"$78,160,861.00",2472
TOGA,Tremblant Global ETF,ETF,International Equity,Global Large-Stock Growth,"$172,287,483.00",10820.9
TOLL,Tema Durable Quality ETF,ETF,US Equity,Large Blend,"$48,470,521.00",9458
TOPC,iShares S&P 500 3% Capped ETF,ETF,US Equity,Large Blend,"$20,634,608.00",12813.1
TOPT,iShares Top 20 U.S. Stocks ETF,ETF,US Equity,Large Blend,"$473,175,482.00",660950.9
TOUS,T. Rowe Price International Equity ETF,ETF,International Equity,Foreign Large Blend,"$1,399,851,199.00",234064.9
TOV,JLens 500 Jewish Advocacy U.S. ETF,ETF,US Equity,Large Blend,"$209,709,419.00",12985.6
TPIF,Timothy Plan International ETF,ETF,International Equity,Foreign Large Blend,"$230,129,738.00",36545.9
TPOR,Direxion Daily Transportation Bull 3X Shares,"ETF, Leveraged",Miscellaneous,Trading--Leveraged Equity,"$17,172,678.00",30928.7
TRND,Pacer Trendpilot Fund of Funds ETF,ETF,Allocation,Tactical Allocation,"$56,039,120.00",2133.2
TRSY,Xtrackers US 0-1 Year Treasury ETF,ETF,Taxable Bond,Short Government,"$22,917,087.00",24417.7
TRTY,Cambria Trinity ETF,ETF,Allocation,Tactical Allocation,"$138,647,217.00",16039.5
TSES,Truth Social American Energy Security ETF,ETF,Sector Equity,Equity Energy,"$10,380,450.00",9319.6
TSLY,YieldMax TSLA Option Income Strategy ETF,ETF,Nontraditional Equity,Derivative Income,"$949,812,013.00",743528.1
TSMG,Leverage Shares 2X Long TSM Daily ETF,"ETF, Leveraged",Miscellaneous,Trading--Leveraged Equity,"$18,760,717.00",119192
TSXU,Direxion Daily Semiconductors Top 5 Bull 2X ETF,"ETF, Leveraged",Miscellaneous,Trading--Leveraged Equity,"$4,883,128.00",19525.2
TTEQ,T. Rowe Price Technology ETF,ETF,Sector Equity,Technology,"$138,287,792.00",40227.1
TTXD,Direxion Daily Technology Top 5 Bear 2X ETF,"ETF, Leveraged, Inverse",Miscellaneous,Trading--Inverse Equity,"$3,484,252.00",1355.7
TURF,T. Rowe Price Natural Resources ETF,ETF,Sector Equity,Natural Resources,"$40,616,997.00",5287.2
TVAL,T. Rowe Price Value ETF,ETF,US Equity,Large Value,"$633,589,399.00",59513
TWM,ProShares UltraShort Russell2000,"ETF, Leveraged, Inverse",Miscellaneous,Trading--Inverse Equity,"$55,387,510.00",1433804.5
TWOX,iShares Large Cap Accelerated Outcome ETF,ETF,Nontraditional Equity,Defined Outcome,"$22,802,351.00",1745
TXUE,Thornburg International Equity ETF,ETF,International Equity,Foreign Large Blend,"$439,095,675.00",95745.1
TYLG,Global X Information Technology Covered Call & Growth ETF,ETF,Nontraditional Equity,Derivative Income,"$11,201,086.00",2358.8
UAPR,Innovator U.S. Equity Ultra Buffer ETF™ - April,ETF,Nontraditional Equity,Defined Outcome,"$140,720,742.00",20281.6
UBEW,Roundhill UBER WeeklyPay ETF,"ETF, Leveraged",Miscellaneous,Trading--Miscellaneous,"$11,834,609.00",1509.4
UBR,ProShares Ultra MSCI Brazil Capped,"ETF, Leveraged",Miscellaneous,Trading--Leveraged Equity,"$4,283,017.00",7698.4
UCIB,UBS ETRACS UBS Bloomberg Constant Maturity Commodity Index (CMCI) Total Return ETN Series B,ETN,Commodities,Commodities Broad Basket,"$19,679,465.00",572.8
UCO,ProShares Ultra Bloomberg Crude Oil,"ETF, Leveraged",Miscellaneous,Trading--Leveraged Commodities,"$419,550,908.00",19200214.5
UDI,USCF Dividend Income ETF,ETF,US Equity,Large Value,"$8,505,599.00",1865
UFEB,Innovator U.S. Equity Ultra Buffer ETF™ - February,ETF,Nontraditional Equity,Defined Outcome,"$237,420,316.00",33421.8
ULTY,YieldMax Ultra Option Income Strategy ETF,ETF,Nontraditional Equity,Derivative Income,"$978,121,943.00",780664.1
UMAY,Innovator U.S. Equity Ultra Buffer ETF™ - May,ETF,Nontraditional Equity,Defined Outcome,"$58,066,848.00",3056.9
UMMA,Wahed Dow Jones Islamic World ETF,ETF,International Equity,Foreign Large Growth,"$230,084,293.00",77900.7
URNJ,Sprott Junior Uranium Miners ETF,ETF,Sector Equity,Natural Resources,"$493,458,382.00",461115.3
USAF,Atlas America Fund,ETF,Allocation,Moderate Allocation,"$18,516,906.00",4870.6
USFE,First Eagle US Equity ETF,ETF,US Equity,Large Value,"$2,139,450.00",277.7
USNG,Amplify Samsung U.S. Natural Gas Infrastructure ETF,ETF,Sector Equity,Equity Energy,"$5,545,310.00",1846
USRD,Themes US R&D Champions ETF,ETF,US Equity,Large Blend,"$997,137.00",138.3
USSE,Segall Bryant & Hamill Select Equity ETF,ETF,US Equity,Large Blend,"$296,091,848.00",27478.9
UX,Roundhill Uranium ETF,ETF,Commodities,Commodities Focused,"$3,713,282.00",6641.6
UXJA,FT Vest U.S. Equity Uncapped Accelerator ETF - January,ETF,Nontraditional Equity,Defined Outcome,"$6,914,733.00",1160.6
UXJL,FT Vest U.S. Equity Uncapped Accelerator ETF - July,ETF,Nontraditional Equity,Defined Outcome,"$6,602,292.00",423.9
UXOC,FT Vest U.S. Equity Uncapped Accelerator ETF - October,ETF,Nontraditional Equity,Defined Outcome,"$24,968,571.00",14999.5
UYM,ProShares Ultra Materials,"ETF, Leveraged",Miscellaneous,Trading--Leveraged Equity,"$50,077,652.00",34989.7
VAMO,Cambria Value and Momentum ETF,ETF,Nontraditional Equity,Equity Hedged,"$81,819,599.00",2705.8
VDI,Virtus International Dividend ETF,ETF,International Equity,Foreign Large Blend,"$15,933,270.00",2519.2
VEMY,Virtus Stone Harbor Emerging Markets High Yield Bond ETF,ETF,Taxable Bond,Emerging Markets Bond,"$21,303,370.00",11743.7
VICE,AdvisorShares Vice ETF,ETF,Sector Equity,Miscellaneous Sector,"$7,174,019.00",291.1
VIDI,Vident International Equity Strategy ETF,ETF,International Equity,Foreign Large Value,"$443,445,256.00",18936
VIXY,ProShares VIX Short-Term Futures ETF,ETF,Miscellaneous,Trading--Miscellaneous,"$242,680,183.00",6736590.8
VOLT,Tema Electrification ETF,ETF,Sector Equity,Equity Energy,"$441,670,515.00",249119.8
VXX,iPath® Series B S&P 500® VIX Short-Term Futures™ ETN,ETN,Miscellaneous,Trading--Miscellaneous,"$597,915,390.00",15953812.9
WBIF,WBI BullBear Value 3000 ETF,ETF,Allocation,Tactical Allocation,"$24,227,496.00",5011.2
WBIL,WBI BullBear Quality 3000 ETF,ETF,Allocation,Tactical Allocation,"$28,266,549.00",8365.4
WBIY,WBI Power Factor® High Dividend ETF,ETF,US Equity,Mid-Cap Value,"$58,072,624.00",23032
WCEO,Hypatia Women Ceo ETF,ETF,US Equity,Small Blend,"$8,672,220.00",1125.3
WCLD,WisdomTree Cloud Computing Fund,ETF,Sector Equity,Technology,"$223,562,646.00",2016914.5
WDAF,WisdomTree Asia Defense Fund,ETF,Sector Equity,Industrials,"$21,604,915.00",58559.9
WDEF,WisdomTree Europe Defense Fund,ETF,Sector Equity,Industrials,"$70,886,825.00",51179.6
WDGF,WisdomTree Global Defense Fund,ETF,Sector Equity,Industrials,"$8,737,258.00",7552.4
WDTE,Defiance S&P 500 Target 30 Weekly Distribution ETF,ETF,Miscellaneous,Trading--Miscellaneous,"$67,050,250.00",23575.2
WINN,Harbor Long-Term Growers ETF,ETF,US Equity,Large Growth,"$1,017,107,680.00",137623.4
WISE,Themes Generative Artificial Intelligence ETF,ETF,Sector Equity,Technology,"$32,865,691.00",6206.2
WLTG,WealthTrust DBS Long Term Growth ETF,ETF,US Equity,Large Blend,"$71,776,674.00",8654.7
WNTR,YieldMax MSTR Short Option Income Strategy ETF,"ETF, Inverse",Nontraditional Equity,Derivative Income,"$88,955,793.00",236791.7
WPAY,Roundhill WeeklyPay Universe ETF,"ETF, Leveraged",Miscellaneous,Trading--Miscellaneous,"$183,181,746.00",85463.3
WSML,iShares MSCI World Small-Cap ETF,ETF,International Equity,Global Small/Mid Stock,"$848,479,865.00",692053.7
WTAI,WisdomTree Artificial Intelligence and Innovation Fund,ETF,Sector Equity,Technology,"$381,152,096.00",92882.4
WTPI,WisdomTree Equity Premium Income Fund,ETF,Nontraditional Equity,Derivative Income,"$443,510,316.00",110884.1
XAPR,FT Vest U.S. Equity Enhance & Moderate Buffer ETF - April,ETF,Nontraditional Equity,Defined Outcome,"$50,482,732.00",4627.7
XBJA,Innovator U.S. Equity Accelerated 9 Buffer ETF - January,ETF,Nontraditional Equity,Defined Outcome,"$87,699,124.00",10087.7
XBOC,Innovator U.S. Equity Accelerated 9 Buffer ETF™ - October,ETF,Nontraditional Equity,Defined Outcome,"$66,736,673.00",6169.3
XC,WisdomTree True Emerging Markets Fund,ETF,International Equity,Diversified Emerging Mkts,"$98,979,216.00",22350.2
XCCC,BondBloxx CCC Rated USD High Yield Corporate Bond ETF,ETF,Taxable Bond,High Yield Bond,"$294,967,905.00",600262.7
XCNY,State Street® SPDR® S&P Emerging Markets ex-China ETF,ETF,International Equity,Diversified Emerging Mkts,"$6,246,764.00",9766
XFEB,FT Vest U.S. Equity Enhance & Moderate Buffer ETF - February,ETF,Nontraditional Equity,Defined Outcome,"$38,685,514.00",3699.1
XHYH,BondBloxx US High Yield Healthcare Sector ETF,ETF,Taxable Bond,High Yield Bond,"$20,532,283.00",3840.4
XHYT,BondBloxx US High Yield Telecom Media Technology Sector ETF,ETF,Taxable Bond,High Yield Bond,"$47,997,401.00",1657
XIDE,FT Vest U.S. Equity Buffer & Premium Income ETF - December,ETF,Nontraditional Equity,Defined Outcome,"$24,123,106.00",3233.3
XIDV,Franklin International Dividend Booster Index ETF,ETF,International Equity,Foreign Large Value,"$64,225,622.00",1642
XIJN,FT Vest U.S. Equity Buffer & Premium Income ETF - June,ETF,Nontraditional Equity,Defined Outcome,"$44,712,859.00",22635.3
XIMR,FT Vest U.S. Equity Buffer & Premium Income ETF - March,ETF,Nontraditional Equity,Defined Outcome,"$31,064,870.00",3731.1
XISE,FT Vest U.S. Equity Buffer & Premium Income ETF – September,ETF,Nontraditional Equity,Defined Outcome,"$54,554,016.00",45706.1
XJAN,FT Vest U.S. Equity Enhance & Moderate Buffer ETF - January,ETF,Nontraditional Equity,Defined Outcome,"$41,511,192.00",3635.7
XMAY,FT Vest U.S. Equity Enhance & Moderate Buffer ETF - May,ETF,Nontraditional Equity,Defined Outcome,"$18,460,645.00",992.7
XOEX,Xtrackers S&P 100 Ex Top 20 ETF,ETF,US Equity,Large Value,"$116,667,423.00",27965.6
XPND,First Trust Expanded Technology ETF,ETF,Sector Equity,Technology,"$51,643,792.00",6466.3
XTJA,Innovator U.S. Equity Accelerated Plus ETF - January,ETF,Nontraditional Equity,Defined Outcome,"$15,926,398.00",2428.9
XTOC,Innovator U.S. Equity Accelerated Plus ETF™ - October,ETF,Nontraditional Equity,Defined Outcome,"$19,419,319.00",7177.8
XUDV,Franklin U.S. Dividend Booster Index ETF,ETF,US Equity,Large Value,"$59,726,921.00",3990.6
XYZY,YieldMax XYZ Option Income Strategy ETF,ETF,Nontraditional Equity,Derivative Income,"$32,545,501.00",64963.7
YANG,Direxion Daily FTSE China Bear 3X Shares,"ETF, Leveraged, Inverse",Miscellaneous,Trading--Inverse Equity,"$137,609,142.00",1624695.3
YINN,Direxion Daily FTSE China Bull 3X Shares,"ETF, Leveraged",Miscellaneous,Trading--Leveraged Equity,"$775,174,949.00",3060785
YNOT,Horizon Digital Frontier ETF,ETF,Sector Equity,Technology,"$86,855,605.00",10155.5
YOKE,Yoke Core ETF,ETF,US Equity,Large Blend,"$219,034,178.00",10809.6
ZALT,Innovator U.S. Equity 10 Buffer ETF - Quarterly,ETF,Nontraditional Equity,Defined Outcome,"$688,955,565.00",567545.8
ZAP,Global X U.S. Electrification ETF,ETF,Sector Equity,Utilities,"$351,223,073.00",108327.3
ZECP,Zacks Earnings Consistent Portfolio ETF,ETF,US Equity,Large Blend,"$309,399,251.00",44967.6
ZJUL,Innovator Equity Defined Protection ETF - 1 Yr July,ETF,Nontraditional Equity,Defined Outcome,"$136,861,796.00",4576.9
ZSC,USCF Sustainable Commodity Strategy Fund,ETF,Commodities,Commodities Broad Basket,"$2,891,901.00",398.3
AAAU,Goldman Sachs Physical Gold ETF,ETF,Commodities,Commodities Focused,"$3,232,059,052.00",3000474.2
AAEQ,Alpha Architect US Equity 2 ETF,ETF,US Equity,Large Blend,"$462,943,445.00",55.1
ABEQ,Absolute Select Value ETF,ETF,US Equity,Large Value,"$143,113,198.00",19720.3
ABNY,YieldMax ABNB Option Income Strategy ETF,ETF,Nontraditional Equity,Derivative Income,"$19,268,634.00",25881.5
ACIO,Aptus Collared Investment Opportunity ETF,ETF,Nontraditional Equity,Equity Hedged,"$2,192,663,456.00",122638.5
ACLO,TCW AAA CLO ETF,ETF,Taxable Bond,Securitized Bond - Focused,"$387,403,495.00",98079.6
ACSG,American Century Small Cap Growth Insights ETF,ETF,US Equity,Small Growth,"$8,954,468.00",5136.6
ACSV,American Century Small Cap Value Insights ETF,ETF,US Equity,Small Value,"$8,804,582.00",2002.1
ACVF,American Conservative Values ETF,ETF,US Equity,Large Blend,"$139,371,083.00",8120.4
ADME,Aptus Drawdown Managed Equity ETF,ETF,Nontraditional Equity,Equity Hedged,"$243,410,565.00",10753.7
ADPV,Adaptiv™ Select ETF,ETF,US Equity,Mid-Cap Blend,"$170,607,446.00",12341.3
ADVE,Matthews Asia Dividend Active ETF,ETF,International Equity,Diversified Pacific/Asia,"$9,048,341.00",3274.5
AFLG,First Trust Active Factor Large Cap ETF,ETF,US Equity,Large Blend,"$486,105,728.00",82016.9
AFOS,ARS Focused Opportunities Strategy ETF,ETF,US Equity,Large Blend,"$242,710,569.00",17853.6
AGEM,abrdn Emerging Markets Dividend Active ETF,ETF,International Equity,Diversified Emerging Mkts,"$285,259,636.00",15291.5
AGGS,Harbor Disciplined Bond ETF,ETF,Taxable Bond,Intermediate Core-Plus Bond,"$38,647,677.00",1929.4
AGGY,WisdomTree Yield Enhanced U.S. Aggregate Bond Fund,ETF,Taxable Bond,Intermediate Core Bond,"$899,599,301.00",59036.3
AHYB,American Century® Select High Yield ETF,ETF,Taxable Bond,High Yield Bond,"$58,489,729.00",3419.9
AIBU,Direxion Daily AI And Big Data Bull 2X Shares,"ETF, Leveraged",Miscellaneous,Trading--Leveraged Equity,"$22,746,805.00",10607.1
AIEQ,Amplify AI Powered Equity ETF,ETF,US Equity,Mid-Cap Blend,"$117,750,734.00",4108.9
AIFD,TCW Artificial Intelligence ETF,ETF,Sector Equity,Technology,"$91,747,563.00",17289
AIQ,Global X Artificial Intelligence & Technology ETF,ETF,Sector Equity,Technology,"$7,798,175,598.00",3296551.4
AIS,VistaShares Artificial Intelligence Supercycle ETF,ETF,Sector Equity,Technology,"$188,047,002.00",178550.7
ALTL,Pacer Lunt Large Cap Alternator ETF,ETF,US Equity,Large Blend,"$102,251,093.00",11059.3
AMDW,Roundhill AMD WeeklyPay ETF,"ETF, Leveraged",Miscellaneous,Trading--Miscellaneous,"$45,653,955.00",36540.9
AMLP,Alerian MLP ETF,ETF,Sector Equity,Energy Limited Partnership,"$11,822,769,646.00",1532520
AMOM,QRAFT AI-Enhanced U.S. Large Cap Momentum ETF,ETF,US Equity,Large Growth,"$29,314,465.00",2695
AMUU,Direxion Daily AMD Bull 2X Shares,"ETF, Leveraged",Miscellaneous,Trading--Leveraged Equity,"$35,490,234.00",179442.5
AMZA,InfraCap MLP ETF,ETF,Sector Equity,Energy Limited Partnership,"$437,508,712.00",55506.1
ANEW,ProShares MSCI Transformational Changes ETF,ETF,US Equity,Large Growth,"$7,436,658.00",521.7
AOK,iShares Core 30/70 Conservative Allocation ETF,ETF,Allocation,Global Conservative Allocation,"$750,847,182.00",194730.4
AOM,iShares Core 40/60 Moderate Allocation ETF,ETF,Allocation,Global Moderately Conservative Allocation,"$1,719,859,181.00",129601.5
AOTG,AOT Growth and Innovation ETF,ETF,US Equity,Large Growth,"$80,982,135.00",8841.2
APPX,Tradr 2X Long APP Daily ETF,"ETF, Leveraged",Miscellaneous,Trading--Leveraged Equity,"$169,664,011.00",1133151.367
APRT,AllianzIM U.S. Equity Buffer10 Apr ETF,ETF,Nontraditional Equity,Defined Outcome,"$41,037,292.00",2868.6
APUE,ActivePassive U.S. Equity ETF,ETF,US Equity,Large Blend,"$2,252,123,020.00",123202.5
ARKF,ARK Blockchain & Fintech Innovation ETF,ETF,Sector Equity,Technology,"$803,685,068.00",345971.1
ARMH,Arm Holdings PLC ADRhedged,ETF,Sector Equity,Technology,"$1,083,862.00",351.8
ARTY,iShares Future AI & Tech ETF,ETF,Sector Equity,Technology,"$2,318,188,492.00",406164
ARVR,First Trust Indxx Metaverse ETF,ETF,Sector Equity,Technology,"$4,669,163.00",338.6
ASHS,Xtrackers Harvest CSI 500 China A-Shares Small Cap ETF,ETF,International Equity,China Region,"$38,825,810.00",30087.9
ASTX,Tradr 2X Long ASTS Daily ETF,"ETF, Leveraged",Miscellaneous,Trading--Leveraged Equity,"$210,135,302.00",2294055.8
AUAU,Global X Gold Miners ETF,ETF,Sector Equity,Equity Precious Metals,"$8,418,956.00",8626
AUGZ,TrueShares Structured Outcome (August) ETF,ETF,Nontraditional Equity,Defined Outcome,"$25,189,352.00",483
AUSF,Global X Adaptive U.S. Factor ETF,ETF,US Equity,Mid-Cap Value,"$842,807,042.00",132756.2
AVGB,Avantis Credit ETF,ETF,Taxable Bond,Global Bond-USD Hedged,"$12,854,512.00",1601
AVGW,Roundhill AVGO WeeklyPay ETF,"ETF, Leveraged",Miscellaneous,Trading--Miscellaneous,"$38,947,392.00",47895.2
AVGX,Defiance Daily Target 2X Long AVGO ETF,"ETF, Leveraged",Miscellaneous,Trading--Leveraged Equity,"$196,164,061.00",1386554.1
AVIG,Avantis Core Fixed Income ETF,ETF,Taxable Bond,Intermediate Core Bond,"$1,654,024,663.00",216557.7
AVL,Direxion Daily AVGO Bull 2X Shares,"ETF, Leveraged",Miscellaneous,Trading--Leveraged Equity,"$174,004,642.00",914345.6
AVMU,Avantis Core Municipal Fixed Income ETF,ETF,Municipal Bond,Muni National Interm,"$157,435,317.00",10253.1
AVRE,Avantis Real Estate ETF,ETF,Sector Equity,Global Real Estate,"$777,147,404.00",93091.5
AVSF,Avantis Short-Term Fixed Income ETF,ETF,Taxable Bond,Short-Term Bond,"$748,321,547.00",46646.7
AVTM,Avantis Total Equity Markets ETF,ETF,International Equity,Global Large-Stock Blend,"$710,307,001.00",6169
BALQ,iShares Nasdaq Premium Income Active ETF,ETF,Nontraditional Equity,Derivative Income,"$11,255,144.00",6611.1
BAMG,Brookstone Growth Stock ETF,ETF,US Equity,Large Growth,"$125,633,670.00",34987.8
BAPR,Innovator U.S. Equity Buffer ETF™ - April,ETF,Nontraditional Equity,Defined Outcome,"$348,496,978.00",12763.6
BAR,GraniteShares Gold Trust,ETF,Commodities,Commodities Focused,"$1,828,957,031.00",554450.2
BAUG,Innovator U.S. Equity Buffer ETF - August,ETF,Nontraditional Equity,Defined Outcome,"$190,398,217.00",7806.3
BBAG,JPMorgan BetaBuilders U.S. Aggregate Bond ETF,ETF,Taxable Bond,Intermediate Core Bond,"$1,156,905,430.00",64506.7
BBBI,Bondbloxx BBB Rated 5-10 Year Corporate Bond ETF,ETF,Taxable Bond,Corporate Bond,"$152,751,526.00",18676.4
BBBL,Bondbloxx BBB Rated 10+ Year Corporate Bond ETF,ETF,Taxable Bond,Long-Term Bond,"$4,926,310.00",1070.4
BBBS,Bondbloxx BBB Rated 1-5 Year Corporate Bond ETF,ETF,Taxable Bond,Short-Term Bond,"$155,317,509.00",35029.4
BBC,Virtus LifeSci Biotech Clinical Trials ETF,ETF,Sector Equity,Health,"$38,188,698.00",17549.2
BBCB,JPMorgan BetaBuilders USD Investment Grade Corporate Bond ETF,ETF,Taxable Bond,Corporate Bond,"$44,018,045.00",1824
BBHY,JPMorgan BetaBuilders USD High Yield Corporate Bond ETF,ETF,Taxable Bond,High Yield Bond,"$629,509,525.00",139361.9
BCKT,LifeX 2030 Income Bucket ETF,ETF,Taxable Bond,Target Maturity,"$2,267,818.00",560.4
BCLO,iShares BBB-B CLO Active ETF,ETF,Taxable Bond,Securitized Bond - Focused,"$73,984,265.00",5414.3
BDEC,Innovator U.S. Equity Buffer ETF™ - December,ETF,Nontraditional Equity,Defined Outcome,"$242,941,291.00",8942.6
BESF,Bastion Energy ETF,ETF,Sector Equity,Equity Energy,"$30,788,038.00",1664.4
BETH,ProShares Bitcoin & Ether Market Cap Weight ETF,ETF,Alternative,Digital Assets,"$11,883,821.00",6747.4
BFEB,Innovator U.S. Equity Buffer ETF™ - February,ETF,Nontraditional Equity,Defined Outcome,"$221,415,866.00",18264.3
BFLB,BufferLABS US Equity Dynamic Buffer ETF,ETF,Nontraditional Equity,Defined Outcome,"$66,302,737.00",2301.6
BGRN,iShares USD Green Bond ETF,ETF,Taxable Bond,Global Bond-USD Hedged,"$456,619,817.00",17586
BIBL,Inspire 100 ETF,ETF,US Equity,Large Blend,"$404,100,300.00",36239.5
BIGY,YieldMax Target 12 Big 50 Option Income ETF,ETF,Nontraditional Equity,Derivative Income,"$24,226,489.00",9837.5
BINV,Brandes International ETF,ETF,International Equity,Foreign Large Value,"$489,276,233.00",149755.4
BITB,Bitwise Bitcoin ETF,ETF,Alternative,Digital Assets,"$2,563,395,014.00",4950449
BITC,Bitwise Trendwise Bitcoin and Treasuries Rotation Strategy ETF,ETF,Alternative,Digital Assets,"$15,431,776.00",4677.6
BITW,Bitwise 10 Crypto Index Fund,ETF,Alternative,Digital Assets,"$680,103,980.00",73769.3
BJUL,Innovator U.S. Equity Buffer ETF - July,ETF,Nontraditional Equity,Defined Outcome,"$266,393,367.00",8958.3
BJUN,Innovator U.S. Equity Buffer ETF™ - June,ETF,Nontraditional Equity,Defined Outcome,"$137,003,584.00",2240.8
BKAG,BNY Mellon Core Bond ETF,ETF,Taxable Bond,Intermediate Core Bond,"$2,265,313,649.00",138181.6
BKCI,BNY Mellon Concentrated International ETF,ETF,International Equity,Foreign Large Growth,"$154,279,487.00",51875.1
BKF,iShares MSCI BIC ETF,ETF,International Equity,Diversified Emerging Mkts,"$93,711,506.00",9584.3
BKGI,Bny Mellon Global Infrastructure Income ETF,ETF,Sector Equity,Infrastructure,"$738,435,189.00",194004.9
BKHY,BNY Mellon High Yield ETF,ETF,Taxable Bond,High Yield Bond,"$384,885,713.00",471727.2
BKUI,BNY Mellon Ultra Short Income ETF,ETF,Taxable Bond,Ultrashort Bond,"$234,648,935.00",452991.6
BLCR,iShares Large Cap Core Active ETF,ETF,US Equity,Large Blend,"$106,889,154.00",16627.2
BLCV,iShares Large Cap Value Active ETF,ETF,US Equity,Large Value,"$109,830,350.00",19942.8
BLES,Inspire Global Hope ETF,ETF,International Equity,Global Large-Stock Blend,"$143,839,249.00",9357.3
BMAY,Innovator U.S. Equity Buffer ETF™- May,ETF,Nontraditional Equity,Defined Outcome,"$141,567,102.00",5820.2
BMVP,Invesco Bloomberg MVP Multi-factor ETF,ETF,US Equity,Mid-Cap Blend,"$105,718,382.00",744.9
BNDI,Neos Enhanced Income Aggregate Bond ETF,ETF,Taxable Bond,Intermediate Core Bond,"$158,594,994.00",23283.7
BNDS,Infrastructure Capital Bond Income ETF,ETF,Taxable Bond,Intermediate Core-Plus Bond,"$47,105,951.00",12823
BNDX,Vanguard Total International Bond Index Fund ETF Shares,ETF,Taxable Bond,Global Bond-USD Hedged,"$118,794,993,873.00",6580175.2
BNO,"United States Brent Oil Fund, LP",ETF,Commodities,Commodities Focused,"$207,987,400.00",7805053.3
BNOV,Innovator U.S. Equity Buffer ETF - November,ETF,Nontraditional Equity,Defined Outcome,"$216,733,841.00",10969
BOAT,SonicShares™ Global Shipping ETF,ETF,Sector Equity,Industrials,"$74,010,480.00",99287.3
BOCT,Innovator U.S. Equity Buffer ETF™ October,ETF,Nontraditional Equity,Defined Outcome,"$315,899,556.00",18595.5
BOEU,Direxion Daily BA Bull 2X Shares,"ETF, Leveraged",Miscellaneous,Trading--Leveraged Equity,"$19,462,004.00",38735.7
BOUT,Innovator IBD® Breakout Opportunities ETF,ETF,US Equity,Mid-Cap Growth,"$18,386,874.00",15611.9
BREM,iShares Emerging Markets Bond Active ETF,ETF,Taxable Bond,Emerging Markets Bond,"$36,252,338.00",1313.8
BRHY,iShares High Yield Active ETF,ETF,Taxable Bond,High Yield Bond,"$99,869,836.00",9681.3
BRKC,YieldMax BRK.B Option Income Strategy ETF,ETF,Nontraditional Equity,Derivative Income,"$20,953,153.00",57914.8
BRKW,Roundhill BRKB WeeklyPay ETF,"ETF, Leveraged",Miscellaneous,Trading--Miscellaneous,"$16,954,419.00",5006.5
BRLN,iShares Floating Rate Loan Active ETF,ETF,Taxable Bond,Bank Loan,"$56,078,371.00",10211
BRNY,Burney U.S. Factor Rotation ETF,ETF,US Equity,Mid-Cap Blend,"$488,626,140.00",18031.7
BRTR,iShares Total Return Active ETF,ETF,Taxable Bond,Intermediate Core-Plus Bond,"$569,360,714.00",67717.4
BSEP,Innovator U.S. Equity Buffer ETF™ - September,ETF,Nontraditional Equity,Defined Outcome,"$206,197,634.00",8143.3
BTOT,iShares Total USD Fixed Income Market ETF,ETF,Taxable Bond,Multisector Bond,"$25,333,502.00",596.6
BUFC,AB Conservative Buffer ETF,ETF,Nontraditional Equity,Defined Outcome,"$1,019,567,047.00",47146.3
BUFF,Innovator Laddered Allocation Power Buffer ETF™,ETF,Nontraditional Equity,Defined Outcome,"$776,762,910.00",77857.9
BUSA,Brandes U.S. Value ETF,ETF,US Equity,Large Value,"$313,747,508.00",25184.8
BWTG,Brendan Wood TopGun ETF,ETF,US Equity,Large Growth,"$19,843,254.00",1762.9
CALF,Pacer US Small Cap Cash Cows 100 ETF,ETF,US Equity,Small Value,"$3,466,950,105.00",1026921.9
CALI,iShares Short-Term California Muni Active ETF,ETF,Municipal Bond,Muni Single State Short,"$276,366,982.00",60341.5
CANC,Tema Oncology ETF,ETF,Sector Equity,Health,"$159,877,544.00",26514.7
CARK,Castleark Large Growth ETF,ETF,US Equity,Large Growth,"$268,587,889.00",6.7
CATF,American Century California Municipal Bond ETF,ETF,Municipal Bond,Muni California Intermediate,"$66,144,821.00",10849.6
CBSE,Clough Select Equity ETF,ETF,International Equity,Global Small/Mid Stock,"$42,870,090.00",4312.3
CCNR,ALPS/CoreCommodity Natural Resources ETF,ETF,Sector Equity,Natural Resources,"$360,536,763.00",263821
CEFA,Global X S&P Catholic Values Developed ex-U.S. ETF,ETF,International Equity,Foreign Large Blend,"$39,920,191.00",9321.5
CEMB,iShares J.P. Morgan EM Corporate Bond ETF,ETF,Taxable Bond,Emerging Markets Bond,"$414,038,599.00",56434.2
CGDV,Capital Group Dividend Value ETF,ETF,US Equity,Large Value,"$30,951,489,021.00",5372638.7
CGGR,Capital Group Growth ETF,ETF,US Equity,Large Growth,"$20,202,489,404.00",4662980.3
CGUS,Capital Group Core Equity ETF,ETF,US Equity,Large Blend,"$9,029,353,311.00",1333938.7
CLOA,iShares AAA CLO Active ETF,ETF,Taxable Bond,Securitized Bond - Focused,"$1,583,225,596.00",456892.6
CLOB,VanEck AA-BB CLO ETF,ETF,Taxable Bond,Securitized Bond - Focused,"$167,107,851.00",25232.4
CMBS,iShares CMBS ETF,ETF,Taxable Bond,Securitized Bond - Focused,"$508,944,346.00",43390
CNXT,VanEck ChiNext ETF,ETF,International Equity,China Region,"$69,397,157.00",70934.1
COLO,Global X MSCI Colombia ETF,ETF,International Equity,Miscellaneous Region,"$142,350,480.00",179725.6
COPA,Themes Copper Miners ETF,ETF,Sector Equity,Natural Resources,"$14,588,000.00",6722.5
COPJ,Sprott Junior Copper Miners ETF,ETF,Sector Equity,Natural Resources,"$211,882,837.00",174605.8
COPP,Sprott Copper Miners ETF,ETF,Sector Equity,Natural Resources,"$312,102,945.00",342336.1
COSW,Roundhill COST WeeklyPay ETF,"ETF, Leveraged",Miscellaneous,Trading--Miscellaneous,"$15,221,208.00",8559
CPAI,Counterpoint Quantitative Equity ETF,ETF,US Equity,Mid-Cap Blend,"$201,976,984.00",56660.6
CPHY,F/m Compoundr High Yield Bond ETF,ETF,Taxable Bond,High Yield Bond,"$7,212,416.00",471.7
CQQQ,Invesco China Technology ETF,ETF,International Equity,China Region,"$2,966,129,618.00",1583503.7
CRAK,VanEck Oil Refiners ETF,ETF,Sector Equity,Equity Energy,"$85,376,562.00",151070.3
CSHI,NEOS Enhanced Income 1-3 Month T-Bill ETF,ETF,Taxable Bond,Ultrashort Bond,"$936,573,767.00",301117.2
CTIF,Castellan Targeted Income ETF,ETF,Nontraditional Equity,Derivative Income,"$166,920,717.00",13105.9
CVRT,Calamos Convertible Equity Alternative ETF,ETF,Allocation,Convertibles,"$19,324,639.00",3761.7
CVSB,Calvert Ultra-Short Investment Grade ETF,ETF,Taxable Bond,Ultrashort Bond,"$190,137,084.00",13059.5
CWI,State Street® SPDR® MSCI ACWI ex-US ETF,ETF,International Equity,Foreign Large Blend,"$2,611,825,257.00",273318.9
CXSE,WisdomTree China ex-State-Owned Enterprises Fund,ETF,International Equity,China Region,"$557,009,648.00",85576.7
DABS,DoubleLine Asset-Backed Securities ETF,ETF,Taxable Bond,Securitized Bond - Focused,"$114,068,717.00",8505.1
DAPR,FT Vest U.S. Equity Deep Buffer ETF - April,ETF,Nontraditional Equity,Defined Outcome,"$291,433,036.00",7169.3
DARP,Grizzle Growth ETF,ETF,US Equity,Large Growth,"$21,274,425.00",5635.3
DAUG,FT Vest U.S. Equity Deep Buffer ETF - August,ETF,Nontraditional Equity,Defined Outcome,"$347,245,748.00",15994.4
DAX,Global X DAX Germany ETF,ETF,International Equity,Miscellaneous Region,"$296,113,311.00",60283.3
DBAW,Xtrackers MSCI All World ex US Hedged Equity ETF,ETF,International Equity,Foreign Large Blend,"$244,681,257.00",15153.5
DBEF,Xtrackers MSCI EAFE Hedged Equity ETF,ETF,International Equity,Foreign Large Blend,"$8,855,836,357.00",890393.8
DBEU,Xtrackers MSCI Europe Hedged Equity ETF,ETF,International Equity,Europe Stock,"$713,103,601.00",48492.4
DBND,DoubleLine Opportunistic Core Bond ETF,ETF,Taxable Bond,Intermediate Core-Plus Bond,"$678,079,898.00",154619.2
DDEC,FT Vest U.S. Equity Deep Buffer ETF - December,ETF,Nontraditional Equity,Defined Outcome,"$414,440,863.00",11729.2
DDIV,First Trust Dorsey Wright Momentum & Dividend ETF,ETF,US Equity,Mid-Cap Value,"$66,318,300.00",4018.4
DDLS,WisdomTree Dynamic International SmallCap Equity ETF,ETF,International Equity,Foreign Small/Mid Value,"$481,418,472.00",21976.4
DDWM,WisdomTree Dynamic International Equity ETF,ETF,International Equity,Foreign Large Value,"$1,341,145,736.00",171243.4
DECO,State Street® Galaxy Digital Asset Ecosystem ETF,ETF,Alternative,Equity Digital Assets,"$13,803,417.00",1609.2
DECZ,TrueShares Structured Outcome (December) ETF,ETF,Nontraditional Equity,Defined Outcome,"$58,967,587.00",5400.1
DEEF,Xtrackers FTSE Developed ex US Multifactor ETF,ETF,International Equity,Foreign Large Value,"$59,728,852.00",2330.4
DEM,WisdomTree Emerging Markets High Dividend Fund,ETF,International Equity,Diversified Emerging Mkts,"$3,655,137,050.00",346894.7
DEMZ,Democratic Large Cap Core ETF,ETF,US Equity,Large Blend,"$55,629,392.00",5932.8
DFAC,Dimensional U.S. Core Equity 2 ETF,ETF,US Equity,Large Blend,"$42,249,366,387.00",3818756.8
DFAI,Dimensional International Core Equity Market ETF,ETF,International Equity,Foreign Large Blend,"$15,579,266,248.00",3411013.6
DFAU,Dimensional US Core Equity Market ETF,ETF,US Equity,Large Blend,"$10,698,257,354.00",878287.9
DFCA,Dimensional California Municipal Bond ETF,ETF,Municipal Bond,Muni California Intermediate,"$662,325,838.00",53987.2
DFCF,Dimensional Core Fixed Income ETF,ETF,Taxable Bond,Intermediate Core Bond,"$9,671,633,973.00",1130983.6
DFEB,FT Vest U.S. Equity Deep Buffer ETF - February,ETF,Nontraditional Equity,Defined Outcome,"$402,155,042.00",67695.4
DFIP,Dimensional Inflation-Protected Securities ETF,ETF,Taxable Bond,Inflation-Protected Bond,"$1,071,356,070.00",84223
DFNL,Davis Select Financial ETF,ETF,Sector Equity,Financial,"$459,017,176.00",38084.6
DFNM,Dimensional National Municipal Bond ETF,ETF,Municipal Bond,Muni National Interm,"$2,062,835,179.00",128979.4
DFSD,Dimensional Short-Duration Fixed Income ETF,ETF,Taxable Bond,Short-Term Bond,"$6,362,004,671.00",491013.6
DFSE,Dimensional Emerging Markets Sustainability Core 1 ETF,ETF,International Equity,Diversified Emerging Mkts,"$582,523,159.00",27057.5
DFSI,Dimensional International Sustainability Core 1 ETF,ETF,International Equity,Foreign Large Blend,"$1,046,311,348.00",58532
DFSU,Dimensional US Sustainability Core 1 ETF,ETF,US Equity,Large Blend,"$1,935,389,391.00",88945
DFUV,Dimensional US Marketwide Value ETF,ETF,US Equity,Large Value,"$13,927,675,803.00",616698.5
DIPS,YieldMax Short NVDA Option Income Strategy ETF,"ETF, Inverse",Nontraditional Equity,Derivative Income,"$10,386,051.00",4918.4
DISV,Dimensional International Small Cap Value ETF,ETF,International Equity,Foreign Small/Mid Value,"$4,801,282,847.00",548934.4
DIVD,Altrius Global Dividend ETF,ETF,International Equity,Global Large-Stock Value,"$16,592,587.00",1640.1
DIVI,Franklin International Core Dividend Tilt Index ETF,ETF,International Equity,Foreign Large Value,"$2,404,780,959.00",358853.9
DIVO,Amplify CWP Enhanced Dividend Income ETF,ETF,Nontraditional Equity,Derivative Income,"$6,584,756,441.00",917236.8
DIVZ,Polen Dividend Income ETF,ETF,US Equity,Large Value,"$238,385,777.00",20872.4
DJAN,FT Vest U.S. Equity Deep Buffer ETF - January,ETF,Nontraditional Equity,Defined Outcome,"$435,537,609.00",43088.5
DJP,iPath® Bloomberg Commodity Index Total Return(SM) ETN,ETN,Commodities,Commodities Broad Basket,"$856,925,809.00",164946.5
DJUL,FT Vest U.S. Equity Deep Buffer ETF - July,ETF,Nontraditional Equity,Defined Outcome,"$395,310,605.00",10511.6
DJUN,FT Vest U.S. Equity Deep Buffer ETF - June,ETF,Nontraditional Equity,Defined Outcome,"$281,603,232.00",4613.8
DMAR,FT Vest U.S. Equity Deep Buffer ETF - March,ETF,Nontraditional Equity,Defined Outcome,"$380,771,700.00",10978.6
DMAY,FT Vest U.S. Equity Deep Buffer ETF - May,ETF,Nontraditional Equity,Defined Outcome,"$299,960,778.00",23727.7
DMBS,Doubleline Mortgage ETF,ETF,Taxable Bond,Securitized Bond - Diversified,"$710,877,928.00",62462.1
DMX,DoubleLine Multi-Sector Income ETF,ETF,Taxable Bond,Multisector Bond,"$77,880,164.00",13077.4
DNL,WisdomTree Global ex-U.S. Quality Growth Fund,ETF,International Equity,Foreign Large Growth,"$480,806,106.00",47824.2
DNOV,FT Vest U.S. Equity Deep Buffer ETF - November,ETF,Nontraditional Equity,Defined Outcome,"$376,859,509.00",17146.2
DOCT,FT Vest U.S. Equity Deep Buffer ETF - October,ETF,Nontraditional Equity,Defined Outcome,"$374,118,981.00",14954.1
DSEP,FT Vest U.S. Equity Deep Buffer ETF - September,ETF,Nontraditional Equity,Defined Outcome,"$339,923,274.00",18285.5
DSMC,Distillate Small/Mid Cash Flow ETF,ETF,US Equity,Small Value,"$121,958,700.00",6914.8
DTEC,ALPS Disruptive Technologies ETF,ETF,Sector Equity,Technology,"$77,340,389.00",4349.4
DTRE,First Trust Alerian Disruptive Technology Real Estate ETF,ETF,Sector Equity,Global Real Estate,"$16,680,392.00",461.8
DUBS,Aptus Large Cap Enhanced Yield ETF,ETF,US Equity,Large Blend,"$308,142,103.00",41604.9
DUHP,Dimensional US High Profitability ETF,ETF,US Equity,Large Blend,"$11,037,695,973.00",1656532.4
DULL,MicroSectors™ Gold -3X Inverse Leveraged ETN,"ETN, Leveraged, Inverse",Miscellaneous,Trading--Inverse Commodities,"$10,580,037.00",32791.6
DURA,VanEck Durable High Dividend ETF,ETF,US Equity,Large Value,"$46,180,753.00",2050.4
DUSA,Davis Select U.S. Equity ETF,ETF,US Equity,Large Value,"$1,052,425,300.00",71759.5
DUSB,Dimensional Ultrashort Fixed Income ETF,ETF,Taxable Bond,Ultrashort Bond,"$1,778,556,306.00",233870.1
DUST,Direxion Daily Gold Miners Index Bear 2X Shares,"ETF, Leveraged, Inverse",Miscellaneous,Trading--Inverse Equity,"$99,656,263.00",6432919.45
DVYA,iShares Asia/Pacific Dividend ETF,ETF,International Equity,Diversified Pacific/Asia,"$69,810,611.00",26744.2
DWAW,AdvisorShares Dorsey Wright FSM All Cap World ETF,ETF,US Equity,Large Blend,"$89,604,550.00",1030.8
DWLD,Davis Select Worldwide ETF,ETF,International Equity,Global Large-Stock Blend,"$541,756,043.00",21005
DWX,State Street® SPDR® S&P® International Dividend ETF,ETF,International Equity,Foreign Large Value,"$534,360,521.00",26888.4
DYNB,Hartford Dynamic Bond ETF,ETF,Taxable Bond,Multisector Bond,"$46,027,293.00",2926.1
EAGG,iShares ESG U.S. Aggregate Bond ETF,ETF,Taxable Bond,Intermediate Core Bond,"$4,621,775,394.00",294073.4
EAOA,iShares ESG Aware 80/20 Aggressive Allocation ETF,ETF,Allocation,Global Aggressive Allocation,"$34,267,111.00",1505.6
ECH,iShares MSCI Chile ETF,ETF,International Equity,Miscellaneous Region,"$1,227,147,692.00",1659004.2
EDGE,MRBL Enhanced Equity ETF,"ETF, Leveraged",Nontraditional Equity,Derivative Income,"$6,425,776.00",269.8
EDIV,State Street® SPDR® S&P Emerging Markets Dividend ETF,ETF,International Equity,Diversified Emerging Mkts,"$1,229,041,330.00",278078
EDOW,First Trust Dow 30 Equal Weight ETF,ETF,US Equity,Large Value,"$295,174,259.00",24700.6
EEMX,State Street® SPDR® MSCI Emerging Markets Fossil Fuel Reserves Free ETF,ETF,International Equity,Diversified Emerging Mkts,"$107,942,736.00",134719.6
EFAD,ProShares MSCI EAFE Dividend Growers ETF,ETF,International Equity,Foreign Large Blend,"$64,558,188.00",6055.3
EFAX,State Street® SPDR® MSCI EAFE Fossil Fuel Reserves Free ETF,ETF,International Equity,Foreign Large Blend,"$516,602,275.00",24706.2
EFNL,iShares MSCI Finland ETF,ETF,International Equity,Miscellaneous Region,"$41,002,273.00",13213
EGGQ,NestYield Visionary ETF,ETF,Nontraditional Equity,Equity Hedged,"$61,486,465.00",2927.9
EGUS,Ishares ESG Aware MSCI USA Growth ETF,ETF,US Equity,Large Growth,"$21,957,370.00",3154.7
ELFY,ALPS Electrification Infrastructure ETF,ETF,Sector Equity,Utilities,"$146,542,524.00",41316.1
EMBX,VanEck Emerging Markets Bond ETF,ETF,Taxable Bond,Emerging Markets Bond,"$140,606,867.00",21787.5
EMCR,Xtrackers Emerging Markets Carbon Reduction and Climate Improvers ETF,ETF,International Equity,Diversified Emerging Mkts,"$62,306,257.00",5101.4
EMCS,Xtrackers MSCI Emerging Markets Climate Selection ETF,ETF,International Equity,Diversified Emerging Mkts,"$918,545,292.00",6309.1
EMDV,ProShares MSCI Emerging Markets Dividend Growers ETF,ETF,International Equity,Diversified Emerging Mkts,"$7,447,033.00",479.6
EMEQ,Nomura Focused Emerging Markets Equity ETF,ETF,International Equity,Diversified Emerging Mkts,"$340,113,535.00",217658.4
EMET,VanEck Copper and Green Metals ETF,ETF,Sector Equity,Natural Resources,"$38,751,472.00",16478
EMHY,iShares J.P. Morgan EM High Yield Bond ETF,ETF,Taxable Bond,Emerging Markets Bond,"$594,270,434.00",159050.8
EMLP,First Trust North American Energy Infrastructure Fund,ETF,Sector Equity,Energy Limited Partnership,"$3,935,258,351.00",362297.6
EMOP,AB Emerging Markets Opportunities ETF,ETF,International Equity,Diversified Emerging Mkts,"$1,562,631,522.00",52382.8
EMTL,State Street® DoubleLine® Emerging Markets Fixed Income ETF,ETF,Taxable Bond,Emerging Markets Bond,"$107,991,516.00",12283.3
EMXF,iShares ESG Advanced MSCI EM ETF,ETF,International Equity,Diversified Emerging Mkts,"$139,830,797.00",19941.1
ENZL,iShares MSCI New Zealand ETF,ETF,International Equity,Miscellaneous Region,"$73,867,733.00",15298.2
EPI,WisdomTree India Earnings Fund,ETF,International Equity,India Equity,"$2,650,530,433.00",984217
EQIN,Columbia U.S. Equity Income ETF,ETF,US Equity,Large Value,"$305,240,364.00",24105.8
EQL,ALPS Equal Sector Weight ETF,ETF,US Equity,Large Value,"$666,966,035.00",87452.7
ERTH,Invesco MSCI Sustainable Future ETF,ETF,International Equity,Global Large-Stock Blend,"$145,374,980.00",4013.2
ESGE,iShares ESG Aware MSCI EM ETF,ETF,International Equity,Diversified Emerging Mkts,"$6,630,414,426.00",2048495.9
ESML,iShares ESG Aware MSCI USA Small-Cap ETF,ETF,US Equity,Small Blend,"$2,347,421,395.00",213474.8
EUAD,Select STOXX Europe Aerospace & Defense ETF,ETF,Sector Equity,Industrials,"$1,463,455,364.00",635214
EUDG,WisdomTree Europe Quality Dividend Growth Fund,ETF,International Equity,Europe Stock,"$76,649,549.00",10320.1
EUIG,iShares Euro Investment Grade Corporate Bond USD Hedged ETF,ETF,Taxable Bond,Global Bond-USD Hedged,"$22,252,494.00",1676
EURL,Direxion Daily FTSE Europe Bull 3X Shares,"ETF, Leveraged",Miscellaneous,Trading--Leveraged Equity,"$63,344,734.00",81448.3
EUSB,iShares ESG Advanced Universal USD Bond ETF,ETF,Taxable Bond,Intermediate Core-Plus Bond,"$724,213,663.00",40762.6
EVLN,Eaton Vance Floating-Rate ETF,ETF,Taxable Bond,Bank Loan,"$1,314,701,985.00",58006
EVMO,Eaton Vance Mortgage Opportunities ETF,ETF,Taxable Bond,Securitized Bond - Diversified,"$864,424,664.00",64675.5
EVSB,Eaton Vance Ultra-Short Income ETF,ETF,Taxable Bond,Ultrashort Bond,"$194,557,306.00",29696.1
EVSD,Eaton Vance Short Duration Income ETF,ETF,Taxable Bond,Short-Term Bond,"$1,020,235,526.00",177817.5
EVSM,Eaton Vance Short Duration Municipal Income ETF,ETF,Municipal Bond,Muni National Short,"$650,342,653.00",91311.6
EVTR,Eaton Vance Total Return Bond ETF,ETF,Taxable Bond,Intermediate Core-Plus Bond,"$4,885,487,732.00",472096.2
EVX,VanEck Environmental Services ETF,ETF,Sector Equity,Industrials,"$101,371,714.00",9743.4
EVYM,Eaton Vance High Income Municipal ETF,ETF,Municipal Bond,High Yield Muni,"$49,819,266.00",4897.4
EWD,iShares MSCI Sweden ETF,ETF,International Equity,Miscellaneous Region,"$361,740,586.00",244991.2
EWG,iShares MSCI Germany ETF,ETF,International Equity,Miscellaneous Region,"$1,793,942,036.00",2755553.3
EWJV,iShares MSCI Japan Value ETF,ETF,International Equity,Japan Stock,"$782,104,473.00",380813.5
EWQ,iShares MSCI France ETF,ETF,International Equity,Miscellaneous Region,"$383,312,299.00",603184.1
EWU,iShares MSCI United Kingdom ETF,ETF,International Equity,Miscellaneous Region,"$3,240,832,595.00",2922247
EWUS,iShares MSCI United Kingdom Small-Cap ETF,ETF,International Equity,Miscellaneous Region,"$44,566,605.00",4607.1
EWZ,iShares MSCI Brazil ETF,ETF,International Equity,Latin America Stock,"$9,654,648,115.00",43762439.2
EYLD,Cambria Emerging Shareholder Yield ETF,ETF,International Equity,Diversified Emerging Mkts,"$746,960,647.00",100713.8
EZBC,Franklin Bitcoin ETF,ETF,Alternative,Digital Assets,"$384,747,725.00",308807.3
FAAA,Fidelity AAA CLO ETF,ETF,Taxable Bond,Securitized Bond - Focused,"$19,993,483.00",28752.5
FAI,First Trust Bloomberg Artificial Intelligence ETF,ETF,Sector Equity,Technology,"$37,262,396.00",5257.8
FAPR,FT Vest U.S. Equity Buffer ETF - April,ETF,Nontraditional Equity,Defined Outcome,"$992,613,659.00",19711.1
FAZ,Direxion Daily Financial Bear 3X Shares,"ETF, Leveraged, Inverse",Miscellaneous,Trading--Inverse Equity,"$116,008,300.00",1069319.8
FB,Proshares S&P 500 Dynamic Buffer ETF,ETF,Nontraditional Equity,Defined Outcome,"$1,704,400.00",465.1
FBND,Fidelity Total Bond ETF,ETF,Taxable Bond,Intermediate Core-Plus Bond,"$25,090,855,961.00",3043489
FCAL,First Trust California Municipal High Income ETF,ETF,Municipal Bond,Muni California Long,"$210,412,508.00",11148.9
FCLO,Fidelity CLO ETF,ETF,Taxable Bond,Securitized Bond - Focused,"$24,988,575.00",3669.3
FCOR,Fidelity Corporate Bond ETF,ETF,Taxable Bond,Corporate Bond,"$335,055,721.00",54179
FCPI,Fidelity Stocks for Inflation ETF,ETF,US Equity,Large Blend,"$257,054,013.00",30584.8
FCVT,First Trust SSI Strategic Convertible Securities ETF,ETF,Allocation,Convertibles,"$110,004,497.00",22150
FDCF,Fidelity Disruptive Communications ETF,ETF,Sector Equity,Communications,"$101,629,658.00",7737.4
FDEC,FT Vest U.S. Equity Buffer ETF - December,ETF,Nontraditional Equity,Defined Outcome,"$1,263,785,732.00",46508.5
FDHY,Fidelity Enhanced High Yield ETF,ETF,Taxable Bond,High Yield Bond,"$506,536,708.00",79432
FDL,First Trust Morningstar Dividend Leaders Index Fund,ETF,US Equity,Large Value,"$7,236,008,460.00",1525203.9
FDLS,Inspire Fidelis Multi Factor ETF,ETF,US Equity,Small Blend,"$167,619,525.00",36640.5
FDTX,Fidelity Disruptive Technology ETF,ETF,Sector Equity,Technology,"$181,775,931.00",15422.6
FEBT,Allianzim U.S. Equity Buffer10 Feb ETF,ETF,Nontraditional Equity,Defined Outcome,"$101,710,048.00",9527.7
FEBZ,TrueShares Structured Outcome (February) ETF,ETF,Nontraditional Equity,Defined Outcome,"$13,965,403.00",1401.7
FEGE,First Eagle Global Equity ETF,ETF,International Equity,Global Large-Stock Blend,"$1,523,448,024.00",473764.2
FEIG,FlexShares® ESG & Climate Investment Grade Corporate Core Index Fund,ETF,Taxable Bond,Corporate Bond,"$41,763,410.00",1153.3
FELC,Fidelity Enhanced Large Cap Core ETF,ETF,US Equity,Large Blend,"$6,533,900,863.00",1184546.7
FELG,Fidelity Enhanced Large Cap Growth ETF,ETF,US Equity,Large Growth,"$4,579,975,109.00",1003904.6
FEMS,First Trust Emerging Markets Small Cap AlphaDEX® Fund,ETF,International Equity,Diversified Emerging Mkts,"$272,579,167.00",29608.4
FENI,Fidelity Enhanced International ETF,ETF,International Equity,Foreign Large Blend,"$8,435,212,388.00",1769727.9
FEOE,First Eagle Overseas Equity ETF,ETF,International Equity,Foreign Large Blend,"$899,370,822.00",409360.2
FEPI,REX FANG & Innovation Equity Premium Income ETF,ETF,Nontraditional Equity,Derivative Income,"$582,299,837.00",186316.7
FESM,Fidelity Enhanced Small Cap ETF,ETF,US Equity,Small Blend,"$4,112,714,869.00",580945
FFOG,Franklin Focused Growth ETF,ETF,US Equity,Large Growth,"$226,858,902.00",32620.3
FFTY,Innovator IBD® 50 ETF,ETF,US Equity,Mid-Cap Growth,"$96,194,695.00",101900.5
FICS,First Trust International Developed Cap Strength ETF,ETF,International Equity,Foreign Large Growth,"$234,242,759.00",19977.6
FIGB,Fidelity Investment Grade Bond ETF,ETF,Taxable Bond,Intermediate Core Bond,"$440,991,970.00",73717.3
FIXD,First Trust Smith Opportunistic Fixed Income ETF,ETF,Taxable Bond,Intermediate Core-Plus Bond,"$3,490,872,899.00",327575.2
FIXT,TCW Core Plus Bond ETF,ETF,Taxable Bond,Intermediate Core-Plus Bond,"$217,470,598.00",8249.1
FJAN,FT Vest U.S. Equity Buffer ETF - January,ETF,Nontraditional Equity,Defined Outcome,"$1,202,702,121.00",40951.4
FLCA,Franklin FTSE Canada ETF,ETF,International Equity,Miscellaneous Region,"$682,739,536.00",165994.9
FLDB,Fidelity Low Duration Bond ETF,ETF,Taxable Bond,Ultrashort Bond,"$403,976,856.00",5211.8
FLDR,Fidelity Low Duration Bond Factor ETF,ETF,Taxable Bond,Ultrashort Bond,"$1,355,990,849.00",322694.5
FLEE,Franklin FTSE Europe ETF,ETF,International Equity,Europe Stock,"$126,756,046.00",23238.6
FLJH,Franklin FTSE Japan Hedged ETF,ETF,International Equity,Japan Stock,"$147,598,910.00",60569.5
FLJP,Franklin FTSE Japan ETF,ETF,International Equity,Japan Stock,"$3,254,772,858.00",2212272.8
FLKR,Franklin FTSE South Korea ETF,ETF,International Equity,Miscellaneous Region,"$553,145,554.00",941772.6
FLOT,iShares Floating Rate Bond ETF,ETF,Taxable Bond,Ultrashort Bond,"$9,234,423,221.00",1741632.5
FLQS,Franklin U.S. Small Cap Multifactor Index ETF,ETF,US Equity,Small Blend,"$61,264,228.00",27780
FLRG,Fidelity U.S. Multifactor ETF,ETF,US Equity,Large Blend,"$274,269,879.00",19282.3
FLRT,Pacer Aristotle Pacific Floating Rate High Income ETF,ETF,Taxable Bond,Bank Loan,"$601,837,820.00",149367.6
FLSW,Franklin FTSE Switzerland ETF,ETF,International Equity,Miscellaneous Region,"$81,273,126.00",26065.2
FLTB,Fidelity Limited Term Bond ETF,ETF,Taxable Bond,Short-Term Bond,"$370,815,639.00",43748.6
FLXI,Invesco Flexible Income ETF,ETF,Taxable Bond,Multisector Bond,"$14,985,716.00",1259.7
FLXR,TCW Flexible Income ETF,ETF,Taxable Bond,Multisector Bond,"$2,772,100,247.00",410273.4
FMAR,FT Vest U.S. Equity Buffer ETF - March,ETF,Nontraditional Equity,Defined Outcome,"$958,095,609.00",16276.8
FMB,First Trust Managed Municipal ETF,ETF,Municipal Bond,Muni National Interm,"$1,982,112,635.00",104372.2
FMF,First Trust Managed Futures Strategy Fund,ETF,Alternative,Systematic Trend,"$244,279,352.00",20196.4
FMHI,First Trust Municipal High Income ETF,ETF,Municipal Bond,High Yield Muni,"$942,947,828.00",104004.9
FMUB,Fidelity Municipal Bond Opportunities ETF,ETF,Municipal Bond,Muni National Interm,"$156,361,717.00",20963.4
FMUN,Fidelity Systematic Municipal Bond Index ETF,ETF,Municipal Bond,Muni National Interm,"$180,700,097.00",14564.1
FNDC,Schwab Fundamental International Small Equity ETF,ETF,International Equity,Foreign Small/Mid Value,"$3,430,225,893.00",187235.4
FNDE,Schwab Fundamental Emerging Markets Equity ETF,ETF,International Equity,Diversified Emerging Mkts,"$9,415,807,590.00",1196479.9
FNDF,Schwab Fundamental International Equity ETF,ETF,International Equity,Foreign Large Value,"$23,280,663,063.00",2612242.8
FOCT,FT Vest U.S. Equity Buffer ETF - October,ETF,Nontraditional Equity,Defined Outcome,"$1,116,713,326.00",36694.4
FPA,First Trust Asia Pacific Ex-Japan AlphaDEX® Fund,ETF,International Equity,Pacific/Asia ex-Japan Stk,"$39,723,753.00",13049
FPAG,FPA Global Equity ETF,ETF,International Equity,Global Large-Stock Value,"$400,170,772.00",123793.8
FPWR,First Trust EIP Power Solutions ETF,ETF,Sector Equity,Utilities,"$22,645,583.00",1941.9
FSEC,Fidelity Investment Grade Securitized ETF,ETF,Taxable Bond,Securitized Bond - Diversified,"$4,455,598,591.00",188794.6
FSEP,FT Vest U.S. Equity Buffer ETF - September,ETF,Nontraditional Equity,Defined Outcome,"$1,157,684,989.00",19052.7
FSMD,Fidelity Small-Mid Multifactor ETF,ETF,US Equity,Small Blend,"$2,201,176,882.00",138364.8
FSYD,Fidelity Sustainable High Yield ETF,ETF,Taxable Bond,High Yield Bond,"$104,507,441.00",35449.4
FTBD,Fidelity Tactical Bond ETF,ETF,Taxable Bond,Multisector Bond,"$37,667,682.00",4415.2
FTHF,First Trust Emerging Markets Human Flourishing ETF,ETF,International Equity,Diversified Emerging Mkts,"$95,366,482.00",11403.9
FTSL,First Trust Senior Loan Fund,ETF,Taxable Bond,Bank Loan,"$2,218,151,829.00",494996.8
FTWO,Strive Natural Resources and Security ETF,ETF,Sector Equity,Natural Resources,"$79,741,772.00",26390.3
FTXR,First Trust Nasdaq Transportation ETF,ETF,Sector Equity,Industrials,"$827,470,299.00",3460364.8
FUSI,American Century Multisector Floating Income ETF,ETF,Taxable Bond,Ultrashort Bond,"$22,751,617.00",856.4
FVD,First Trust Value Line® Dividend Index Fund,ETF,US Equity,Mid-Cap Value,"$8,712,676,404.00",804342.9
FXU,First Trust Utilities AlphaDEX® Fund,ETF,Sector Equity,Utilities,"$851,502,164.00",594775.6
GABF,Gabelli Financial Services Opportunities ETF,ETF,Sector Equity,Financial,"$49,800,173.00",5698.2
GAL,State Street® Global Allocation ETF,ETF,Allocation,Global Moderate Allocation,"$288,826,830.00",31443
GAPR,FT Vest U.S. Equity Moderate Buffer ETF - April,ETF,Nontraditional Equity,Defined Outcome,"$255,987,183.00",7969.1
GAUG,FT Vest U.S. Equity Moderate Buffer ETF - August,ETF,Nontraditional Equity,Defined Outcome,"$301,766,944.00",13435.1
GBND,Goldman Sachs Core Bond ETF,ETF,Taxable Bond,Intermediate Core Bond,"$80,040,294.00",9536.2
GCAL,Goldman Sachs Dynamic California Municipal Income ETF,ETF,Municipal Bond,Muni California Intermediate,"$157,519,756.00",11959.3
GCOR,Goldman Sachs Access U.S. Aggregate Bond ETF,ETF,Taxable Bond,Intermediate Core Bond,"$780,340,724.00",58528.5
GCOW,Pacer Global Cash Cows Dividend ETF,ETF,International Equity,Global Large-Stock Value,"$3,290,527,636.00",364367.9
GDEC,FT Vest U.S. Equity Moderate Buffer ETF - December,ETF,Nontraditional Equity,Defined Outcome,"$498,858,251.00",20542.5
GDMA,Gadsden Dynamic Multi-Asset ETF,ETF,Allocation,Global Moderately Conservative Allocation,"$202,364,304.00",12212.1
GDT,WisdomTree Efficient TIPS Plus Gold Fund,ETF,Alternative,Multistrategy,"$3,298,547.00",10455.1
GEM,Goldman Sachs ActiveBeta® Emerging Markets Equity ETF,ETF,International Equity,Diversified Emerging Mkts,"$1,455,961,612.00",247000.6
GEMD,Goldman Sachs Access Emerging Markets USD Bond ETF,ETF,Taxable Bond,Emerging Markets Bond,"$36,607,978.00",4035.1
GEVX,Tradr 2X Long GEV Daily ETF,"ETF, Leveraged",Miscellaneous,Trading--Leveraged Equity,"$31,513,082.00",118086.1
GFEB,FT Vest U.S. Equity Moderate Buffer ETF - February,ETF,Nontraditional Equity,Defined Outcome,"$331,658,334.00",68980.9
GGOV,iShares Global Government Bond USD Hedged Active ETF,ETF,Taxable Bond,Global Bond-USD Hedged,"$43,025,579.00",1250
GHYB,Goldman Sachs Access High Yield Corporate Bond ETF,ETF,Taxable Bond,High Yield Bond,"$136,089,567.00",20857.8
GHYG,iShares US & Intl High Yield Corp Bond ETF,ETF,Taxable Bond,High Yield Bond,"$207,303,501.00",18254.6
GIGB,Goldman Sachs Access Investment Grade Corporate Bond ETF,ETF,Taxable Bond,Corporate Bond,"$890,980,317.00",65012
GIGL,Goldman Sachs Corporate Bond ETF,ETF,Taxable Bond,Corporate Bond,"$54,107,361.00",8718.3
GJAN,FT Vest U.S. Equity Moderate Buffer ETF - January,ETF,Nontraditional Equity,Defined Outcome,"$453,274,559.00",66650
GJUL,FT Vest U.S. Equity Moderate Buffer ETF - July,ETF,Nontraditional Equity,Defined Outcome,"$396,731,441.00",20042.6
GJUN,FT Vest U.S. Equity Moderate Buffer ETF - June,ETF,Nontraditional Equity,Defined Outcome,"$330,315,737.00",10164.3
GKAT,Scharf Global Opportunity ETF,ETF,International Equity,Global Large-Stock Value,"$158,531,746.00",9069.9
GLIN,VanEck India Growth Leaders ETF,ETF,International Equity,India Equity,"$195,426,343.00",328541.4
GLRY,Inspire Momentum ETF,ETF,US Equity,Mid-Cap Blend,"$148,659,253.00",21542.7
GMAR,FT Vest U.S. Equity Moderate Buffer ETF - March,ETF,Nontraditional Equity,Defined Outcome,"$348,364,329.00",77364.6
GMAY,FT Vest U.S. Equity Moderate Buffer ETF - May,ETF,Nontraditional Equity,Defined Outcome,"$297,905,960.00",15103.9
GMNY,Goldman Sachs Dynamic New York Municipal Income ETF,ETF,Municipal Bond,Muni New York Intermediate,"$32,953,174.00",8926.9
GMOC,GMO ULTRA SHORT INCOME ETF,ETF,Taxable Bond,Ultrashort Bond,"$13,181,741.00",471.3
GMUB,Goldman Sachs Municipal Income ETF,ETF,Municipal Bond,Muni National Interm,"$204,061,881.00",80487
GMUN,Goldman Sachs Access Municipal Bond ETF,ETF,Municipal Bond,Muni National Interm,"$10,275,425.00",1989
GNMA,iShares GNMA Bond ETF,ETF,Taxable Bond,Government Mortgage-Backed Bond,"$409,013,141.00",20376.8
GNOM,Global X Genomics & Biotechnology ETF,ETF,Sector Equity,Health,"$52,375,096.00",13322.8
GNOV,FT Vest U.S. Equity Moderate Buffer ETF - November,ETF,Nontraditional Equity,Defined Outcome,"$307,479,208.00",10295.3
GOAU,U.S. Global GO GOLD and Precious Metal Miners ETF,ETF,Sector Equity,Equity Precious Metals,"$245,460,329.00",45118
GOCT,FT Vest U.S. Equity Moderate Buffer ETF - October,ETF,Nontraditional Equity,Defined Outcome,"$326,742,615.00",17804.9
GOP,Unusual Whales Subversive Republican Trading ETF,ETF,US Equity,Large Blend,"$69,717,882.00",8236.1
GPIQ,Goldman Sachs Nasdaq-100 Premium Income ETF,ETF,Nontraditional Equity,Derivative Income,"$3,062,820,874.00",1087745.9
GPIX,Goldman Sachs S&P 500 Premium Income ETF,ETF,Nontraditional Equity,Derivative Income,"$3,208,545,836.00",827333.4
GPRF,Goldman Sachs Access U.S. Preferred Stock and Hybrid Securities ETF,ETF,Taxable Bond,Preferred Stock,"$122,507,736.00",46245.2
GPTY,YieldMax AI & Tech Portfolio Option Income ETF,ETF,Nontraditional Equity,Derivative Income,"$63,240,998.00",29839.7
GSEP,FT Vest U.S. Equity Moderate Buffer ETF – September,ETF,Nontraditional Equity,Defined Outcome,"$473,164,504.00",31723.1
GSEU,Goldman Sachs ActiveBeta® Europe Equity ETF,ETF,International Equity,Europe Stock,"$125,734,583.00",16780.5
GSGO,Goldman Sachs Growth Opportunities ETF,ETF,US Equity,Large Growth,"$146,459,750.00",4582.3
GSIB,Themes Global Systemically Important Banks ETF,ETF,Sector Equity,Financial,"$33,751,684.00",10623.2
GSIE,Goldman Sachs ActiveBeta® International Equity ETF,ETF,International Equity,Foreign Large Blend,"$5,510,506,387.00",618700.2
GSIG,Goldman Sachs Access Investment Grade Corporate 1-5 Year Bond ETF,ETF,Taxable Bond,Short-Term Bond,"$11,987,250.00",1617.8
GSJY,Goldman Sachs ActiveBeta® Japan Equity ETF,ETF,International Equity,Japan Stock,"$86,003,868.00",8450.1
GSST,Goldman Sachs Ultra Short Bond ETF,ETF,Taxable Bond,Ultrashort Bond,"$1,387,542,003.00",213940.2
GSY,Invesco Ultra Short Duration ETF,ETF,Taxable Bond,Ultrashort Bond,"$3,416,156,813.00",690392.4
GTEK,Goldman Sachs Future Tech Leaders Equity ETF,ETF,Sector Equity,Technology,"$179,882,775.00",7060.3
GTIP,Goldman Sachs Access Inflation Protected USD Bond ETF,ETF,Taxable Bond,Inflation-Protected Bond,"$232,463,948.00",21255.1
GTO,Invesco Total Return Bond ETF,ETF,Taxable Bond,Intermediate Core-Plus Bond,"$1,981,917,399.00",457696.3
GTOP,Goldman Sachs Technology Opportunities ETF,ETF,Sector Equity,Technology,"$585,487,503.00",12523.1
GUMI,Goldman Sachs Ultra Short Municipal Income ETF,ETF,Municipal Bond,Muni National Short,"$29,002,758.00",4364.7
GUSE,Goldman Sachs Enhanced U.S. Equity ETF,ETF,US Equity,Large Blend,"$336,729,930.00",8192.9
GVLE,Goldman Sachs Value Opportunities ETF,ETF,US Equity,Large Value,"$43,416,014.00",627.6
GWX,State Street® SPDR® S&P® International Small Cap ETF,ETF,International Equity,Foreign Small/Mid Blend,"$918,732,391.00",82390.6
HAPI,Harbor Human Capital Factor US Large Cap ETF,ETF,US Equity,Large Blend,"$454,308,593.00",2994.4
HAWX,iShares Currency Hedged MSCI ACWI ex U.S. ETF,ETF,International Equity,Foreign Large Blend,"$331,802,742.00",24029.7
HCMT,Direxion HCM Tactical Enhanced U.S. Equity Strategy ETF,"ETF, Leveraged",US Equity,Large Blend,"$555,125,400.00",77762
HDMV,First Trust Horizon Managed Volatility Developed International ETF,ETF,International Equity,Foreign Large Value,"$17,736,548.00",1109.8
HECO,State Street® Galaxy Hedged Digital Asset Ecosystem ETF,ETF,Alternative,Equity Digital Assets,"$71,715,280.00",374.8
HEEM,iShares Currency Hedged MSCI Emerging Markets ETF,ETF,International Equity,Diversified Emerging Mkts,"$240,021,828.00",35816.3
HEFA,iShares Currency Hedged MSCI EAFE ETF,ETF,International Equity,Foreign Large Blend,"$7,289,141,353.00",973994.2
HEMI,Hartford Equity Premium Income ETF,ETF,Nontraditional Equity,Derivative Income,"$31,127,846.00",305.6
HERD,Pacer Cash Cows Fund of Funds ETF,ETF,International Equity,Global Large-Stock Value,"$94,972,540.00",9343.8
HEZU,iShares Currency Hedged MSCI Eurozone ETF,ETF,International Equity,Europe Stock,"$661,305,229.00",174277
HIBS,Direxion Daily S&P 500® High Beta Bear 3X Shares,"ETF, Leveraged, Inverse",Miscellaneous,Trading--Inverse Equity,"$23,635,708.00",914106.84
HIMU,iShares High Yield Muni Active ETF,ETF,Municipal Bond,High Yield Muni,"$2,651,808,566.00",291922.7
HISF,First Trust High Income Strategic Focus ETF,ETF,Taxable Bond,Multisector Bond,"$88,566,449.00",10166
HMOP,Hartford Municipal Opportunities ETF,ETF,Municipal Bond,Muni National Interm,"$716,534,100.00",60378.6
HOMZ,The Hoya Capital Housing ETF,ETF,US Equity,Mid-Cap Value,"$36,854,606.00",2419.6
HSCZ,iShares Currency Hedged MSCI EAFE Small-Cap ETF,ETF,International Equity,Foreign Small/Mid Blend,"$190,197,687.00",37058.6
HTUS,Hull Tactical US ETF,ETF,Nontraditional Equity,Equity Hedged,"$137,539,333.00",46652.8
HUSV,First Trust Horizon Managed Volatility Domestic ETF,ETF,US Equity,Large Value,"$77,309,154.00",3923.2
HYBB,iShares BB Rated Corporate Bond ETF,ETF,Taxable Bond,High Yield Bond,"$540,935,091.00",76762.1
HYBI,NEOS Enhanced Income Credit Select ETF,ETF,Taxable Bond,Nontraditional Bond,"$207,007,573.00",19588.1
HYD,VanEck High Yield Muni ETF,ETF,Municipal Bond,High Yield Muni,"$4,279,614,663.00",589801.3
HYDB,iShares High Yield Systematic Bond ETF,ETF,Taxable Bond,High Yield Bond,"$1,688,216,957.00",239049.9
HYDR,Global X Hydrogen ETF,ETF,Sector Equity,Miscellaneous Sector,"$63,133,420.00",28521.3
HYDW,Xtrackers Low Beta High Yield Bond ETF,ETF,Taxable Bond,High Yield Bond,"$66,142,199.00",4879.8
HYFI,AB High Yield ETF,ETF,Taxable Bond,High Yield Bond,"$315,344,593.00",40693.4
HYGV,FlexShares® High Yield Value-Scored Bond Index Fund,ETF,Taxable Bond,High Yield Bond,"$1,143,490,501.00",163802.5
HYLS,First Trust Tactical High Yield ETF,ETF,Taxable Bond,High Yield Bond,"$1,799,320,824.00",267911.2
HYUP,Xtrackers High Beta High Yield Bond ETF,ETF,Taxable Bond,High Yield Bond,"$40,005,476.00",28610.1
HYXF,iShares ESG Advanced High Yield Corporate Bond ETF,ETF,Taxable Bond,High Yield Bond,"$197,592,301.00",26803.2
IAGG,iShares Core International Aggregate Bond ETF,ETF,Taxable Bond,Global Bond-USD Hedged,"$11,924,200,908.00",1662811.3
IAUM,iShares® Gold Trust Micro,ETF,Commodities,Commodities Focused,"$8,271,017,194.00",5260968.1
IBFR,Innovator International Developed Managed 10 Buffer ETF,ETF,International Equity,Foreign Large Blend,"$5,081,000.00",2382.5
IBIT,iShares Bitcoin Trust ETF,ETF,Alternative,Digital Assets,"$50,146,574,884.00",72309560.3
IBLC,iShares Blockchain and Tech ETF,ETF,Alternative,Equity Digital Assets,"$74,056,174.00",27950.6
ICOP,iShares Copper and Metals Mining ETF,ETF,Sector Equity,Natural Resources,"$493,428,218.00",269785
ICOW,Pacer Developed Markets International Cash Cows 100 ETF,ETF,International Equity,Foreign Large Value,"$1,736,306,627.00",318801.9
ICPI,iShares 0-1 Year TIPS Bond ETF,ETF,Taxable Bond,Inflation-Protected Bond,"$2,008,192.00",381.4
ICSH,iShares Ultra Short Duration Bond Active ETF,ETF,Taxable Bond,Ultrashort Bond,"$7,072,772,909.00",1670697.9
IDHQ,Invesco S&P International Developed Quality ETF,ETF,International Equity,Foreign Large Growth,"$707,761,978.00",107201
IDOG,ALPS International Sector Dividend Dogs ETF,ETF,International Equity,Foreign Large Value,"$514,014,765.00",39786.6
IDRV,iShares Self-Driving EV and Tech ETF,ETF,Sector Equity,Industrials,"$163,661,784.00",16473.9
IDV,iShares International Select Dividend ETF,ETF,International Equity,Foreign Large Value,"$8,294,401,154.00",2251511
IDVO,Amplify CWP International Enhanced Dividend Income ETF,ETF,Nontraditional Equity,Derivative Income,"$1,074,753,686.00",494879.6
IFED,ETRACS IFED Invest with the Fed TR Index ETN,ETN,US Equity,Large Blend,"$48,484,260.00",171.9
IFLR,Innovator International Developed Managed Floor ETF,ETF,Nontraditional Equity,Equity Hedged,"$54,321,995.00",25680
IGCB,TCW Corporate Bond ETF,ETF,Taxable Bond,Corporate Bond,"$33,347,037.00",184.1
IGEB,iShares Investment Grade Systematic Bond ETF,ETF,Taxable Bond,Corporate Bond,"$1,483,257,163.00",211407
IGLB,iShares 10+ Year Investment Grade Corporate Bond ETF,ETF,Taxable Bond,Long-Term Bond,"$2,798,036,130.00",2190816.9
IGOV,iShares International Treasury Bond ETF,ETF,Taxable Bond,Global Bond,"$1,223,539,747.00",301002.1
IHAK,iShares Cybersecurity and Tech ETF,ETF,Sector Equity,Technology,"$712,585,229.00",294927.8
IHDG,WisdomTree International Hedged Quality Dividend Growth Fund,ETF,International Equity,Foreign Large Growth,"$2,375,411,041.00",312935.8
IHF,iShares U.S. Healthcare Providers ETF,ETF,Sector Equity,Health,"$733,920,742.00",210779.9
ILOW,AB International Low Volatility Equity ETF,ETF,International Equity,Foreign Large Blend,"$1,742,716,814.00",184964.1
ILTB,iShares Core 10+ Year USD Bond ETF,ETF,Taxable Bond,Long-Term Bond,"$634,980,599.00",62789.6
IMF,Invesco Managed Futures Strategy ETF,ETF,Alternative,Systematic Trend,"$315,765,095.00",7263.8
IMOM,Alpha Architect International Quantitative Momentum ETF,ETF,International Equity,Foreign Large Blend,"$154,350,514.00",32311.8
IMTB,iShares Core 5-10 Year USD Bond ETF,ETF,Taxable Bond,Intermediate Core-Plus Bond,"$286,630,572.00",15442
IMTG,Invesco Agency MBS ETF,ETF,Taxable Bond,Government Mortgage-Backed Bond,"$15,052,602.00",121.1
IMTM,iShares MSCI Intl Momentum Factor ETF,ETF,International Equity,Foreign Large Blend,"$3,849,782,971.00",895892.3
INDA,iShares MSCI India ETF,ETF,International Equity,India Equity,"$9,251,804,080.00",12320959
INDH,WisdomTree India Hedged Equity Fund ETF,ETF,International Equity,India Equity,"$6,108,110.00",1337.1
INDL,Direxion Daily MSCI India Bull 2x Shares,"ETF, Leveraged",Miscellaneous,Trading--Leveraged Equity,"$65,635,908.00",34569
INDS,Pacer Benchmark Industrial Real Estate SCTR ETF,ETF,Sector Equity,Real Estate,"$123,332,623.00",9813
INDY,iShares India 50 ETF,ETF,International Equity,India Equity,"$632,778,584.00",155609.2
INEQ,Columbia International Equity Income ETF,ETF,International Equity,Foreign Large Value,"$78,683,739.00",20481.2
INTF,iShares International Equity Factor ETF,ETF,International Equity,Foreign Large Blend,"$3,338,199,252.00",214317.1
IPAY,Amplify Digital Payments ETF,ETF,Sector Equity,Miscellaneous Sector,"$174,595,551.00",41156.6
IPO,Renaissance IPO ETF,ETF,US Equity,Mid-Cap Growth,"$130,722,598.00",19228.1
IQDG,WisdomTree International Quality Dividend Growth Fund,ETF,International Equity,Foreign Large Growth,"$757,554,111.00",99323.5
IQDY,FlexShares International Quality Dividend Dynamic Index Fund,ETF,International Equity,Foreign Large Value,"$101,938,015.00",9000.4
IQLT,iShares MSCI Intl Quality Factor ETF,ETF,International Equity,Foreign Large Blend,"$12,909,284,087.00",2476378.3
IQQQ,ProShares Nasdaq-100 High Income ETF,ETF,Nontraditional Equity,Derivative Income,"$361,132,016.00",90407.9
IROC,Invesco Rochester High Yield Municipal ETF,ETF,Municipal Bond,High Yield Muni,"$110,514,527.00",9784.5
ISCF,iShares MSCI Intl Small-Cap Multifactor ETF,ETF,International Equity,Foreign Small/Mid Blend,"$631,261,582.00",70610
ISMD,Inspire Small/Mid Cap ETF,ETF,US Equity,Small Blend,"$261,202,469.00",29302.8
ISPY,ProShares S&P 500 High Income ETF,ETF,Nontraditional Equity,Derivative Income,"$1,224,403,916.00",137507.6
ISTB,iShares Core 1-5 Year USD Bond ETF,ETF,Taxable Bond,Short-Term Bond,"$4,818,534,583.00",497746.4
ISVL,iShares International Developed Small Cap Value Factor ETF,ETF,International Equity,Foreign Small/Mid Value,"$332,713,333.00",30412.8
ITDF,Ishares Lifepath Target Date 2050 ETF,ETF,Allocation,Target-Date 2050,"$59,326,732.00",16664.5
ITDG,Ishares Lifepath Target Date 2055 ETF,ETF,Allocation,Target-Date 2055,"$41,119,428.00",13473.6
ITDH,Ishares Lifepath Target Date 2060 ETF,ETF,Allocation,Target-Date 2060,"$29,242,677.00",7121.7
ITDI,Ishares Lifepath Target Date 2065 ETF,ETF,Allocation,Target-Date 2065+,"$20,537,132.00",7123.1
ITM,VanEck Intermediate Muni ETF,ETF,Municipal Bond,Muni National Interm,"$2,221,093,471.00",189019.8
ITWO,Proshares Russell 2000 High Income ETF,ETF,Nontraditional Equity,Derivative Income,"$155,301,208.00",31035.2
IUSB,iShares Core Universal USD Bond ETF,ETF,Taxable Bond,Intermediate Core-Plus Bond,"$36,208,422,472.00",2808283.2
IVLU,iShares Edge MSCI Intl Value Factor ETF,ETF,International Equity,Foreign Large Value,"$4,060,810,548.00",2358218.4
IVVW,iShares S&P 500 BuyWrite ETF,ETF,Nontraditional Equity,Derivative Income,"$233,896,916.00",41364.7
IWDL,ETRACS 2x Leveraged US Value Factor TR ETN,"ETN, Leveraged",Miscellaneous,Trading--Leveraged Equity,"$5,454,320.00",456.1
IWFG,NYLI Winslow Focused Large Cap Growth ETF,ETF,US Equity,Large Growth,"$54,832,828.00",1647.9
IWFL,ETRACS 2x Leveraged US Growth Factor TR ETN,"ETN, Leveraged",Miscellaneous,Trading--Leveraged Equity,"$5,117,300.00",462
IWLG,NYLI Winslow Large Cap Growth ETF,ETF,US Equity,Large Growth,"$638,241,300.00",44502.8
IWMI,NEOS Russell 2000 High Income ETF,ETF,Nontraditional Equity,Derivative Income,"$654,260,889.00",502222.3
IWMW,iShares Russell 2000 BuyWrite ETF,ETF,Nontraditional Equity,Derivative Income,"$44,970,026.00",18931.1
IYRI,Neos Real Estate High Income ETF,ETF,Nontraditional Equity,Derivative Income,"$233,491,480.00",91021.7
IYZ,iShares U.S. Telecommunications ETF,ETF,Sector Equity,Communications,"$775,106,689.00",1640405.5
JA,Janus Henderson AA-A CLO ETF,ETF,Taxable Bond,Securitized Bond - Focused,"$102,598,061.00",4555.8
JAAA,Janus Henderson AAA CLO ETF,ETF,Taxable Bond,Securitized Bond - Focused,"$27,166,753,415.00",8796230.3
JABS,Janus Henderson Asset-Backed Securities ETF,ETF,Taxable Bond,Securitized Bond - Focused,"$132,165,520.00",976
JANT,AllianzIM U.S. Equity Buffer10 Jan ETF,ETF,Nontraditional Equity,Defined Outcome,"$66,377,956.00",3676.8
JANZ,TrueShares Structured Outcome (January) ETF,ETF,Nontraditional Equity,Defined Outcome,"$77,984,651.00",7528.7
JBBB,Janus Henderson B-BBB CLO ETF,ETF,Taxable Bond,Securitized Bond - Focused,"$1,080,481,775.00",907768.3
JCPB,JPMorgan Core Plus Bond ETF,ETF,Taxable Bond,Intermediate Core-Plus Bond,"$10,485,644,001.00",1603808.4
JCPI,JPMorgan Inflation Managed Bond ETF,ETF,Taxable Bond,Inflation-Protected Bond,"$795,788,629.00",39997.2
JDVI,John Hancock Disciplined Value International Select ETF,ETF,International Equity,Foreign Large Value,"$62,234,119.00",10670.6
JFLI,JPMorgan Flexible Income ETF,ETF,Allocation,Global Moderate Allocation,"$44,671,280.00",5876.6
JFLX,JPMorgan Flexible Debt ETF,ETF,Taxable Bond,Nontraditional Bond,"$1,289,045,632.00",66010.6
JHDV,John Hancock U.S. High Dividend ETF,ETF,US Equity,Large Value,"$9,296,977.00",83
JHID,John Hancock International High Dividend ETF,ETF,International Equity,Foreign Large Value,"$11,933,575.00",411.9
JHMD,John Hancock Multifactor Developed International ETF,ETF,International Equity,Foreign Large Blend,"$1,211,405,019.00",178297.2
JHSC,John Hancock Multifactor Small Cap ETF,ETF,US Equity,Small Blend,"$698,435,926.00",27616.7
JIDE,JPMorgan International Dynamic ETF,ETF,International Equity,Foreign Large Blend,"$12,461,570.00",4940.1
JIII,Janus Henderson Income ETF,ETF,Taxable Bond,Multisector Bond,"$153,709,077.00",22693.9
JLQD,Janus Henderson Corporate Bond ETF,ETF,Taxable Bond,Corporate Bond,"$25,286,126.00",527.9
JMBS,Janus Henderson Mortgage-Backed Securities ETF,ETF,Taxable Bond,Government Mortgage-Backed Bond,"$6,806,979,495.00",743402
JMHI,Jpmorgan High Yield Municipal ETF,ETF,Municipal Bond,High Yield Muni,"$257,420,105.00",30899.7
JMSI,Jpmorgan Sustainable Municipal Income ETF,ETF,Municipal Bond,Muni National Interm,"$365,898,739.00",29490.5
JMST,JPMorgan Ultra-Short Municipal Income ETF,ETF,Municipal Bond,Muni National Short,"$6,171,565,056.00",893585.4
JMTG,JPMorgan Mortgage-Backed Securities ETF,ETF,Taxable Bond,Securitized Bond - Diversified,"$6,619,302,924.00",366451.6
JMUB,JPMorgan Municipal ETF,ETF,Municipal Bond,Muni National Interm,"$7,116,285,130.00",745103.6
JOET,Virtus Terranova U.S. Quality Momentum ETF,ETF,US Equity,Large Blend,"$239,637,057.00",24211.1
JPAN,Matthews Japan Active ETF,ETF,International Equity,Japan Stock,"$8,226,493.00",3117.9
JPHY,Jpmorgan Active High Yield ETF,ETF,Taxable Bond,High Yield Bond,"$2,151,117,597.00",78764.5
JPIB,JPMorgan International Bond Opportunities ETF,ETF,Taxable Bond,Global Bond-USD Hedged,"$1,785,953,707.00",223971.4
JPIE,JPMorgan Income ETF,ETF,Taxable Bond,Multisector Bond,"$8,142,683,320.00",1414635.5
JPMB,JPMorgan USD Emerging Markets Sovereign Bond ETF,ETF,Taxable Bond,Emerging Markets Bond,"$69,165,114.00",14368.9
JPRE,JPMorgan Realty Income ETF,ETF,Sector Equity,Real Estate,"$504,303,885.00",47589.1
JPST,JPMorgan Ultra-Short Income ETF,ETF,Taxable Bond,Ultrashort Bond,"$37,441,002,489.00",7405482.3
JSCP,JPMorgan Short Duration Core Plus ETF,ETF,Taxable Bond,Short-Term Bond,"$1,342,501,132.00",189589.9
JULT,AllianzIM U.S. Equity Buffer10 Jul ETF,ETF,Nontraditional Equity,Defined Outcome,"$79,194,734.00",3905.3
JULW,AllianzIM U.S. Equity Buffer20 Jul ETF,ETF,Nontraditional Equity,Defined Outcome,"$303,386,679.00",19498.7
JULZ,Trueshares Structured Outcome (July) ETF,ETF,Nontraditional Equity,Defined Outcome,"$20,233,682.00",1868.8
JVAL,JPMorgan U.S. Value Factor ETF,ETF,US Equity,Large Value,"$692,044,531.00",72519
KEMX,KraneShares MSCI Emerging Markets ex China Index ETF,ETF,International Equity,Diversified Emerging Mkts,"$118,515,808.00",29639.3
KJAN,Innovator U.S. Small Cap Power Buffer ETF™ - January,ETF,Nontraditional Equity,Defined Outcome,"$348,292,730.00",84611.9
KNG,FT Cboe Vest S&P 500® Dividend Aristocrats Target Income ETF,ETF,Nontraditional Equity,Derivative Income,"$3,586,665,671.00",368150.3
KORP,American Century Diversified Corporate Bond ETF,ETF,Taxable Bond,Corporate Bond,"$763,379,525.00",121053.4
KRMA,Global X Conscious Companies ETF,ETF,US Equity,Large Blend,"$111,780,337.00",3152.3
KSA,iShares MSCI Saudi Arabia ETF,ETF,International Equity,Miscellaneous Region,"$661,614,406.00",1456697.1
KSLV,Kurv Silver Enhanced Income ETF,ETF,Commodities,Commodities Focused,"$105,201,753.00",112840
LAYS,STKd 150% NVDA & 150% AMD ETF,"ETF, Leveraged",Nontraditional Equity,Derivative Income,"$3,891,373.00",3695
LCF,Touchstone US Large Cap Focused ETF,ETF,US Equity,Large Blend,"$54,977,775.00",915.1
LCR,Leuthold Core ETF,ETF,Allocation,Tactical Allocation,"$71,092,536.00",10822.3
LEMB,iShares J.P. Morgan EM Local Currency Bond ETF,ETF,Taxable Bond,Emerging-Markets Local-Currency Bond,"$898,917,479.00",595277.9
LENS,Sarmaya Thematic ETF,ETF,International Equity,Global Large-Stock Blend,"$50,745,090.00",8837.7
LGRO,Level Four Large Cap Growth Active ETF,ETF,US Equity,Large Growth,"$114,939,773.00",5802.9
LIMI,Themes Lithium & Battery Metal Miners ETF,ETF,Sector Equity,Natural Resources,"$3,213,917.00",2171.7
LINT,Direxion Daily INTC Bull 2X ETF,"ETF, Leveraged",Miscellaneous,Trading--Leveraged Equity,"$14,682,853.00",81792.5
LKOR,FlexShares Credit-Scored US Long Corporate Bond Index Fund,ETF,Taxable Bond,Long-Term Bond,"$36,646,755.00",1280
LLDR,Global X Long-Term Treasury Ladder ETF,ETF,Taxable Bond,Long Government,"$38,605,219.00",80.8
LMBS,First Trust Low Duration Opportunities ETF,ETF,Taxable Bond,Short Government,"$6,014,698,276.00",507589.2
LMUB,Ishares Long-Term National Muni Bd ETF,ETF,Municipal Bond,Muni National Long,"$29,524,130.00",2763.6
LNGX,Global X U.S. Natural Gas ETF,ETF,Sector Equity,Equity Energy,"$25,601,487.00",40965.7
LONZ,PIMCO Senior Loan Active Exchange-Traded Fund,ETF,Taxable Bond,Bank Loan,"$470,076,890.00",268644.5
LQAI,LG QRAFT AI-Powered U.S. Large Cap Core ETF,ETF,US Equity,Large Blend,"$2,001,159.00",99.8
LRND,NYLI U.S. Large Cap R&D Leaders ETF,ETF,US Equity,Large Growth,"$165,417,294.00",641.4
LRNZ,"TrueShares Technology, AI and Deep Learning ETF",ETF,Sector Equity,Technology,"$28,610,256.00",4230.4
LSAF,LeaderSharesTM AlphaFactor® US Core Equity ETF,ETF,US Equity,Mid-Cap Blend,"$109,259,937.00",4926.1
LSAT,LeaderShares® AlphaFactor® Tactical Focused ETF,ETF,US Equity,Mid-Cap Value,"$60,223,188.00",5763.4
LSGR,Natixis Loomis Sayles Focused Growth ETF,ETF,US Equity,Large Growth,"$654,496,354.00",124351.6
LST,Leuthold Select Industries ETF,ETF,US Equity,Mid-Cap Blend,"$142,116,280.00",26225.2
LVDS,JPMorgan Fundamental Data Science Large Value ETF,ETF,US Equity,Large Value,"$95,669,906.00",1581.4
LVHD,Franklin U.S. Low Volatility High Dividend Index ETF,ETF,US Equity,Mid-Cap Value,"$633,565,237.00",42028
LVHI,Franklin International Low Volatility High Dividend Index ETF,ETF,International Equity,Foreign Large Value,"$4,657,079,033.00",992134.1
MAGX,Roundhill Daily 2X Long Magnificent Seven ETF,"ETF, Leveraged",Miscellaneous,Trading--Leveraged Equity,"$57,244,195.00",48327
MAGY,Roundhill Magnificent Seven Covered Call ETF,ETF,Nontraditional Equity,Derivative Income,"$164,931,044.00",106011.1
MART,Allianzim U.S. Equity Buffer10 Mar ETF,ETF,Nontraditional Equity,Defined Outcome,"$24,755,473.00",10693.3
MAYT,AllianzIM U.S. Equity Buffer10 May ETF,ETF,Nontraditional Equity,Defined Outcome,"$16,785,305.00",1881.1
MBBA,iShares Mortgage-Backed Securities Active ETF,ETF,Taxable Bond,Government Mortgage-Backed Bond,"$129,790,384.00",5678.4
MBOX,Freedom Day Dividend ETF,ETF,US Equity,Large Value,"$134,478,072.00",3868.9
MCHS,Matthews China Discovery Active ETF,ETF,International Equity,China Region,"$3,243,789.00",2715.9
MEAR,iShares Short Maturity Municipal Bond Active ETF,ETF,Municipal Bond,Muni National Short,"$1,383,839,054.00",161803.6
MEM,Matthews Emerging Markets Equity Active ETF,ETF,International Equity,Diversified Emerging Mkts,"$51,988,960.00",5878.4
MEMX,Matthews Emerging Markets Ex China Active ETF,ETF,International Equity,Diversified Emerging Mkts,"$45,576,642.00",7825.4
MFDX,PIMCO RAFI Dynamic Multi-Factor International Equity ETF,ETF,International Equity,Foreign Large Blend,"$455,164,529.00",24086.7
MGMT,Ballast Small/Mid Cap ETF,ETF,US Equity,Small Blend,"$172,130,459.00",11188.3
MGNR,American Beacon GLG Natural Resources ETF,ETF,Sector Equity,Natural Resources,"$685,017,598.00",125127.6
MILN,Global X Millennials Consumer ETF,ETF,US Equity,Large Growth,"$102,244,675.00",18097.9
MINO,PIMCO Municipal Income Opportunities Active Exchange-Traded Fund,ETF,Municipal Bond,Muni National Interm,"$541,569,019.00",86002.7
MINV,Matthews Asia Innovators Active ETF,ETF,International Equity,Pacific/Asia ex-Japan Stk,"$118,359,701.00",20165.7
MISL,First Trust Indxx Aerospace & Defense ETF,ETF,Sector Equity,Industrials,"$1,533,568,977.00",890233.6
MKOR,Matthews Korea Active ETF,ETF,International Equity,Miscellaneous Region,"$112,954,037.00",61933.3
MLDR,Global X Intermediate-Term Treasury Ladder ETF,ETF,Taxable Bond,Intermediate Government,"$10,048,591.00",23.6
MODL,Victoryshares Westend U.S. Sector ETF,ETF,US Equity,Large Blend,"$861,274,837.00",67494
MOOD,Relative Sentiment Tactical Allocation ETF,ETF,Allocation,Tactical Allocation,"$123,391,909.00",33017.4
MOTG,VanEck Morningstar Global Wide Moat ETF,ETF,International Equity,Global Large-Stock Blend,"$18,212,132.00",1046.5
MRGR,ProShares Merger ETF,ETF,Alternative,Event Driven,"$15,668,265.00",2373.5
MSTB,LHA Market State Tactical Beta ETF,ETF,Nontraditional Equity,Equity Hedged,"$182,235,616.00",5767.9
MTBA,Simplify MBS ETF,ETF,Taxable Bond,Intermediate Government,"$1,715,901,735.00",226640.7
MTGP,WisdomTree Mortgage Plus Bond Fund,ETF,Taxable Bond,Securitized Bond - Diversified,"$76,706,660.00",4421.3
MUD,Direxion Daily MU Bear 1X Shares,"ETF, Inverse",Miscellaneous,Trading--Inverse Equity,"$53,790,554.00",3240571.62
MUSE,TCW Multisector Credit Income ETF,ETF,Taxable Bond,High Yield Bond,"$39,537,297.00",62.7
MUSI,American Century Multisector Income ETF,ETF,Taxable Bond,Multisector Bond,"$201,077,500.00",15077
NACP,Impact Shares NAACP Minority Empowerment ETF,ETF,US Equity,Large Blend,"$63,762,343.00",2345.5
NAIL,Direxion Daily Homebuilders & Supplies Bull 3X Shares,"ETF, Leveraged",Miscellaneous,Trading--Leveraged Equity,"$498,165,534.00",2016622.4
NANC,Unusual Whales Subversive Democratic Trading ETF,ETF,US Equity,Large Blend,"$258,491,653.00",22373.1
NATO,Themes Transatlantic Defense ETF,ETF,Sector Equity,Industrials,"$95,584,725.00",52070.6
NBET,Neuberger Energy Transition & Infrastructure ETF,ETF,Sector Equity,Equity Energy,"$39,188,957.00",10836.5
NBFC,Neuberger Flexible Credit Income ETF,ETF,Taxable Bond,Multisector Bond,"$66,458,189.00",994.4
NBSD,Neuberger Short Duration Income ETF,ETF,Taxable Bond,Short-Term Bond,"$931,476,805.00",148991.8
NBTR,Neuberger Total Return Bond ETF,ETF,Taxable Bond,Intermediate Core-Plus Bond,"$53,550,716.00",211.3
NEAR,iShares Short Duration Bond Active ETF,ETF,Taxable Bond,Short-Term Bond,"$4,099,859,900.00",835387.1
NIHI,NEOS MSCI EAFE High Income ETF,ETF,Nontraditional Equity,Derivative Income,"$155,581,771.00",149529
NLSI,Neos Long/Short Equity Income ETF,ETF,Nontraditional Equity,Long-Short Equity,"$2,342,726.00",1214.8
NOVZ,TrueShares Structured Outcome (November) ETF,ETF,Nontraditional Equity,Defined Outcome,"$19,825,141.00",1930.1
NRGD,MicroSectors U.S. Big Oil -3x Inverse Leveraged ETNs,"ETN, Leveraged, Inverse",Miscellaneous,Trading--Inverse Equity,"$1,392,865.00",9309.6
NTSE,WisdomTree Emerging Markets Efficient Core Fund,ETF,Alternative,Multi-Asset Leveraged,"$50,947,737.00",10916.8
NTSI,WisdomTree International Efficient Core Fund,ETF,Alternative,Multi-Asset Leveraged,"$507,670,657.00",18312.3
NUDM,Nuveen ESG International Developed Markets Equity ETF,ETF,International Equity,Foreign Large Blend,"$688,901,050.00",83560.7
NUEM,Nuveen ESG Emerging Markets Equity ETF,ETF,International Equity,Diversified Emerging Mkts,"$365,245,655.00",47029.9
NUGO,Nuveen Growth Opportunities ETF,ETF,US Equity,Large Growth,"$2,601,754,647.00",84343.9
NULC,Nuveen ESG Large-Cap ETF,ETF,US Equity,Large Blend,"$55,988,344.00",3941.8
NULV,Nuveen ESG Large-Cap Value ETF,ETF,US Equity,Large Value,"$2,094,595,899.00",140581.2
NUMG,Nuveen ESG Mid-Cap Growth ETF,ETF,US Equity,Mid-Cap Growth,"$396,111,252.00",44616.2
NUMV,Nuveen ESG Mid-Cap Value ETF,ETF,US Equity,Mid-Cap Value,"$488,054,470.00",79371.1
NUSC,Nuveen ESG Small-Cap ETF,ETF,US Equity,Small Blend,"$1,316,002,070.00",88939.2
NVDD,Direxion Daily NVDA Bear 1X Shares,"ETF, Inverse",Miscellaneous,Trading--Inverse Equity,"$27,917,078.00",285027.7
NVDW,Roundhill NVDA WeeklyPay ETF,"ETF, Leveraged",Miscellaneous,Trading--Miscellaneous,"$89,204,427.00",107740.3
NVIR,Horizon Kinetics Energy Remediation ETF,ETF,Sector Equity,Equity Energy,"$4,907,853.00",1374
NVIT,YieldMax NVDA Performance & Distribution Target 25 ETF,ETF,Nontraditional Equity,Derivative Income,"$3,535,968.00",3537.4
NXTE,Axs Green Alpha ETF,ETF,International Equity,Global Large-Stock Blend,"$47,200,986.00",1871.3
NZAC,State Street® SPDR® MSCI ACWI Climate Paris Aligned ETF,ETF,International Equity,Global Large-Stock Blend,"$173,016,642.00",6803.4
OAEM,OneAscent Emerging Markets ETF,ETF,International Equity,Diversified Emerging Mkts,"$99,145,565.00",11477.2
OAIM,OneAscent International Equity ETF,ETF,International Equity,Foreign Large Blend,"$296,534,341.00",79866.8
OBIL,F/m US Treasury 12 Month Bill ETF,ETF,Taxable Bond,Short Government,"$304,475,362.00",59768.5
OCTT,AllianzIM U.S. Equity Buffer10 Oct ETF,ETF,Nontraditional Equity,Defined Outcome,"$62,417,713.00",1630.1
OCTW,AllianzIM U.S. Equity Buffer20 Oct ETF,ETF,Nontraditional Equity,Defined Outcome,"$553,443,243.00",32098.3
OCTZ,TrueShares Structured Outcome (October) ETF,ETF,Nontraditional Equity,Defined Outcome,"$37,121,671.00",35423.5
OGIG,ALPS O'Shares Global Internet Giants ETF Shares,ETF,US Equity,Large Growth,"$111,760,364.00",6636.5
OILK,ProShares K-1 Free Crude Oil ETF,ETF,Commodities,Commodities Focused,"$95,461,466.00",707171.8
OILU,MicroSectorsTM Oil & Gas Exploration & Production 3X Leveraged ETNs,"ETN, Leveraged",Miscellaneous,Trading--Leveraged Equity,"$61,638,634.00",506450.7
OMFS,Invesco Russell 2000® Dynamic Multifactor ETF,ETF,US Equity,Small Blend,"$275,623,446.00",39409
ONOF,Global X Adaptive U.S. Risk Management ETF,ETF,Allocation,Tactical Allocation,"$139,617,854.00",23867.6
OPTZ,Optimize Strategy Index ETF,ETF,US Equity,Mid-Cap Blend,"$220,905,667.00",7867.9
OSCV,Opus Small Cap Value Plus ETF,ETF,US Equity,Small Blend,"$668,791,996.00",36615.4
OUNZ,VanEck Merk Gold Trust,ETF,Commodities,Commodities Focused,"$3,218,541,901.00",1342819.7
OUSM,ALPS O'Shares U.S. Small-Cap Quality Dividend ETF Shares,ETF,US Equity,Small Blend,"$935,610,510.00",48550
OVLH,Overlay Shares Hedged Large Cap Equity ETF,ETF,Nontraditional Equity,Equity Hedged,"$103,169,041.00",18080.8
PAAA,PGIM AAA CLO ETF,ETF,Taxable Bond,Securitized Bond - Focused,"$7,526,421,136.00",2439633.7
PAB,PGIM Active Aggregate Bond ETF,ETF,Taxable Bond,Intermediate Core Bond,"$101,990,372.00",35295.9
PAMC,Pacer Lunt MidCap Multi-Factor Alternator ETF,ETF,US Equity,Mid-Cap Blend,"$60,599,331.00",1637.9
PAPR,Innovator U.S. Equity Power Buffer ETF™ - April,ETF,Nontraditional Equity,Defined Outcome,"$763,934,869.00",49844.1
PAUG,Innovator U.S. Equity Power Buffer ETF - August,ETF,Nontraditional Equity,Defined Outcome,"$888,979,390.00",26780.1
PBJ,Invesco Food & Beverage ETF,ETF,Sector Equity,Consumer Defensive,"$89,646,176.00",27484.6
PCI,PGIM Corporate Bond 5-10 Year ETF,ETF,Taxable Bond,Corporate Bond,"$543,832,331.00",30023.5
PCL,PGIM Corporate Bond 10+ Year ETF,ETF,Taxable Bond,Corporate Bond,"$77,099,276.00",4.4
PCMM,BondBloxx Private Credit CLO ETF,ETF,Taxable Bond,Private Debt - General,"$204,057,513.00",28944.2
PCRB,Putnam ESG Core Bond ETF -,ETF,Taxable Bond,Intermediate Core Bond,"$13,723,576.00",12612.5
PCS,PGIM Corporate Bond 0-5 Year ETF,ETF,Taxable Bond,Corporate Bond,"$526,613,493.00",42886.1
PDEC,Innovator U.S. Equity Power Buffer ETF - December,ETF,Nontraditional Equity,Defined Outcome,"$1,024,905,157.00",22023.7
PDN,Invesco RAFI Developed Markets ex-U.S. Small-Mid ETF,ETF,International Equity,Foreign Small/Mid Value,"$402,997,315.00",65211.4
PFEB,Innovator U.S. Equity Power Buffer ETF™ - February,ETF,Nontraditional Equity,Defined Outcome,"$877,960,814.00",59345.9
PFIX,Simplify Interest Rate Hedge ETF,ETF,Miscellaneous,Trading--Inverse Debt,"$153,138,146.00",859569.8
PFRL,PGIM Floating Rate Income ETF,ETF,Taxable Bond,Bank Loan,"$109,377,974.00",12474.5
PGRO,Putnam Focused Large Cap Growth ETF,ETF,US Equity,Large Growth,"$65,465,676.00",19490.5
PHDG,Invesco S&P 500® Downside Hedged ETF,ETF,Nontraditional Equity,Equity Hedged,"$64,907,960.00",2407.4
PHYD,Putnam ESG High Yield ETF -,ETF,Taxable Bond,High Yield Bond,"$7,778,815.00",154999.7
PIO,Invesco Global Water ETF,ETF,Sector Equity,Natural Resources,"$294,667,283.00",22542.9
PIZ,Invesco Dorsey Wright Developed Markets Momentum ETF,ETF,International Equity,Foreign Large Growth,"$741,765,254.00",104532.9
PJAN,Innovator U.S. Equity Power Buffer ETF™ - January,ETF,Nontraditional Equity,Defined Outcome,"$1,543,270,804.00",154467
PJUL,Innovator U.S. Equity Power Buffer ETF™ - July,ETF,Nontraditional Equity,Defined Outcome,"$1,002,598,858.00",27668.2
PJUN,Innovator U.S. Equity Power Buffer ETF™ - June,ETF,Nontraditional Equity,Defined Outcome,"$637,445,935.00",10802.5
PLTU,Direxion Daily PLTR Bull 2X Shares,"ETF, Leveraged",Miscellaneous,Trading--Leveraged Equity,"$490,413,348.00",2661049
PLTY,YieldMax PLTR Option Income Strategy ETF,ETF,Nontraditional Equity,Derivative Income,"$351,842,880.00",194200.9
PMAR,Innovator U.S. Equity Power Buffer ETF™ - March,ETF,Nontraditional Equity,Defined Outcome,"$607,510,394.00",267552.1
PMAY,Innovator U.S. Equity Power Buffer ETF™ - May,ETF,Nontraditional Equity,Defined Outcome,"$600,526,595.00",15762.8
PMBS,PIMCO Mortgage-Backed Securities Active Exchange-Traded Fund,ETF,Taxable Bond,Government Mortgage-Backed Bond,"$1,062,277,522.00",112428.8
PMIO,PGIM Municipal Income Opportunities ETF,ETF,Municipal Bond,Muni National Interm,"$42,704,755.00",4220.3
PNOV,Innovator U.S. Equity Power Buffer ETF - November,ETF,Nontraditional Equity,Defined Outcome,"$957,505,308.00",30092.7
PNQI,Invesco NASDAQ Internet ETF,ETF,US Equity,Large Growth,"$577,977,552.00",105274.4
POCT,Innovator U.S. Equity Power Buffer ETF™ October,ETF,Nontraditional Equity,Defined Outcome,"$1,070,496,841.00",56015
PRAE,PlanRock Alternative Growth ETF,ETF,Alternative,Multi-Asset Leveraged,"$11,359,856.00",214.3
PRF,Invesco RAFI US 1000 ETF,ETF,US Equity,Large Value,"$9,044,963,476.00",866384.1
PRFD,PIMCO Preferred And Capital Securities Active Exchange-Traded Fund,ETF,Taxable Bond,Preferred Stock,"$220,349,476.00",17408.3
PRFZ,Invesco RAFI US 1500 Small-Mid ETF,ETF,US Equity,Small Blend,"$2,736,197,484.00",110705.6
PSCH,Invesco S&P SmallCap Health Care ETF,ETF,Sector Equity,Health,"$142,802,599.00",17111
PSDM,PGIM Short Duration Multi-Sector Bond ETF,ETF,Taxable Bond,Short-Term Bond,"$166,702,443.00",31803.1
PSEP,Innovator U.S. Equity Power Buffer ETF™ - September,ETF,Nontraditional Equity,Defined Outcome,"$883,293,329.00",85237
PSFD,Pacer Swan SOS Flex (January) ETF,ETF,Nontraditional Equity,Defined Outcome,"$55,520,391.00",2514.2
PSH,PGIM Short Duration High Yield ETF,ETF,Taxable Bond,High Yield Bond,"$134,433,820.00",12164.4
PTH,Invesco Dorsey Wright Healthcare Momentum ETF,ETF,Sector Equity,Health,"$123,638,348.00",6728.1
PTMC,Pacer Trendpilot™ US Mid Cap ETF,ETF,US Equity,Mid-Cap Blend,"$402,374,252.00",34839
PTRB,PGIM Total Return Bond ETF,ETF,Taxable Bond,Intermediate Core-Plus Bond,"$872,171,715.00",89292.2
PUI,Invesco Dorsey Wright Utilities Momentum ETF,ETF,Sector Equity,Utilities,"$52,844,135.00",3949.9
PULS,PGIM Ultra Short Bond ETF,ETF,Taxable Bond,Ultrashort Bond,"$14,201,937,242.00",2808762
PULT,Putnam ESG Ultra Short ETF -,ETF,Taxable Bond,Ultrashort Bond,"$51,899,925.00",111870.9
PUSH,PGIM Ultra Short Municipal Bond ETF,ETF,Municipal Bond,Muni National Short,"$67,160,290.00",14625.1
PVAL,Putnam Focused Large Cap Value ETF,ETF,US Equity,Large Value,"$8,736,580,684.00",1422930.8
PWER,Nomura Energy Transition ETF,ETF,Sector Equity,Equity Energy,"$10,442,187.00",695
PXJ,Invesco Oil & Gas Services ETF,ETF,Sector Equity,Equity Energy,"$63,065,271.00",40473.2
QB,ProShares Nasdaq-100 Dynamic Buffer ETF,ETF,Nontraditional Equity,Defined Outcome,"$1,295,726.00",1145.9
QCLN,First Trust NASDAQ® Clean Edge® Green Energy Index Fund,ETF,Sector Equity,Miscellaneous Sector,"$576,324,551.00",90755.9
QDPL,Pacer Metaurus US Large Cap Dividend Multiplier 400 ETF,ETF,US Equity,Large Blend,"$1,471,560,387.00",241807.2
QDTY,YieldMax Nasdaq 100 0DTE Covered Call Strategy ETF,ETF,Nontraditional Equity,Derivative Income,"$19,290,409.00",10441.6
QHY,WisdomTree U.S. High Yield Corporate Bond Fund,ETF,Taxable Bond,High Yield Bond,"$208,448,760.00",15440.8
QIG,WisdomTree U.S. Corporate Bond Fund,ETF,Taxable Bond,Corporate Bond,"$18,134,913.00",355.5
QLDY,Defiance NASDAQ 100 Lightningspread Income ETF,ETF,Nontraditional Equity,Derivative Income,"$30,149,576.00",20182.3
QLTA,iShares Aaa - A Rated Corporate Bond ETF,ETF,Taxable Bond,Corporate Bond,"$1,750,756,350.00",313878.7
QLTY,GMO U.S. Quality ETF,ETF,US Equity,Large Blend,"$3,490,739,622.00",1043465.4
QPX,AdvisorShares Q Dynamic Growth ETF,ETF,US Equity,Large Blend,"$34,710,109.00",6881.9
QQMG,Invesco ESG NASDAQ 100 ETF,ETF,US Equity,Large Growth,"$164,395,479.00",20069.7
QQQJ,Invesco NASDAQ Next Gen 100 ETF,ETF,US Equity,Mid-Cap Growth,"$908,521,610.00",187190.4
QQQU,Direxion Daily Magnificent 7 Bull 2X Shares,"ETF, Leveraged",Miscellaneous,Trading--Leveraged Equity,"$87,819,583.00",67776.3
QQUP,ProShares Ultra QQQ Mega,"ETF, Leveraged",Miscellaneous,Trading--Leveraged Equity,"$29,169,125.00",10371.1
QQXL,ProShares Ultra QQQ TOP 30,"ETF, Leveraged",Miscellaneous,Trading--Leveraged Equity,"$4,887,108.00",2145.9
QSIG,WisdomTree U.S. Short-Term Corporate Bond Fund,ETF,Taxable Bond,Short-Term Bond,"$63,823,779.00",2413.5
QTAP,Innovator Growth-100 Accelerated Plus ETF™ – April,ETF,Nontraditional Equity,Defined Outcome,"$14,732,984.00",2558.2
QTJL,Innovator Growth Accelerated Plus ETF - July,ETF,Nontraditional Equity,Defined Outcome,"$25,653,720.00",1628.6
QVAL,Alpha Architect U.S. Quantitative Value ETF,ETF,US Equity,Mid-Cap Value,"$496,584,862.00",32797
QVML,Invesco S&P 500 QVM Multi-factor ETF,ETF,US Equity,Large Blend,"$1,504,593,887.00",12473.1
RAAR,Reckoner Yield Enhanced AAA CLO Reinvesting ETF,ETF,Taxable Bond,Securitized Bond - Focused,"$12,512,757.00",777.2
RAAX,VanEck Real Assets ETF,ETF,Allocation,Global Moderate Allocation,"$584,013,600.00",356073
RAFE,PIMCO RAFI ESG U.S. ETF PIMCO RAFI ESG U.S. ETF,ETF,US Equity,Large Value,"$131,141,407.00",12693.3
RB,Proshares Russell 2000 Dynamic Buffer ETF,ETF,Nontraditional Equity,Defined Outcome,"$1,119,705.00",686.8
RBIL,F/m Ultrashort Treasury Inflation-Protected Security (TIPS) ETF,ETF,Taxable Bond,Short-Term Inflation-Protected Bond,"$40,286,870.00",98157
RCLR,Reckoner BBB-B CLO Reinvesting ETF,ETF,Taxable Bond,Securitized Bond - Focused,"$14,628,534.00",784.5
RDOG,ALPS REIT Dividend Dogs ETF,ETF,Sector Equity,Real Estate,"$10,687,408.00",1229.4
RDTY,YieldMax Russell 2000 0DTE Covered Call Strategy ETF,ETF,Nontraditional Equity,Derivative Income,"$10,861,766.00",62119.2
RECS,Columbia Research Enhanced Core ETF,ETF,US Equity,Large Blend,"$4,945,211,379.00",608512.7
RFIX,Simplify Bond Bull ETF,ETF,Taxable Bond,Long Government,"$66,110,905.00",757315.2
RNTY,YieldMax Target 12 Real Estate Option Income ETF,ETF,Nontraditional Equity,Derivative Income,"$3,907,546.00",73118.1
ROBT,First Trust Nasdaq Artificial Intelligence and Robotics ETF,ETF,Sector Equity,Technology,"$678,127,772.00",120977
RODM,Hartford Multifactor Developed Markets (ex-US) ETF,ETF,International Equity,Foreign Large Value,"$1,475,746,977.00",96713.5
ROSC,Hartford Multifactor Small Cap ETF,ETF,US Equity,Small Value,"$51,572,723.00",2713.1
RPG,Invesco S&P 500® Pure Growth ETF,ETF,US Equity,Large Growth,"$1,658,467,135.00",488268.8
RSHO,Tema American Reshoring ETF,ETF,US Equity,Mid-Cap Blend,"$264,188,528.00",39079.4
RSPA,Invesco S&P 500 Equal Weight Income Advantage ETF,ETF,Nontraditional Equity,Derivative Income,"$666,139,751.00",155192.2
RSPC,Invesco S&P 500® Equal Weight Communication Services ETF,ETF,Sector Equity,Communications,"$67,332,129.00",12371.5
RSPM,Invesco S&P 500® Equal Weight Materials ETF,ETF,Sector Equity,Natural Resources,"$181,146,166.00",35260.8
RSPT,Invesco S&P 500® Equal Weight Technology ETF,ETF,Sector Equity,Technology,"$4,138,451,600.00",270950.2
RWJ,Invesco S&P SmallCap 600 Revenue ETF,ETF,US Equity,Small Value,"$1,703,414,065.00",83319.3
RWO,State Street® SPDR® Dow Jones® Global Real Estate ETF,ETF,Sector Equity,Global Real Estate,"$1,239,003,493.00",35457.2
RXL,ProShares Ultra Health Care,"ETF, Leveraged",Miscellaneous,Trading--Leveraged Equity,"$93,293,208.00",14093.1
SAMT,Strategas Macro Thematic Opportunities ETF,ETF,US Equity,Large Blend,"$488,093,841.00",134718.5
SBIO,ALPS Medical Breakthroughs ETF,ETF,Sector Equity,Health,"$138,028,623.00",22771.7
SCDL,ETRACS 2x Leveraged US Dividend Factor TR ETN,"ETN, Leveraged",Miscellaneous,Trading--Leveraged Equity,"$7,801,215.00",264
SCHC,Schwab International Small-Cap Equity ETF™,ETF,International Equity,Foreign Small/Mid Blend,"$5,687,533,297.00",586791.3
SDSI,American Century® Short Duration Strategic Income ETF,ETF,Taxable Bond,Short-Term Bond,"$176,133,860.00",14985.3
SDVY,First Trust SMID Cap Rising Dividend Achievers ETF,ETF,US Equity,Small Value,"$10,706,971,533.00",1790193.7
SECU,iShares Securitized Income Active ETF,ETF,Taxable Bond,Securitized Bond - Diversified,"$477,501,287.00",18885.7
SEIM,SEI Enhanced US Large Cap Momentum Factor ETF,ETF,US Equity,Large Growth,"$1,188,626,549.00",67777.7
SEIQ,SEI Enhanced US Large Cap Quality Factor ETF,ETF,US Equity,Large Blend,"$563,314,887.00",44413
SEIV,SEI Enhanced US Large Cap Value Factor ETF,ETF,US Equity,Large Value,"$1,171,167,962.00",84476.9
SEPZ,TrueShares Structured Outcome (September) ETF,ETF,Nontraditional Equity,Defined Outcome,"$110,628,433.00",9378.6
SETH,ProShares Short Ether ETF,"ETF, Inverse",Alternative,Digital Assets,"$19,178,526.00",65405.7
SGLC,SGI U.S. Large Cap Core ETF,ETF,US Equity,Large Blend,"$155,879,313.00",42127.9
SGOL,abrdn Physical Gold Shares ETF,ETF,Commodities,Commodities Focused,"$9,075,582,816.00",4781165.7
SHAG,WisdomTree Yield Enhanced U.S. Short-Term Aggregate Bond Fund,ETF,Taxable Bond,Short-Term Bond,"$43,371,047.00",5970.9
SHM,State Street® SPDR® Nuveen ICE Short Term Municipal Bond ETF,ETF,Municipal Bond,Muni National Short,"$3,518,777,251.00",189942.1
SHRY,First Trust Bloomberg Shareholder Yield ETF,ETF,US Equity,Large Value,"$18,078,851.00",104.2
SHUS,Stratified LargeCap Hedged ETF,ETF,Nontraditional Equity,Equity Hedged,"$23,912,597.00",0.2
SHYG,iShares 0-5 Year High Yield Corporate Bond ETF,ETF,Taxable Bond,High Yield Bond,"$7,792,232,161.00",1872721.4
SHYL,Xtrackers Short Duration High Yield Bond ETF,ETF,Taxable Bond,High Yield Bond,"$257,901,273.00",32064.1
SIFI,Harbor Ares Systematic Multi-Sector Income ETF,ETF,Taxable Bond,Multisector Bond,"$33,174,377.00",48.9
SIHY,Harbor Ares Systematic High-Yield ETF,ETF,Taxable Bond,High Yield Bond,"$172,009,535.00",73686.6
SIMS,State Street® SPDR® S&P Kensho Intelligent Structures ETF,ETF,Sector Equity,Infrastructure,"$8,579,307.00",687.8
SIXH,ETC 6 Meridian Hedged Equity-Index Option Strategy ETF,ETF,Nontraditional Equity,Equity Hedged,"$553,690,819.00",8213
SIXL,ETC 6 Meridian Low Beta Equity Strategy ETF,ETF,US Equity,Mid-Cap Blend,"$198,940,308.00",2646.7
SKOR,FlexShares Credit-Scored US Corporate Bond Index Fund,ETF,Taxable Bond,Corporate Bond,"$677,442,212.00",76514.3
SLDR,Global X Short-Term Treasury Ladder ETF,ETF,Taxable Bond,Short Government,"$47,879,255.00",2401.7
SLJY,Amplify SILJ Junior Silver Miners Covered Call ETF,ETF,Nontraditional Equity,Derivative Income,"$39,926,434.00",50932.2
SLNZ,TCW Senior Loan ETF,ETF,Taxable Bond,Bank Loan,"$232,440,010.00",20150.1
SLQD,iShares 0-5 Year Investment Grade Corporate Bond ETF,ETF,Taxable Bond,Short-Term Bond,"$2,373,938,252.00",251667.1
SLVP,iShares MSCI Global Silver and Metals Miners ETF,ETF,Sector Equity,Equity Precious Metals,"$1,391,845,076.00",625631.3
SMHX,VanEck Fabless Semiconductor ETF,ETF,Sector Equity,Technology,"$154,651,481.00",89321.7
SMIZ,Zacks Small/Mid Cap ETF,ETF,US Equity,Small Blend,"$204,033,147.00",21753.5
SMMU,PIMCO Short Term Municipal Bond Active Exchange-Traded Fund,ETF,Municipal Bond,Muni National Short,"$1,041,218,728.00",97109.1
SMMV,iShares MSCI USA Small-Cap Min Vol Factor ETF,ETF,US Equity,Small Blend,"$297,225,597.00",16561.8
SMQ,Tradr 1X Short Innovation 100 Monthly ETFA,"ETF, Inverse",Miscellaneous,Trading--Inverse Equity,"$1,026,496.00",267.4
SMZ,Tradr 2X Short Smr Daily ETF,"ETF, Leveraged, Inverse",Miscellaneous,Trading--Inverse Equity,"$1,915,475.00",36866.9
SNPG,Xtrackers S&P 500 Growth Scored & Screened ETF,ETF,US Equity,Large Growth,"$12,372,736.00",1666.3
SNSR,Global X Internet of Things ETF,ETF,Sector Equity,Technology,"$209,280,432.00",18835.9
SNXX,Tradr 2X Long Sndk Daily ETF,"ETF, Leveraged",Miscellaneous,Trading--Leveraged Equity,"$669,915,706.00",9901245.6
SOCL,Global X Social Media ETF,ETF,Sector Equity,Communications,"$106,305,589.00",15674.2
SOLT1,2x Solana ETF,"ETF, Leveraged",Alternative,Digital Assets,"$138,822,787.00",817459.345
SOXS,Direxion Daily Semiconductor Bear 3X Shares,"ETF, Leveraged, Inverse",Miscellaneous,Trading--Inverse Equity,"$1,055,871,825.00",66832204.46
SPBC,Simplify US Equity PLUS Bitcoin Strategy ETF,ETF,Alternative,Digital Assets,"$44,907,360.00",2920.5
SPD,Simplify US Equity PLUS Downside Convexity ETF,ETF,US Equity,Large Blend,"$114,458,335.00",30576.3
SPDG,State Street® SPDR® Portfolio S&P Sector Neutral Dividend ETF,ETF,US Equity,Large Value,"$11,953,796.00",1325.3
SPDV,AAM S&P 500 High Dividend Value ETF,ETF,US Equity,Mid-Cap Value,"$88,056,548.00",9397.6
SPDW,State Street® SPDR® Portfolio Developed World ex-US ETF,ETF,International Equity,Foreign Large Blend,"$38,817,257,802.00",7035700.1
SPEM,State Street® SPDR® Portfolio Emerging Markets ETF,ETF,International Equity,Diversified Emerging Mkts,"$17,425,574,333.00",4975695.3
SPHD,Invesco S&P 500® High Dividend Low Volatility ETF,ETF,US Equity,Large Value,"$3,429,118,482.00",1072088.7
SPLS,PIMCO US Stocks PLUS Active Bond Exchange Traded Fund,ETF,Allocation,Moderate Allocation,"$50,518,480.00",2607.3
SPRX,Spear Alpha ETF,ETF,Sector Equity,Technology,"$152,037,927.00",138132.7
SPSM,State Street® SPDR® Portfolio S&P 600™ Small Cap ETF,ETF,US Equity,Small Blend,"$14,692,751,367.00",2951669.2
SPUC,Simplify US Equity PLUS Upside Convexity ETF,ETF,US Equity,Large Blend,"$104,898,142.00",4287.8
SPUS,SP Funds S&P 500 Sharia Industry Exclusions ETF,ETF,US Equity,Large Growth,"$2,090,379,857.00",979114.4
SPXU,ProShares UltraPro Short S&P500,"ETF, Leveraged, Inverse",Miscellaneous,Trading--Inverse Equity,"$489,363,672.00",9981376.2
SPYC,Simplify US Equity PLUS Convexity ETF,ETF,US Equity,Large Blend,"$95,809,416.00",6542.6
SPYD,State Street® SPDR® Portfolio S&P 500® High Dividend ETF,ETF,US Equity,Mid-Cap Value,"$7,544,066,753.00",2194340.2
SPYI,Neos S&P 500(R) High Income ETF,ETF,Nontraditional Equity,Derivative Income,"$8,058,512,905.00",5916107.4
SQLV,Royce Quant Small-Cap Quality Value ETF,ETF,US Equity,Small Value,"$25,078,238.00",2045.8
SRHQ,SRH U.S. Quality GARP ETF,ETF,US Equity,Mid-Cap Blend,"$183,844,340.00",1432.4
SRLN,State Street® Blackstone Senior Loan ETF,ETF,Taxable Bond,Bank Loan,"$5,569,588,604.00",9605758
SRS,ProShares UltraShort Real Estate,"ETF, Leveraged, Inverse",Miscellaneous,Trading--Inverse Equity,"$17,590,560.00",17955
SRTY,ProShares UltraPro Short Russell2000,"ETF, Leveraged, Inverse",Miscellaneous,Trading--Inverse Equity,"$87,376,711.00",1727979.9
SSUS,Day Hagan Smart Sector ETF,ETF,US Equity,Large Blend,"$544,922,384.00",51996.6
STOT,State Street® DoubleLine® Short Duration Total Return Tactical ETF,ETF,Taxable Bond,Short-Term Bond,"$347,646,260.00",81481.2
STRV,Strive 500 ETF,ETF,US Equity,Large Blend,"$1,023,227,779.00",61510.8
STXE,Strive Emerging Markets Ex-China ETF,ETF,International Equity,Diversified Emerging Mkts,"$133,215,504.00",13338.3
STXG,Strive 1000 Growth ETF,ETF,US Equity,Large Growth,"$138,605,268.00",14815.9
SUPL,ProShares Supply Chain Logistics ETF,ETF,Sector Equity,Industrials,"$1,140,111.00",354.5
SVXY,ProShares Short VIX Short-Term Futures ETF,"ETF, Leveraged, Inverse",Miscellaneous,Trading--Miscellaneous,"$192,006,081.00",4291843.2
TAGG,T. Rowe Price QM U.S. Bond ETF,ETF,Taxable Bond,Intermediate Core Bond,"$1,858,151,048.00",71581.6
TARK,Tradr 2X Long Innovation ETF,"ETF, Leveraged",Miscellaneous,Trading--Leveraged Equity,"$22,296,971.00",22653.9
TAXE,T. Rowe Price Intermediate Municipal Income ETF,ETF,Municipal Bond,Muni National Interm,"$124,425,132.00",9617.3
TAXF,American Century Diversified Municipal Bond ETF,ETF,Municipal Bond,Muni National Interm,"$576,847,305.00",37543.5
TAXI,Northern Trust Intermediate Tax-Exempt Bond ETF,ETF,Municipal Bond,Muni National Interm,"$75,905,063.00",21423.1
TAXM,BondBloxx IR+M Tax-Aware ETF for Massachusetts Residents,ETF,Municipal Bond,Muni Massachusetts,"$27,036,836.00",928.4
TAXS,Northern Trust Short-Term Tax-Exempt Bond ETF,ETF,Municipal Bond,Muni National Short,"$73,940,555.00",12370.8
TAXT,Northern Trust Tax-Exempt Bond ETF,ETF,Municipal Bond,Muni National Long,"$41,790,262.00",10588.7
TAXX,Bondbloxx IR+M Tax-Aware Short Duration ETF,ETF,Taxable Bond,Short-Term Bond,"$254,439,270.00",22440.3
TBIL,F/m US Treasury 3 Month Bill Fund - ETF Class Shares,ETF,Taxable Bond,Ultrashort Bond,"$6,397,268,780.00",2931537.7
TBLU,Tortoise Global Water Fund,ETF,Sector Equity,Natural Resources,"$59,441,695.00",3534.1
TBUX,T. Rowe Price Ultra Short-Term Bond ETF,ETF,Taxable Bond,Ultrashort Bond,"$989,179,968.00",274163.6
TCAF,T. Rowe Price Capital Appreciation Equity ETF,ETF,US Equity,Large Blend,"$6,436,814,574.00",771980.2
TCHP,T. Rowe Price Blue Chip Growth ETF,ETF,US Equity,Large Growth,"$1,793,049,676.00",145309.6
TCPB,Thrivent Core Plus Bond ETF,ETF,Taxable Bond,Intermediate Core-Plus Bond,"$405,353,860.00",19594.8
TDI,Touchstone Dynamic International ETF,ETF,International Equity,Foreign Large Blend,"$136,334,588.00",51880.1
TDVG,T. Rowe Price Dividend Growth ETF,ETF,US Equity,Large Blend,"$1,286,163,981.00",56782.1
TEKX,State Street® Galaxy Transformative Tech Accelerators ETF,ETF,US Equity,Mid-Cap Growth,"$3,626,730.00",2672
TEQI,T. Rowe Price Equity Income ETF,ETF,US Equity,Large Value,"$384,310,282.00",10696.7
TERG,Leverage Shares 2X Long TER Daily ETF,"ETF, Leveraged",Miscellaneous,Trading--Leveraged Equity,"$8,481,239.00",42466.3
TEST,YieldMax TSLA Performance & Distribution Target 25 ETF,ETF,Nontraditional Equity,Derivative Income,"$2,358,122.00",825.6
TFI,State Street® SPDR® Nuveen ICE Municipal Bond ETF,ETF,Municipal Bond,Muni National Long,"$3,059,700,496.00",314758.4
TFLO,iShares Treasury Floating Rate Bond ETF,ETF,Taxable Bond,Ultrashort Bond,"$6,412,355,921.00",1592719.8
TFLR,T. Rowe Price Floating Rate ETF,ETF,Taxable Bond,Bank Loan,"$534,620,180.00",219069.1
TGLR,LAFFER|TENGLER Equity Income ETF,ETF,US Equity,Large Value,"$30,313,050.00",11828.6
TGRT,T. Rowe Price Growth ETF,ETF,US Equity,Large Growth,"$1,012,259,801.00",92361.6
TGRW,T. Rowe Price Growth Stock ETF,ETF,US Equity,Large Growth,"$911,261,340.00",31219.9
THRO,iShares U.S. Thematic Rotation Active ETF,ETF,US Equity,Large Blend,"$7,410,088,597.00",1584916.2
THYF,T. Rowe Price U.S. High Yield ETF,ETF,Taxable Bond,High Yield Bond,"$787,229,501.00",8387.9
THYM,T.Rowe Price High Income Municipal ETF,ETF,Municipal Bond,High Yield Muni,"$25,466,782.00",903.2
TLTI,NEOS Enhanced Income 20+ Year Treasury Bond ETF,ETF,Taxable Bond,Long Government,"$12,402,535.00",9186
TMDV,ProShares Russell US Dividend Growers ETF,ETF,US Equity,Mid-Cap Value,"$4,688,358.00",306.9
TMF,Direxion Daily 20+ Year Treasury Bull 3X Shares,"ETF, Leveraged",Miscellaneous,Trading--Leveraged Debt,"$3,313,183,800.00",5566595.9
TMNL,T. Rowe Price Long Municipal Income ETF,ETF,Municipal Bond,Muni National Long,"$22,854,025.00",456.5
TMNS,T.Rowe Price Short Municipal Income ETF,ETF,Municipal Bond,Muni National Short,"$21,496,796.00",322.4
TMSF,T. Rowe Price Multi-Sector Income ETF,ETF,Taxable Bond,Multisector Bond,"$30,008,437.00",1938.4
TMSL,T. Rowe Price Small-Mid Cap ETF,ETF,US Equity,Mid-Cap Blend,"$1,617,847,735.00",294410.6
TNA,Direxion Daily Small Cap Bull 3X Shares,"ETF, Leveraged",Miscellaneous,Trading--Leveraged Equity,"$1,555,849,682.00",14261722.1
TOTL,State Street® DoubleLine® Total Return Tactical ETF,ETF,Taxable Bond,Intermediate Core-Plus Bond,"$4,217,676,069.00",441602.3
TOTR,T. Rowe Price Total Return ETF,ETF,Taxable Bond,Intermediate Core-Plus Bond,"$558,770,007.00",5903.9
TPAY,Roundhill S&P 500 Target 10 Managed Distribution ETF,ETF,Nontraditional Equity,Equity Hedged,"$507,480.00",2382.3
TPHD,Timothy Plan High Dividend Stock ETF,ETF,US Equity,Mid-Cap Value,"$348,759,234.00",24540.1
TPLC,Timothy Plan US Large/Mid Cap Core ETF,ETF,US Equity,Mid-Cap Blend,"$353,690,321.00",25776.2
TPSC,Timothy Plan US Small Cap Core ETF,ETF,US Equity,Small Blend,"$294,388,400.00",70662.7
TPYP,Tortoise North American Pipeline Fund,ETF,Sector Equity,Energy Limited Partnership,"$836,787,948.00",50748.3
TQQQ,ProShares UltraPro QQQ,"ETF, Leveraged",Miscellaneous,Trading--Leveraged Equity,"$27,316,505,859.00",117004121
TRBF,Angel Oak Total Return ETF,ETF,Taxable Bond,Intermediate Core-Plus Bond,"$22,267,722.00",1891.1
TRFM,AAM Transformers ETF,ETF,International Equity,Global Large-Stock Growth,"$128,131,819.00",20467
TRPA,Hartford AAA CLO ETF,ETF,Taxable Bond,Securitized Bond - Focused,"$105,002,689.00",13498
TSME,Thrivent Small-Mid Cap Equity ETF,ETF,US Equity,Mid-Cap Blend,"$940,100,154.00",66835.6
TSPA,T. Rowe Price US Equity Research ETF,ETF,US Equity,Large Blend,"$2,190,458,589.00",123031.7
TSYW,Roundhill Treasury Bond WeeklyPay ETF,"ETF, Leveraged",Miscellaneous,Trading--Miscellaneous,"$3,910,844.00",3600
TUG,STF Tactical Growth ETF,ETF,Allocation,Tactical Allocation,"$34,193,726.00",3245.4
TUR,iShares MSCI Turkey ETF,ETF,International Equity,Miscellaneous Region,"$346,330,431.00",887091.2
TUSB,Thrivent Ultra Short Bond ETF,ETF,Taxable Bond,Ultrashort Bond,"$209,072,428.00",21627.2
TXS,Texas Capital Texas Equity Index ETF,ETF,US Equity,Mid-Cap Blend,"$34,514,626.00",4616.8
TXXI,BondBloxx IR+M Tax-Aware Intermediate Duration ETF,ETF,Municipal Bond,Muni National Interm,"$25,651,668.00",2745.6
UAUG,Innovator U.S. Equity Ultra Buffer ETF - August,ETF,Nontraditional Equity,Defined Outcome,"$170,096,419.00",8000.5
UCC,ProShares Ultra Consumer Discretionary,"ETF, Leveraged",Miscellaneous,Trading--Leveraged Equity,"$13,554,064.00",2649.7
UCYB,ProShares Ultra Nasdaq Cybersecurity,"ETF, Leveraged",Miscellaneous,Trading--Leveraged Equity,"$4,380,306.00",3123.8
UDEC,Innovator U.S. Equity Ultra Buffer ETF™ - December,ETF,Nontraditional Equity,Defined Outcome,"$300,737,571.00",13470.5
UFIV,F/m US Treasury 5 Year Note ETF,ETF,Taxable Bond,Intermediate Government,"$33,806,157.00",7793.4
UFO,Procure Space ETF,ETF,Sector Equity,Miscellaneous Sector,"$358,214,821.00",445249.8
UITB,VictoryShares Core Intermediate Bond ETF,ETF,Taxable Bond,Intermediate Core Bond,"$2,685,547,682.00",152683.1
UJAN,Innovator U.S. Equity Ultra Buffer ETF™ - January,ETF,Nontraditional Equity,Defined Outcome,"$314,182,838.00",24347.2
UJUL,Innovator U.S. Equity Ultra Buffer ETF™ - July,ETF,Nontraditional Equity,Defined Outcome,"$155,404,882.00",7656.6
UJUN,Innovator U.S. Equity Ultra Buffer ETF™ - June,ETF,Nontraditional Equity,Defined Outcome,"$80,146,050.00",2762.5
ULST,State Street® Ultra Short Term Bond ETF,ETF,Taxable Bond,Ultrashort Bond,"$620,725,736.00",117722.6
UMAR,Innovator U.S. Equity Ultra Buffer ETF™ - March,ETF,Nontraditional Equity,Defined Outcome,"$116,660,561.00",70027.4
UNHW,Roundhill UNH WeeklyPay ETF,"ETF, Leveraged",Miscellaneous,Trading--Miscellaneous,"$12,078,131.00",4541
UNIY,WisdomTree Voya Yield Enchanced USD Universal Bond Fund,ETF,Taxable Bond,Intermediate Core Bond,"$1,335,623,665.00",240.7
UNOV,Innovator U.S. Equity Ultra Buffer ETF - November,ETF,Nontraditional Equity,Defined Outcome,"$171,171,197.00",12475
UOCT,Innovator U.S. Equity Ultra Buffer ETF™ October,ETF,Nontraditional Equity,Defined Outcome,"$238,501,792.00",9133.5
URAA,Direxion Daily Uranium Bull 2X ETF,"ETF, Leveraged",Miscellaneous,Trading--Leveraged Equity,"$62,770,077.00",106291.6
URAN,Themes Uranium & Nuclear ETF,ETF,Sector Equity,Miscellaneous Sector,"$30,562,017.00",13922.6
URSP,ProShares Ultra S&P 500 Equal Weight,"ETF, Leveraged",Miscellaneous,Trading--Leveraged Equity,"$56,044,973.00",38430.4
USAI,Pacer American Energy Infrastructure ETF,ETF,Sector Equity,Energy Limited Partnership,"$95,195,059.00",11862.5
USCA,Xtrackers MSCI USA Climate Action Equity ETF,ETF,US Equity,Large Blend,"$2,785,714,071.00",59999.6
USEP,Innovator U.S. Equity Ultra Buffer ETF™ - September,ETF,Nontraditional Equity,Defined Outcome,"$152,410,371.00",8462.2
USEW,Cambria US EW ETF,ETF,US Equity,Large Blend,"$178,930,088.00",1289.7
USFR,WisdomTree Floating Rate Treasury Fund,ETF,Taxable Bond,Ultrashort Bond,"$16,022,662,760.00",4958665.2
USG,USCF Gold Strategy Plus Income Fund,ETF,Commodities,Commodities Focused,"$16,621,691.00",7996.7
USHY,iShares Broad USD High Yield Corporate Bond ETF,ETF,Taxable Bond,High Yield Bond,"$26,740,105,754.00",18347304.6
USIG,iShares Broad USD Investment Grade Corporate Bond ETF,ETF,Taxable Bond,Corporate Bond,"$16,993,595,451.00",5340152.9
USIN,Wisdomtree 7-10 Year Laddered Treasury Fund ETF,ETF,Taxable Bond,Long Government,"$4,627,878.00",415.2
USL,"United States 12 Month Oil Fund, LP",ETF,Commodities,Commodities Focused,"$43,981,479.00",61968
USMF,WisdomTree U.S. Multifactor Fund,ETF,US Equity,Mid-Cap Blend,"$374,648,600.00",21016.4
USML,ETRACS 2x Leveraged MSCI US Minimum Volatility Factor TR ETN,"ETN, Leveraged",Miscellaneous,Trading--Leveraged Equity,"$4,473,650.00",279.7
USNZ,Xtrackers Net Zero Pathway Paris Aligned US Equity ETF,ETF,US Equity,Large Blend,"$279,006,617.00",18364.4
USSH,Wisdomtree 1-3 Year Laddered Treasury Fund ETF,ETF,Taxable Bond,Short Government,"$21,888,172.00",2436.8
UST,ProShares Ultra 7-10 Year Treasury,"ETF, Leveraged",Miscellaneous,Trading--Leveraged Debt,"$21,110,728.00",46124.5
USTB,VictoryShares Short-Term Bond ETF,ETF,Taxable Bond,Short-Term Bond,"$1,969,901,406.00",225746.5
USVN,F/m US Treasury 7 Year Note ETF,ETF,Taxable Bond,Intermediate Government,"$9,851,651.00",1668.8
UTEN,F/m US Treasury 10 Year Note ETF,ETF,Taxable Bond,Long Government,"$286,433,746.00",68984.3
UTHY,F/m US Treasury 30 Year Bond ETF,ETF,Taxable Bond,Long Government,"$30,276,132.00",32285.4
UTRE,F/m US Treasury 3 Year Note ETF,ETF,Taxable Bond,Short Government,"$10,510,296.00",1879.3
UTSL,Direxion Daily Utilities Bull 3X Shares,"ETF, Leveraged",Miscellaneous,Trading--Leveraged Equity,"$57,808,853.00",153058.5
UTWO,F/m US Treasury 2 Year Note ETF,ETF,Taxable Bond,Short Government,"$411,852,878.00",66547.9
UTWY,F/m US Treasury 20 Year Bond ETF,ETF,Taxable Bond,Long Government,"$8,948,583.00",632.9
UVXY,ProShares Ultra VIX Short-Term Futures ETF,"ETF, Leveraged",Miscellaneous,Trading--Miscellaneous,"$361,217,177.00",11689810
UWM,ProShares Ultra Russell2000,"ETF, Leveraged",Miscellaneous,Trading--Leveraged Equity,"$282,500,848.00",916627.5
UXAP,FT Vest U.S. Equity Uncapped Accelerator ETF - April,ETF,Nontraditional Equity,Defined Outcome,"$7,814,471.00",420.1
UYLD,Angel Oak Ultrashort Income ETF,ETF,Taxable Bond,Ultrashort Bond,"$1,352,903,991.00",183173.5
VBND,Vident U.S. Bond Strategy ETF,ETF,Taxable Bond,Intermediate Core-Plus Bond,"$506,955,500.00",22764.9
VCOB,Voya Core Bond ETF,ETF,Taxable Bond,Intermediate Core Bond,"$107,087,603.00",335
VEGA,AdvisorShares STAR Global Buy-Write ETF,ETF,Nontraditional Equity,Derivative Income,"$80,193,207.00",2807.2
VEGI,iShares MSCI Agriculture Producers ETF,ETF,Sector Equity,Natural Resources,"$116,235,187.00",29180.6
VFLO,Victoryshares Free Cash Flow ETF,ETF,US Equity,Mid-Cap Value,"$6,315,466,203.00",1228986.3
VGMS,Vanguard Multi-Sector Income Bond ETF,ETF,Taxable Bond,Multisector Bond,"$196,878,000.00",30498.9
VMBS,Vanguard Mortgage-Backed Securities Index Fund ETF Shares,ETF,Taxable Bond,Government Mortgage-Backed Bond,"$16,929,661,245.00",1644572.4
VMSB,Voya Multi Sector Income ETF,ETF,Taxable Bond,Multisector Bond,"$109,018,983.00",91.7
VNLA,Janus Henderson Short Duration Income ETF,ETF,Taxable Bond,Ultrashort Bond,"$3,080,809,797.00",424650
VNQI,Vanguard Global ex-U.S. Real Estate Index Fund ETF Shares,ETF,Sector Equity,Global Real Estate,"$4,241,378,316.00",452855.3
VNSE,Natixis Vaughan Nelson Select ETF,ETF,US Equity,Large Blend,"$13,179,151.00",180.8
VSLU,Applied Finance Valuation Large Cap US ETF,ETF,US Equity,Large Blend,"$432,136,960.00",63603.2
VTEB,Vanguard Tax-Exempt Bond Index Fund ETF Shares,ETF,Municipal Bond,Muni National Interm,"$44,971,570,822.00",6746545.3
VTIP,Vanguard Short-Term Inflation-Protected Securities Index Fund ETF Shares,ETF,Taxable Bond,Short-Term Inflation-Protected Bond,"$65,207,853,684.00",2170034.3
VUSB,Vanguard Ultra-Short Bond ETF Shares,ETF,Taxable Bond,Ultrashort Bond,"$8,021,382,251.00",1728593.3
VUSI,Voya Ultra Short Income ETF,ETF,Taxable Bond,Ultrashort Bond,"$112,378,944.00",309.2
VWID,Virtus WMC International Dividend ETF,ETF,International Equity,Foreign Large Value,"$13,808,285.00",1739.8
WANT,Direxion Daily Cnsmr Discret Bull 3XShrs,"ETF, Leveraged",Miscellaneous,Trading--Leveraged Equity,"$20,565,668.00",16211.9
WGMI,CoinShares Bitcoin Mining ETF,ETF,Alternative,Equity Digital Assets,"$201,685,301.00",663229.5
WIP,SPDR® FTSE International Government Inflation-Protected Bond ETF,ETF,Taxable Bond,Global Bond,"$412,437,436.00",238951.2
WLDR,Affinity World Leaders Equity ETF,ETF,International Equity,Global Large-Stock Value,"$62,897,291.00",9233.8
WOMN,Impact Shares Women’s Empowerment ETF,ETF,US Equity,Large Blend,"$59,311,424.00",1315.4
WRND,NYLI Global Equity R&D Leaders ETF,ETF,International Equity,Global Large-Stock Blend,"$8,708,453.00",470.8
WTIP,WisdomTree Inflation Plus Fund,ETF,Commodities,Commodities Broad Basket,"$14,217,393.00",2749.4
WTLS,Wisdomtree Efficient Long/Short US Equity Fund,ETF,Nontraditional Equity,Long-Short Equity,"$14,433,485.00",2629.7
WTMF,WisdomTree Managed Futures Strategy Fund,ETF,Alternative,Systematic Trend,"$213,521,617.00",36604.9
WWJD,Inspire International ETF,ETF,International Equity,Foreign Large Blend,"$492,233,843.00",57247.4
XAGG,Eaton Vance Income Opportunities ETF,ETF,Taxable Bond,Multisector Bond,"$703,999,616.00",362022.4
XAIX,Xtrackers Artificial Intelligence and Big Data ETF,ETF,Sector Equity,Technology,"$111,240,328.00",23170.7
XAUG,FT Vest U.S. Equity Enhance & Moderate Buffer ETF - August,ETF,Nontraditional Equity,Defined Outcome,"$24,496,725.00",9020.1
XB,BondBloxx B Rated USD High Yield Corporate Bond ETF,ETF,Taxable Bond,High Yield Bond,"$32,484,302.00",6643.5
XBAP,Innovator U.S. Equity Accelerated 9 Buffer ETFTM – April,ETF,Nontraditional Equity,Defined Outcome,"$128,715,420.00",3160.9
XBB,BondBloxx BB Rated USD High Yield Corporate Bond ETF,ETF,Taxable Bond,High Yield Bond,"$394,670,059.00",315045.8
XBCI,NEOS Boosted Bitcoin High Income ETF,ETF,Alternative,Digital Assets,"$6,360,750.00",30639.3
XBIL,F/m US Treasury 6 Month Bill ETF,ETF,Taxable Bond,Ultrashort Bond,"$739,156,767.00",99244.1
XBJL,Innovator U.S. Equity Accelerated 9 Buffer ETF - July,ETF,Nontraditional Equity,Defined Outcome,"$78,138,840.00",5345
XCEM,Columbia EM Core ex-China ETF,ETF,International Equity,Diversified Emerging Mkts,"$1,686,711,509.00",312950.1
XDEC,FT Vest U.S. Equity Enhance & Moderate Buffer ETF - December,ETF,Nontraditional Equity,Defined Outcome,"$168,801,853.00",5317.3
XDQQ,Innovator Growth-100 Accelerated ETF™ – Quarterly,ETF,Nontraditional Equity,Defined Outcome,"$63,076,412.00",27052.2
XDSQ,Innovator U.S. Equity Accelerated ETF™ – Quarterly,ETF,Nontraditional Equity,Defined Outcome,"$76,007,485.00",11265.1
XDTE,Roundhill S&P 500 0DTE Covered Call Strategy ETF,ETF,Nontraditional Equity,Derivative Income,"$350,227,349.00",245892.6
XEMD,BondBloxx JP Morgan USD Emerging Markets 1-10 Year Bond ETF,ETF,Taxable Bond,Emerging Markets Bond,"$874,764,402.00",148772.8
XFIV,Bondbloxx Bloomberg Five Year Target Duration US Treasury ETF,ETF,Taxable Bond,Intermediate Government,"$440,905,962.00",29857.6
XHLF,Bondbloxx Bloomberg Six Month Target Duration US Treasury ETF,ETF,Taxable Bond,Ultrashort Bond,"$1,910,152,276.00",492719.7
XHYC,BondBloxx US High Yield Consumer Cyclicals Sector ETF,ETF,Taxable Bond,High Yield Bond,"$22,501,512.00",119.1
XHYD,BondBloxx US High Yield Consumer Non-Cyclicals Sector ETF,ETF,Taxable Bond,High Yield Bond,"$23,187,447.00",4052.8
XHYE,BondBloxx US High Yield Energy Sector ETF,ETF,Taxable Bond,High Yield Bond,"$10,915,394.00",382.3
XHYF,BondBloxx US High Yield Financial & REIT Sector ETF,ETF,Taxable Bond,High Yield Bond,"$26,308,037.00",2297.7
XHYI,BondBloxx US High Yield Industrial Sector ETF,ETF,Taxable Bond,High Yield Bond,"$34,361,763.00",390.5
XJH,iShares ESG Select Screened S&P Mid-Cap ETF,ETF,US Equity,Mid-Cap Blend,"$366,725,301.00",24824
XJR,iShares ESG Select Screened S&P Small-Cap ETF,ETF,US Equity,Small Blend,"$120,773,900.00",10275.4
XJUL,FT Vest U.S. Equity Enhance & Moderate Buffer ETF - July,ETF,Nontraditional Equity,Defined Outcome,"$44,299,306.00",930.2
XJUN,FT Vest U.S. Equity Enhance & Moderate Buffer ETF - June,ETF,Nontraditional Equity,Defined Outcome,"$137,542,860.00",6310.1
XLB,State Street® Materials Select Sector SPDR® ETF,ETF,Sector Equity,Natural Resources,"$7,245,534,327.00",18879159.5
XLF,State Street® Financial Select Sector SPDR® ETF,ETF,Sector Equity,Financial,"$49,680,446,533.00",68993209.8
XLRE,State Street Real Estate Select Sector SPDR ETF,ETF,Sector Equity,Real Estate,"$7,705,808,015.00",10395614.5
XLU,State Street® Utilities Select Sector SPDR® ETF,ETF,Sector Equity,Utilities,"$24,356,755,083.00",31824379.6
XMAR,FT Vest U.S. Equity Enhance & Moderate Buffer ETF - March,ETF,Nontraditional Equity,Defined Outcome,"$163,240,635.00",20453.8
XNOV,FT Vest U.S. Equity Enhance & Moderate Buffer ETF - November,ETF,Nontraditional Equity,Defined Outcome,"$22,873,862.00",1199
XOCT,FT Vest U.S. Equity Enhance & Moderate Buffer ETF - October,ETF,Nontraditional Equity,Defined Outcome,"$75,949,791.00",962.1
XOMX,Direxion Daily XOM Bull 2X Shares,"ETF, Leveraged",Miscellaneous,Trading--Leveraged Equity,"$10,298,233.00",77080.3
XONE,Bondbloxx Bloomberg One Year Target Duration US Treasury ETF,ETF,Taxable Bond,Short Government,"$753,421,461.00",157108.4
XPAY,Roundhill S&P 500 Target 20 Managed Distribution ETF,ETF,Nontraditional Equity,Derivative Income,"$119,985,671.00",91407.5
XQQI,NEOS Boosted Nasdaq-100 High Income ETF,ETF,Nontraditional Equity,Derivative Income,"$24,858,046.00",62889
XRLX,FundX Conservative ETF,ETF,Allocation,Tactical Allocation,"$50,639,793.00",783
XRPT,2x XRP ETF,"ETF, Leveraged",Miscellaneous,Trading--Miscellaneous,"$70,629,972.00",237119.62
XSEP,FT Vest U.S. Equity Enhance & Moderate Buffer ETF - September,ETF,Nontraditional Equity,Defined Outcome,"$100,240,248.00",4703.3
XSHQ,Invesco S&P SmallCap Quality ETF,ETF,US Equity,Small Blend,"$250,454,212.00",22527.8
XSLV,Invesco S&P SmallCap Low Volatility ETF,ETF,US Equity,Small Blend,"$240,651,975.00",18361.8
XSOE,WisdomTree Emerging Markets ex-State-Owned Enterprises Fund,ETF,International Equity,Diversified Emerging Mkts,"$2,020,571,119.00",222413
XSPI,NEOS Boosted S&P 500 High Income ETF,ETF,Nontraditional Equity,Derivative Income,"$15,095,149.00",44665.2
XSVN,Bondbloxx Bloomberg Seven Year Target Duration US Treasury ETF,ETF,Taxable Bond,Long Government,"$315,191,376.00",34662.2
XTAP,Innovator U.S. Equity Accelerated Plus ETF™ – April,"ETF, Leveraged",Nontraditional Equity,Defined Outcome,"$19,523,152.00",559.2
XTEN,Bondbloxx Bloomberg Ten Year Target Duration US Treasury ETF,ETF,Taxable Bond,Long Government,"$971,230,083.00",102926.2
XTJL,Innovator U.S. Equity Accelerated Plus ETF - July,ETF,Nontraditional Equity,Defined Outcome,"$15,712,638.00",36663.3
XTRE,Bondbloxx Bloomberg Three Year Target Duration US Treasury ETF,ETF,Taxable Bond,Short Government,"$231,072,397.00",53631.3
XTWO,Bondbloxx Bloomberg Two Year Target Duration US Treasury ETF,ETF,Taxable Bond,Short Government,"$189,749,888.00",16046.4
XTWY,Bondbloxx Bloomberg Twenty Year Target Duration US Treasury ETF,ETF,Taxable Bond,Long Government,"$206,558,138.00",42065.1
XUSP,Innovator Uncapped Accelerated U.S. Equity ETF,ETF,Miscellaneous,Trading--Leveraged Equity,"$46,342,930.00",3210.6
XVV,iShares ESG Select Screened S&P 500 ETF,ETF,US Equity,Large Blend,"$695,074,803.00",42141.3
XYLD,Global X S&P 500® Covered Call ETF,ETF,Nontraditional Equity,Derivative Income,"$3,167,990,849.00",1893198.4
YALL,God Bless America ETF,ETF,US Equity,Large Blend,"$102,075,317.00",7974.9
YEAR,AB Ultra Short Income ETF,ETF,Taxable Bond,Ultrashort Bond,"$1,465,046,398.00",183463.5
YGLD,Simplify Gold Strategy PLUS Income ETF,ETF,Commodities,Commodities Focused,"$64,972,850.00",28163.5
ZCBA,Global X Zero Coupon Bond 2030 ETF,ETF,Taxable Bond,Target Maturity,"$507,075.00",0.7
ZCBB,Global X Zero Coupon Bond 2031 ETF,ETF,Taxable Bond,Target Maturity,"$1,017,736.00",0.4
ZCBC,Global X Zero Coupon Bond 2032 ETF,ETF,Taxable Bond,Target Maturity,"$1,023,820.00",2.2
ZCBE,Global X Zero Coupon Bond 2033 ETF,ETF,Taxable Bond,Target Maturity,"$1,027,679.00",70.6
ZCBF,Global X Zero Coupon Bond 2034 ETF,ETF,Taxable Bond,Target Maturity,"$1,028,418.00",0.7
ZCBG,Global X Zero Coupon Bond 2035 ETF,ETF,Taxable Bond,Target Maturity,"$1,031,741.00",0.9
ZHOG,F/m Opportunistic Income ETF,ETF,Taxable Bond,Intermediate Core-Plus Bond,"$46,725,052.00",1449
ZIG,The Acquirers Fund ETF,ETF,US Equity,Mid-Cap Value,"$34,698,998.00",813.2
ZMUN,F/m Ultrashort Tax Free Municipal ETF,ETF,Municipal Bond,Muni National Interm,"$11,516,553.00",3535.4
ZTEN,F/M 10-Year Investment Grade Corporate Bond ETF,ETF,Taxable Bond,Long-Term Bond,"$28,949,122.00",5169.8
ZTRE,F/M 3-Year Investment Grade Corporate Bond ETF,ETF,Taxable Bond,Short-Term Bond,"$41,026,889.00",1188.1
ZTWO,F/M 2-Year Investment Grade Corporate Bond ETF,ETF,Taxable Bond,Short-Term Bond,"$18,308,452.00",727.2
AADR,AdvisorShares Dorsey Wright ADR ETF,ETF,International Equity,Foreign Large Growth,"$55,783,669.00",2809.3
AAUS,Alpha Architect US Equity ETF,ETF,US Equity,Large Blend,"$486,315,787.00",286.4
ABFL,Abacus FCF Leaders ETF,ETF,US Equity,Large Blend,"$798,547,028.00",227430.4
ACGR,American Century Large Cap Growth ETF,ETF,US Equity,Large Growth,"$16,292,008.00",826.6
ACLC,American Century Large Cap Equity ETF,ETF,US Equity,Large Blend,"$275,103,593.00",13186.6
ACSI,American Customer Satisfaction ETF,ETF,US Equity,Large Blend,"$105,300,872.00",323.3
ACWX,iShares MSCI ACWI ex U.S. ETF,ETF,International Equity,Foreign Large Blend,"$9,512,108,775.00",3519294.5
AGMI,Themes Silver Miners ETF,ETF,Sector Equity,Equity Precious Metals,"$19,692,619.00",4703.7
AIVC,Amplify Bloomberg AI Value Chain ETF,ETF,Sector Equity,Technology,"$36,377,095.00",3015.3
AIVI,WisdomTree International Al Enhanced Value Fund,ETF,International Equity,Foreign Large Value,"$64,220,243.00",2935.2
AKRE,Akre Focus ETF,ETF,US Equity,Large Growth,"$7,409,610,038.00",873754.2
AOA,iShares Core 80/20 Aggressive Allocation ETF,ETF,Allocation,Global Moderately Aggressive Allocation,"$2,913,211,126.00",239892.5
AOR,iShares Core 60/40 Balanced Allocation ETF,ETF,Allocation,Global Moderate Allocation,"$3,419,617,304.00",635373.1
ARGT,Global X MSCI Argentina ETF,ETF,International Equity,Miscellaneous Region,"$795,605,904.00",190201.9
ARKK,ARK Innovation ETF,ETF,US Equity,Mid-Cap Growth,"$6,515,731,796.00",11785874.8
ASMH,ASML Holding NV ADRhedged,ETF,Sector Equity,Technology,"$2,923,850.00",850
ATTR,Arin Tactical Tail Risk ETF,ETF,Nontraditional Equity,Long-Short Equity,"$90,470,222.00",1387.7
AVDE,Avantis International Equity ETF,ETF,International Equity,Foreign Large Blend,"$15,023,426,956.00",1348033.7
AVDS,Avantis International Small Cap Equity ETF,ETF,International Equity,Foreign Small/Mid Blend,"$257,617,900.00",32842.7
AVEE,Avantis Emerging Markets Small Cap Equity ETF,ETF,International Equity,Diversified Emerging Mkts,"$109,692,795.00",20306.3
AVEM,Avantis Emerging Markets Equity ETF,ETF,International Equity,Diversified Emerging Mkts,"$21,913,594,278.00",1796067.4
AVES,Avantis Emerging Markets Value ETF,ETF,International Equity,Diversified Emerging Mkts,"$1,393,086,399.00",350323.2
AVGE,Avantis All Equity Markets ETF,ETF,International Equity,Global Large-Stock Blend,"$815,872,409.00",51618.6
AVGV,Avantis ALL Equity Markets Value ETF,ETF,International Equity,Global Small/Mid Stock,"$287,872,547.00",31512.3
AVIE,Avantis Inflation Focused Equity ETF,ETF,US Equity,Large Value,"$8,970,804.00",1077.6
AVIV,Avantis International Large Cap Value ETF,ETF,International Equity,Foreign Large Value,"$1,219,972,921.00",97622.2
AVLC,Avantis U.S. Large Cap Equity ETF,ETF,US Equity,Large Blend,"$1,033,099,684.00",33352.4
AVLV,Avantis US Large Cap Value ETF,ETF,US Equity,Large Value,"$10,633,122,972.00",774873.8
AVMA,Avantis Moderate Allocation ETF,ETF,Allocation,Moderate Allocation,"$60,930,585.00",4016.1
AVMC,Avantis U.S. Mid Cap Equity ETF,ETF,US Equity,Mid-Cap Blend,"$314,542,887.00",17426.2
AVMV,Avantis U.S. Mid Cap Value ETF,ETF,US Equity,Mid-Cap Value,"$510,042,666.00",39719.2
AVNM,Avantis All International Markets Equity ETF,ETF,International Equity,Foreign Large Blend,"$591,438,379.00",94190.3
AVNV,Avantis All International Markets Value ETF,ETF,International Equity,Foreign Large Value,"$47,644,239.00",14169.4
AVSC,Avantis US Small Cap Equity ETF,ETF,US Equity,Small Value,"$2,401,942,213.00",146626.5
AVSD,Avantis Responsible International Equity ETF,ETF,International Equity,Foreign Large Blend,"$454,233,827.00",17958.4
AVSE,Avantis Responsible Emerging Markets Equity ETF,ETF,International Equity,Diversified Emerging Mkts,"$200,002,187.00",23976.4
AVSU,Avantis Responsible U.S. Equity ETF,ETF,US Equity,Large Blend,"$425,947,386.00",20055.6
AVUQ,Avantis U.S. Quality ETF,ETF,US Equity,Large Growth,"$194,098,579.00",16894.9
AVXC,Avantis Emerging Markets Ex-China Equity ETF,ETF,International Equity,Diversified Emerging Mkts,"$302,389,508.00",49692.8
BBAX,JPMorgan BetaBuilders Developed Asia Pacific ex-Japan ETF,ETF,International Equity,Pacific/Asia ex-Japan Stk,"$6,547,089,995.00",436151.6
BBCA,JPMorgan BetaBuilders Canada ETF,ETF,International Equity,Miscellaneous Region,"$10,574,886,328.00",412800.1
BBEM,JPMorgan Betabuilders Emerging Markets Equity ETF,ETF,International Equity,Diversified Emerging Mkts,"$823,700,179.00",82438.9
BBEU,JPMorgan BetaBuilders Europe ETF,ETF,International Equity,Europe Stock,"$9,367,631,521.00",681985.6
BBIB,Jpmorgan Betabuilders U.S. Treasury Bond 3-10 Year ETF,ETF,Taxable Bond,Intermediate Government,"$26,164,026.00",649
BBIN,JPMorgan BetaBuilders International Equity ETF,ETF,International Equity,Foreign Large Blend,"$6,505,785,739.00",321230.7
BBJP,JPMorgan BetaBuilders Japan ETF,ETF,International Equity,Japan Stock,"$16,196,720,979.00",2630183.6
BBLB,Jpmorgan Betabuilders U.S. Treasury Bond 20+ Year ETF,ETF,Taxable Bond,Long Government,"$6,207,144.00",626.6
BBP,Virtus LifeSci Biotech Products ETF,ETF,Sector Equity,Health,"$51,076,312.00",11695.2
BBSB,Jpmorgan Betabuilders U.S. Treasury Bond 1-3 Year ETF,ETF,Taxable Bond,Short Government,"$35,093,285.00",2399.5
BBSC,JPMorgan BetaBuilders U.S. Small Cap Equity ETF,ETF,US Equity,Small Blend,"$665,418,701.00",39819.3
BEMB,Ishares J.P. Morgan Broad USD Emerging Markets Bond ETF,ETF,Taxable Bond,Emerging Markets Bond,"$43,382,582.00",2693.9
BENJ,Horizon Landmark ETF,ETF,Taxable Bond,Ultrashort Bond,"$219,040,192.00",11803.3
BERZ,MicroSectors™ Solactive FANG & Innovation -3X Inverse Leveraged ETNs,"ETN, Leveraged, Inverse",Miscellaneous,Trading--Inverse Equity,"$22,035,433.00",85284.7
BFOR,Barron's 400 ETF,ETF,US Equity,Mid-Cap Blend,"$210,308,865.00",13184.2
BHYB,Xtrackers USD High Yield BB-B ex Financials ETF,ETF,Taxable Bond,High Yield Bond,"$2,080,651,548.00",521905.7
BIB,ProShares Ultra Nasdaq Biotechnology,"ETF, Leveraged",Miscellaneous,Trading--Leveraged Equity,"$91,712,072.00",13711.6
BIL,State Street® SPDR® Bloomberg 1-3 Month T-Bill ETF,ETF,Taxable Bond,Ultrashort Bond,"$43,266,320,093.00",10164406.7
BILS,State Street® SPDR® Bloomberg 3-12 Month T-Bill ETF,ETF,Taxable Bond,Ultrashort Bond,"$3,888,423,936.00",508434.4
BINC,iShares Flexible Income Active ETF,ETF,Taxable Bond,Multisector Bond,"$17,362,275,369.00",2078265.1
BITS,Global X Blockchain & Bitcoin Strategy ETF,ETF,Alternative,Equity Digital Assets,"$24,667,410.00",6277.3
BIV,Vanguard Intermediate-Term Bond Index Fund ETF Shares,ETF,Taxable Bond,Intermediate Core Bond,"$52,722,911,555.00",2263027.9
BJAN,Innovator U.S. Equity Buffer ETF™ - January,ETF,Nontraditional Equity,Defined Outcome,"$369,624,138.00",18217.9
BKCH,Global X Blockchain ETF,ETF,Alternative,Equity Digital Assets,"$237,667,817.00",64860.5
BKEM,BNY Mellon Emerging Markets Equity ETF,ETF,International Equity,Diversified Emerging Mkts,"$82,527,224.00",3817
BKIE,BNY Mellon International Equity ETF,ETF,International Equity,Foreign Large Blend,"$1,294,735,691.00",109235.8
BLOK,Amplify Blockchain Technology ETF,ETF,Alternative,Equity Digital Assets,"$1,006,240,362.00",429346.7
BLV,Vanguard Long-Term Bond Index Fund ETF Shares,ETF,Taxable Bond,Long-Term Bond,"$8,832,207,128.00",1282393.5
BMAR,Innovator U.S. Equity Buffer ETF™ - March,ETF,Nontraditional Equity,Defined Outcome,"$181,752,625.00",76989.4
BND,Vanguard Total Bond Market Index Fund ETF Shares,ETF,Taxable Bond,Intermediate Core Bond,"$395,346,098,050.00",9708873.6
BNDD,Quadratic Deflation ETF,ETF,Taxable Bond,Long Government,"$7,491,456.00",573.2
BNDP,Vanguard Core-Plus Bond Index ETF,ETF,Taxable Bond,Intermediate Core-Plus Bond,"$113,909,402.00",10187.2
BNDW,Vanguard Total World Bond ETF,ETF,Taxable Bond,Global Bond-USD Hedged,"$1,600,030,022.00",107108.1
BNKD,Microsectors U.S. Big Banks -3x Inverse Leveraged ETNs,"ETN, Leveraged, Inverse",Miscellaneous,Trading--Inverse Equity,"$1,513,138.00",918.4
BOND,PIMCO Active Bond Exchange-Traded Fund,ETF,Taxable Bond,Intermediate Core-Plus Bond,"$7,682,255,717.00",604525.1
BOTT,Themes Humanoid Robotics ETF,ETF,International Equity,Global Small/Mid Stock,"$36,674,380.00",29670.8
BSV,Vanguard Short-Term Bond Index Fund ETF Shares,ETF,Taxable Bond,Short-Term Bond,"$69,992,047,593.00",2610393
BTCO,Invesco Galaxy Bitcoin ETF,ETF,Alternative,Digital Assets,"$434,818,638.00",144995.5
BTCW,WisdomTree Bitcoin Fund,ETF,Alternative,Digital Assets,"$126,577,653.00",65314.9
BUL,Pacer US Cash Cows Growth ETF,ETF,US Equity,Mid-Cap Blend,"$128,859,534.00",19449.8
BWEB,Bitwise Web3 ETF,ETF,US Equity,Large Growth,"$5,548,167.00",375.5
BWET,Breakwave Tanker Shipping ETF,ETF,Commodities,Commodities Focused,"$21,664,336.00",147019.3
CAOS,Alpha Architect Tail Risk ETF,ETF,Nontraditional Equity,Equity Hedged,"$590,705,036.00",82377.9
CARZ,First Trust S-Network Future Vehicles & Technology ETF,ETF,Sector Equity,Technology,"$48,471,181.00",3759.5
CATH,Global X S&P 500® Catholic Values ETF,ETF,US Equity,Large Blend,"$1,110,304,842.00",60697.4
CDC,VictoryShares US EQ Income Enhanced Volatility Wtd ETF,ETF,US Equity,Large Value,"$753,379,812.00",13186.8
CDEI,"Calvert US Large-Cap Diversity, Equity And Inclusion Index ETF",ETF,US Equity,Large Blend,"$16,373,926.00",1075.6
CDL,VictoryShares US Large Cap High Div Volatility Wtd ETF,ETF,US Equity,Large Value,"$392,889,842.00",10386
CFA,VictoryShares US 500 Volatility Wtd ETF,ETF,US Equity,Large Blend,"$547,108,525.00",7018.4
CFO,VictoryShares US 500 Enhanced Volatility Wtd ETF,ETF,US Equity,Large Blend,"$419,925,722.00",5387.3
CGW,Invesco S&P Global Water Index ETF,ETF,Sector Equity,Natural Resources,"$1,096,735,740.00",59043.3
CHAT,Roundhill Generative AI & Technology ETF,ETF,Sector Equity,Technology,"$1,064,470,608.00",339913
CHPS,Xtrackers Semiconductor Select Equity ETF,ETF,Sector Equity,Technology,"$43,511,335.00",19414.5
CHPX,Global X AI Semiconductor & Quantum ETF,ETF,Sector Equity,Technology,"$23,952,031.00",11018.7
CHPY,YieldMax Semiconductor Portfolio Option Income ETF,ETF,Nontraditional Equity,Derivative Income,"$410,225,603.00",446464.4
CHRI,Global X S&P 500 Christian Values ETF,ETF,US Equity,Large Blend,"$4,080,529.00",259.6
CIBR,First Trust NASDAQ Cybersecurity ETF,ETF,Sector Equity,Technology,"$9,501,814,775.00",1949748.7
CLIX,ProShares Long Online/Short Stores ETF,ETF,Nontraditional Equity,Long-Short Equity,"$6,764,970.00",1014.4
CLOI,VanEck CLO ETF,ETF,Taxable Bond,Securitized Bond - Focused,"$1,372,040,720.00",262903.6
CMDY,iShares Bloomberg Roll Select Commodity Strategy ETF,ETF,Commodities,Commodities Broad Basket,"$397,295,663.00",142391.1
CMF,iShares California Muni Bond ETF,ETF,Municipal Bond,Muni California Long,"$4,147,450,666.00",486374.8
CNRG,State Street® SPDR® S&P Kensho Clean Power ETF,ETF,Sector Equity,Equity Energy,"$197,662,666.00",7042.9
CONI,GraniteShares 2x Short COIN Daily ETF,"ETF, Leveraged, Inverse",Miscellaneous,Trading--Inverse Equity,"$18,484,034.00",457521.5
COPX,Global X Copper Miners ETF,ETF,Sector Equity,Natural Resources,"$8,406,912,210.00",5967302.3
CORP,PIMCO Investment Grade Corporate Bond Index Exchange-Traded Fund,ETF,Taxable Bond,Corporate Bond,"$1,511,240,528.00",93247.7
COWZ,Pacer US Cash Cows 100 ETF,ETF,US Equity,Mid-Cap Value,"$19,054,946,617.00",1641400.9
CRCA,ProShares Ultra CRCL ETF,"ETF, Leveraged",Miscellaneous,Trading--Leveraged Equity,"$166,656,354.00",2186212.47
CSB,VictoryShares US Small Cap High Div Volatility Wtd ETF,ETF,US Equity,Small Value,"$259,327,416.00",7627.7
CSHP,iShares Enhanced Short-Term Bond Active ETF,ETF,Taxable Bond,Ultrashort Bond,"$193,664,536.00",2036.4
CSM,ProShares Large Cap Core Plus,ETF,US Equity,Large Blend,"$482,805,271.00",10348.1
CTEC,Global X CleanTech ETF,ETF,International Equity,Global Small/Mid Stock,"$27,668,955.00",7984.1
CTEF,Castellan Targeted Equity ETF,ETF,US Equity,Mid-Cap Blend,"$525,665,859.00",16098.4
CVIE,Calvert International Responsible Index ETF,ETF,International Equity,Foreign Large Blend,"$329,561,947.00",29045
CVLC,Calvert US Large-Cap Core Responsible Index ETF,ETF,US Equity,Large Blend,"$716,429,439.00",21077.2
CVMC,Calvert US Mid-Cap Core Responsible Index ETF,ETF,US Equity,Mid-Cap Blend,"$88,970,700.00",3500.1
CWB,State Street® SPDR® Bloomberg Convertible Securities ETF,ETF,Allocation,Convertibles,"$5,149,218,390.00",1188611.2
CWS,AdvisorShares Focused Equity ETF,ETF,US Equity,Mid-Cap Blend,"$171,872,084.00",6204.6
DBEZ,Xtrackers MSCI Eurozone Hedged Equity ETF,ETF,International Equity,Europe Stock,"$73,846,578.00",5896.1
DCOR,Dimensional US Core Equity 1 ETF,ETF,US Equity,Large Blend,"$2,659,900,241.00",104280.6
DCRE,DoubleLine Commercial Real Estate Debt ETF,ETF,Taxable Bond,Securitized Bond - Focused,"$349,588,705.00",44804
DDM,ProShares Ultra Dow30,"ETF, Leveraged",Miscellaneous,Trading--Leveraged Equity,"$509,179,398.00",288554
DEFI,Hashdex Bitcoin ETF,ETF,Alternative,Digital Assets,"$8,929,228.00",832.9
DEUS,Xtrackers Russell US Multifactor ETF,ETF,US Equity,Mid-Cap Blend,"$227,738,008.00",13102.7
DEW,WisdomTree Global High Dividend Fund,ETF,International Equity,Global Large-Stock Value,"$141,617,880.00",5945.6
DEXC,Dimensional Emerging Markets ex China Core Equity ETF,ETF,International Equity,Diversified Emerging Mkts,"$290,226,596.00",27574.8
DFAS,Dimensional U.S. Small Cap ETF,ETF,US Equity,Small Blend,"$13,379,928,436.00",641114.8
DFAT,Dimensional U.S. Targeted Value ETF,ETF,US Equity,Small Value,"$13,183,859,701.00",362328.4
DFAW,Dimensional World Equity ETF,ETF,International Equity,Global Large-Stock Blend,"$1,171,660,747.00",88517.3
DFE,WisdomTree Europe SmallCap Dividend Fund,ETF,International Equity,Europe Stock,"$171,125,936.00",12322.7
DFEN,Direxion Daily Aerospace & Defense Bull 3X Shares Direxion Daily Aerospace,"ETF, Leveraged",Miscellaneous,Trading--Leveraged Equity,"$528,028,580.00",435484.7
DFGP,Dimensional Global Core Plus Fixed Income ETF,ETF,Taxable Bond,Global Bond-USD Hedged,"$2,317,380,034.00",159305
DFGX,Dimensional International Core Fixed Income ETF,ETF,Taxable Bond,Global Bond-USD Hedged,"$1,474,998,351.00",110149.6
DFIV,Dimensional International Value ETF,ETF,International Equity,Foreign Large Value,"$18,951,092,686.00",1775074.8
DFSB,Dimensional Global Sustainability Fixed Income ETF,ETF,Taxable Bond,Global Bond-USD Hedged,"$640,667,418.00",36674.3
DFUS,Dimensional U.S. Equity Market ETF,ETF,US Equity,Large Blend,"$19,010,279,559.00",1112225.2
DFVX,Dimensional US Large Cap Vector ETF,ETF,US Equity,Large Value,"$458,647,668.00",12188.2
DGCB,Dimensional Global Credit ETF,ETF,Taxable Bond,Global Bond-USD Hedged,"$902,331,965.00",70165
DGRO,iShares Core Dividend Growth ETF,ETF,US Equity,Large Value,"$38,826,277,198.00",2845809.5
DGRS,WisdomTree U.S. SmallCap Quality Dividend Growth Fund,ETF,US Equity,Small Value,"$376,400,911.00",24743.6
DGRW,WisdomTree U.S. Quality Dividend Growth Fund,ETF,US Equity,Large Blend,"$16,244,789,029.00",1506355.1
DGS,WisdomTree Emerging Markets SmallCap Dividend Fund,ETF,International Equity,Diversified Emerging Mkts,"$1,813,873,589.00",186536.2
DIG,ProShares Ultra Energy,"ETF, Leveraged",Miscellaneous,Trading--Leveraged Equity,"$94,373,250.00",118288.9
DIM,WisdomTree International MidCap Dividend Fund,ETF,International Equity,Foreign Small/Mid Value,"$175,126,827.00",4945.6
DIVB,iShares Core Dividend ETF,ETF,US Equity,Large Value,"$1,312,979,763.00",111903.8
DJD,Invesco Dow Jones Industrial Average Dividend ETF,ETF,US Equity,Large Value,"$450,881,764.00",42296.5
DLN,WisdomTree U.S. LargeCap Dividend Fund,ETF,US Equity,Large Value,"$5,879,429,797.00",131013.9
DLS,WisdomTree International SmallCap Dividend Fund,ETF,International Equity,Foreign Small/Mid Value,"$1,088,365,972.00",73350.6
DMXF,iShares ESG Advanced MSCI EAFE Index ETF,ETF,International Equity,Foreign Large Blend,"$709,163,664.00",19653.3
DOL,WisdomTree True Developed International Fund,ETF,International Equity,Foreign Large Value,"$818,012,397.00",33244.3
DON,WisdomTree U.S. MidCap Dividend Fund,ETF,US Equity,Mid-Cap Value,"$3,931,742,083.00",122956.2
DPST,Direxion Daily Regional Banks Bull 3X Shares,"ETF, Leveraged",Miscellaneous,Trading--Leveraged Equity,"$420,578,612.00",1063672.6
DRUP,GraniteShares Nasdaq Select Disruptors ETF,ETF,Sector Equity,Technology,"$49,529,608.00",1266.8
DSPY,Tema S&P 500 Historical Weight ETF Strategy,ETF,US Equity,Large Blend,"$805,918,606.00",3275.7
DSTL,Distillate U.S. Fundamental Stability & Value ETF,ETF,US Equity,Large Value,"$1,937,637,811.00",110125.1
DTD,WisdomTree U.S. Total Dividend Fund,ETF,US Equity,Large Value,"$1,550,561,203.00",27305.2
DTH,WisdomTree International High Dividend Fund,ETF,International Equity,Foreign Large Value,"$671,310,690.00",72729.8
DUSL,Direxion Daily Industrials Bull 3X Shares Direxion Daily Industrials Bull 3,"ETF, Leveraged",Miscellaneous,Trading--Leveraged Equity,"$58,648,396.00",31092.7
DWAS,Invesco Dorsey Wright SmallCap Momentum ETF,ETF,US Equity,Small Blend,"$386,068,066.00",18505.7
DWM,WisdomTree International Equity Fund,ETF,International Equity,Foreign Large Value,"$700,809,448.00",22334.3
DWUS,AdvisorShares Dorsey Wright FSM US Core ETF,ETF,US Equity,Large Blend,"$115,659,807.00",685.8
DXIV,Dimensional International Vector Equity ETF,ETF,International Equity,Foreign Small/Mid Value,"$150,103,465.00",19339.7
DXUV,Dimensional US Vector Equity ETF,ETF,US Equity,Mid-Cap Value,"$364,018,109.00",15589.5
DYNF,iShares U.S. Equity Factor Rotation Active ETF,ETF,US Equity,Large Blend,"$33,227,745,412.00",6565053.4
EBI,Longview Advantage ETF,ETF,US Equity,Large Blend,"$617,818,419.00",5648.8
EDC,Direxion Daily MSCI Emerging Markets Bull 3X Shares,"ETF, Leveraged",Miscellaneous,Trading--Leveraged Equity,"$207,849,937.00",363365.7
EDV,Vanguard Extended Duration Treasury Index Fund ETF Shares,ETF,Taxable Bond,Long Government,"$4,723,133,913.00",1138502.9
EEM,iShares MSCI Emerging Markets ETF,ETF,International Equity,Diversified Emerging Mkts,"$30,140,446,286.00",60862682.4
EEMA,iShares MSCI Emerging Markets Asia ETF,ETF,International Equity,Pacific/Asia ex-Japan Stk,"$1,879,494,883.00",926599.8
EEMS,iShares MSCI Emerging Markets Small-Cap ETF,ETF,International Equity,Diversified Emerging Mkts,"$443,670,984.00",27335.8
EEMV,iShares MSCI Emerging Markets Min Vol Factor ETF,ETF,International Equity,Diversified Emerging Mkts,"$3,427,418,945.00",515092.6
EES,WisdomTree U.S. SmallCap Earnings Fund,ETF,US Equity,Small Value,"$661,503,152.00",30777.5
EET,ProShares Ultra MSCI Emerging Markets,"ETF, Leveraged",Miscellaneous,Trading--Leveraged Equity,"$59,135,585.00",24891.1
EFA,iShares MSCI EAFE ETF,ETF,International Equity,Foreign Large Blend,"$77,836,579,172.00",33475295.1
EFAA,Invesco MSCI EAFE Income Advantage ETF,ETF,Nontraditional Equity,Derivative Income,"$436,569,309.00",135671.6
EFAV,iShares MSCI EAFE Min Vol Factor ETF,ETF,International Equity,Foreign Large Blend,"$5,775,517,241.00",904723
EFIV,State Street® SPDR® S&P 500® ESG ETF,ETF,US Equity,Large Blend,"$1,001,195,768.00",49432.5
EFO,ProShares Ultra MSCI EAFE,"ETF, Leveraged",Miscellaneous,Trading--Leveraged Equity,"$36,060,585.00",13150.7
EFV,iShares MSCI EAFE Value ETF,ETF,International Equity,Foreign Large Value,"$31,468,883,817.00",3695107.5
EIRL,iShares MSCI Ireland ETF,ETF,International Equity,Miscellaneous Region,"$70,592,909.00",15881.5
EMB,iShares J.P. Morgan USD Emerging Markets Bond ETF,ETF,Taxable Bond,Emerging Markets Bond,"$16,457,582,832.00",12611124.3
EMCB,WisdomTree Emerging Markets Corporate Bond Fund,ETF,Taxable Bond,Emerging Markets Bond,"$97,293,842.00",9103.4
EMGF,iShares Emerging Markets Equity Factor ETF,ETF,International Equity,Diversified Emerging Mkts,"$1,695,740,238.00",154941.6
EMNT,PIMCO Enhanced Short Maturity Active ESG Exchange-Traded Fund,ETF,Taxable Bond,Ultrashort Bond,"$206,839,247.00",9157.3
EMXC,iShares MSCI Emerging Markets ex China ETF,ETF,International Equity,Diversified Emerging Mkts,"$18,039,655,121.00",5574353.3
EPP,iShares MSCI Pacific ex Japan ETF,ETF,International Equity,Pacific/Asia ex-Japan Stk,"$2,147,079,977.00",811385.6
EPS,WisdomTree U.S. LargeCap Fund,ETF,US Equity,Large Value,"$1,402,115,840.00",57277.5
EPU,iShares MSCI Peru ETF,ETF,International Equity,Miscellaneous Region,"$606,720,208.00",133403.5
EQAL,Invesco Russell 1000 Equal Weight ETF,ETF,US Equity,Mid-Cap Blend,"$790,083,971.00",92859.6
EQRR,ProShares Equities for Rising Rates ETF,ETF,US Equity,Mid-Cap Value,"$10,945,875.00",277.3
ERX,Direxion Daily Energy Bull 2X Shares,"ETF, Leveraged",Miscellaneous,Trading--Leveraged Equity,"$314,596,703.00",1004844
ESGD,iShares ESG Aware MSCI EAFE ETF,ETF,International Equity,Foreign Large Blend,"$11,702,863,647.00",610432.8
ESPO,VanEck Video Gaming and eSports ETF,ETF,Sector Equity,Communications,"$282,822,386.00",36773.8
ETHD,Proshares UltraShort Ether ETF,"ETF, Leveraged, Inverse",Alternative,Digital Assets,"$96,483,275.00",765102.5
ETHO,Amplify Etho Climate Leadership U.S. ETF,ETF,US Equity,Mid-Cap Blend,"$166,447,989.00",4905.1
ETQ,T-Rex 2X Inverse Ether Daily Target ETF,"ETF, Leveraged, Inverse",Miscellaneous,Trading--Miscellaneous,"$2,540,571.00",11123.8
EUDV,ProShares MSCI Europe Dividend Growers ETF,ETF,International Equity,Europe Stock,"$8,600,856.00",408.1
EUHY,iShares Euro High Yield Corporate Bond USD Hedged ETF,ETF,Taxable Bond,High Yield Bond,"$166,318,122.00",38268
EVHY,Eaton Vance High Yield ETF,ETF,Taxable Bond,High Yield Bond,"$34,246,617.00",2037.1
EVIM,Eaton Vance Intermediate Municipal Income ETF,ETF,Municipal Bond,Muni National Interm,"$183,482,275.00",21667.5
EWC,iShares MSCI Canada ETF,ETF,International Equity,Miscellaneous Region,"$4,482,914,131.00",3864522.8
EWI,iShares MSCI Italy ETF,ETF,International Equity,Miscellaneous Region,"$676,846,929.00",800461
EWJ,iShares MSCI Japan ETF,ETF,International Equity,Japan Stock,"$20,311,529,327.00",14488511.7
EWL,iShares MSCI Switzerland ETF,ETF,International Equity,Miscellaneous Region,"$1,751,320,640.00",996363.1
EWN,iShares MSCI Netherlands ETF,ETF,International Equity,Miscellaneous Region,"$327,109,259.00",124097.9
EWP,iShares MSCI Spain ETF,ETF,International Equity,Miscellaneous Region,"$1,898,224,623.00",773310.3
EWT,iShares MSCI Taiwan ETF,ETF,International Equity,China Region,"$8,794,450,039.00",10025894.4
EWW,iShares MSCI Mexico ETF,ETF,International Equity,Miscellaneous Region,"$2,596,836,635.00",2787918
EWX,State Street® SPDR® S&P® Emerging Markets Small Cap ETF,ETF,International Equity,Diversified Emerging Mkts,"$762,640,862.00",37771.1
EZA,iShares MSCI South Africa ETF,ETF,International Equity,Miscellaneous Region,"$1,114,559,978.00",399401.4
EZJ,ProShares Ultra MSCI Japan,"ETF, Leveraged",Miscellaneous,Trading--Leveraged Equity,"$20,702,826.00",23449.4
EZM,WisdomTree U.S. MidCap Earnings Fund,ETF,US Equity,Small Value,"$869,791,292.00",17522.4
EZU,iShares MSCI Eurozone ETF,ETF,International Equity,Europe Stock,"$10,176,237,831.00",2765624.9
FAB,First Trust Multi Cap Value AlphaDEX® Fund,ETF,US Equity,Mid-Cap Value,"$136,866,126.00",6584.9
FAUG,FT Vest U.S. Equity Buffer ETF - August,ETF,Nontraditional Equity,Defined Outcome,"$1,164,749,902.00",20522.6
FBCG,Fidelity Blue Chip Growth ETF,ETF,US Equity,Large Growth,"$5,377,380,471.00",521366.4
FBTC,Fidelity Wise Origin Bitcoin Fund,ETF,Alternative,Digital Assets,"$12,313,742,879.00",5858219.1
FCOM,Fidelity MSCI Communication Services Index ETF,ETF,Sector Equity,Communications,"$1,750,091,206.00",170115.6
FDIQ,Invesco Bloomberg Financial Data Providers ETF,ETF,Sector Equity,Financial,"$54,825,159.00",5978.8
FDIS,Fidelity MSCI Consumer Discretionary Index ETF,ETF,Sector Equity,Consumer Cyclical,"$1,756,358,019.00",105761.1
FDLO,Fidelity Low Volatility Factor ETF,ETF,US Equity,Large Blend,"$1,467,433,381.00",48174
FDM,First Trust Dow Jones Select MicroCap Index Fund,ETF,US Equity,Small Value,"$230,554,101.00",6672.5
FDMO,Fidelity Momentum Factor ETF,ETF,US Equity,Large Growth,"$668,730,474.00",81011.1
FDRR,Fidelity Dividend ETF for Rising Rates,ETF,US Equity,Large Value,"$676,025,226.00",26457.6
FDT,First Trust Developed Markets Ex-US AlphaDEX® Fund,ETF,International Equity,Foreign Large Value,"$1,206,168,673.00",153653.3
FDTS,First Trust Developed Markets ex-US Small Cap AlphaDEX® Fund,ETF,International Equity,Foreign Small/Mid Value,"$14,405,458.00",5752.2
FDVV,Fidelity High Dividend ETF,ETF,US Equity,Large Value,"$8,858,071,315.00",1111619.6
FEDM,FlexShares® ESG & Climate Developed Markets ex-US Core Index Fund,ETF,International Equity,Foreign Large Blend,"$81,455,577.00",1593.2
FEP,First Trust Europe AlphaDEX® Fund,ETF,International Equity,Europe Stock,"$510,711,482.00",63805.6
FEUS,FlexShares® ESG & Climate US Large Cap Core Index Fund,ETF,US Equity,Large Blend,"$99,172,657.00",3106.6
FEUZ,First Trust Eurozone AlphaDEX® ETF,ETF,International Equity,Europe Stock,"$155,833,133.00",9053.4
FEZ,State Street® SPDR® EURO STOXX 50® ETF,ETF,International Equity,Europe Stock,"$5,392,983,854.00",3647785.2
FFEB,FT Vest U.S. Equity Buffer ETF - February,ETF,Nontraditional Equity,Defined Outcome,"$1,134,651,323.00",57971.3
FFLC,Fidelity Fundamental Large Cap Core ETF,ETF,US Equity,Large Blend,"$1,003,960,241.00",91641.9
FFUT,Fidelity Managed Futures ETF,ETF,Alternative,Systematic Trend,"$239,963,171.00",4591.6
FGDL,Franklin Responsibly Sourced Gold ETF,ETF,Commodities,Commodities Focused,"$587,705,642.00",56874.9
FGM,First Trust Germany AlphaDEX® Fund,ETF,International Equity,Miscellaneous Region,"$125,207,457.00",24787.5
FHLC,Fidelity MSCI Health Care Index ETF,ETF,Sector Equity,Health,"$3,009,977,666.00",160161.4
FIDU,Fidelity MSCI Industrials Index ETF,ETF,Sector Equity,Industrials,"$1,998,628,061.00",160081.1
FITE,State Street® SPDR® S&P Kensho Future Security ETF,ETF,Sector Equity,Technology,"$112,188,988.00",15849.3
FJP,First Trust Japan AlphaDEX® Fund,ETF,International Equity,Japan Stock,"$258,628,885.00",13766.2
FJUL,FT Vest U.S. Equity Buffer ETF - July,ETF,Nontraditional Equity,Defined Outcome,"$1,186,280,230.00",18273.7
FJUN,FT Vest U.S. Equity Buffer ETF - June,ETF,Nontraditional Equity,Defined Outcome,"$1,087,493,216.00",13030.4
FKU,First Trust United Kingdom AlphaDEX® Fund,ETF,International Equity,Miscellaneous Region,"$114,713,248.00",16979.6
FLQL,Franklin U.S. Large Cap Multifactor Index ETF,ETF,US Equity,Large Blend,"$1,819,970,175.00",94718.4
FLQM,Franklin U.S. Mid Cap Multifactor Index ETF,ETF,US Equity,Mid-Cap Blend,"$1,790,086,930.00",120697.2
FLTW,Franklin FTSE Taiwan ETF,ETF,International Equity,China Region,"$1,135,602,239.00",348081.4
FLV,American Century Focused Large Cap Value ETF,ETF,US Equity,Large Value,"$332,317,421.00",16002.2
FLYD,MicroSectors™ Travel -3X Inverse Leveraged ETNs,"ETN, Leveraged, Inverse",Miscellaneous,Trading--Inverse Equity,"$1,365,194.00",5050.2
FMAT,Fidelity MSCI Materials Index ETF,ETF,Sector Equity,Natural Resources,"$565,448,427.00",54510.8
FMAY,FT Vest U.S. Equity Buffer ETF - May,ETF,Nontraditional Equity,Defined Outcome,"$1,071,862,998.00",22832
FNCL,Fidelity MSCI Financials Index ETF,ETF,Sector Equity,Financial,"$2,308,047,925.00",156698.4
FNGD,MicroSectors™ FANG+™ Index -3X Inverse Leveraged ETN,"ETN, Leveraged, Inverse",Miscellaneous,Trading--Inverse Equity,"$100,787,525.00",561903.3
FNGS,MicroSectors™ FANG+™ ETN,ETN,Sector Equity,Technology,"$466,887,807.00",49397
FNK,First Trust Mid Cap Value AlphaDEX® Fund,ETF,US Equity,Small Value,"$218,530,290.00",8448.7
FNOV,FT Vest U.S. Equity Buffer ETF - November,ETF,Nontraditional Equity,Defined Outcome,"$1,158,589,877.00",19279.4
FNY,First Trust Mid Cap Growth AlphaDEX® Fund,ETF,US Equity,Mid-Cap Growth,"$510,245,617.00",24852.7
FPXI,First Trust International Equity Opportunities ETF,ETF,International Equity,Foreign Large Growth,"$173,867,638.00",7770.7
FQAL,Fidelity Quality Factor ETF,ETF,US Equity,Large Blend,"$1,178,026,667.00",34437.5
FRDM,Freedom 100 Emerging Markets ETF,ETF,International Equity,Diversified Emerging Mkts,"$2,940,200,877.00",630018.1
FSTA,Fidelity MSCI Consumer Staples Index ETF,ETF,Sector Equity,Consumer Defensive,"$1,528,078,800.00",241611.7
FSZ,First Trust Switzerland AlphaDEX® Fund,ETF,International Equity,Miscellaneous Region,"$43,249,263.00",1645
FTA,First Trust Large Cap Value AlphaDEX® Fund,ETF,US Equity,Mid-Cap Value,"$1,291,870,206.00",27646
FTCS,First Trust Capital Strength ETF,ETF,US Equity,Large Blend,"$8,447,981,940.00",514536.7
FTDS,First Trust Dividend Strength ETF,ETF,US Equity,Mid-Cap Value,"$31,245,300.00",561.1
FTLS,First Trust Long/Short Equity ETF,ETF,Nontraditional Equity,Long-Short Equity,"$2,176,892,848.00",79360.3
FTSD,Franklin Short Duration U.S. Government ETF,ETF,Taxable Bond,Short Government,"$276,014,950.00",26875
FTSM,First Trust Enhanced Short Maturity ETF,ETF,Taxable Bond,Ultrashort Bond,"$6,295,187,231.00",1025102
FUTY,Fidelity MSCI Utilities Index ETF,ETF,Sector Equity,Utilities,"$2,481,830,111.00",273474.1
FV,First Trust Dorsey Wright Focus 5 ETF,ETF,US Equity,Mid-Cap Blend,"$3,581,727,867.00",164839.6
FVAL,Fidelity Value Factor ETF,ETF,US Equity,Large Value,"$1,139,948,140.00",61733.2
FXA,Invesco CurrencyShares® Australian Dollar Trust,ETF,Taxable Bond,Single Currency,"$101,974,520.00",21822.2
FXC,Invesco CurrencyShares® Canadian Dollar Trust,ETF,Taxable Bond,Single Currency,"$85,709,355.00",71832.1
FXD,First Trust Consumer Discretionary AlphaDEX® Fund,ETF,Sector Equity,Consumer Cyclical,"$292,064,991.00",25275.4
FXG,First Trust Consumer Staples AlphaDEX® Fund,ETF,Sector Equity,Consumer Defensive,"$253,279,078.00",25867.4
FXO,First Trust Financials AlphaDEX® Fund,ETF,Sector Equity,Financial,"$1,235,442,236.00",2037845
FXR,First Trust Industrials/Producer Durables AlphaDEX® Fund,ETF,Sector Equity,Industrials,"$769,008,810.00",58235.7
FXY,Invesco CurrencyShares® Japanese Yen Trust,ETF,Taxable Bond,Single Currency,"$494,658,699.00",145618.1
FXZ,First Trust Materials AlphaDEX® Fund,ETF,Sector Equity,Natural Resources,"$347,618,014.00",40503.8
FYC,First Trust Small Cap Growth AlphaDEX® Fund,ETF,US Equity,Small Growth,"$925,053,477.00",87918.3
FYT,First Trust Small Cap Value AlphaDEX® Fund,ETF,US Equity,Small Value,"$157,938,936.00",10895
GAMR,Amplify Video Game Leaders ETF,ETF,Sector Equity,Communications,"$37,512,482.00",2337.4
GARP,iShares MSCI USA Quality GARP ETF,ETF,US Equity,Large Growth,"$1,297,706,196.00",185489.5
GBTC,Grayscale Bitcoin Trust ETF,ETF,Alternative,Digital Assets,"$10,289,679,448.00",3900541
GBUG,Sprott Active Gold & Silver Miners ETF,ETF,Sector Equity,Equity Precious Metals,"$226,768,341.00",138725.4
GCAD,Gabelli Commercial Aerospace & Defense ETF,ETF,Sector Equity,Industrials,"$27,947,005.00",7617.3
GDE,WisdomTree Efficient Gold Plus Equity Strategy Fund,ETF,Alternative,Multi-Asset Leveraged,"$689,874,827.00",109622.2
GDXW,Roundhill Gold Miners Weeklypay ETF,"ETF, Leveraged",Miscellaneous,Trading--Miscellaneous,"$83,623,899.00",123289.2
GEW,Cambria Global EW ETF,ETF,International Equity,Global Large-Stock Blend,"$147,312,026.00",5656.2
GGLL,Direxion Daily GOOGL Bull 2X Shares,"ETF, Leveraged",Miscellaneous,Trading--Leveraged Equity,"$1,096,783,297.00",1491863.3
GGME,Invesco Next Gen Media and Gaming ETF,ETF,Sector Equity,Technology,"$47,250,091.00",6439.7
GGUS,Goldman Sachs MarketBeta® Russell 1000 Growth Equity ETF,ETF,US Equity,Large Growth,"$395,160,488.00",33163.8
GII,State Street® SPDR® S&P® Global Infrastructure ETF,ETF,Sector Equity,Infrastructure,"$819,129,006.00",42970
GINN,Goldman Sachs Innovate Equity ETF,ETF,International Equity,Global Large-Stock Blend,"$211,513,635.00",2524.8
GLDW,Roundhill Gold WeeklyPay ETF,"ETF, Leveraged",Miscellaneous,Trading--Miscellaneous,"$28,068,757.00",42382.4
GLOF,iShares Global Equity Factor ETF,ETF,International Equity,Global Large-Stock Blend,"$165,789,038.00",22194.3
GNR,State Street® SPDR® S&P® Global Natural Resources ETF,ETF,Sector Equity,Natural Resources,"$4,873,441,570.00",464157.6
GOEX,Global X Gold Explorers ETF,ETF,Sector Equity,Equity Precious Metals,"$188,674,331.00",21772.4
GOOW,Roundhill GOOGL WeeklyPay ETF,"ETF, Leveraged",Miscellaneous,Trading--Miscellaneous,"$74,918,598.00",36373.1
GOOX,T-Rex 2X Long Alphabet Daily Target ETF,"ETF, Leveraged",Miscellaneous,Trading--Leveraged Equity,"$61,762,155.00",79198.8
GQI,Natixis Gateway Quality Income ETF,ETF,Nontraditional Equity,Derivative Income,"$185,451,168.00",12493.6
GQRE,FlexShares Global Quality Real Estate Index Fund,ETF,Sector Equity,Global Real Estate,"$400,630,783.00",18663.6
GREK,Global X MSCI Greece ETF,ETF,International Equity,Miscellaneous Region,"$347,834,848.00",213445.1
GSC,Goldman Sachs Small Cap Equity ETF,ETF,US Equity,Small Blend,"$163,260,337.00",9532.5
GSEE,Goldman Sachs MarketBeta Emerging Markets Equity ETF,ETF,International Equity,Diversified Emerging Mkts,"$135,773,173.00",4603.5
GSEW,Goldman Sachs Equal Weight U.S. Large Cap Equity ETF,ETF,US Equity,Large Blend,"$1,645,973,575.00",94848.2
GSID,Goldman Sachs MarketBeta International Equity ETF,ETF,International Equity,Foreign Large Blend,"$971,137,596.00",197819.2
GSSC,Goldman Sachs ActiveBeta® U.S. Small Cap Equity ETF,ETF,US Equity,Small Blend,"$889,275,200.00",32084
GSUS,Goldman Sachs MarketBeta US Equity ETF,ETF,US Equity,Large Blend,"$2,954,228,130.00",183724
GSWO,Goldman Sachs ActiveBeta World Equity ETF,ETF,International Equity,Global Large-Stock Blend,"$1,575,570,962.00",91861.6
GTPE,Goldman Sachs MSCI World Private Equity Return Tracker ETF,ETF,International Equity,Global Large-Stock Blend,"$26,881,869.00",23115.6
GUNR,FlexShares Morningstar Global Upstream Natural Resources Index Fund,ETF,Sector Equity,Natural Resources,"$7,454,462,616.00",665190.2
GURU,Global X Guru™ Index ETF,ETF,US Equity,Large Blend,"$56,305,304.00",1505.8
GUSA,Goldman Sachs MarketBeta U.S. 1000 Equity ETF,ETF,US Equity,Large Blend,"$2,151,576,058.00",1839.9
GVUS,Goldman Sachs MarketBeta® Russell 1000 Value Equity ETF,ETF,US Equity,Large Value,"$415,758,933.00",1910.1
GXC,State Street® SPDR® S&P® China ETF,ETF,International Equity,China Region,"$519,018,797.00",31779.2
GXLC,Global X U.S. 500 ETF,ETF,US Equity,Large Blend,"$4,117,128.00",202.7
GXUS,Goldman Sachs MarketBeta(R) Total International Equity ETF,ETF,International Equity,Foreign Large Blend,"$622,096,859.00",1035.6
HACK,Amplify Cybersecurity ETF,ETF,Sector Equity,Technology,"$1,845,128,770.00",131964.8
HAP,VanEck Natural Resources ETF,ETF,Sector Equity,Natural Resources,"$292,555,494.00",32863.7
HDG,ProShares Hedge Replication ETF,ETF,Alternative,Multistrategy,"$24,609,375.00",1255.7
HDUS,Hartford Disciplined US Equity ETF,ETF,US Equity,Large Blend,"$163,995,297.00",7292.7
HEDJ,WisdomTree Europe Hedged Equity Fund,ETF,International Equity,Europe Stock,"$1,880,349,807.00",60284.7
HELO,Jpmorgan Hedged Equity Laddered Overlay ETF,ETF,Nontraditional Equity,Equity Hedged,"$3,833,851,720.00",310976.3
HEQQ,JPMorgan Nasdaq Hedged Equity Laddered Overlay ETF,ETF,Nontraditional Equity,Equity Hedged,"$31,901,517.00",2421.1
HEWJ,iShares Currency Hedged MSCI Japan ETF,ETF,International Equity,Japan Stock,"$627,321,982.00",681683.2
HIBL,Direxion Daily S&P 500® High Beta Bull 3X Shares,"ETF, Leveraged",Miscellaneous,Trading--Leveraged Equity,"$56,035,165.00",101319.5
HIDV,AB US High Dividend ETF,ETF,US Equity,Large Value,"$153,233,542.00",29125
HLAL,Wahed FTSE USA Shariah ETF,ETF,US Equity,Large Blend,"$757,415,743.00",70920.2
HOLA,JPMorgan International Hedged Equity Laddered Overlay ETF,ETF,Nontraditional Equity,Equity Hedged,"$292,976,925.00",35188.1
HQGO,Hartford US Quality Growth ETF,ETF,US Equity,Large Growth,"$49,185,986.00",191.3
HYG,iShares iBoxx $ High Yield Corporate Bond ETF,ETF,Taxable Bond,High Yield Bond,"$16,744,918,800.00",71572153.7
HYGH,iShares Interest Rate Hedged High Yield Bond ETF,ETF,Taxable Bond,High Yield Bond,"$489,493,769.00",178866.8
HYHG,ProShares High Yield—Interest Rate Hedged,ETF,Taxable Bond,Nontraditional Bond,"$161,598,782.00",10812.5
HYS,PIMCO 0-5 Year High Yield Corporate Bond Index Exchange-Traded Fund,ETF,Taxable Bond,High Yield Bond,"$1,652,150,535.00",170932.4
IAT,iShares U.S. Regional Banks ETF,ETF,Sector Equity,Financial,"$598,561,014.00",437326.1
IAU,iShares Gold Trust,ETF,Commodities,Commodities Focused,"$83,820,668,323.00",11564329.8
IAUI,NEOS Gold High Income ETF,ETF,Commodities,Commodities Focused,"$395,693,787.00",156847.4
IBOT,Vaneck Robotics ETF,ETF,Sector Equity,Technology,"$60,375,018.00",19183.4
IBUY,Amplify Online Retail ETF,ETF,Sector Equity,Consumer Cyclical,"$129,147,229.00",11361.7
ICF,iShares Select U.S. REIT ETF,ETF,Sector Equity,Real Estate,"$2,106,194,968.00",141631.9
IDEV,iShares Core MSCI International Developed Markets ETF,ETF,International Equity,Foreign Large Blend,"$29,813,981,883.00",2591548.9
IDGT,iShares U.S. Digital Infrastructure and Real Estate ETF,ETF,Sector Equity,Technology,"$160,441,645.00",9732.1
IDMO,Invesco S&P International Developed Momentum ETF,ETF,International Equity,Foreign Large Blend,"$3,374,728,243.00",600862.9
IEDI,iShares U.S. Consumer Focused ETF,ETF,Sector Equity,Consumer Cyclical,"$28,956,325.00",1761.8
IEF,iShares 7-10 Year Treasury Bond ETF,ETF,Taxable Bond,Long Government,"$48,742,823,403.00",11892833.2
IEFA,iShares Core MSCI EAFE ETF,ETF,International Equity,Foreign Large Blend,"$182,588,434,526.00",25647580.9
IEMG,iShares Core MSCI Emerging Markets ETF,ETF,International Equity,Diversified Emerging Mkts,"$148,632,250,660.00",22496651
IETC,iShares U.S. Tech Independence Focused ETF,ETF,Sector Equity,Technology,"$750,481,153.00",54859.6
IEUR,iShares Core MSCI Europe ETF,ETF,International Equity,Europe Stock,"$7,698,479,822.00",4208498.6
IEUS,iShares MSCI Europe Small-Cap ETF,ETF,International Equity,Europe Stock,"$153,543,577.00",77064.9
IEV,iShares Europe ETF,ETF,International Equity,Europe Stock,"$1,777,297,249.00",381842.7
IFRA,iShares U.S. Infrastructure ETF,ETF,Sector Equity,Infrastructure,"$3,860,237,320.00",325298.5
IGE,iShares North American Natural Resources ETF,ETF,Sector Equity,Natural Resources,"$909,746,552.00",349362.5
IGF,iShares Global Infrastructure ETF,ETF,Sector Equity,Infrastructure,"$10,271,699,416.00",865987.4
IGHG,ProShares Investment Grade—Interest Rate Hedged,ETF,Taxable Bond,Nontraditional Bond,"$283,672,789.00",9697.4
IGIB,iShares 5-10 Year Investment Grade Corporate Bond ETF,ETF,Taxable Bond,Corporate Bond,"$18,285,446,827.00",3131371.3
IGPT,Invesco AI and Next Gen Software ETF,ETF,Sector Equity,Technology,"$710,711,145.00",52179.2
IGRO,iShares International Dividend Growth ETF,ETF,International Equity,Foreign Large Blend,"$1,260,100,367.00",58022.8
IGSB,iShares 1-5 Year Investment Grade Corporate Bond ETF,ETF,Taxable Bond,Short-Term Bond,"$22,609,161,755.00",3257721.9
IGV,iShares Expanded Tech-Software Sector ETF,ETF,Sector Equity,Technology,"$9,197,243,256.00",35531425.1
IHE,iShares U.S. Pharmaceuticals ETF,ETF,Sector Equity,Health,"$1,065,273,741.00",83571.6
IHI,iShares U.S. Medical Devices ETF,ETF,Sector Equity,Health,"$3,629,292,275.00",2304793.7
IJH,iShares Core S&P Mid-Cap ETF,ETF,US Equity,Mid-Cap Blend,"$111,657,140,324.00",21301534
ILCB,iShares Morningstar U.S. Equity ETF,ETF,US Equity,Large Blend,"$1,161,050,930.00",29449.5
ILCV,iShares Morningstar Value ETF,ETF,US Equity,Large Value,"$1,218,366,449.00",48844.1
IMCB,iShares Morningstar Mid-Cap ETF,ETF,US Equity,Mid-Cap Blend,"$1,513,496,382.00",34587.3
IMCG,iShares Morningstar Mid-Cap Growth ETF,ETF,US Equity,Mid-Cap Growth,"$3,314,431,468.00",127807.6
IMCV,iShares Morningstar Mid-Cap Value ETF,ETF,US Equity,Mid-Cap Value,"$1,025,441,954.00",39639.5
INCE,Franklin Income Equity Focus ETF,ETF,US Equity,Large Value,"$117,218,218.00",22061.8
INCO,Columbia India Consumer ETF,ETF,International Equity,India Equity,"$265,414,830.00",74704.2
INFL,Horizon Kinetics Inflation Beneficiaries ETF,ETF,International Equity,Global Small/Mid Stock,"$1,549,599,833.00",230248.2
INTM,Invesco Intermediate Municipal ETF,ETF,Municipal Bond,Muni National Interm,"$101,890,802.00",48.9
INTW,GraniteShares 2x Long INTC Daily ETF,"ETF, Leveraged",Miscellaneous,Trading--Leveraged Equity,"$120,932,996.00",674193.9
ION,Proshares S&P Global Core Battery Metals ETF,ETF,Sector Equity,Natural Resources,"$16,257,233.00",9757
IPAC,iShares Core MSCI Pacific ETF,ETF,International Equity,Diversified Pacific/Asia,"$2,545,407,052.00",142061.8
IPKW,Invesco International BuyBack Achievers™ ETF,ETF,International Equity,Foreign Large Value,"$556,881,380.00",107152.7
IQM,Franklin Intelligent Machines ETF,ETF,Sector Equity,Technology,"$74,830,457.00",16895.4
IQSU,NYLI Candriam U.S. Large Cap Equity ETF,ETF,US Equity,Large Blend,"$294,661,021.00",4634.5
ISCB,iShares Morningstar Small-Cap ETF,ETF,US Equity,Small Blend,"$262,214,116.00",4064
ISCG,iShares Morningstar Small-Cap Growth ETF,ETF,US Equity,Small Growth,"$923,827,606.00",81763.8
ISCV,iShares Morningstar Small-Cap Value ETF,ETF,US Equity,Small Value,"$620,907,836.00",13888.2
ISHG,iShares 1-3 Year International Treasury Bond ETF,ETF,Taxable Bond,Global Bond,"$806,521,342.00",140260.7
ISRA,VanEck Israel ETF,ETF,International Equity,Miscellaneous Region,"$139,949,400.00",12157
ITB,iShares U.S. Home Construction ETF,ETF,Sector Equity,Consumer Cyclical,"$2,804,285,929.00",2916263.6
ITEQ,Amplify Bluestar Israel Technology ETF,ETF,Sector Equity,Technology,"$98,936,758.00",14475.5
IUS,Invesco RAFI™ Strategic US ETF,ETF,US Equity,Large Value,"$733,423,372.00",53142.3
IWR,iShares Russell Mid-Cap ETF,ETF,US Equity,Mid-Cap Blend,"$49,603,128,392.00",3554920.1
IWX,iShares Russell Top 200 Value ETF,ETF,US Equity,Large Value,"$3,607,799,157.00",209177.1
IXC,iShares Global Energy ETF,ETF,Sector Equity,Equity Energy,"$2,221,479,835.00",1089445.9
IXJ,iShares Global Healthcare ETF,ETF,Sector Equity,Health,"$4,200,958,748.00",367184.3
IXUS,iShares Core MSCI Total International Stock ETF,ETF,International Equity,Foreign Large Blend,"$57,611,653,702.00",4011932.5
IYE,iShares U.S. Energy ETF,ETF,Sector Equity,Equity Energy,"$1,443,520,938.00",3171354.6
IYG,iShares U.S. Financial Services ETF,ETF,Sector Equity,Financial,"$1,960,319,655.00",119627.2
IYH,iShares U.S. Healthcare ETF,ETF,Sector Equity,Health,"$3,375,848,444.00",1214989.6
IYK,iShares US Consumer Staples ETF,ETF,Sector Equity,Consumer Defensive,"$1,339,273,900.00",679867.5
IYR,iShares U.S. Real Estate ETF,ETF,Sector Equity,Real Estate,"$4,201,901,650.00",9717971.5
IYT,iShares Transportation Average ETF,ETF,Sector Equity,Industrials,"$1,218,440,164.00",855569.7
JADE,JPMorgan Active Developing Markets Equity ETF,ETF,International Equity,Diversified Emerging Mkts,"$28,935,164.00",6147.2
JAVA,JPMorgan Active Value ETF,ETF,US Equity,Large Value,"$6,025,103,728.00",399941.8
JBND,Jpmorgan Active Bond ETF,ETF,Taxable Bond,Intermediate Core Bond,"$6,619,580,446.00",910823.1
JCHI,JPMorgan Active China ETF,ETF,International Equity,China Region,"$15,171,523.00",964.8
JDIV,JPMorgan Dividend Leaders ETF,ETF,International Equity,Global Large-Stock Blend,"$9,894,726.00",1166.4
JDOC,Jpmorgan Healthcare Leaders ETF,ETF,Sector Equity,Health,"$8,888,676.00",521.5
JEMA,JPMorgan ActiveBuilders Emerging Markets Equity ETF,ETF,International Equity,Diversified Emerging Mkts,"$1,523,511,824.00",117309.4
JEMB,Janus Henderson Emerging Markets Debt Hard Currency ETF,ETF,Taxable Bond,Emerging Markets Bond,"$449,253,528.00",19527.9
JEPI,JPMorgan Equity Premium Income ETF,ETF,Nontraditional Equity,Derivative Income,"$44,961,914,899.00",5944042.6
JEPQ,JPMorgan Nasdaq Equity Premium Income ETF,ETF,Nontraditional Equity,Derivative Income,"$34,604,124,485.00",7638361.2
JGLO,Jpmorgan Global Select Equity ETF,ETF,International Equity,Global Large-Stock Blend,"$6,990,177,321.00",264533.3
JGRO,JPMorgan Active Growth ETF,ETF,US Equity,Large Growth,"$8,448,871,188.00",539962.5
JHML,John Hancock Multifactor Large Cap ETF,ETF,US Equity,Large Blend,"$1,074,899,308.00",25148.4
JHMM,John Hancock Multifactor Mid Cap ETF,ETF,US Equity,Mid-Cap Blend,"$5,094,973,245.00",231244.3
JIG,JPMorgan International Growth ETF,ETF,International Equity,Foreign Large Growth,"$397,646,690.00",36355.3
JIRE,JPMorgan International Research Enhanced Equity ETF,ETF,International Equity,Foreign Large Blend,"$10,510,839,043.00",773130.8
JIVE,Jpmorgan International Value ETF,ETF,International Equity,Foreign Large Value,"$1,955,677,499.00",419812.8
JMEE,JPMorgan Small & Mid Cap Enhanced Equity ETF,ETF,US Equity,Small Blend,"$2,363,247,176.00",148496.3
JMOM,JPMorgan U.S. Momentum Factor ETF,ETF,US Equity,Large Blend,"$1,980,757,524.00",103312.7
JNK,State Street® SPDR® Bloomberg High Yield Bond ETF,ETF,Taxable Bond,High Yield Bond,"$7,783,684,338.00",7952266.2
JOYT,JPMorgan Equity And Options Total Return ETF,ETF,Nontraditional Equity,Derivative Income,"$67,863,059.00",11224.2
JPEF,Jpmorgan Equity Focus ETF,ETF,US Equity,Large Blend,"$1,752,238,609.00",137443.2
JPEM,JPMorgan Diversified Return Emerging Markets Equity ETF,ETF,International Equity,Diversified Emerging Mkts,"$413,377,460.00",26256.1
JPIN,JPMorgan Diversified Return International Equity ETF,ETF,International Equity,Foreign Large Value,"$385,591,261.00",22639.2
JPLD,Jpmorgan Limited Duration Bond ETF,ETF,Taxable Bond,Short-Term Bond,"$3,579,383,022.00",652019.9
JPSE,JPMorgan Diversified Return U.S. Small Cap Equity ETF,ETF,US Equity,Small Blend,"$555,724,486.00",22244.3
JPSV,Jpmorgan Active Small Cap Value ETF,ETF,US Equity,Small Value,"$25,122,483.00",693.5
JPXN,iShares JPX-Nikkei 400 ETF,ETF,International Equity,Japan Stock,"$210,205,407.00",165766
JQUA,JPMorgan U.S. Quality Factor ETF,ETF,US Equity,Large Blend,"$7,237,108,283.00",1906798.8
JSI,Janus Henderson Securitized Income ETF,ETF,Taxable Bond,Securitized Bond - Diversified,"$1,502,902,236.00",192352
JSMD,Janus Henderson Small/Mid Cap Growth Alpha ETF,ETF,US Equity,Small Growth,"$857,622,657.00",94021.4
JSML,Janus Henderson Small Cap Growth Alpha ETF,ETF,US Equity,Small Growth,"$291,792,210.00",25407.8
JTEK,JPMorgan U.S. Tech Leaders ETF,ETF,Sector Equity,Technology,"$3,248,465,363.00",371714.6
JUSA,JPMorgan U.S. Research Enhanced Large Cap ETF,ETF,US Equity,Large Blend,"$32,581,516.00",2119.2
JUST,Goldman Sachs JUST U.S. Large Cap Equity ETF,ETF,US Equity,Large Blend,"$513,580,985.00",15839.2
JXI,iShares Global Utilities ETF,ETF,Sector Equity,Utilities,"$308,236,198.00",43033.1
KAT,Scharf ETF,ETF,US Equity,Large Blend,"$741,139,845.00",12960.7
KBE,State Street® SPDR® S&P® Bank ETF,ETF,Sector Equity,Financial,"$1,349,945,737.00",3300625.7
KBWB,Invesco KBW Bank ETF,ETF,Sector Equity,Financial,"$5,611,267,593.00",2737424.9
KDEF,PLUS Korea Defense Industry Index ETF,ETF,Sector Equity,Industrials,"$164,646,280.00",245402
KIE,State Street® SPDR® S&P® Insurance ETF,ETF,Sector Equity,Financial,"$409,981,637.00",2400987.4
KNO,AXS Knowledge Leaders ETF,ETF,International Equity,Global Large-Stock Blend,"$41,704,539.00",1398.9
KOMP,State Street® SPDR® S&P Kensho New Economies Composite ETF,ETF,US Equity,Mid-Cap Growth,"$2,518,087,203.00",67453.3
KRE,State Street® SPDR® S&P® Regional Banking ETF,ETF,Sector Equity,Financial,"$3,919,334,690.00",25571197.5
KXI,iShares Global Consumer Staples ETF,ETF,Sector Equity,Consumer Defensive,"$1,054,519,935.00",91336.7
LCDS,JPMorgan Fundamental Data Science Large Core ETF,ETF,US Equity,Large Blend,"$14,818,426.00",31.6
LCLG,Logan Capital Broad Innovative Growth ETF,ETF,US Equity,Large Growth,"$95,871,233.00",484.1
LCTD,iShares World ex U.S. Carbon Transition Readiness Aware Active ETF,ETF,International Equity,Foreign Large Blend,"$248,093,485.00",6006.2
LCTU,iShares U.S. Carbon Transition Readiness Aware Active ETF,ETF,US Equity,Large Blend,"$1,443,561,316.00",26394.6
LDDR,LifeX 2035 Income Bucket ETF,ETF,Taxable Bond,Target Maturity,"$44,692,653.00",987.3
LDEM,iShares® ESG MSCI EM Leaders ETF,ETF,International Equity,Diversified Emerging Mkts,"$34,526,400.00",4166.3
LDUR,PIMCO Enhanced Low Duration Active Exchange-Traded Fund,ETF,Taxable Bond,Short-Term Bond,"$1,363,610,014.00",65308.8
LEAD,Siren DIVCON Leaders Dividend ETF,ETF,US Equity,Large Blend,"$68,383,606.00",2374.9
LEGR,First Trust Indxx Innovative Transaction & Process ETF,ETF,US Equity,Large Value,"$129,081,775.00",5908
LFEQ,VanEck Long/Flat Trend ETF,ETF,US Equity,Large Blend,"$27,215,950.00",1459.3
LGH,HCM Defender 500 Index ETF,ETF,US Equity,Large Blend,"$572,119,319.00",36267.9
LIT,Global X Lithium & Battery Tech ETF,ETF,Sector Equity,Natural Resources,"$1,791,500,663.00",392436.8
LMTL,Direxion Daily LMT Bull 2X ETF,"ETF, Leveraged",Miscellaneous,Trading--Leveraged Equity,"$8,045,591.00",43686.7
LOUP,Innovator Deepwater Frontier Tech ETF,ETF,Sector Equity,Technology,"$169,255,351.00",10898.9
LOWV,AB US Low Volatility Equity ETF,ETF,US Equity,Large Blend,"$188,654,061.00",7528.9
LQDB,iShares BBB Rated Corporate Bond ETF,ETF,Taxable Bond,Corporate Bond,"$52,788,467.00",8577
LQDH,iShares Interest Rate Hedged Corporate Bond ETF,ETF,Taxable Bond,Ultrashort Bond,"$495,031,805.00",46874.1
LQIG,State Street® SPDR® MarketAxess Investment Grade 400 Corporate Bond ETF,ETF,Taxable Bond,Corporate Bond,"$29,095,073.00",1620.6
LRGC,AB US Large Cap Strategic Equities ETF,ETF,US Equity,Large Blend,"$785,754,228.00",62560.6
LRGE,ClearBridge Large Cap Growth Select ETF,ETF,US Equity,Large Growth,"$400,544,133.00",24689.7
LRGF,iShares U.S. Equity Factor ETF,ETF,US Equity,Large Blend,"$3,086,364,007.00",277203
LTPZ,PIMCO 15+ Year U.S. TIPS Index Exchange-Traded Fund,ETF,Taxable Bond,Inflation-Protected Bond,"$687,412,967.00",64669.2
MAGA,Point Bridge America First ETF,ETF,US Equity,Mid-Cap Value,"$32,220,060.00",990.4
MAGS,Roundhill Magnificent Seven ETF,ETF,Sector Equity,Technology,"$3,453,406,538.00",5004366.3
MAKX,ProShares S&P Kensho Smart Factories ETF,ETF,Sector Equity,Technology,"$1,398,889.00",196.5
MBB,iShares MBS ETF,ETF,Taxable Bond,Government Mortgage-Backed Bond,"$39,822,569,886.00",2531978.3
MCDS,JPMorgan Fundamental Data Science Mid Core ETF,ETF,US Equity,Mid-Cap Blend,"$7,495,125.00",235.2
MCHI,iShares MSCI China ETF,ETF,International Equity,China Region,"$7,447,751,831.00",5970813.6
MDYG,State Street® SPDR® S&P 400™ Mid Cap Growth ETF,ETF,US Equity,Mid-Cap Growth,"$2,638,582,147.00",83906.2
MDYV,State Street® SPDR® S&P 400™ Mid Cap Value ETF,ETF,US Equity,Mid-Cap Value,"$2,553,651,629.00",83276
MFUS,PIMCO RAFI Dynamic Multi-Factor U.S. Equity ETF,ETF,US Equity,Large Value,"$238,883,913.00",7740.8
MID,American Century Mid Cap Growth Impact ETF,ETF,US Equity,Mid-Cap Growth,"$92,379,092.00",3284.5
MIDU,Direxion Daily Mid Cap Bull 3X Shares,"ETF, Leveraged",Miscellaneous,Trading--Leveraged Equity,"$81,693,480.00",53279.4
MJSC,MUFG Japan Small Cap Active ETF,ETF,International Equity,Japan Stock,"$23,175,311.00",1655
MLPA,Global X MLP ETF,ETF,Sector Equity,Energy Limited Partnership,"$2,120,274,065.00",315778.1
MLPI,Neos Mlp & Energy Infrastructure High Income ETF,ETF,Sector Equity,Energy Limited Partnership,"$317,660,418.00",305243.3
MLPR,ETRACS Quarterly Pay 1.5X Leveraged Alerian MLP Index ETN,"ETN, Leveraged",Miscellaneous,Trading--Leveraged Equity,"$10,467,735.00",586.5
MLPX,Global X MLP & Energy Infrastructure ETF,ETF,Sector Equity,Energy Limited Partnership,"$3,234,690,505.00",393792.1
MNZL,Manzil Russell Halal USA Broad Market ETF,ETF,US Equity,Large Blend,"$3,221,910.00",3771.5
MOO,VanEck Agribusiness ETF,ETF,Sector Equity,Natural Resources,"$1,037,387,722.00",405896.6
MOTO,Guinness Atkinson Smart Transportation & Technology ETF,ETF,International Equity,Global Large-Stock Blend,"$9,055,471.00",180.5
MSDD,GraniteShares 2x Short MSTR Daily ETF,"ETF, Leveraged, Inverse",Miscellaneous,Trading--Inverse Equity,"$2,853,221.00",6480.6
MSLC,Morgan Stanley Pathway Large Cap Equity ETF,ETF,US Equity,Large Blend,"$3,571,034,081.00",73363
MSSM,Morgan Stanley Pathway Small-Mid Cap Equity ETF,ETF,US Equity,Small Blend,"$728,685,452.00",14651.7
MUNI,PIMCO Intermediate Municipal Bond Active Exchange-Traded Fund,ETF,Municipal Bond,Muni National Interm,"$2,764,266,533.00",271401.3
MVV,ProShares Ultra MidCap400,"ETF, Leveraged",Miscellaneous,Trading--Leveraged Equity,"$151,573,213.00",17461.3
NANR,State Street® SPDR® S&P® North American Natural Resources ETF,ETF,Sector Equity,Natural Resources,"$883,292,364.00",117019.1
NAPR,Innovator Nasdaq-100 Power Buffer ETF - April,ETF,Nontraditional Equity,Defined Outcome,"$177,720,972.00",17365.2
NEMD,Neuberger Emerging Markets Debt Hard Currency ETF,ETF,Taxable Bond,Emerging Markets Bond,"$120,710,970.00",14031.7
NFRA,FlexShares STOXX Global Broad Infrastructure Index Fund,ETF,Sector Equity,Infrastructure,"$3,160,453,145.00",52159.5
NFTY,First Trust India NIFTY 50 Equal Weight ETF,ETF,International Equity,India Equity,"$163,413,773.00",42625.2
NJAN,Innovator Growth-100 Power Buffer ETF™ - January,ETF,Nontraditional Equity,Defined Outcome,"$357,134,702.00",19018.9
NJUL,Innovator Nasdaq-100 Power Buffer ETF - July,ETF,Nontraditional Equity,Defined Outcome,"$216,846,749.00",10424.7
NOCT,Innovator Growth-100 Power Buffer ETF™ - October,ETF,Nontraditional Equity,Defined Outcome,"$250,045,343.00",12878
NTSX,WisdomTree U.S. Efficient Core Fund,ETF,Alternative,Multi-Asset Leveraged,"$1,286,136,600.00",45408.3
NUKZ,Range Nuclear Renaissance ETF,ETF,Sector Equity,Miscellaneous Sector,"$875,492,956.00",117388.9
NULG,Nuveen ESG Large-Cap Growth ETF,ETF,US Equity,Large Growth,"$2,400,788,401.00",283848.9
NVDL,GraniteShares 2x Long NVDA Daily ETF,"ETF, Leveraged",Miscellaneous,Trading--Leveraged Equity,"$3,934,344,140.00",12475190.3
NYF,iShares New York Muni Bond ETF,ETF,Municipal Bond,Muni New York Long,"$1,226,440,212.00",181066.3
OILD,MicroSectorsTM Oil & Gas Exploration & Production -3X Inverse Leveraged ETNs,"ETN, Leveraged, Inverse",Miscellaneous,Trading--Inverse Equity,"$15,548,468.00",68018.9
OMFL,Invesco Russell 1000® Dynamic Multifactor ETF,ETF,US Equity,Large Blend,"$4,432,535,035.00",335123.2
ONEQ,Fidelity Nasdaq Composite Index ETF,ETF,US Equity,Large Growth,"$9,013,280,977.00",367339.2
ONLN,ProShares Online Retail ETF,ETF,Sector Equity,Consumer Cyclical,"$64,031,511.00",9391.4
OPPE,WisdomTree European Opportunities Fund,ETF,International Equity,Europe Stock,"$269,152,033.00",88498.8
OPPJ,WisdomTree Japan Opportunities Fund,ETF,International Equity,Japan Stock,"$236,701,177.00",170928.6
OUSA,ALPS O'Shares U.S. Quality Dividend ETF Shares,ETF,US Equity,Large Value,"$791,713,104.00",20662.5
OVL,Overlay Shares Large Cap Equity ETF,ETF,Nontraditional Equity,Derivative Income,"$175,920,056.00",19516.2
PABD,iShares Paris-Aligned Climate Optimized MSCI World ex USA ETF,ETF,International Equity,Foreign Large Blend,"$316,414,214.00",22515
PABU,iShares Paris-Aligned Climate Optimized MSCI USA ETF,ETF,US Equity,Large Growth,"$2,284,529,634.00",27732.1
PALC,Pacer Lunt Large Cap Multi-Factor Alternator ETF,ETF,US Equity,Large Blend,"$248,893,720.00",12571.9
PAVE,Global X U.S. Infrastructure Development ETF,ETF,Sector Equity,Infrastructure,"$12,429,091,502.00",1954360.1
PAWZ,ProShares Pet Care ETF,ETF,Sector Equity,Miscellaneous Sector,"$46,044,688.00",2640.3
PAYR,Federated Hermes Enhanced Income ETF,ETF,Nontraditional Equity,Derivative Income,"$21,380,128.00",11394
PBE,Invesco Biotechnology & Genome ETF,ETF,Sector Equity,Health,"$260,818,725.00",8039.2
PBUS,Invesco MSCI USA ETF,ETF,US Equity,Large Blend,"$10,242,636,464.00",419704.3
PEJ,Invesco Dynamic Leisure and Entertainment ETF,ETF,Sector Equity,Consumer Cyclical,"$263,481,067.00",27179
PEMX,Putnam Emerging Markets Ex-China ETF,ETF,International Equity,Diversified Emerging Mkts,"$19,545,623.00",1403.6
PEXL,Pacer US Export Leaders ETF,ETF,US Equity,Mid-Cap Blend,"$42,913,568.00",1935.3
PEZ,Invesco Dorsey Wright Consumer Cyclicals Momentum ETF,ETF,Sector Equity,Consumer Cyclical,"$25,284,233.00",935.2
PFI,Invesco Dorsey Wright Financial Momentum ETF,ETF,Sector Equity,Financial,"$54,003,553.00",41131.1
PFM,Invesco Dividend Achievers™ ETF,ETF,US Equity,Large Value,"$770,754,549.00",40291.5
PHO,Invesco Water Resources ETF,ETF,Sector Equity,Natural Resources,"$2,157,876,206.00",62729.5
PICK,iShares MSCI Global Metals & Mining Producers ETF,ETF,Sector Equity,Natural Resources,"$2,061,990,893.00",714753.7
PIFI,ClearShares Piton Intermediate Fixed Income ETF,ETF,Taxable Bond,Intermediate Core Bond,"$108,034,647.00",282.5
PIT,VanEck Commodity Strategy ETF,ETF,Commodities,Commodities Broad Basket,"$127,786,731.00",33365.8
PJBF,PGIM Jennison Better Future ETF,ETF,International Equity,Global Large-Stock Growth,"$10,087,968.00",544.5
PJFM,PGIM Jennison Focused Mid-Cap ETF,ETF,US Equity,Mid-Cap Growth,"$16,356,235.00",17.3
PJFV,PGIM Jennison Focused Value ETF,ETF,US Equity,Large Value,"$45,504,724.00",17548.9
PJIO,PGIM Jennison International Opportunities ETF,ETF,International Equity,Foreign Large Growth,"$31,905,424.00",4940.2
PKB,Invesco Building & Construction ETF,ETF,Sector Equity,Industrials,"$452,416,035.00",32303.1
POWA,Invesco Bloomberg Pricing Power ETF,ETF,US Equity,Large Blend,"$195,378,599.00",2942
PSC,Principal U.S. Small-Cap ETF,ETF,US Equity,Small Blend,"$1,825,041,148.00",312674.2
PSCE,Invesco S&P SmallCap Energy ETF,ETF,Sector Equity,Equity Energy,"$104,875,229.00",45477.9
PSCF,Invesco S&P SmallCap Financials ETF,ETF,Sector Equity,Financial,"$23,643,832.00",5072.3
PSCM,Invesco S&P SmallCap Materials ETF,ETF,Sector Equity,Natural Resources,"$17,871,432.00",2454.8
PSCT,Invesco S&P SmallCap Information Technology ETF,ETF,Sector Equity,Technology,"$364,193,200.00",17882.8
PSCU,Invesco S&P SmallCap Utilities & Communication Services ETF,ETF,Sector Equity,Miscellaneous Sector,"$14,100,973.00",1167.4
PSET,Principal Quality ETF,ETF,US Equity,Large Blend,"$32,874,606.00",3209.9
PSI,Invesco Semiconductors ETF,ETF,Sector Equity,Technology,"$1,323,432,054.00",285357.5
PSP,Invesco Global Listed Private Equity ETF,ETF,Sector Equity,Financial,"$241,864,982.00",101336.7
PSR,Invesco Active U.S. Real Estate Fund,ETF,Sector Equity,Real Estate,"$50,841,898.00",1770.3
PTF,Invesco Dorsey Wright Technology Momentum ETF,ETF,Sector Equity,Technology,"$432,458,824.00",36968.2
PTLC,Pacer Trendpilot™ US Large Cap ETF,ETF,US Equity,Large Blend,"$3,265,303,041.00",134263.2
PTNQ,Pacer Trendpilot™ 100 ETF,ETF,US Equity,Large Growth,"$1,235,843,089.00",29193.1
PWV,Invesco Large Cap Value ETF,ETF,US Equity,Large Value,"$1,368,167,208.00",48455.1
PXF,Invesco RAFI Developed Markets ex-U.S. ETF,ETF,International Equity,Foreign Large Value,"$2,760,992,060.00",240052.4
PXI,Invesco Dorsey Wright Energy Momentum ETF,ETF,Sector Equity,Equity Energy,"$46,974,124.00",54536.1
PY,Principal Value ETF,ETF,US Equity,Large Value,"$198,342,858.00",25022.3
QABA,First Trust NASDAQ® ABA Community Bank Index Fund,ETF,Sector Equity,Financial,"$76,377,058.00",13725
QARP,Xtrackers Russell 1000 US QARP ETF,ETF,US Equity,Large Blend,"$73,105,248.00",3232.9
QDEF,FlexShares Quality Dividend Defensive Index Fund,ETF,US Equity,Large Value,"$532,320,460.00",9432.7
QDF,FlexShares Quality Dividend Index Fund,ETF,US Equity,Large Value,"$2,158,203,674.00",44306.6
QEFA,State Street® SPDR® MSCI EAFE StrategicFactors ETF,ETF,International Equity,Foreign Large Blend,"$1,095,242,006.00",36661.8
QEMM,State Street® SPDR® MSCI Emerging Markets StrategicFactors ETF,ETF,International Equity,Diversified Emerging Mkts,"$46,510,305.00",3696.6
QGRW,Wisdomtree U.S. Quality Growth Fund,ETF,US Equity,Large Growth,"$2,142,068,707.00",212778.3
QINT,American Century Quality Diversified International ETF,ETF,International Equity,Foreign Large Blend,"$550,234,589.00",32604.1
QLC,FlexShares US Quality Large Cap Index Fund,ETF,US Equity,Large Blend,"$826,853,456.00",72925.6
QLD,ProShares Ultra QQQ,"ETF, Leveraged",Miscellaneous,Trading--Leveraged Equity,"$9,864,151,877.00",5060928.9
QLV,FlexShares US Quality Low Volatility Index Fund,ETF,US Equity,Large Blend,"$153,979,698.00",7819
QMOM,Alpha Architect U.S. Quantitative Momentum ETF,ETF,US Equity,Mid-Cap Growth,"$388,719,328.00",24619.7
QQA,Invesco QQQ Income Advantage ETF,ETF,Nontraditional Equity,Derivative Income,"$559,572,055.00",108229.2
QQH,HCM Defender 100 Index ETF,ETF,US Equity,Large Growth,"$673,206,737.00",45993.3
QQHG,Invesco QQQ Hedged Advantage ETF,ETF,Nontraditional Equity,Equity Hedged,"$12,023,773.00",338.2
QQQA,ProShares Nasdaq-100 Dorsey Wright Momentum ETF,ETF,US Equity,Large Growth,"$11,241,176.00",3542.2
QQQH,NEOS Nasdaq-100® Hedged Equity Income ETF,ETF,Nontraditional Equity,Equity Hedged,"$352,572,164.00",24173.3
QQQI,NEOS NASDAQ-100(R) High Income ETF,ETF,Nontraditional Equity,Derivative Income,"$8,926,512,944.00",5676757.6
QRFT,QRAFT AI-Enhanced U.S. Large Cap ETF,ETF,US Equity,Large Blend,"$17,206,664.00",1131.1
QULL,ETRACS 2x Leveraged MSCI US Quality Factor TR ETN,"ETN, Leveraged",Miscellaneous,Trading--Leveraged Equity,"$5,961,160.00",19.7
QVMT,Invesco S&P S&P 500 Concentrated QVM ETF,ETF,US Equity,Large Value,"$127,216,702.00",30847.1
RAAY,Reckoner Yield Enhanced AAA CLO Annual ETF,ETF,Taxable Bond,Securitized Bond - Focused,"$15,016,766.00",2628
RAVI,FlexShares Ultra-Short Income Fund,ETF,Taxable Bond,Ultrashort Bond,"$1,416,936,708.00",57541.3
RBLD,First Trust Alerian U.S. NextGen Infrastructure ETF,ETF,Sector Equity,Miscellaneous Sector,"$21,378,098.00",842.8
RCLY,Reckoner BBB-B CLO Annual ETF,ETF,Taxable Bond,Securitized Bond - Focused,"$17,062,542.00",1.3
RDIV,Invesco S&P Ultra Dividend Revenue ETF,ETF,US Equity,Mid-Cap Value,"$961,383,045.00",33963
RDVY,First Trust Rising Dividend Achievers ETF,ETF,US Equity,Large Value,"$20,772,373,955.00",1980526.1
REGL,ProShares S&P MidCap 400 Dividend Aristocrats ETF,ETF,US Equity,Small Value,"$1,766,481,123.00",41342.7
REMX,VanEck Rare Earth and Strategic Metals ETF,ETF,Sector Equity,Natural Resources,"$3,041,970,768.00",1626028.2
REZ,iShares Residential and Multisector Real Estate ETF,ETF,Sector Equity,Real Estate,"$846,077,336.00",50955
RFDA,RiverFront Dynamic US Dividend Advantage ETF,ETF,US Equity,Large Value,"$83,167,839.00",3400.5
RFDI,First Trust RiverFront Dynamic Developed International ETF,ETF,International Equity,Foreign Large Value,"$156,622,247.00",3757.9
RFEM,First Trust RiverFront Dynamic Emerging Markets ETF,ETF,International Equity,Diversified Emerging Mkts,"$66,980,282.00",15794
RFFC,ALPS Active Equity Opportunity ETF,ETF,US Equity,Large Blend,"$28,195,056.00",554.6
RFG,Invesco S&P MidCap 400® Pure Growth ETF,ETF,US Equity,Mid-Cap Growth,"$324,826,811.00",10603.5
RING,iShares MSCI Global Gold Miners ETF,ETF,Sector Equity,Equity Precious Metals,"$4,083,100,502.00",465841.7
RNEM,First Trust Emerging Markets Equity Select ETF,ETF,International Equity,Diversified Emerging Mkts,"$17,512,344.00",1430.4
ROBO,Robo Global® Robotics and Automation Index ETF,ETF,International Equity,Global Small/Mid Stock,"$1,748,125,099.00",251101.2
ROM,ProShares Ultra Technology,"ETF, Leveraged",Miscellaneous,Trading--Leveraged Equity,"$760,961,055.00",42978
ROUS,Hartford Multifactor US Equity ETF,ETF,US Equity,Large Value,"$543,391,843.00",31159.2
RSPD,Invesco S&P 500® Equal Weight Consumer Discretionary ETF,ETF,Sector Equity,Consumer Cyclical,"$275,378,684.00",82370.3
RSPF,Invesco S&P 500® Equal Weight Financials ETF,ETF,Sector Equity,Financial,"$291,618,727.00",21390.9
RSPG,Invesco S&P 500® Equal Weight Energy ETF,ETF,Sector Equity,Equity Energy,"$582,639,461.00",332092.9
RSPN,Invesco S&P 500® Equal Weight Industrials ETF,ETF,Sector Equity,Industrials,"$933,303,919.00",152924.8
RSPU,Invesco S&P 500® Equal Weight Utilities ETF,ETF,Sector Equity,Utilities,"$545,813,078.00",32961.4
RSSL,Global X Russell 2000 ETF,ETF,US Equity,Small Blend,"$1,413,713,550.00",22351.6
RZG,Invesco S&P SmallCap 600® Pure Growth ETF,ETF,US Equity,Small Growth,"$113,786,289.00",2260.6
SBIT,Proshares Ultrashort Bitcoin ETF,"ETF, Leveraged, Inverse",Alternative,Digital Assets,"$181,642,337.00",2202841.3
SCDS,JPMorgan Fundamental Data Science Small Core ETF,ETF,US Equity,Small Blend,"$7,670,250.00",1092.3
SCJ,iShares MSCI Japan Small-Cap ETF,ETF,International Equity,Japan Stock,"$236,008,733.00",188784.4
SCLZ,Swan Enhanced Dividend Income ETF,ETF,Nontraditional Equity,Derivative Income,"$16,111,883.00",1959
SCZ,iShares MSCI EAFE Small-Cap ETF,ETF,International Equity,Foreign Small/Mid Blend,"$14,606,545,916.00",3095225.8
SDG,iShares MSCI Global Sustainable Development Goals ETF,ETF,International Equity,Global Large-Stock Blend,"$170,148,457.00",7483.2
SDOG,ALPS Sector Dividend Dogs ETF,ETF,US Equity,Large Value,"$1,385,194,428.00",19851.8
SDS,ProShares UltraShort S&P500,"ETF, Leveraged, Inverse",Miscellaneous,Trading--Inverse Equity,"$383,062,924.00",4865725.8
SECT,Main Sector Rotation ETF,ETF,US Equity,Large Blend,"$2,452,370,528.00",135032.8
SFYF,SoFi Social 50 ETF,ETF,US Equity,Large Growth,"$35,713,714.00",4598.3
SGDM,Sprott Gold Miners ETF,ETF,Sector Equity,Equity Precious Metals,"$911,437,661.00",70586.6
SHLD,Global X Defense Tech ETF,ETF,Sector Equity,Industrials,"$7,525,804,799.00",2535025.7
SHOC,Strive U.S. Semiconductor ETF,ETF,Sector Equity,Technology,"$162,642,637.00",17451.2
SHY,iShares 1-3 Year Treasury Bond ETF,ETF,Taxable Bond,Short Government,"$24,914,546,630.00",5885580.2
SIVR,abrdn Physical Silver Shares ETF,ETF,Commodities,Commodities Focused,"$6,552,494,744.00",3662071.9
SIXA,ETC 6 Meridian Mega Cap Equity ETF,ETF,US Equity,Large Value,"$463,543,722.00",13329.8
SIXG,Defiance Connective Technologies ETF,ETF,Sector Equity,Technology,"$694,693,207.00",16151.8
SIXS,ETC 6 Meridian Small Cap Equity ETF,ETF,US Equity,Small Value,"$123,537,408.00",3931.8
SLV,iShares Silver Trust,ETF,Commodities,Commodities Focused,"$46,246,496,323.00",57426654.9
SLVR,Sprott Silver Miners & Physical Silver ETF,ETF,Sector Equity,Equity Precious Metals,"$1,239,427,465.00",421530
SLX,VanEck Steel ETF,ETF,Sector Equity,Natural Resources,"$209,922,721.00",68489.3
SLYG,State Street® SPDR® S&P 600™ Small Cap Growth ETF,ETF,US Equity,Small Growth,"$4,167,408,991.00",139319.4
SLYV,State Street® SPDR® S&P 600™ Small Cap Value ETF,ETF,US Equity,Small Value,"$4,333,981,216.00",258915.4
SMDV,ProShares Russell 2000 Dividend Growers ETF,ETF,US Equity,Small Value,"$658,921,570.00",26138.1
SMIN,iShares MSCI India Small-Cap ETF,ETF,International Equity,India Equity,"$683,405,848.00",149089.2
SMLF,iShares U.S. Small-Cap Equity Factor ETF,ETF,US Equity,Small Blend,"$3,455,492,393.00",278527.6
SMMD,iShares Russell 2500 ETF,ETF,US Equity,Small Blend,"$2,396,810,099.00",337845.7
SMST,Defiance Daily Target 2X Short MSTR ETF,"ETF, Leveraged, Inverse",Miscellaneous,Trading--Inverse Equity,"$36,476,169.00",391070.9
SNPE,Xtrackers S&P 500 Scored & Screened ETF,ETF,US Equity,Large Blend,"$2,374,287,332.00",844080.3
SOXL,Direxion Daily Semiconductor Bull 3X Shares,"ETF, Leveraged",Miscellaneous,Trading--Leveraged Equity,"$11,939,088,240.00",96678403.1
SOXQ,Invesco PHLX Semiconductor ETF,ETF,Sector Equity,Technology,"$1,031,455,195.00",1438219.8
SOXY,YieldMax Target 12 Semiconductor Option Income ETF,ETF,Nontraditional Equity,Derivative Income,"$28,603,845.00",22841.6
SPAQ,Horizon Kinetics SPAC Active ETF,ETF,Sector Equity,Financial,"$9,853,354.00",50.4
SPEU,State Street® SPDR® Portfolio Europe ETF,ETF,International Equity,Europe Stock,"$843,526,584.00",81342.6
SPGM,State Street® SPDR® Portfolio MSCI Global Stock Market ETF,ETF,International Equity,Global Large-Stock Blend,"$1,496,440,627.00",387202.2
SPHQ,Invesco S&P 500® Quality ETF,ETF,US Equity,Large Blend,"$16,788,558,962.00",2204503.3
SPLV,Invesco S&P 500® Low Volatility ETF,ETF,US Equity,Large Value,"$8,301,958,313.00",4565229.5
SPMD,State Street® SPDR® Portfolio S&P 400™ Mid Cap ETF,ETF,US Equity,Mid-Cap Blend,"$16,569,036,850.00",4231578
SPTM,State Street® SPDR® Portfolio S&P 1500 Composite Stock Market ETF,ETF,US Equity,Large Blend,"$12,244,320,370.00",1783769.9
SPVM,Invesco S&P 500 Value with Momentum ETF,ETF,US Equity,Mid-Cap Value,"$102,328,592.00",11832.2
SPXE,ProShares S&P 500® ex-Energy ETF,ETF,US Equity,Large Blend,"$75,302,852.00",3003.6
SPXN,ProShares S&P 500® ex-Financials ETF,ETF,US Equity,Large Blend,"$71,249,103.00",2602
SPXV,ProShares S&P 500® ex-Health Care ETF,ETF,US Equity,Large Blend,"$35,860,198.00",1964.8
SPYH,NEOS S&P 500 Hedged Equity Income ETF,ETF,Nontraditional Equity,Equity Hedged,"$22,539,456.00",17101.9
SPYM,State Street® SPDR® Portfolio S&P 500® ETF,ETF,US Equity,Large Blend,"$107,620,376,665.00",18364481.7
SPYV,State Street® SPDR® Portfolio S&P 500 Value ETF,ETF,US Equity,Large Value,"$33,139,804,250.00",3409283.4
SPYX,State Street® SPDR® S&P® 500 Fossil Fuel Reserves Free ETF,ETF,US Equity,Large Blend,"$2,471,007,818.00",84675.4
SQQQ,ProShares UltraPro Short QQQ,"ETF, Leveraged, Inverse",Miscellaneous,Trading--Inverse Equity,"$2,292,852,431.00",66290770.7
SRHR,SRH REIT Covered Call ETF,ETF,Sector Equity,Real Estate,"$50,591,359.00",141
SSO,ProShares Ultra S&P500,"ETF, Leveraged",Miscellaneous,Trading--Leveraged Equity,"$6,769,420,827.00",5001077.5
SSPY,Stratified LargeCap Index ETF,ETF,US Equity,Large Value,"$122,521,261.00",807.3
STCE,Schwab Crypto Thematic ETF,ETF,Alternative,Equity Digital Assets,"$232,377,065.00",98723.9
STHH,STMicroelectronics NV ADRhedged,ETF,Sector Equity,Technology,"$663,566.00",406.7
STPZ,PIMCO 1-5 Year U.S. TIPS Index Exchange-Traded Fund,ETF,Taxable Bond,Short-Term Inflation-Protected Bond,"$439,841,659.00",45406.3
SUPP,TCW Transform Supply Chain ETF,ETF,US Equity,Large Blend,"$11,562,007.00",131.2
SYLD,Cambria Shareholder Yield ETF,ETF,US Equity,Mid-Cap Value,"$921,872,143.00",53849.2
SYSB,iShares Systematic Bond ETF,ETF,Taxable Bond,Intermediate Core-Plus Bond,"$859,964,092.00",58659.8
TAN,Invesco Solar ETF,ETF,Sector Equity,Miscellaneous Sector,"$1,570,861,570.00",1869887.5
TDIV,First Trust NASDAQ Technology Dividend Index Fund,ETF,Sector Equity,Technology,"$3,739,113,908.00",118549
TDV,ProShares S&P Technology Dividend Aristocrats ETF,ETF,Sector Equity,Technology,"$258,599,722.00",7374.2
TECB,iShares U.S. Tech Breakthrough Multisector ETF,ETF,Sector Equity,Technology,"$413,084,806.00",16518.8
THD,iShares MSCI Thailand ETF,ETF,International Equity,Miscellaneous Region,"$347,865,319.00",228964.8
THNQ,Robo Global® Artificial Intelligence ETF,ETF,Sector Equity,Technology,"$287,831,576.00",16226.8
TINY,ProShares Nanotechnology ETF,ETF,Sector Equity,Technology,"$6,827,842.00",2386.6
TIPZ,PIMCO Broad U.S. TIPS Index Exchange-Traded Fund,ETF,Taxable Bond,Inflation-Protected Bond,"$90,561,891.00",16744.9
TLT,iShares 20+ Year Treasury Bond ETF,ETF,Taxable Bond,Long Government,"$45,428,621,772.00",46376641.6
TLTD,FlexShares Morningstar Developed Markets ex-US Factor Tilt Index Fund,ETF,International Equity,Foreign Large Value,"$658,433,712.00",12029.7
TLTE,FlexShares Morningstar Emerging Markets Factor Tilt Index Fund,ETF,International Equity,Diversified Emerging Mkts,"$348,012,941.00",5396.6
TMFC,Motley Fool 100 Index ETF,ETF,US Equity,Large Growth,"$1,881,696,634.00",109490.3
TMH,Toyota Motor Corporation ADRhedged,ETF,Sector Equity,Industrials,"$1,296,966.00",535.3
TOLZ,ProShares DJ Brookfield Global Infrastructure ETF,ETF,Sector Equity,Infrastructure,"$179,942,085.00",18224.9
TRFK,Pacer Data and Digital Revolution ETF,ETF,Sector Equity,Technology,"$445,036,712.00",140420.2
TRIO,MC Trio Equity Buffered ETF,ETF,Nontraditional Equity,Equity Hedged,"$112,840,337.00",698.4
TSLS,Direxion Daily TSLA Bear 1X Shares,"ETF, Inverse",Miscellaneous,Trading--Inverse Equity,"$71,530,908.00",6335231.77
TSMU,GraniteShares 2x Long TSM Daily ETF,"ETF, Leveraged",Miscellaneous,Trading--Leveraged Equity,"$40,090,977.00",104497.1
TSMX,Direxion Daily TSM Bull 2X Shares,"ETF, Leveraged",Miscellaneous,Trading--Leveraged Equity,"$366,389,175.00",818519.4
TTT,ProShares UltraPro Short 20+ Year Treasury,"ETF, Leveraged, Inverse",Miscellaneous,Trading--Inverse Debt,"$16,814,796.00",10019.7
UDIV,Franklin U.S. Core Dividend Tilt Index ETF,ETF,US Equity,Large Blend,"$111,157,933.00",4776.4
UDOW,ProShares UltraPro Dow30,"ETF, Leveraged",Miscellaneous,Trading--Leveraged Equity,"$753,875,478.00",5003612.4
UEVM,VictoryShares Emerging Markets Value Momentum ETF,ETF,International Equity,Diversified Emerging Mkts,"$246,972,684.00",4718.7
UGA,"United States Gasoline Fund, LP",ETF,Commodities,Commodities Focused,"$101,697,414.00",70610.4
UGL,ProShares Ultra Gold,"ETF, Leveraged",Miscellaneous,Trading--Leveraged Commodities,"$1,459,693,431.00",4316535.4
UIVM,VictoryShares International Value Momentum ETF,ETF,International Equity,Foreign Large Value,"$337,070,349.00",9410.1
UJB,ProShares Ultra High Yield,"ETF, Leveraged",Miscellaneous,Trading--Leveraged Debt,"$20,646,630.00",19183.3
ULVM,VictoryShares US Value Momentum ETF,ETF,US Equity,Large Value,"$244,682,330.00",6165
UMI,USCF Midstream Energy Income Fund,ETF,Sector Equity,Energy Limited Partnership,"$485,667,609.00",37854.8
UPGD,Invesco Bloomberg Analyst Rating Improvers ETF,ETF,US Equity,Mid-Cap Blend,"$110,034,398.00",1513
UPV,ProShares Ultra FTSE Europe,"ETF, Leveraged",Miscellaneous,Trading--Leveraged Equity,"$14,991,415.00",3365
URA,Global X Uranium ETF,ETF,Sector Equity,Natural Resources,"$7,551,528,613.00",4636783.6
URE,ProShares Ultra Real Estate,"ETF, Leveraged",Miscellaneous,Trading--Leveraged Equity,"$58,885,184.00",3156
URNM,Sprott Uranium Miners ETF,ETF,Sector Equity,Natural Resources,"$2,513,760,039.00",962296.4
URTY,ProShares UltraPro Russell2000,"ETF, Leveraged",Miscellaneous,Trading--Leveraged Equity,"$339,491,910.00",1771827.5
USCI,"United States Commodity Index Fund, LP",ETF,Commodities,Commodities Broad Basket,"$307,554,753.00",17900.6
USCL,Ishares Climate Conscious & Transition MSCI USA ETF,ETF,US Equity,Large Blend,"$2,161,443,836.00",214.8
USD,ProShares Ultra Semiconductors,"ETF, Leveraged",Miscellaneous,Trading--Leveraged Equity,"$1,662,842,930.00",882661.9
USMC,Principal U.S. Mega-Cap ETF,ETF,US Equity,Large Blend,"$3,069,098,652.00",160736
USMV,iShares MSCI USA Min Vol Factor ETF,ETF,US Equity,Large Blend,"$23,564,332,437.00",3543280.9
USOI,UBS ETRACS Crude Oil Shares Covered Call ETN,ETN,Commodities,Commodities Focused,"$290,027,968.00",92593.9
USPX,Franklin U.S. Equity Index ETF,ETF,US Equity,Large Blend,"$1,711,129,897.00",93634.3
USRT,iShares Core U.S. REIT ETF,ETF,Sector Equity,Real Estate,"$3,637,061,183.00",419041.5
USSG,Xtrackers MSCI USA Selection Equity ETF,ETF,US Equity,Large Blend,"$545,965,890.00",15931.3
USVM,VictoryShares US Small Mid Cap Value Momentum ETF,ETF,US Equity,Small Value,"$1,422,590,554.00",79476.9
USXF,iShares® ESG Advanced MSCI USA ETF,ETF,US Equity,Large Growth,"$1,226,206,291.00",76603.2
UTES,Virtus Reaves Utilities ETF,ETF,Sector Equity,Utilities,"$1,475,471,946.00",185983.2
UXI,ProShares Ultra Industrials,"ETF, Leveraged",Miscellaneous,Trading--Leveraged Equity,"$33,983,079.00",8638.3
UYG,ProShares Ultra Financials,"ETF, Leveraged",Miscellaneous,Trading--Leveraged Equity,"$703,175,772.00",18595.4
VALQ,American Century® U.S. Quality Value ETF,ETF,US Equity,Large Value,"$349,983,617.00",24607.9
VBIL,Vanguard 0-3 Month Treasury Bill ETF,ETF,Taxable Bond,Ultrashort Bond,"$5,554,289,000.00",2194642
VCEB,Vanguard ESG U.S. Corporate Bond ETF,ETF,Taxable Bond,Corporate Bond,"$1,072,083,950.00",427818.5
VCIT,Vanguard Intermediate-Term Corporate Bond Index Fund ETF Shares,ETF,Taxable Bond,Corporate Bond,"$68,527,531,121.00",13505555.5
VCLT,Vanguard Long-Term Corporate Bond Index Fund ETF Shares,ETF,Taxable Bond,Long-Term Bond,"$8,665,498,344.00",6276082
VCRB,Vanguard Core Bond ETF,ETF,Taxable Bond,Intermediate Core Bond,"$6,327,005,377.00",382007.2
VCRM,Vanguard Core Tax-Exempt Bond ETF,ETF,Municipal Bond,Muni National Long,"$1,169,040,319.00",215628.4
VCSH,Vanguard Short-Term Corporate Bond Index Fund ETF Shares,ETF,Taxable Bond,Short-Term Bond,"$48,297,555,365.00",5070003.8
VDIG,Vanguard Wellington Dividend Growth Active ETF,ETF,US Equity,Large Value,"$23,286,400.00",7121.6
VEA,Vanguard FTSE Developed Markets Index Fund ETF Shares,ETF,International Equity,Foreign Large Blend,"$307,323,516,950.00",24710850.7
VEGN,US Vegan Climate ETF,ETF,US Equity,Large Growth,"$135,486,940.00",8173.5
VERS,ProShares Metaverse ETF,ETF,Sector Equity,Technology,"$5,058,836.00",220.4
VEU,Vanguard FTSE All-World ex-US Index Fund ETF Shares,ETF,International Equity,Foreign Large Blend,"$90,608,525,792.00",5990250.3
VEXC,Vanguard Emerging Markets Ex-China ETF,ETF,International Equity,Diversified Emerging Mkts,"$195,206,000.00",46758.1
VGHY,Vanguard High-Yield Active ETF,ETF,Taxable Bond,High Yield Bond,"$227,889,200.00",71438.2
VGIT,Vanguard Intermediate-Term Treasury Index Fund ETF Shares,ETF,Taxable Bond,Intermediate Government,"$48,798,520,269.00",3318483.9
VGK,Vanguard FTSE Europe ETF,ETF,International Equity,Europe Stock,"$40,994,161,158.00",5024914.1
VGLT,Vanguard Long-Term Treasury Index Fund ETF Shares,ETF,Taxable Bond,Long Government,"$15,813,399,441.00",2816931.5
VGSH,Vanguard Short-Term Treasury Index Fund ETF Shares,ETF,Taxable Bond,Short Government,"$32,674,917,732.00",4474609.3
VGUS,Vanguard Ultra-Short Treasury ETF,ETF,Taxable Bond,Ultrashort Bond,"$765,956,250.00",277379.8
VGVT,Vanguard Government Securities Active ETF,ETF,Taxable Bond,Intermediate Government,"$42,090,350.00",6946.5
VIGI,Vanguard International Dividend Appreciation Index Fund ETF Shares,ETF,International Equity,Foreign Large Growth,"$9,607,825,950.00",625917.1
VMAX,Hartford US Value ETF,ETF,US Equity,Large Value,"$50,268,948.00",358.3
VNQ,Vanguard Real Estate Index Fund ETF Shares,ETF,Sector Equity,Real Estate,"$69,605,638,229.00",4529632.4
VONV,Vanguard Russell 1000 Value Index Fund ETF Shares,ETF,US Equity,Large Value,"$18,479,127,856.00",1416887.3
VOTE,TCW Transform 500 ETF,ETF,US Equity,Large Blend,"$951,345,217.00",76237.1
VPLS,Vanguard Core-Plus Bond ETF,ETF,Taxable Bond,Intermediate Core-Plus Bond,"$1,337,017,045.00",229791
VSDA,VictoryShares Dividend Accelerator ETF,ETF,US Equity,Large Value,"$237,788,360.00",6137.2
VSDB,Vanguard Short Duration Bond ETF Shares,ETF,Taxable Bond,Short-Term Bond,"$430,150,500.00",56049.5
VSDM,Vanguard Short Duration Tax-Exempt Bond ETF,ETF,Municipal Bond,Muni National Short,"$495,551,310.00",97534
VSGX,Vanguard ESG International Stock ETF,ETF,International Equity,Foreign Large Blend,"$6,354,143,022.00",287331.7
VSMV,VictoryShares US Multi-Factor Minimum Volatility ETF,ETF,US Equity,Large Value,"$165,112,322.00",9486.3
VTC,Vanguard Total Corporate Bond ETF ETF Shares,ETF,Taxable Bond,Corporate Bond,"$1,642,289,030.00",103237.5
VTG,Vanguard Total Treasury ETF,ETF,Taxable Bond,Intermediate Government,"$79,171,000.00",15265.3
VTP,Vanguard Total Inflation-Protected Securities ETF,ETF,Taxable Bond,Inflation-Protected Bond,"$98,175,000.00",22680.5
VUSE,Vident U.S. Equity Strategy ETF,ETF,US Equity,Large Blend,"$722,698,857.00",13745.2
VUSG,Vanguard Wellington U.S. Growth Active ETF,ETF,US Equity,Large Growth,"$22,549,800.00",10157.9
VUSV,Vanguard Wellington U.S. Value Active ETF,ETF,US Equity,Large Value,"$55,683,500.00",7829.8
VWO,Vanguard FTSE Emerging Markets Index Fund ETF Shares,ETF,International Equity,Diversified Emerging Mkts,"$158,398,915,708.00",15515931.7
VWOB,Vanguard Emerging Markets Government Bond Index Fund ETF Shares,ETF,Taxable Bond,Emerging Markets Bond,"$6,616,010,236.00",760758.3
VXUS,Vanguard Total International Stock Index Fund ETF Shares,ETF,International Equity,Foreign Large Blend,"$636,672,395,925.00",12117785.2
VXZ,iPath® Series B S&P 500® VIX Mid-Term Futures™ ETN,ETN,Miscellaneous,Trading--Miscellaneous,"$38,110,690.00",20541.9
VYMI,Vanguard International High Dividend Yield Index Fund ETF Shares,ETF,International Equity,Foreign Large Value,"$20,107,847,912.00",2043332.7
WDIV,State Street® SPDR® S&P® Global Dividend ETF,ETF,International Equity,Global Large-Stock Value,"$265,683,235.00",15130.7
WOOD,iShares Global Timber & Forestry ETF,ETF,Sector Equity,Natural Resources,"$300,459,784.00",68984.9
WTV,WisdomTree U.S. Value Fund,ETF,US Equity,Mid-Cap Value,"$2,557,027,860.00",396484.7
WUGI,AXS Esoterica NextG Economy ETF,ETF,Sector Equity,Technology,"$27,943,878.00",1018
XCOR,FundX ETF,ETF,US Equity,Large Growth,"$174,983,864.00",1245
XHE,State Street® SPDR® S&P® Health Care Equipment ETF,ETF,Sector Equity,Health,"$150,224,830.00",18057.3
XLE,State Street® Energy Select Sector SPDR® ETF,ETF,Sector Equity,Equity Energy,"$37,876,244,903.00",83441148.7
XLG,Invesco S&P 500® Top 50 ETF,ETF,US Equity,Large Blend,"$11,469,799,845.00",5376770.3
XLP,State Street® Consumer Staples Select Sector SPDR® ETF,ETF,Sector Equity,Consumer Defensive,"$17,557,141,595.00",23484588.6
XLSR,State Street® US Sector Rotation ETF,ETF,US Equity,Large Blend,"$915,187,732.00",111505
XMLV,Invesco S&P MidCap Low Volatility ETF,ETF,US Equity,Small Blend,"$760,037,134.00",17629.3
XMVM,Invesco S&P MidCap Value with Momentum ETF,ETF,US Equity,Small Value,"$420,042,805.00",82339.2
XNAV,FundX Aggressive ETF,ETF,US Equity,Large Growth,"$29,813,025.00",115
XPH,State Street® SPDR® S&P® Pharmaceuticals ETF,ETF,Sector Equity,Health,"$327,365,833.00",72131
XRT,State Street® SPDR® S&P® Retail ETF,ETF,Sector Equity,Consumer Cyclical,"$683,119,056.00",6905562
XSMO,Invesco S&P SmallCap Momentum ETF,ETF,US Equity,Small Blend,"$2,388,211,179.00",311677
XSVM,Invesco S&P SmallCap Value with Momentum ETF,ETF,US Equity,Small Value,"$585,363,840.00",48145
XT,iShares Future Exponential Technologies ETF,ETF,Sector Equity,Miscellaneous Sector,"$3,638,178,756.00",121237.8
XTN,State Street® SPDR® S&P® Transportation ETF,ETF,Sector Equity,Industrials,"$315,372,117.00",53253
YCS,ProShares UltraShort Yen,"ETF, Leveraged, Inverse",Miscellaneous,Trading--Miscellaneous,"$27,949,831.00",25186
YLDE,Franklin ClearBridge Enhanced Income ETF,ETF,Nontraditional Equity,Derivative Income,"$117,774,731.00",59248.1
ZROZ,PIMCO 25+ Year Zero Coupon U.S. Treasury Index Exchange-Traded Fund,ETF,Taxable Bond,Long Government,"$1,521,743,345.00",645016.1
ZTOP,F/m High Yield 100 ETF,ETF,Taxable Bond,High Yield Bond,"$17,754,934.00",2089.9
AAXJ,iShares MSCI All Country Asia ex Japan ETF,ETF,International Equity,Pacific/Asia ex-Japan Stk,"$3,957,230,805.00",1568720.5
ACWI,iShares MSCI ACWI ETF,ETF,International Equity,Global Large-Stock Blend,"$29,157,463,830.00",9216492.1
ACWV,iShares MSCI Global Min Vol Factor ETF,ETF,International Equity,Global Large-Stock Blend,"$3,570,938,442.00",197113.2
AGG,iShares Core U.S. Aggregate Bond ETF,ETF,Taxable Bond,Intermediate Core Bond,"$141,223,150,176.00",9700860.2
AGQ,ProShares Ultra Silver,"ETF, Leveraged",Miscellaneous,Trading--Leveraged Commodities,"$2,890,854,516.00",6142793.4
AGZ,iShares Agency Bond ETF,ETF,Taxable Bond,Short Government,"$577,223,053.00",29350.9
AIA,iShares Asia 50 ETF,ETF,International Equity,Pacific/Asia ex-Japan Stk,"$3,220,365,001.00",465678.2
AIRR,First Trust RBA American Industrial RenaissanceTM ETF,ETF,Sector Equity,Industrials,"$8,735,322,711.00",827128.1
AIVL,WisdomTree U.S. Al Enhanced Value Fund,ETF,US Equity,Mid-Cap Value,"$401,312,114.00",975.5
ARCM,Arrow Reserve Capital Management ETF,ETF,Taxable Bond,Ultrashort Bond,"$51,094,965.00",651.4
ARKQ,ARK Autonomous Technology & Robotics ETF,ETF,US Equity,Mid-Cap Growth,"$2,013,524,055.00",189085.2
ARKW,ARK Next Generation Internet ETF,ETF,US Equity,Mid-Cap Growth,"$1,595,923,356.00",154107.7
AUMI,Themes Gold Miners ETF,ETF,Sector Equity,Equity Precious Metals,"$44,989,114.00",9630.1
AVDV,Avantis International Small Cap Value ETF,ETF,International Equity,Foreign Small/Mid Value,"$18,822,411,306.00",848771.6
AVUS,Avantis US Equity ETF,ETF,US Equity,Large Blend,"$11,281,950,536.00",288555
AVUV,Avantis US Small Cap Value ETF,ETF,US Equity,Small Value,"$23,535,656,998.00",1131959.6
BBH,VanEck Biotech ETF,ETF,Sector Equity,Health,"$391,312,532.00",7912.2
BBMC,JPMorgan BetaBuilders U.S. Mid Cap Equity ETF,ETF,US Equity,Mid-Cap Blend,"$1,998,305,443.00",63470.7
BBRE,JPMorgan BetaBuilders MSCI U.S. REIT ETF,ETF,Sector Equity,Real Estate,"$1,131,535,607.00",54892.4
BBUS,JPMorgan BetaBuilders U.S. Equity ETF,ETF,US Equity,Large Blend,"$7,218,804,202.00",278629.2
BILZ,PIMCO Ultra Short Government Active Exchange-Traded Fund,ETF,Taxable Bond,Ultrashort Bond,"$971,569,383.00",298185.8
BKLC,BNY Mellon US Large Cap Core Equity ETF,ETF,US Equity,Large Blend,"$5,290,408,941.00",172388.1
BKMC,BNY Mellon US Mid Cap Core Equity ETF,ETF,US Equity,Mid-Cap Blend,"$622,819,270.00",31725
BKSE,BNY Mellon US Small Cap Core Equity ETF,ETF,US Equity,Small Blend,"$75,314,567.00",3064
BOXA,Alpha Architect Aggregate Bond ETF,ETF,Taxable Bond,Intermediate Core Bond,"$15,010,927.00",884.4
BOXX,Alpha Architect 1-3 Month Box ETF,ETF,Taxable Bond,Ultrashort Bond,"$10,176,679,054.00",2023341.5
BRZU,Direxion Daily MSCI Brazil Bull 2X Shares,"ETF, Leveraged",Miscellaneous,Trading--Leveraged Equity,"$146,033,126.00",68858.1
CLIP,Global X 1-3 Month T-Bill ETF,ETF,Taxable Bond,Ultrashort Bond,"$2,161,927,565.00",344919.6
CMBO,Wayfinder Dynamic U.S. Interest Rate ETF,ETF,Taxable Bond,Ultrashort Bond,"$3,040,617.00",0
CPAG,F/m Compoundr U.S. Aggregate Bond ETF,ETF,Taxable Bond,Intermediate Core Bond,"$231,291,688.00",21667
CRBN,iShares Low Carbon Optimized MSCI ACWI ETF,ETF,International Equity,Global Large-Stock Blend,"$1,038,381,589.00",7328.6
CSD,Invesco S&P Spin-Off ETF,ETF,US Equity,Mid-Cap Blend,"$110,303,572.00",9926.6
CURE,Direxion Daily Healthcare Bull 3X Shares,"ETF, Leveraged",Miscellaneous,Trading--Leveraged Equity,"$168,785,670.00",52186.5
CZA,Invesco Zacks Mid-Cap ETF,ETF,US Equity,Mid-Cap Blend,"$192,913,135.00",2296.8
DBJP,Xtrackers MSCI Japan Hedged Equity ETF,ETF,International Equity,Japan Stock,"$633,498,074.00",24555.4
DBP,Invesco DB Precious Metals Fund,ETF,Commodities,Commodities Focused,"$319,967,756.00",21450.8
DFJ,WisdomTree Japan SmallCap Dividend Fund,ETF,International Equity,Japan Stock,"$453,296,653.00",62153.6
DGP,DB Gold Double Long ETN,"ETN, Leveraged",Miscellaneous,Trading--Leveraged Commodities,"$380,655,648.00",56089.2
DGT,State Street® SPDR® Global Dow ETF,ETF,International Equity,Global Large-Stock Value,"$564,880,517.00",21047.2
DHS,WisdomTree U.S. High Dividend Fund,ETF,US Equity,Large Value,"$1,464,748,232.00",30917.6
DIA,State Street® SPDR® Dow Jones Industrial Average® ETF Trust,ETF,US Equity,Large Value,"$44,270,592,209.00",7803691.4
DSI,iShares ESG MSCI KLD 400 ETF,ETF,US Equity,Large Blend,"$4,924,603,046.00",158082.9
DVY,iShares Select Dividend ETF,ETF,US Equity,Mid-Cap Value,"$22,861,381,719.00",396145.6
DXJ,WisdomTree Japan Hedged Equity Fund,ETF,International Equity,Japan Stock,"$6,670,535,723.00",665567.7
EDEN,iShares MSCI Denmark ETF,ETF,International Equity,Miscellaneous Region,"$194,744,819.00",14643.4
EFG,iShares MSCI EAFE Growth ETF,ETF,International Equity,Foreign Large Growth,"$10,144,501,412.00",959106.3
EINC,VanEck Energy Income ETF,ETF,Sector Equity,Energy Limited Partnership,"$109,664,305.00",17936.3
EIS,iShares MSCI Israel ETF,ETF,International Equity,Miscellaneous Region,"$848,700,675.00",286484
EQWL,Invesco S&P 100 Equal Weight ETF,ETF,US Equity,Large Value,"$2,337,315,510.00",167310.2
ESG,FlexShares STOXX US ESG Select Index Fund,ETF,US Equity,Large Blend,"$124,062,789.00",1541.3
ESGG,FlexShares STOXX Global ESG Select Index Fund,ETF,International Equity,Global Large-Stock Blend,"$106,253,146.00",753.3
ESGU,iShares ESG Aware MSCI USA ETF,ETF,US Equity,Large Blend,"$15,716,204,531.00",549371
ESGV,Vanguard ESG U.S. Stock ETF,ETF,US Equity,Large Blend,"$11,684,505,609.00",278569.3
EUSA,iShares MSCI USA Equal Weighted ETF,ETF,US Equity,Mid-Cap Blend,"$1,578,338,071.00",39593.9
EWY,iShares MSCI South Korea ETF,ETF,International Equity,Miscellaneous Region,"$17,952,391,790.00",42817665.1
EXI,iShares Global Industrials ETF,ETF,Sector Equity,Industrials,"$1,279,322,658.00",56297.7
FAD,First Trust Multi Cap Growth AlphaDEX® Fund,ETF,US Equity,Mid-Cap Growth,"$412,933,591.00",10328.7
FAS,Direxion Daily Financial Bull 3X Shares,"ETF, Leveraged",Miscellaneous,Trading--Leveraged Equity,"$2,055,996,582.00",1128897.9
FBT,First Trust NYSE Arca Biotechnology Index Fund,ETF,Sector Equity,Health,"$2,380,598,041.00",213739.4
FDG,American Century Focused Dynamic Growth ETF,ETF,US Equity,Large Growth,"$340,274,039.00",19661
FDN,First Trust Dow Jones Internet Index Fund,ETF,Sector Equity,Technology,"$5,439,562,623.00",1236390.5
FEX,First Trust Large Cap Core AlphaDEX® Fund,ETF,US Equity,Large Blend,"$1,460,267,343.00",16045.3
FIW,First Trust Water ETF,ETF,Sector Equity,Natural Resources,"$1,977,268,355.00",56070.1
FNGG,Direxion Daily NYSE FANG+ Bull 2X Shares,"ETF, Leveraged",Miscellaneous,Trading--Leveraged Equity,"$106,702,750.00",8487.8
FNGO,MicroSectors™ FANG+™ Index 2X Leveraged ETN,"ETN, Leveraged",Miscellaneous,Trading--Leveraged Equity,"$480,300,685.00",9513.5
FNX,First Trust Mid Cap Core AlphaDEX® Fund,ETF,US Equity,Mid-Cap Blend,"$1,284,562,604.00",33211.8
FPX,First Trust US Equity Opportunities ETF,ETF,US Equity,Mid-Cap Growth,"$1,226,190,056.00",27879.5
FTC,First Trust Large Cap Growth AlphaDEX® Fund,ETF,US Equity,Large Growth,"$1,236,542,394.00",17566.8
FTEC,Fidelity MSCI Information Technology Index ETF,ETF,Sector Equity,Technology,"$15,955,643,925.00",490051.7
FTXL,First Trust Nasdaq Semiconductor ETF,ETF,Sector Equity,Technology,"$1,592,106,214.00",375657.6
FWD,AB Disruptors ETF,ETF,International Equity,Global Large-Stock Growth,"$1,637,469,789.00",204325.5
FXB,Invesco CurrencyShares® British Pound Sterling Trust,ETF,Taxable Bond,Single Currency,"$71,496,803.00",14725
FXE,Invesco CurrencyShares® Euro Currency Trust,ETF,Taxable Bond,Single Currency,"$457,457,102.00",257132.7
FXF,Invesco CurrencyShares® Swiss Franc Trust,ETF,Taxable Bond,Single Currency,"$565,271,034.00",138067
FXH,First Trust Health Care AlphaDEX® Fund,ETF,Sector Equity,Health,"$924,666,003.00",17758.5
FXL,First Trust Technology AlphaDEX® Fund,ETF,Sector Equity,Technology,"$1,361,294,746.00",16734.5
FYX,First Trust Small Cap Core AlphaDEX® Fund,ETF,US Equity,Small Blend,"$1,063,588,963.00",26209.4
GBF,iShares Government/Credit Bond ETF,ETF,Taxable Bond,Intermediate Core Bond,"$132,884,184.00",11766.8
GBIL,Goldman Sachs Access Treasury 0-1 Year ETF,ETF,Taxable Bond,Ultrashort Bond,"$7,108,601,164.00",955114.3
GDMN,WisdomTree Efficient Gold Plus Gold Miners Strategy Fund,ETF,Alternative,Multi-Asset Leveraged,"$297,595,530.00",70033.8
GDX,VanEck Gold Miners ETF,ETF,Sector Equity,Equity Precious Metals,"$36,500,401,996.00",27218684.6
GDXJ,VanEck Junior Gold Miners ETF,ETF,Sector Equity,Equity Precious Metals,"$12,107,373,786.00",5666556.1
GDXU,MicroSectors™ Gold Miners 3X Leveraged ETNs,"ETN, Leveraged",Miscellaneous,Trading--Leveraged Commodities,"$4,089,160,265.00",866971.3
GLD,SPDR® Gold Shares,ETF,Commodities,Commodities Focused,"$184,864,317,573.00",13522973.7
GLDI,UBS ETRACS Gold Shares Covered Call ETN,ETN,Commodities,Commodities Focused,"$190,093,651.00",15089.2
GLDM,SPDR® Gold MiniShares,ETF,Commodities,Commodities Focused,"$33,926,667,073.00",8318271.5
GLTR,abrdn Physical Precious Metals Basket Shares ETF,ETF,Commodities,Commodities Focused,"$3,395,471,279.00",106470.6
GMF,State Street® SPDR® S&P® Emerging Asia Pacific ETF,ETF,International Equity,Pacific/Asia ex-Japan Stk,"$402,423,111.00",6414.2
GMMF,iShares Government Money Market ETF,ETF,Money Market,Money Market-Taxable,"$101,486,416.00",20328
GRID,First Trust NASDAQ® Clean Edge® Smart Grid Infrastructure Index Fund,ETF,Sector Equity,Infrastructure,"$8,242,098,412.00",552116
GRPM,Invesco S&P MidCap 400® GARP ETF,ETF,US Equity,Small Blend,"$523,370,541.00",37984.7
GSLC,Goldman Sachs ActiveBeta® U.S. Large Cap Equity ETF,ETF,US Equity,Large Blend,"$14,704,108,193.00",381014.6
GVI,iShares Intermediate Government/Credit Bond ETF,ETF,Taxable Bond,Short-Term Bond,"$3,914,013,412.00",221442.8
GVIP,Goldman Sachs Hedge Industry VIP ETF,ETF,US Equity,Large Growth,"$454,496,632.00",18398.4
HDV,iShares Core High Dividend ETF,ETF,US Equity,Large Value,"$13,758,381,652.00",1036558.6
IAI,iShares U.S. Broker-Dealers & Securities Exchanges ETF,ETF,Sector Equity,Financial,"$1,673,512,313.00",109927.4
IAK,iShares U.S. Insurance ETF,ETF,Sector Equity,Financial,"$423,445,367.00",91132.5
IBB,iShares Biotechnology ETF,ETF,Sector Equity,Health,"$8,784,036,686.00",1754788
ICVT,iShares Convertible Bond ETF,ETF,Allocation,Convertibles,"$5,505,207,699.00",574460.9
IDU,iShares U.S. Utilities ETF,ETF,Sector Equity,Utilities,"$1,478,537,831.00",90537.9
IEI,iShares 3-7 Year Treasury Bond ETF,ETF,Taxable Bond,Intermediate Government,"$18,538,127,084.00",2685316.2
IEO,iShares U.S. Oil & Gas Exploration & Production ETF,ETF,Sector Equity,Equity Energy,"$520,413,925.00",163500.9
IGM,iShares Expanded Tech Sector ETF,ETF,Sector Equity,Technology,"$8,180,110,066.00",955666.2
IJJ,iShares S&P Mid-Cap 400 Value ETF,ETF,US Equity,Mid-Cap Value,"$8,474,191,966.00",198158.7
IJK,iShares S&P Mid-Cap 400 Growth ETF,ETF,US Equity,Mid-Cap Growth,"$9,900,657,191.00",243695.3
IJR,iShares Core S&P Small-Cap ETF,ETF,US Equity,Small Blend,"$95,756,567,055.00",7715397.5
IJS,iShares S&P Small-Cap 600 Value ETF,ETF,US Equity,Small Value,"$7,580,122,893.00",211191.9
IJT,iShares S&P Small-Cap 600 Growth ETF,ETF,US Equity,Small Growth,"$6,826,246,224.00",93125.4
ILCG,iShares Morningstar Growth ETF,ETF,US Equity,Large Growth,"$2,843,305,133.00",138108.4
IOO,iShares Global 100 ETF,ETF,International Equity,Global Large-Stock Blend,"$8,036,120,201.00",156370.2
IQMM,Proshares Genius Money Market ETF,ETF,Money Market,Money Market-Taxable,"$18,257,365,800.00",3706206.9
ITA,iShares U.S. Aerospace & Defense ETF,ETF,Sector Equity,Industrials,"$16,010,935,446.00",1490695.6
ITOT,iShares Core S&P Total U.S. Stock Market ETF,ETF,US Equity,Large Blend,"$82,422,431,842.00",10072163.9
IUSG,iShares Core S&P U.S. Growth ETF,ETF,US Equity,Large Growth,"$27,025,580,508.00",971998.1
IUSV,iShares Core S&P U.S. Value ETF,ETF,US Equity,Large Value,"$24,990,392,610.00",1451801.6
IVE,iShares S&P 500 Value ETF,ETF,US Equity,Large Value,"$50,626,452,495.00",1764503
IVOG,Vanguard S&P Mid-Cap 400 Growth Index Fund ETF Shares,ETF,US Equity,Mid-Cap Growth,"$1,637,108,185.00",54047.3
IVOO,Vanguard S&P Mid-Cap 400 Index Fund ETF Shares,ETF,US Equity,Mid-Cap Blend,"$5,254,710,171.00",96243.3
IVOV,Vanguard S&P Mid-Cap 400 Value Index Fund ETF Shares,ETF,US Equity,Mid-Cap Value,"$1,366,149,512.00",27029.9
IVV,iShares Core S&P 500 ETF,ETF,US Equity,Large Blend,"$750,651,910,392.00",7763234.3
IVW,iShares S&P 500 Growth ETF,ETF,US Equity,Large Growth,"$64,168,799,371.00",7860313
IWB,iShares Russell 1000 ETF,ETF,US Equity,Large Blend,"$46,314,071,436.00",1427255.7
IWC,iShares Micro-Cap ETF,ETF,US Equity,Small Blend,"$1,287,777,380.00",73918.1
IWD,iShares Russell 1000 Value ETF,ETF,US Equity,Large Value,"$71,032,509,006.00",4348587.1
IWF,iShares Russell 1000 Growth ETF,ETF,US Equity,Large Growth,"$116,506,604,635.00",5135753.6
IWL,iShares Russell Top 200 ETF,ETF,US Equity,Large Blend,"$2,032,043,336.00",72423.6
IWM,iShares Russell 2000 ETF,ETF,US Equity,Small Blend,"$73,953,288,181.00",50471771.8
IWN,iShares Russell 2000 Value ETF,ETF,US Equity,Small Value,"$12,911,617,531.00",691144.1
IWO,iShares Russell 2000 Growth ETF,ETF,US Equity,Small Growth,"$13,141,148,272.00",608651.9
IWP,iShares Russell Mid-Cap Growth ETF,ETF,US Equity,Mid-Cap Growth,"$20,003,693,187.00",811693.1
IWS,iShares Russell Mid-Cap Value ETF,ETF,US Equity,Mid-Cap Value,"$15,280,336,887.00",596919.4
IWV,iShares Russell 3000 ETF,ETF,US Equity,Large Blend,"$18,524,319,426.00",353739.4
IWY,iShares Russell Top 200 Growth ETF,ETF,US Equity,Large Growth,"$15,468,744,984.00",638226.5
IXG,iShares Global Financials ETF,ETF,Sector Equity,Financial,"$630,928,452.00",108135.4
IXN,iShares Global Tech ETF,ETF,Sector Equity,Technology,"$6,524,382,054.00",369870
IXP,iShares Global Comm Services ETF,ETF,Sector Equity,Communications,"$653,965,362.00",40116.7
IYC,iShares US Consumer Discretionary ETF,ETF,Sector Equity,Consumer Cyclical,"$1,300,571,422.00",401735.6
IYF,iShares U.S. Financials ETF,ETF,Sector Equity,Financial,"$3,784,946,050.00",469134.9
IYJ,iShares U.S. Industrials ETF,ETF,Sector Equity,Industrials,"$2,398,224,236.00",297793.5
IYM,iShares U.S. Basic Materials ETF,ETF,Sector Equity,Natural Resources,"$1,481,536,688.00",131696
IYW,iShares U.S. Technology ETF,ETF,Sector Equity,Technology,"$19,390,493,390.00",2370000.6
IYY,iShares Dow Jones U.S. ETF,ETF,US Equity,Large Blend,"$2,756,883,020.00",27997.6
JMMF,Jpmorgan 100% U.S. Treasury Securities Money Market ETF,ETF,Money Market,Money Market-Taxable,"$54,055,099.00",3586.7
JNUG,Direxion Daily Junior Gold Miners Index Bull 2X Shares,"ETF, Leveraged",Miscellaneous,Trading--Leveraged Equity,"$909,680,383.00",295692.4
JPME,JPMorgan Diversified Return U.S. Mid Cap Equity ETF,ETF,US Equity,Mid-Cap Blend,"$415,317,790.00",7259
JPUS,JPMorgan Diversified Return U.S. Equity ETF,ETF,US Equity,Mid-Cap Value,"$424,707,640.00",6907.6
KBWP,Invesco KBW Property & Casualty Insurance ETF,ETF,Sector Equity,Financial,"$277,112,191.00",12128.4
KCE,State Street® SPDR® S&P® Capital Markets ETF,ETF,Sector Equity,Financial,"$470,684,415.00",17265.9
KNCT,Invesco Next Gen Connectivity ETF,ETF,Sector Equity,Technology,"$114,368,325.00",2557.9
KOKU,Xtrackers MSCI Kokusai Equity ETF,ETF,International Equity,Global Large-Stock Blend,"$728,939,176.00",546.7
KORU,Direxion Daily South Korea Bull 3X Shares,"ETF, Leveraged",Miscellaneous,Trading--Leveraged Equity,"$1,154,738,268.00",1735913.4
LABU,Direxion Daily S&P Biotech Bull 3X Shares,"ETF, Leveraged",Miscellaneous,Trading--Leveraged Equity,"$556,877,714.00",729383.7
LFAI,LifeX 2050 Longevity Income ETF,ETF,Taxable Bond,Target Maturity,"$4,715,270.00",8.2
LFAO,LifeX 2055 Longevity Income ETF,ETF,Taxable Bond,Target Maturity,"$4,533,396.00",4.2
LFAW,LifeX 2060 Longevity Income ETF,ETF,Taxable Bond,Target Maturity,"$3,621,568.00",2.4
LFBE,LifeX 2065 Longevity Income ETF,ETF,Taxable Bond,Target Maturity,"$3,360,251.00",1.2
LFDR,LifeX Durable Income ETF,ETF,Taxable Bond,Long Government,"$902,062.00",11.2
LGLV,State Street® SPDR® US Large Cap Low Volatility Index ETF,ETF,US Equity,Large Blend,"$1,181,618,838.00",26706.8
LIAE,LifeX 2050 Inflation-Protected Longevity Income ETF,ETF,Taxable Bond,Target Maturity,"$3,487,057.00",120.5
LIAM,LifeX 2055 Inflation-Protected Longevity Income ETF,ETF,Taxable Bond,Target Maturity,"$4,419,882.00",53.8
LIAU,LifeX 2060 Inflation-Protected Longevity Income ETF,ETF,Taxable Bond,Target Maturity,"$3,125,595.00",0.7
LIBD,LifeX 2065 Inflation-Protected Longevity Income ETF,ETF,Taxable Bond,Target Maturity,"$4,435,506.00",18
LQD,iShares iBoxx $ Investment Grade Corporate Bond ETF,ETF,Taxable Bond,Corporate Bond,"$31,986,213,346.00",51908615.2
MAVF,Matrix Advisors Value ETF,ETF,US Equity,Large Value,"$86,464,184.00",578.7
MDY,State Street® SPDR® S&P MIDCAP 400® ETF Trust,ETF,US Equity,Mid-Cap Blend,"$25,645,648,064.00",1505332.3
MGC,Vanguard Mega Cap Index Fund ETF Shares,ETF,US Equity,Large Blend,"$10,336,312,681.00",119627.2
MGK,Vanguard Mega Cap Growth Index Fund ETF Shares,ETF,US Equity,Large Growth,"$29,308,968,008.00",652229.2
MGV,Vanguard Mega Cap Value Index Fund ETF Shares,ETF,US Equity,Large Value,"$11,986,845,851.00",255791.5
MINT,PIMCO Enhanced Short Maturity Active Exchange-Traded Fund,ETF,Taxable Bond,Ultrashort Bond,"$15,009,517,719.00",1478615.7
MMK,State Street Prime Money Market ETF,ETF,Money Market,Prime Money Market,"$25,044,952.00",306.3
MMKT,Texas Capital Government Money Market ETF,ETF,Money Market,Money Market-Taxable,"$77,681,539.00",19348.7
MMTM,State Street® SPDR® S&P® 1500 Momentum Tilt ETF,ETF,US Equity,Large Blend,"$165,341,458.00",1062.8
MOAT,VanEck Morningstar Wide Moat ETF,ETF,US Equity,Large Blend,"$13,032,688,148.00",1444586.3
MQQQ,Tradr 2X Long Innovation 100 Monthly ETF,"ETF, Leveraged",Miscellaneous,Trading--Leveraged Equity,"$112,401,777.00",9292.6
MTUM,iShares MSCI USA Momentum Factor ETF,ETF,US Equity,Large Blend,"$21,208,497,315.00",864729.4
MUB,iShares National Muni Bond ETF,ETF,Municipal Bond,Muni National Interm,"$43,211,128,415.00",3236718.6
MULL,GraniteShares 2x Long MU Daily ETF,"ETF, Leveraged",Miscellaneous,Trading--Leveraged Equity,"$239,104,884.00",402519.7
MUNA,Northern Trust 2030 Tax-Exempt Distributing Ladder ETF,ETF,Municipal Bond,Muni Target Maturity,"$5,042,295.00",755.8
MUNB,Northern Trust 2035 Tax-Exempt Distributing Ladder ETF,ETF,Municipal Bond,Muni Target Maturity,"$9,234,091.00",1379.9
MUNC,Northern Trust 2045 Tax-Exempt Distributing Ladder ETF,ETF,Municipal Bond,Muni Target Maturity,"$8,384,191.00",107.1
MUND,Northern Trust 2055 Tax-Exempt Distributing Ladder ETF,ETF,Municipal Bond,Muni Target Maturity,"$8,382,447.00",146.7
MUNY,Vanguard New York Tax-Exempt Bond ETF Shares,ETF,Municipal Bond,Muni New York Intermediate,"$319,945,000.00",62519.9
MUU,Direxion Daily MU Bull 2X Shares,"ETF, Leveraged",Miscellaneous,Trading--Leveraged Equity,"$1,083,888,700.00",1848130.2
MXI,iShares Global Materials ETF,ETF,Sector Equity,Natural Resources,"$377,932,170.00",54313.7
NLR,VanEck Uranium and Nuclear ETF,ETF,Sector Equity,Natural Resources,"$4,933,019,048.00",510734.5
NOBL,ProShares S&P 500 Dividend Aristocrats ETF,ETF,US Equity,Large Value,"$12,010,627,691.00",986307.4
NUGT,Direxion Daily Gold Miners Index Bull 2X Shares,"ETF, Leveraged",Miscellaneous,Trading--Leveraged Equity,"$1,708,655,403.00",800490.6
NVDU,Direxion Daily Nvda Bull 2X Shares,"ETF, Leveraged",Miscellaneous,Trading--Leveraged Equity,"$539,927,267.00",658776.6
NXTG,First Trust IndXX NextG ETF,ETF,Sector Equity,Technology,"$455,346,641.00",2882.4
OEF,iShares S&P 100 ETF,ETF,US Equity,Large Blend,"$28,609,699,577.00",814893.7
OIH,VanEck Oil Services ETF,ETF,Sector Equity,Equity Energy,"$2,578,309,021.00",606091.2
ONEO,State Street® SPDR® Russell 1000 Momentum Focus ETF,ETF,US Equity,Mid-Cap Blend,"$26,741,365.00",863.5
ONEV,State Street® SPDR® Russell 1000 Low Volatility Focus ETF,ETF,US Equity,Mid-Cap Value,"$567,937,892.00",5323.8
ONEY,State Street® SPDR® Russell 1000 Yield Focus ETF,ETF,US Equity,Mid-Cap Value,"$861,948,762.00",17112.5
OPER,ClearShares Ultra-Short Maturity ETF,ETF,Taxable Bond,Ultrashort Bond,"$120,072,949.00",3510.2
PALL,abrdn Physical Palladium Shares ETF,ETF,Commodities,Commodities Focused,"$1,171,466,246.00",286444.7
PDP,Invesco Dorsey Wright Momentum ETF,ETF,US Equity,Large Growth,"$1,389,519,590.00",34701.3
PJFG,PGIM Jennison Focused Growth ETF,ETF,US Equity,Large Growth,"$133,563,973.00",4381
PJP,Invesco Pharmaceuticals ETF,ETF,Sector Equity,Health,"$418,420,845.00",16782.2
PKW,Invesco BuyBack Achievers ETF,ETF,US Equity,Mid-Cap Value,"$1,645,061,387.00",21340.9
PMMF,iShares Prime Money Market ETF,ETF,Money Market,Prime Money Market,"$445,265,084.00",118593.3
PPA,Invesco Aerospace & Defense ETF,ETF,Sector Equity,Industrials,"$8,241,184,813.00",400104.1
PPH,VanEck Pharmaceutical ETF,ETF,Sector Equity,Health,"$1,311,134,979.00",290992
PPLT,abrdn Physical Platinum Shares ETF,ETF,Commodities,Commodities Focused,"$3,360,052,408.00",483359.9
PRN,Invesco Dorsey Wright Industrials Momentum ETF,ETF,Sector Equity,Industrials,"$347,355,008.00",23892.6
PSCD,Invesco S&P SmallCap Consumer Discretionary ETF,ETF,Sector Equity,Consumer Cyclical,"$26,130,157.00",854.2
PSCI,Invesco S&P SmallCap Industrials ETF,ETF,Sector Equity,Industrials,"$180,463,980.00",11382.5
PSL,Invesco Dorsey Wright Consumer Staples Momentum ETF,ETF,Sector Equity,Consumer Defensive,"$96,080,238.00",1817.1
PTL,Inspire 500 ETF,ETF,US Equity,Large Blend,"$704,164,151.00",18103.4
PWB,Invesco Large Cap Growth ETF,ETF,US Equity,Large Growth,"$1,572,430,574.00",71720.3
PWRD,TCW Transform Systems ETF,ETF,US Equity,Large Blend,"$1,224,913,429.00",120795.7
PYZ,Invesco Dorsey Wright Basic Materials Momentum ETF,ETF,Sector Equity,Natural Resources,"$104,456,352.00",5631.7
QGRO,American Century U.S. Quality Growth ETF,ETF,US Equity,Large Growth,"$2,212,074,250.00",130329.5
QQEW,First Trust Nasdaq-100 Select Equal Weight ETF,ETF,US Equity,Large Growth,"$1,716,837,623.00",63605.7
QQQ,Invesco QQQ Trust,ETF,US Equity,Large Growth,"$395,032,884,760.00",79629053.4
QQQE,Direxion NASDAQ-100® Equal Weighted Index Shares,ETF,US Equity,Large Growth,"$1,159,652,855.00",357384.2
QQQM,Invesco NASDAQ 100 ETF,ETF,US Equity,Large Growth,"$70,713,226,732.00",4791881.6
QQQP,Tradr 2X Long Innovation 100 Quarterly ETF,"ETF, Leveraged",Miscellaneous,Trading--Leveraged Equity,"$17,450,449.00",2125.6
QQXT,First Trust NASDAQ-100 Ex-Technology Sector Index Fund,ETF,US Equity,Large Blend,"$202,838,503.00",9287.9
QTEC,First Trust NASDAQ-100-Technology Sector Index Fund,ETF,Sector Equity,Technology,"$2,856,522,893.00",239518.8
QTUM,Defiance Quantum ETF,ETF,Sector Equity,Technology,"$3,681,124,595.00",357462.1
QUAL,iShares MSCI USA Quality Factor ETF,ETF,US Equity,Large Blend,"$50,332,422,018.00",2524122.1
QUS,State Street® SPDR® MSCI USA StrategicFactors? ETF,ETF,US Equity,Large Blend,"$1,592,712,154.00",29499.9
QWLD,State Street® SPDR® MSCI World StrategicFactors ETF,ETF,International Equity,Global Large-Stock Blend,"$189,752,244.00",2166.3
RFV,Invesco S&P MidCap 400® Pure Value ETF,ETF,US Equity,Small Value,"$311,496,223.00",7536.6
RMME,Rareview Government Money Market ETF,ETF,Money Market,Money Market-Taxable,"$26,078,271.00",3258.8
ROKT,State Street® SPDR® S&P Kensho Final Frontiers ETF,ETF,Sector Equity,Industrials,"$77,672,207.00",19273.8
RPV,Invesco S&P 500® Pure Value ETF,ETF,US Equity,Mid-Cap Value,"$1,767,977,895.00",174126.3
RSP,Invesco S&P 500® Equal Weight ETF,ETF,US Equity,Large Blend,"$90,676,930,977.00",22583899.5
RTH,VanEck Retail ETF,ETF,Sector Equity,Consumer Cyclical,"$267,488,352.00",5497.4
RWK,Invesco S&P MidCap 400 Revenue ETF,ETF,US Equity,Mid-Cap Value,"$1,139,751,762.00",22665.1
RWL,Invesco S&P 500 Revenue ETF,ETF,US Equity,Large Value,"$8,254,246,580.00",365177.5
RWR,State Street® SPDR® Dow Jones® REIT ETF,ETF,Sector Equity,Real Estate,"$1,690,386,416.00",323333.7
RXI,iShares Global Consumer Discretionary ETF,ETF,Sector Equity,Consumer Cyclical,"$277,122,918.00",7378.1
RZV,Invesco S&P SmallCap 600® Pure Value ETF,ETF,US Equity,Small Value,"$258,110,930.00",4972.2
SBIL,Simplify Government Money Market ETF,ETF,Money Market,Money Market-Taxable,"$4,690,287,528.00",241329.7
SDY,State Street® SPDR® S&P® Dividend ETF,ETF,US Equity,Mid-Cap Value,"$22,071,804,065.00",203983.8
SFY,SoFi Select 500 ETF,ETF,US Equity,Large Growth,"$578,251,018.00",27851
SGDJ,Sprott Junior Gold Miners ETF,ETF,Sector Equity,Equity Precious Metals,"$447,956,501.00",104781.5
SGOV,iShares® 0-3 Month Treasury Bond ETF,ETF,Taxable Bond,Ultrashort Bond,"$75,028,907,362.00",18819375.8
SGVT,Schwab Government Money Market ETF,ETF,Money Market,Money Market-Taxable,"$534,746,856.00",195182.6
SHE,State Street® SPDR® MSCI USA Gender Diversity ETF,ETF,US Equity,Large Blend,"$292,660,025.00",10530.2
SHV,iShares 0–1 Year Treasury Bond ETF,ETF,Taxable Bond,Ultrashort Bond,"$20,244,173,579.00",3353406.9
SIL,Global X Silver Miners ETF,ETF,Sector Equity,Equity Precious Metals,"$7,436,484,928.00",3317895.7
SIZE,iShares MSCI USA Size Factor ETF,ETF,US Equity,Mid-Cap Blend,"$397,483,749.00",5138.2
SKYY,First Trust Cloud Computing ETF,ETF,Sector Equity,Technology,"$2,407,674,040.00",543889.3
SLVO,UBS ETRACS Silver Shares Covered Call ETN,ETN,Commodities,Commodities Focused,"$376,720,690.00",71474.2
SMH,VanEck Semiconductor ETF,ETF,Sector Equity,Technology,"$46,249,939,017.00",11984389.7
SMLV,State Street® SPDR® US Small Cap Low Volatility Index ETF,ETF,US Equity,Small Value,"$216,610,774.00",6289
SMOG,VanEck Low Carbon Energy ETF,ETF,Sector Equity,Miscellaneous Sector,"$139,950,169.00",946.9
SOFR,Amplify Samsung SOFR ETF,ETF,Taxable Bond,Ultrashort Bond,"$398,366,219.00",4145.5
SOXX,iShares Semiconductor ETF,ETF,Sector Equity,Technology,"$21,675,081,719.00",9326777.4
SPGP,Invesco S&P 500 GARP ETF,ETF,US Equity,Large Value,"$2,351,628,806.00",95640.5
SPHB,Invesco S&P 500® High Beta ETF,ETF,US Equity,Mid-Cap Blend,"$641,501,352.00",456343.5
SPMO,Invesco S&P 500® Momentum ETF,ETF,US Equity,Large Blend,"$13,498,782,212.00",1583004.9
SPUU,Direxion Daily S&P 500® Bull 2X Shares,"ETF, Leveraged",Miscellaneous,Trading--Leveraged Equity,"$218,695,597.00",39030.9
SPXL,Direxion Daily S&P500® Bull 3X Shares,"ETF, Leveraged",Miscellaneous,Trading--Leveraged Equity,"$5,575,162,673.00",3840640.6
SPXT,ProShares S&P 500® ex-Technology ETF,ETF,US Equity,Large Blend,"$276,824,359.00",18145.4
SPY,State Street® SPDR® S&P 500® ETF Trust,ETF,US Equity,Large Blend,"$698,270,243,919.00",87447833.3
SPYG,State Street® SPDR® Portfolio S&P 500 Growth ETF,ETF,US Equity,Large Growth,"$43,885,357,728.00",8918273.7
SPYQ,Tradr 2X Long SPY Quarterly ETF,"ETF, Leveraged",Miscellaneous,Trading--Leveraged Equity,"$12,482,109.00",605.5
STIP,iShares 0-5 Year TIPS Bond ETF,ETF,Taxable Bond,Short-Term Inflation-Protected Bond,"$14,128,295,703.00",1170490.7
SUB,iShares Short-Term National Muni Bond ETF,ETF,Municipal Bond,Muni National Short,"$10,874,490,839.00",643201.8
SURE,AdvisorShares Insider Advantage ETF,ETF,US Equity,Mid-Cap Blend,"$51,028,584.00",225.4
SUSA,iShares ESG Optimized MSCI USA ETF,ETF,US Equity,Large Blend,"$3,695,765,336.00",62278
SUSL,iShares ESG MSCI USA Leaders ETF,ETF,US Equity,Large Blend,"$1,038,494,266.00",34570.4
TBLL,Invesco Short Term Treasury ETF,ETF,Taxable Bond,Ultrashort Bond,"$2,425,492,736.00",305244.4
TECL,Direxion Daily Technology Bull 3X Shares,"ETF, Leveraged",Miscellaneous,Trading--Leveraged Equity,"$3,294,610,202.00",1432606.8
TILT,FlexShares Morningstar US Market Factors Tilt Index Fund,ETF,US Equity,Large Blend,"$1,944,323,697.00",10312.7
TIP,iShares TIPS Bond ETF,ETF,Taxable Bond,Inflation-Protected Bond,"$14,353,089,515.00",2624056.1
TIPA,Northern Trust 2030 Inflation-Linked Distributing Ladder ETF,ETF,Taxable Bond,Target Maturity,"$6,043,147.00",3591
TIPB,Northern Trust 2035 Inflation-Linked Distributing Ladder ETF,ETF,Taxable Bond,Target Maturity,"$4,051,562.00",1200.9
TIPC,Northern Trust 2045 Inflation-Linked Distributing Ladder ETF,ETF,Taxable Bond,Target Maturity,"$3,075,449.00",901.1
TIPD,Northern Trust 2055 Inflation-Linked Distributing Ladder ETF,ETF,Taxable Bond,Target Maturity,"$3,092,186.00",855.5
TLH,iShares 10-20 Year Treasury Bond ETF,ETF,Taxable Bond,Long Government,"$12,852,487,513.00",1255582
TOK,iShares MSCI Kokusai ETF,ETF,International Equity,Global Large-Stock Blend,"$233,736,346.00",3286.4
UPRO,ProShares UltraPro S&P500,"ETF, Leveraged",Miscellaneous,Trading--Leveraged Equity,"$4,453,546,274.00",5143823.3
URTH,iShares MSCI World ETF,ETF,International Equity,Global Large-Stock Blend,"$6,917,912,383.00",732754.5
USO,"United States Oil Fund, LP",ETF,Commodities,Commodities Focused,"$1,136,775,534.00",55328015.3
VAW,Vanguard Materials Index Fund ETF Shares,ETF,Sector Equity,Natural Resources,"$4,733,258,053.00",81844.3
VB,Vanguard Small-Cap Index Fund ETF Shares,ETF,US Equity,Small Blend,"$173,790,895,905.00",771349.1
VBK,Vanguard Small-Cap Growth Index Fund ETF Shares,ETF,US Equity,Small Growth,"$40,932,112,157.00",215025
VBR,Vanguard Small-Cap Value Index Fund ETF Shares,ETF,US Equity,Small Value,"$64,184,616,968.00",402563.4
VCR,Vanguard Consumer Discretionary Index Fund ETF Shares,ETF,Sector Equity,Consumer Cyclical,"$6,681,299,586.00",59145.1
VDC,Vanguard Consumer Staples Index Fund ETF Shares,ETF,Sector Equity,Consumer Defensive,"$9,866,492,600.00",234342.6
VDE,Vanguard Energy Index Fund ETF Shares,ETF,Sector Equity,Equity Energy,"$11,324,698,271.00",1952303.4
VFH,Vanguard Financials Index Fund ETF Shares,ETF,Sector Equity,Financial,"$13,886,835,687.00",900142.5
VFMF,Vanguard U.S. Multifactor ETF Shares,ETF,US Equity,Mid-Cap Value,"$558,569,476.00",20753.9
VFMO,Vanguard U.S. Momentum Factor ETF ETF Shares,ETF,US Equity,Mid-Cap Blend,"$1,396,117,716.00",43004.5
VFMV,Vanguard U.S. Minimum Volatility ETF ETF Shares,ETF,US Equity,Mid-Cap Blend,"$390,015,473.00",27118.8
VFQY,Vanguard U.S. Quality Factor ETF Shares,ETF,US Equity,Mid-Cap Blend,"$446,529,647.00",13263.1
VFVA,Vanguard U.S. Value Factor ETF Shares,ETF,US Equity,Mid-Cap Value,"$790,495,337.00",20795.2
VGT,Vanguard Information Technology Index Fund ETF Shares,ETF,Sector Equity,Technology,"$126,508,543,145.00",558609.8
VHT,Vanguard Health Care Index Fund ETF Shares,ETF,Sector Equity,Health,"$20,252,338,034.00",227809.1
VIG,Vanguard Dividend Appreciation Index Fund ETF Shares,ETF,US Equity,Large Blend,"$123,750,855,831.00",1503764.1
VIOG,Vanguard S&P Small-Cap 600 Growth Index Fund ETF Shares,ETF,US Equity,Small Growth,"$892,167,188.00",23681.6
VIOO,Vanguard S&P Small-Cap 600 Index Fund ETF Shares,ETF,US Equity,Small Blend,"$5,406,518,631.00",123743.9
VIOV,Vanguard S&P Small-Cap 600 Value Index Fund ETF Shares,ETF,US Equity,Small Value,"$1,714,642,572.00",51244.3
VIS,Vanguard Industrials Index Fund ETF Shares,ETF,Sector Equity,Industrials,"$8,128,404,315.00",131051.8
VLU,State Street® SPDR® S&P® 1500 Value Tilt ETF,ETF,US Equity,Large Value,"$610,019,420.00",18324.7
VLUE,iShares MSCI USA Value Factor ETF,ETF,US Equity,Large Value,"$10,231,085,110.00",2177809
VO,Vanguard Mid-Cap Index Fund ETF Shares,ETF,US Equity,Mid-Cap Blend,"$210,339,927,632.00",817302.7
VOE,Vanguard Mid-Cap Value Index Fund ETF Shares,ETF,US Equity,Mid-Cap Value,"$36,452,309,646.00",381094
VONE,Vanguard Russell 1000 Index Fund ETF Shares,ETF,US Equity,Large Blend,"$10,574,272,596.00",108576.3
VONG,Vanguard Russell 1000 Growth Index Fund ETF Shares,ETF,US Equity,Large Growth,"$47,037,654,516.00",4599352.9
VOO,Vanguard S&P 500 ETF,ETF,US Equity,Large Blend,"$1,512,901,896,891.00",12473605.4
VOOG,Vanguard S&P 500 Growth Index Fund ETF Shares,ETF,US Equity,Large Growth,"$21,897,789,227.00",378850.2
VOOV,Vanguard S&P 500 Value Index Fund ETF Shares,ETF,US Equity,Large Value,"$6,515,313,250.00",98618.4
VOT,Vanguard Mid-Cap Growth Index Fund ETF Shares,ETF,US Equity,Mid-Cap Growth,"$31,721,479,450.00",260285.1
VOX,Vanguard Communication Services Index Fund ETF Shares,ETF,Sector Equity,Communications,"$6,322,950,430.00",251261.5
VPL,Vanguard FTSE Pacific Index Fund ETF Shares,ETF,International Equity,Diversified Pacific/Asia,"$13,893,573,730.00",3028612.7
VPU,Vanguard Utilities Index Fund ETF Shares,ETF,Sector Equity,Utilities,"$11,029,461,162.00",311303.5
VRTL,GraniteShares 2x Long VRT Daily ETF,"ETF, Leveraged",Miscellaneous,Trading--Leveraged Equity,"$35,467,452.00",115313.4
VSS,Vanguard FTSE All-World ex-US Small-Cap Index Fund ETF Shares,ETF,International Equity,Foreign Small/Mid Blend,"$14,142,532,844.00",378588.3
VT,Vanguard Total World Stock Index Fund ETF Shares,ETF,International Equity,Global Large-Stock Blend,"$83,530,909,008.00",7909663.1
VTEC,Vanguard California Tax-Exempt Bond ETF,ETF,Municipal Bond,Muni California Intermediate,"$2,175,705,933.00",251203.4
VTEI,Vanguard Intermediate-Term Tax-Exempt Bond ETF,ETF,Municipal Bond,Muni National Interm,"$1,314,721,707.00",90663.9
VTEL,Vanguard Long-Term Tax-Exempt Bond ETF Shares,ETF,Municipal Bond,Muni National Long,"$239,785,000.00",42910.2
VTES,Vanguard Short-Term Tax-Exempt Bond ETF Shares,ETF,Municipal Bond,Muni National Short,"$1,766,200,938.00",185492.1
VTHR,Vanguard Russell 3000 Index Fund ETF Shares,ETF,US Equity,Large Blend,"$5,361,389,067.00",39652.8
VTI,Vanguard Total Stock Market Index Fund ETF Shares,ETF,US Equity,Large Blend,"$2,088,924,581,446.00",7202332.8
VTV,Vanguard Value Index Fund ETF Shares,ETF,US Equity,Large Value,"$238,547,156,644.00",5783042.1
VTWG,Vanguard Russell 2000 Growth Index Fund ETF Shares,ETF,US Equity,Small Growth,"$1,438,473,428.00",27069.6
VTWO,Vanguard Russell 2000 Index Fund ETF Shares,ETF,US Equity,Small Blend,"$15,183,703,632.00",5249056.8
VTWV,Vanguard Russell 2000 Value Index Fund ETF Shares,ETF,US Equity,Small Value,"$1,101,417,791.00",34706.3
VUG,Vanguard Growth Index Fund ETF Shares,ETF,US Equity,Large Growth,"$335,907,085,354.00",2113020.5
VV,Vanguard Large-Cap Index Fund ETF Shares,ETF,US Equity,Large Blend,"$67,166,890,362.00",605464.6
VXF,Vanguard Extended Market Index Fund ETF Shares,ETF,US Equity,Mid-Cap Blend,"$85,111,415,558.00",426214.1
VYM,Vanguard High Dividend Yield Index Fund ETF Shares,ETF,US Equity,Large Value,"$92,321,121,038.00",1858720.3
WEEK,Roundhill Weekly T-Bill ETF,ETF,Taxable Bond,Ultrashort Bond,"$147,055,499.00",33500.7
WISD,Wisdom Short Duration Income ETF,ETF,Taxable Bond,Ultrashort Bond,"$376,013,624.00",1870.9
XAR,State Street® SPDR® S&P® Aerospace & Defense ETF,ETF,Sector Equity,Industrials,"$6,179,803,186.00",432099.5
XBI,State Street® SPDR® S&P® Biotech ETF,ETF,Sector Equity,Health,"$8,055,643,099.00",9994563.2
XES,State Street® SPDR® S&P® Oil & Gas Equipment & Services ETF,ETF,Sector Equity,Equity Energy,"$441,831,188.00",175247.3
XHB,State Street® SPDR® S&P® Homebuilders ETF,ETF,Sector Equity,Consumer Cyclical,"$1,857,374,541.00",2673556.8
XHS,State Street® SPDR® S&P® Health Care Services ETF,ETF,Sector Equity,Health,"$92,167,937.00",6625
XITK,State Street® SPDR® FactSet Innovative Technology ETF,ETF,Sector Equity,Technology,"$60,688,027.00",3102.6
XLC,State Street® Communication Services Select Sector SPDR® ETF,ETF,Sector Equity,Communications,"$27,163,583,654.00",9442617
XLI,State Street® Industrial Select Sector SPDR® ETF,ETF,Sector Equity,Industrials,"$31,647,199,302.00",17149251.6
XLK,State Street® Technology Select Sector SPDR® ETF,ETF,Sector Equity,Technology,"$87,685,671,784.00",20370138.9
XLV,State Street® Health Care Select Sector SPDR® ETF,ETF,Sector Equity,Health,"$43,115,045,042.00",16799966.7
XLY,State Street® Consumer Discretionary Select Sector SPDR® ETF,ETF,Sector Equity,Consumer Cyclical,"$22,737,530,167.00",13774212.4
XME,State Street® SPDR® S&P® Metals & Mining ETF,ETF,Sector Equity,Natural Resources,"$4,624,065,942.00",2837580.4
XMHQ,Invesco S&P MidCap Quality ETF,ETF,US Equity,Mid-Cap Blend,"$5,335,720,789.00",305097.3
XMMO,Invesco S&P MidCap Momentum ETF,ETF,US Equity,Mid-Cap Blend,"$5,700,565,891.00",298517.5
XNTK,State Street® SPDR® NYSE Technology ETF,ETF,Sector Equity,Technology,"$1,525,551,879.00",37443.3
XOP,State Street® SPDR® S&P® Oil & Gas Exploration & Production ETF,ETF,Sector Equity,Equity Energy,"$2,690,202,542.00",7292787.9
XSD,State Street® SPDR® S&P® Semiconductor ETF,ETF,Sector Equity,Technology,"$1,747,495,066.00",40155.1
XSW,State Street® SPDR® S&P® Software & Services ETF,ETF,Sector Equity,Technology,"$372,165,392.00",122965.9
XTL,State Street® SPDR® S&P® Telecom ETF,ETF,Sector Equity,Communications,"$294,573,042.00",37281.8