ticker,gi_score,gi_date,name,sector,close,volume,change_pct,market_cap
GETY,91.4,2026-09-30,"Getty Images Holdings, Inc.",Technology services,0.086,16290800,3.61,36030475.0
CTVA,89.3,2026-10-01,"Corteva, Inc.",Process industries,12.57,87923019,-12.95,8407067400.0
HVII,88.5,2026-09-28,Hennessy Capital Investment Corp. VII,Finance,2.15,330000,-4.87,116064052.0
QURE,87.7,2026-10-01,uniQure N.V.,Health technology,23.37,2622487,-3.99,1621092768.0
HYLS,86.2,2026-10-01,First Trust Tactical High Yield ETF,Fixed income,39.37,335948,0.2,1655948172.0
PCY,85.9,2026-10-01,Invesco Emerging Markets Sovereign Debt ETF,Fixed income,19.82,691089,0.05,1412853056.0
AXG,85.4,2026-10-01,Solowin Holdings,Finance,0.129,7641678,-0.69,5611500.0
DCRE,85.0,2026-10-01,DoubleLine Commercial Real Estate Debt ETF,Fixed income,50.74,435470,0.22,453212527.0
NESR,84.8,2026-10-01,National Energy Services Reunited Corp,Industrial services,24.94,2993823,-1.62,2514626303.0
QHY,84.7,2026-10-01,WisdomTree U.S. High Yield Corporate Bond Fund,Fixed income,44.25,25714,0.2,239546266.0
STC,84.6,2026-10-01,Stewart Information Services Corporation,Finance,50.66,645940,2.05,1541436886.0
KDK,84.1,2026-10-01,"Kodiak AI, Inc.",Producer manufacturing,1.67,9337276,-13.02,322561606.0
UHT,83.8,2026-10-01,Universal Health Realty Income Trust,Finance,36.43,318451,-2.7,505488108.0
CARY,83.7,2026-10-01,Angel Oak Income ETF,Fixed income,20.13,816207,0.05,1287472161.0
CVRX,83.5,2026-10-01,"CVRx, Inc.",Health technology,1.53,1452981,-12.57,40599994.0
BBHY,83.5,2026-10-01,JPMorgan BetaBuilders USD High Yield Corporate Bond ETF,Fixed income,44.14,712869,0.2,612761850.0
SHYL,83.4,2026-10-01,Xtrackers Short Duration High Yield Bond ETF,Fixed income,42.74,31362,0.09,265668617.0
SGHC,83.4,2026-10-01,Super Group (SGHC) Limited,Consumer services,11.36,4624420,0.18,5771752312.0
HYGV,83.3,2026-10-01,FlexShares High Yield Value-Scored Bond Index Fund,Fixed income,38.58,237153,0.13,1106543409.0
BSJU,83.2,2026-10-01,Invesco BulletShares 2030 High Yield Corporate Bond ETF,Fixed income,24.93,144011,0.2,182489991.0
UNIY,83.1,2026-09-30,WisdomTree Voya Yield Enhanced USD Universal Bond Fund,Fixed income,46.0355,8,0.07,1351944125.0
BKHY,82.9,2026-10-01,BNY Mellon High Yield ETF,Fixed income,45.55,173417,0.29,386442424.0
TARA,82.6,2026-10-01,"Protara Therapeutics, Inc.",Health technology,2.76,4998841,-9.8,155123592.0
HTAB,82.6,2026-10-01,Hartford Schroders Tax-Aware Bond ETF,Fixed income,17.95,358320,0.5,298710615.0
LMBS,82.5,2026-10-01,First Trust Low Duration Opportunities ETF,Fixed income,48.53,1205115,0.19,6372459764.0
DVAL,82.5,2026-10-01,BrandywineGLOBAL-Dynamic US Large Cap Value ETF,Equity,15.2,1489,0.46,74012625.0
BMA,82.4,2026-10-01,Banco Macro S.A.,Finance,65.34,698847,-1.3,4177776416.0
LQDA,82.2,2026-10-01,Liquidia Corporation,Health technology,27.99,21542161,16.82,2489097491.0
IBHI,82.1,2026-10-01,iShares iBonds 2029 Term High Yield and Income ETF,Fixed income,22.7,346486,0.31,487639016.0
SJNK,82.0,2026-10-01,State Street SPDR Bloomberg Short Term High Yield Bond ETF,Fixed income,24.13,7626471,0.12,4885122234.0
FUMB,82.0,2026-10-01,First Trust Ultra Short Duration Municipal ETF,Fixed income,19.92,399322,0.15,243053895.0
CSPF,81.8,2026-10-01,Cohen & Steers Preferred and Income Opportunities Active ETF,Fixed income,25.11,239768,-0.52,47542209.0
HYG,81.8,2026-10-01,iShares iBoxx $ High Yield Corporate Bond ETF,Fixed income,76.9,115415364,0.2,17171424417.0
VCLT,81.7,2026-10-01,Vanguard Long-Term Corporate Bond ETF,Fixed income,68.41,8199243,0.86,9991079999.0
XMLV,81.7,2026-10-01,Invesco S&P MidCap Low Volatility ETF,Equity,62.97,40495,0.22,726245017.0
UNIT,81.4,2026-10-01,Uniti Group Inc.,Finance,7.94,5631304,-4.8,1927237572.0
VCOB,81.4,2026-10-01,Voya Core Bond ETF,Fixed income,47.3124,4,-0.58,5420240229.0
MEAR,81.4,2026-10-01,iShares Short Maturity Municipal Bond Active ETF,Fixed income,49.59,457685,-0.12,1413449925.0
CORP,81.3,2026-10-01,PIMCO Investment Grade Corporate Bond Index Exchange-Traded Fund,Fixed income,91.63,224037,0.39,1598014166.0
FLGV,81.3,2026-10-01,Franklin U.S. Treasury Bond ETF,Fixed income,19.43,154555,0.41,1035204976.0
SPHY,81.3,2026-10-01,State Street SPDR Portfolio High Yield Bond ETF,Fixed income,22.47,20497295,0.18,11353527244.0
ESNT,81.3,2026-10-01,Essent Group Ltd.,Finance,58.86,1249791,0.98,5424117340.0
TLK,81.3,2026-10-01,"PT Telekomunikasi Indonesia, Tbk",Communications,12.42,1219005,-1.82,12243750786.0
VTC,81.2,2026-10-01,Vanguard Total Corporate Bond ETF,Fixed income,72.63,338097,0.62,1751347974.0
MKC,81.2,2026-10-01,"McCormick & Company, Incorporated",Consumer non-durables,44.14,8909969,-5.68,11867107638.0
GNL,81.1,2026-10-01,"Global Net Lease, Inc.",Finance,8.24,3182119,-0.24,1746311440.0
HYLB,81.1,2026-10-01,Xtrackers USD High Yield Corporate Bond ETF,Fixed income,35.01,4664720,0.2,3473285409.0
ACAD,81.1,2026-10-01,ACADIA Pharmaceuticals Inc.,Health technology,19.89,2731326,-0.3,3405884040.0
CALM,81.0,2026-10-01,"Cal-Maine Foods, Inc.",Process industries,65.84,2168811,-1.66,3089021864.0
JHMB,80.9,2026-10-01,John Hancock Mortgage-Backed Securities ETF,Fixed income,20.85,179674,1.16,205871465.0
GGAL,80.9,2026-10-01,Grupo Financiero Galicia S.A.,Finance,36.07,1697292,-2.51,5793862096.0
SPTL,80.9,2026-10-01,State Street SPDR Portfolio Long Term Treasury ETF,Fixed income,23.82,24589514,0.89,10429375270.0
REM,80.8,2026-10-01,iShares Mortgage Real Estate ETF,Equity,18.0,1942605,-1.15,557307586.0
SYFI,80.8,2026-10-01,AB Short Duration High Yield ETF,Fixed income,34.72,339753,0.03,923179998.0
OZ,80.8,2026-10-01,"Belpointe PREP, LLC",Finance,41.42,21462,0.98,161459468.0
HYS,80.7,2026-10-01,PIMCO 0-5 Year High Yield Corporat Bond Index Exchange-Traded Fund,Fixed income,89.92,364853,0.1,1689829322.0
LTPZ,80.6,2026-10-01,Pimco 15 Year U.S. TIPS Index Exchange-Traded Fund,Fixed income,45.06,983153,0.96,700696355.0
USHY,80.6,2026-10-01,iShares Broad USD High Yield Corporate Bond ETF,Fixed income,35.5,49588006,0.17,28615394814.0
IBHH,80.6,2026-10-01,iShares iBonds 2028 Term High Yield and Income ETF,Fixed income,23.07,347063,0.22,453746400.0
VEL,80.5,2026-10-01,"Velocity Financial, Inc.",Finance,14.61,380971,-2.4,573519655.0
CAG,80.5,2026-10-01,"ConAgra Brands, Inc.",Consumer non-durables,13.2,27150931,-0.38,6317071200.0
NLY,80.5,2026-10-01,Annaly Capital Management Inc.,Finance,18.7,22498703,-0.27,14094451800.0
ACEL,80.4,2026-10-01,"Accel Entertainment, Inc.",Consumer services,10.59,600450,-1.12,861950811.0
LADR,80.4,2026-10-01,Ladder Capital Corp,Finance,8.72,1589699,0.11,1106265521.0
MORT,80.4,2026-10-01,VanEck Mortgage REIT Income ETF,Equity,8.01,2881515,-0.74,408062419.0
JNK,80.3,2026-10-01,State Street SPDR Bloomberg High Yield Bond ETF,Fixed income,92.3,8398472,0.18,7363857131.0
TLT,80.3,2026-10-01,iShares 20+ Year Treasury Bond ETF,Fixed income,77.71,82593139,1.0,41280959674.0
BBBI,80.3,2026-10-01,BondBloxx BBB Rated 5-10 Year Corporate Bond ETF,Fixed income,48.59,164070,0.48,53539681.0
FEP,80.3,2026-10-01,First Trust Europe AlphaDEX Fund,Equity,55.58,47073,-0.96,513729726.0
NMIH,80.3,2026-10-01,NMI Holdings Inc,Finance,38.08,1633545,1.38,2893009952.0
FALN,80.3,2026-10-01,iShares Fallen Angels USD Bond ETF,Fixed income,25.77,2549001,0.12,1637977330.0
ARCO,80.3,2026-10-01,Arcos Dorados Holdings Inc.,Consumer services,6.91,6639085,-2.68,1455681662.0
JFLX,80.2,2026-10-01,JPMorgan Flexible Debt ETF,Fixed income,48.77,291792,0.89,1503541469.0
EDV,80.2,2026-10-01,Vanguard Extended Duration Treasury ETF,Fixed income,54.85,2569431,1.46,4141089457.0
GIGB,80.2,2026-10-01,Goldman Sachs Access Investment Grade Corporate Bond ETF,Fixed income,43.44,146638,0.6,970591181.0
CGMS,80.2,2026-10-01,Capital Group U.S. Multi-Sector Income ETF,Fixed income,26.24,1591319,0.27,5199355492.0
EMHC,80.1,2026-10-01,State Street SPDR Bloomberg Emerging Markets USD Bond ETF,Fixed income,23.71,127788,-0.04,272222231.0
AVXL,80.1,2026-10-01,Anavex Life Sciences Corp.,Health technology,1.89,2342541,-5.5,175149623.0
AIR,80.1,2026-10-01,AAR Corp.,Electronic technology,99.9,966101,-1.5,3985257953.0
HYFI,79.9,2026-10-01,AB High Yield ETF,Fixed income,35.95,464095,0.42,331702044.0
SPHD,79.9,2026-10-01,Invesco S&P 500 High Dividend Low Volatility ETF,Equity,48.08,1286116,0.0,3339866709.0
IBCA,79.9,2026-10-01,iShares iBonds Dec 2035 Term Corporate ETF,Fixed income,24.03,552637,0.67,92567487.0
FLCB,79.8,2026-10-01,Franklin U.S. Core Bond ETF,Fixed income,20.4,1458939,0.59,3058238409.0
XEMD,79.8,2026-10-01,BondBloxx JP Morgan USD Emerging Markets 1-10 Year Bond ETF,Fixed income,42.71,468411,0.07,841817901.0
MGM,79.8,2026-10-01,MGM Resorts International,Consumer services,30.47,5083021,-2.09,7666245754.0
WLK,79.7,2026-10-01,Westlake Corporation,Process industries,62.47,1988977,2.98,8003840312.0
EMB,79.7,2026-10-01,iShares J.P. Morgan USD Emerging Markets Bond ETF,Fixed income,90.26,18905832,0.16,14637927632.0
TMF,79.7,2026-10-01,Direxion Daily 20-Yr Treasury Bull 3x Shrs,Fixed income,25.82,18235476,2.91,2226400612.0
ONIT,79.7,2026-10-01,Onity Group Inc.,Finance,27.55,309145,-2.48,232305457.0
MTG,79.6,2026-10-01,MGIC Investment Corporation,Finance,26.37,4770748,1.19,5409146250.0
VWOB,79.6,2026-10-01,Vanguard Emerging Markets Government Bond ETF,Fixed income,62.7,2114875,0.08,6766732649.0
VPLS,79.6,2026-10-01,Vanguard Core Plus Bond ETF,Fixed income,73.82,1685841,0.37,811676107.0
FLG,79.5,2026-10-01,"Flagstar Bank, N.A.",Finance,11.69,6535388,1.12,4872567350.0
IBND,79.4,2026-10-01,SPDR Bloomberg International Corporate Bond ETF,Fixed income,29.66,94935,-0.3,460505700.0
RWO,79.4,2026-10-01,State Street SPDR Dow Jones Global Real Estate ETF,Equity,46.21,380615,-0.3,1228070305.0
TCPB,79.4,2026-10-01,Thrivent Core Plus Bond ETF,Fixed income,48.34,57841,0.19,258164619.0
PEBO,79.3,2026-10-01,Peoples Bancorp Inc.,Finance,36.89,778707,1.43,1325824829.0
JPRE,79.3,2026-10-01,JPMorgan Realty Income ETF,Equity,49.13,41541,-0.41,475853996.0
NKTR,79.3,2026-10-01,Nektar Therapeutics,Health technology,46.99,6257728,-15.2,1348047381.0
FDHY,79.2,2026-10-01,Fidelity Enhanced High Yield ETF,Fixed income,47.48,228809,0.0,540969270.0
FICO,79.2,2026-10-01,Fair Isaac Corporation,Commercial services,661.75,2946401,4.21,14292235623.0
SIO,79.2,2026-10-01,Touchstone Strategic Income Opportunities ETF,Fixed income,24.58,51093,0.33,269752490.0
RPAR,79.1,2026-10-01,RPAR Risk Parity ETF,Alternatives,21.13,103899,0.62,597173331.0
HYDB,79.1,2026-10-01,iShares High Yield Systematic Bond ETF,Fixed income,44.67,490854,0.13,1644446736.0
FDV,79.1,2026-10-01,Federated Hermes U.S. Strategic Dividend ETF,Equity,31.47,210753,0.06,532615122.0
VGLT,79.1,2026-10-01,Vanguard Long-Term Treasury ETF,Fixed income,50.07,6845994,0.91,15090254064.0
JCPI,79.1,2026-10-01,JPMorgan Inflation Managed Bond ETF,Fixed income,46.11,163269,0.13,847498134.0
FXG,79.1,2026-10-01,First Trust Cons. Staples AlphaDEX,Equity,57.39,69155,-0.42,228566552.0
LGLV,79.0,2026-10-01,State Street SPDR US Large Cap Low Volatility Index ETF,Equity,174.48,115289,0.05,1146653736.0
DFGR,78.9,2026-10-01,Dimensional Global Real Estate ETF,Equity,26.82,1077201,-0.48,3654379271.0
STWD,78.9,2026-10-01,Starwood Property Trust Inc.,Finance,13.18,8308366,-1.64,4886466153.0
MDIV,78.9,2026-10-01,Multi-Asset Diversified Income Index Fund,Asset allocation,15.73,31307,-0.32,419293343.0
TLTW,78.8,2026-10-01,iShares 20+ Year Treasury Bond BuyWrite Strategy ETF,Fixed income,20.32,3905151,0.89,1817024452.0
ZROZ,78.8,2026-10-01,PIMCO 25 Year Zero Coupon U.S. Treasury Index Exchange-Traded Fund,Fixed income,53.64,1936810,1.86,1349415735.0
QLTA,78.8,2026-10-01,iShares Aaa A Rated Corporate Bond ETF,Fixed income,44.95,166090,1.17,1562570939.0
SPLB,78.8,2026-10-01,State Street SPDR Portfolio Long Term Corporate Bond ETF,Fixed income,20.34,4613439,0.94,824323908.0
IBDX,78.7,2026-10-01,iShares iBonds Dec 2032 Term Corporate ETF,Fixed income,24.04,620260,0.38,1704347902.0
RCI,78.7,2026-10-01,"Rogers Communication, Inc.",Communications,30.72,1273101,-0.81,16595720878.0
PTRB,78.7,2026-10-01,PGIM Total Return Bond ETF,Fixed income,39.49,319245,0.46,1152036332.0
CEMB,78.6,2026-10-01,iShares J.P. Morgan EM Corporate Bond ETF,Fixed income,43.71,146375,-0.07,399624909.0
FLHY,78.6,2026-10-01,Franklin High Yield Corporate ETF,Fixed income,23.26,533473,0.09,863763065.0
HYBB,78.6,2026-10-01,iShares BB Rated Corporate Bond ETF,Fixed income,44.83,18876,0.18,432332500.0
EMHY,78.6,2026-10-01,iShares J.P. Morgan EM High Yield Bond ETF,Fixed income,38.38,126121,-0.08,610814630.0
STOT,78.6,2026-10-01,State Street DoubleLine Short Duration Total Return Tactical ETF,Fixed income,46.16,127473,0.04,473458434.0
JCPB,78.6,2026-10-01,JPMorgan Core Plus Bond ETF,Fixed income,44.64,6079553,0.34,13634265814.0
RDN,78.6,2026-10-01,Radian Group Inc.,Finance,31.22,2783391,1.63,4151479500.0
IGF,78.5,2026-10-01,iShares Global Infrastructure ETF,Equity,61.31,1379024,0.0,10646432717.0
AIV,78.5,2026-10-01,Apartment Investment and Management Company,Finance,1.99,5223875,-0.5,286273440.0
NFLT,78.5,2026-10-01,Virtus Newfleet Multi-Sector Bond ETF,Fixed income,22.09,102586,0.55,441913739.0
DIVZ,78.4,2026-10-01,Polen Dividend Income ETF,Equity,36.39,39497,0.25,268823393.0
LINE,78.4,2026-10-01,"Lineage, Inc.",Finance,33.97,1814485,-0.67,7734098179.0
CTEV,78.4,2026-10-01,Claritev Corporation,Technology services,21.31,188763,1.43,363288384.0
IGLB,78.3,2026-10-01,iShares 10 Year Investment Grade Corporate Bond ETF,Fixed income,45.56,3706415,0.51,2629339942.0
CSRE,78.3,2026-10-01,Cohen & Steers Real Estate Active ETF,Equity,26.58,331146,-0.41,68021634.0
OCUL,78.2,2026-10-01,"Ocular Therapeutix, Inc.",Health technology,7.29,4505167,-4.46,1596218400.0
SPRE,78.2,2026-10-01,SP Funds S&P Global REIT Sharia ETF,Equity,18.66,74202,-1.06,212129054.0
IBDV,78.2,2026-10-01,iShares iBonds Dec 2030 Term Corporate ETF,Fixed income,21.09,1299739,0.24,3206936737.0
EVSM,78.2,2026-10-01,Eaton Vance Short Duration Municipal Income ETF,Fixed income,49.22,919958,0.08,372318019.0
SCYB,78.2,2026-10-01,Schwab High Yield Bond ETF,Fixed income,25.06,1921270,0.08,2755857780.0
WWJD,78.2,2026-10-01,Inspire International ETF,Equity,38.19,130190,-1.01,556490320.0
IFLN,78.2,2026-10-01,Invesco Bloomberg Enhanced Fallen Angels ETF,Fixed income,17.44,79886,0.23,319013211.0
BGRN,78.1,2026-10-01,iShares USD Green Bond ETF,Fixed income,45.5,143811,0.22,499302363.0
EFC,78.1,2026-10-01,Ellington Financial Inc.,Finance,11.69,2529667,-0.93,1465855860.0
JHPI,78.1,2026-10-01,John Hancock Preferred Income ETF,Fixed income,21.76,58028,0.46,120135643.0
IGIB,78.1,2026-10-01,iShares 5-10 Year Investment Grade Corporate Bond ETF,Fixed income,50.25,6360611,0.42,18526638719.0
SYSB,78.0,2026-10-01,iShares Systematic Bond ETF,Fixed income,84.13,102354,0.59,1167537106.0
JMST,78.0,2026-10-01,JPMorgan Ultra-Short Municipal Income ETF,Fixed income,50.51,2310812,0.1,7108890766.0
JBND,78.0,2026-10-01,JPMorgan Active Bond ETF,Fixed income,50.97,3488797,0.31,8561664121.0
BBAG,78.0,2026-10-01,JPMorgan BetaBuilders U.S. Aggregate Bond ETF,Fixed income,43.73,1321627,0.39,1031181553.0
CWST,78.0,2026-10-01,"Casella Waste Systems, Inc.",Industrial services,78.07,712170,-2.58,4888876119.0
SPIB,77.9,2026-10-01,State Street SPDR Portfolio Intermediate Term Corporate Bond ETF,Fixed income,32.23,6663886,0.37,11563944200.0
NNN,77.9,2026-10-01,"NNN REIT, Inc.",Finance,40.2,2740824,-1.81,7647976715.0
SRVR,77.9,2026-10-01,Pacer Data & Infrastructure Real Estate ETF,Equity,28.17,112164,-0.63,387952750.0
DSCO,77.9,2026-10-01,DoubleLine Securitized Credit ETF,Fixed income,24.28,81369,-0.21,138453700.0
WIP,77.9,2026-10-01,SPDR FTSE International Government Inflation-Protected Bond ETF,Fixed income,37.8,77240,-0.21,515878598.0
FDL,77.9,2026-10-01,First Trust Morningstar ETF,Equity,49.25,688179,-0.08,7472276617.0
TLH,77.8,2026-10-01,iShares 10-20 Year Treasury Bond ETF,Fixed income,92.02,3447462,0.8,11235825719.0
FCOR,77.8,2026-10-01,Fidelity Corporate Bond ETF,Fixed income,44.7,81446,0.43,353866051.0
FTMH,77.7,2026-10-01,Franklin Municipal High Yield ETF,Fixed income,10.85,1689047,0.0,565136016.0
CMPX,77.7,2026-10-01,"Compass Therapeutics, Inc.",Health technology,0.9011,10051070,-12.51,162277297.0
LBTYA,77.7,2026-10-01,Liberty Global Ltd.,Communications,8.92,3796574,-3.04,2930968290.0
BBAR,77.7,2026-10-01,Banco BBVA Argentina S.A.,Finance,12.43,941283,-2.05,2538661758.0
GTO,77.7,2026-10-01,Invesco Total Return Bond ETF,Fixed income,44.66,689933,0.38,2422484269.0
SEG,77.7,2026-10-01,Seaport Entertainment Group Inc.,Consumer services,22.74,106468,-0.83,291115433.0
IBDW,77.7,2026-10-01,iShares iBonds Dec 2031 Term Corporate ETF,Fixed income,20.03,1601622,0.35,2473753037.0
FLXR,77.7,2026-10-01,TCW Flexible Income ETF,Fixed income,37.77,1676253,0.29,1828413644.0
PGHY,77.6,2026-10-01,Invesco Global ex-US High Yield Corporate Bond ETF,Fixed income,19.02,37148,0.05,221831730.0
GOVI,77.6,2026-10-01,Invesco Equal Weight 0-30 Year Treasury ETF,Fixed income,25.32,363218,0.68,823814925.0
VSNT,77.6,2026-10-01,"Versant Media Group, Inc.",Consumer services,30.84,2442670,-2.0,4363798844.0
SHYG,77.6,2026-10-01,iShares 0-5 Year High Yield Corporate Bond ETF,Fixed income,41.05,2643622,0.17,7621733237.0
FMC,77.6,2026-10-01,FMC Corporation,Process industries,8.56,8534817,-4.04,1071941742.0
THYF,77.5,2026-10-01,T. Rowe Price U.S. High Yield ETF,Fixed income,49.81,19772,0.3,851776338.0
FPEI,77.5,2026-10-01,First Trust Institutional Preferred Securities and Income ETF,Fixed income,18.4,1609377,0.55,1915781712.0
LQD,77.5,2026-10-01,iShares iBoxx $ Investment Grade Corporate Bond ETF,Fixed income,102.03,45308996,0.59,33040734088.0
AGZ,77.5,2026-10-01,iShares Agency Bond ETF,Fixed income,106.53,65264,0.31,558906602.0
BKAG,77.5,2026-10-01,BNY Mellon Core Bond ETF,Fixed income,39.92,1367469,0.33,2145712847.0
UCON,77.5,2026-10-01,First Trust Smith Unconstrained Bond ETF,Fixed income,23.75,2594159,0.17,3307288867.0
ENLV,77.4,2026-10-01,Enlivex Therapeutics Ltd.,Health technology,0.4227,755091,-14.09,7114893.0
DOMO,77.4,2026-09-28,"Domo, Inc.",Technology services,3.31,1092854,-1.19,155392375.0
TOLZ,77.4,2026-10-01,ProShares DJ Brookfield Global Infrastructure ETF,Equity,54.34,10961,0.69,190319279.0
REZ,77.4,2026-10-01,iShares Residential and Multisector Real Estate ETF,Equity,87.68,215968,-0.48,859608099.0
ACT,77.3,2026-10-01,"Enact Holdings, Inc.",Finance,44.15,604901,2.36,6163384150.0
FTXO,77.3,2026-10-01,First Trust Nasdaq Bank ETF,Equity,38.68,214104,0.39,308538127.0
PFIG,77.3,2026-10-01,Invesco Fundamental Investment Grade Corporate Bond ETF,Fixed income,23.11,9998,0.48,115918359.0
CAM,77.3,2026-10-01,AB California Intermediate Municipal ETF,Fixed income,24.12,332087,-0.17,1201148705.0
SPBO,77.2,2026-10-01,State Street SPDR Portfolio Corporate Bond ETF,Fixed income,27.44,1858016,0.48,1996436760.0
WCN,77.2,2026-10-01,"Waste Connections, Inc.",Industrial services,150.66,1623259,-2.05,37973853000.0
BLV,77.2,2026-10-01,Vanguard Long-Term Bond ETF,Fixed income,62.63,1135568,0.85,8632240647.0
CACC,77.2,2026-10-01,Credit Acceptance Corporation,Finance,511.95,231452,-3.2,5355048195.0
VRP,77.2,2026-10-01,Invesco Variable Rate Preferred ETF,Fixed income,23.64,1344305,-0.13,2965718044.0
ANGL,77.1,2026-10-01,VanEck Fallen Angel High Yield Bond ETF,Fixed income,27.61,1396837,0.15,3127674714.0
FFAI,77.1,2026-10-01,Faraday Future Intelligent Electric Inc.,Consumer durables,1.25,2909362,-0.79,2532508.0
SCHJ,77.1,2026-10-01,Schwab 1-5 Year Corporate Bond ETF,Fixed income,24.05,1164474,0.17,870178814.0
MLPA,77.1,2026-10-01,Global X MLP ETF,Equity,53.67,215009,0.81,2141558039.0
EELV,77.0,2026-10-01,Invesco S&P Emerging Markets Low Volatility ETF,Equity,27.7,129518,-0.68,417246311.0
DX,77.0,2026-10-01,"Dynex Capital, Inc.",Finance,11.08,9032314,-0.27,2741519425.0
FPE,77.0,2026-10-01,First Trust Preferred Securities and Income ETF,Fixed income,17.07,3100501,0.18,6306154663.0
WES,77.0,2026-10-01,"Western Midstream Partners, LP",Industrial services,44.38,2135917,0.34,18336573360.0
HYBL,77.0,2026-10-01,State Street Blackstone High Income ETF,Fixed income,27.4,118418,0.04,570147847.0
XTEN,76.9,2026-10-01,BondBloxx Bloomberg Ten Year Target Duration US Treasury ETF,Fixed income,42.32,1264057,0.71,1050701270.0
YLDE,76.9,2026-10-01,Franklin ClearBridge Enhanced Income ETF,Equity,54.15,24555,-0.24,125817103.0
CLB,76.8,2026-10-01,Core Laboratories Inc.,Energy minerals,9.76,781514,0.21,449903792.0
EFX,76.8,2026-10-01,"Equifax, Inc.",Commercial services,139.73,2003610,-0.14,16416164518.0
FAF,76.8,2026-10-01,First American Corporation (New),Finance,61.51,1716991,1.05,6280171000.0
ABR,76.8,2026-10-01,Arbor Realty Trust,Finance,3.71,6965099,-3.39,713659310.0
ADAM,76.8,2026-10-01,"Adamas Trust, Inc.",Finance,7.78,1128322,0.39,699119358.0
VFH,76.8,2026-10-01,Vanguard Financials ETF,Equity,130.38,1252589,0.47,14039394055.0
AVD,76.8,2026-10-01,American Vanguard Corporation,Process industries,1.75,510874,1.16,50060325.0
CGDG,76.8,2026-10-01,Capital Group Dividend Growers ETF,Equity,36.79,1650452,-0.35,5228979487.0
NBSD,76.8,2026-10-01,Neuberger Berman Short Duration Income ETF,Fixed income,49.92,315120,0.2,369476256.0
AKR,76.8,2026-10-01,Acadia Realty Trust,Finance,18.68,1320673,-0.37,2565322457.0
FIXD,76.7,2026-10-01,First Trust Smith Opportunistic Fixed Income ETF,Fixed income,41.33,1788016,0.51,3293863253.0
PENN,76.7,2026-10-01,"PENN Entertainment, Inc.",Consumer services,14.52,4586309,-1.09,1941969429.0
FGD,76.7,2026-10-01,First Trust DJ Global Select Dividend,Equity,32.79,176550,-0.15,1435131576.0
LGOV,76.7,2026-10-01,First Trust Long Duration Opportunities ETF,Fixed income,19.63,467056,0.62,653840487.0
BNDP,76.7,2026-10-01,Vanguard Core-Plus Bond Index ETF,Fixed income,70.94,58044,0.64,3707972775.0
GEL,76.6,2026-10-01,"Genesis Energy, L.P.",Process industries,13.68,784983,-0.07,1674764711.0
ORC,76.6,2026-10-01,"Orchid Island Capital, Inc.",Finance,5.23,10325400,-3.33,907410010.0
VCEB,76.6,2026-10-01,Vanguard World Funds ETF,Fixed income,59.53,211069,0.64,1243957171.0
PCT,76.6,2026-10-01,"PureCycle Technologies, Inc.",Industrial services,4.29,5792188,-2.72,861078290.0
FIIG,76.6,2026-10-01,First Trust Intermediate Duration Investment Grade Corporate ETF,Fixed income,19.67,252379,0.51,660059707.0
CPAG,76.6,2026-10-01,F/m Compoundr U.S. Aggregate Bond ETF,Fixed income,99.0,13800,0.59,7033953.0
ILTB,76.6,2026-10-01,iShares Core 10 Year USD Bond ETF,Fixed income,44.73,188999,0.52,622448747.0
NUBD,76.6,2026-10-01,Nuveen ESG U.S. Aggregate Bond ETF,Fixed income,21.15,265214,0.67,457738138.0
FXE,76.6,2026-10-01,Invesco CurrencyShares Euro Currency Trust,Currency,103.66,115255,-0.39,347246133.0
FLEE,76.5,2026-10-01,Franklin FTSE Europe ETF,Equity,37.27,1558,-0.29,117192413.0
FLCO,76.5,2026-10-01,Franklin Investment Grade Corporate ETF,Fixed income,20.27,68632,0.7,584591430.0
SAFE,76.5,2026-10-01,Safehold Inc. New,Finance,11.79,1080675,0.34,844281924.0
SCHH,76.5,2026-10-01,Schwab U.S. REIT ETF,Equity,21.86,14860430,-0.32,10926972288.0
IBHG,76.5,2026-10-01,iShares iBonds 2027 Term High Yield and Income ETF,Fixed income,21.71,124375,0.09,503729485.0
SCHQ,76.5,2026-10-01,Schwab Long-Term U.S. Treasury ETF,Fixed income,28.42,1693222,0.89,755457267.0
VCIT,76.4,2026-10-01,Vanguard Intermediate-Term Corporate Bond ETF,Fixed income,78.13,17221628,0.57,69296666485.0
VMBS,76.4,2026-10-01,Vanguard Mortgage-Backed Securities ETF,Fixed income,44.38,5563193,-0.07,17393765888.0
EMLP,76.4,2026-10-01,First Trust North American Energy Infrastructure Fund,Equity,41.27,251607,0.78,4129633608.0
O,76.4,2026-10-01,Realty Income Corporation,Finance,53.53,11238291,-1.33,49916350290.0
POR,76.4,2026-10-01,Portland General Electric Co,Utilities,44.76,1535182,0.88,5180074800.0
AGG,76.4,2026-10-01,iShares Core U.S. Aggregate Bond ETF,Fixed income,94.42,15156548,0.49,137123689337.0
CALI,76.4,2026-10-01,iShares Short-Term California Muni Active ETF,Fixed income,49.76,188224,-0.1,213456156.0
IIPR,76.4,2026-10-01,"Innovative Industrial Properties, Inc.",Finance,51.0,631096,-2.78,1478763462.0
NAGE,76.4,2026-10-01,"Niagen Bioscience, Inc.",Health technology,2.68,1383951,-7.9,213446724.0
HYGH,76.4,2026-10-01,iShares Interest Rate Hedged High Yield Bond ETF,Fixed income,85.34,94120,-0.13,548563717.0
IMTB,76.4,2026-10-01,iShares Core 5-10 Year USD Bond ETF,Fixed income,41.36,203698,0.17,279911604.0
KBWD,76.4,2026-10-01,Invesco KBW High Dividend Yield Financial ETF,Equity,10.99,787122,-0.36,444296576.0
TRTX,76.4,2026-10-01,"TPG RE Finance Trust, Inc.",Finance,6.34,1407649,1.28,486715523.0
UTEN,76.4,2026-10-01,US Treasury 10 Year Note ETF,Fixed income,40.64,300374,0.64,283766320.0
INCE,76.3,2026-10-01,Franklin Income Equity Focus ETF,Equity,65.68,525141,0.2,129466950.0
EMNT,76.3,2026-10-01,PIMCO Enhanced Short Maturity Active ESG Exchange-Traded Fund,Fixed income,98.32,92063,0.01,211682979.0
TAXX,76.3,2026-10-01,BondBloxx IR+M Tax-Aware Short Duration ETF,Fixed income,49.79,84363,0.0,285881044.0
MGTX,76.3,2026-10-01,MeiraGTx Holdings plc,Health technology,10.66,1066042,-6.16,987217270.0
AGNC,76.3,2026-10-01,AGNC Investment Corp.,Finance,8.95,50853686,-1.0,10273973500.0
BYD,76.3,2026-10-01,Boyd Gaming Corporation,Consumer services,66.07,1279437,-0.86,4800343203.0
HLX,76.3,2026-09-28,"Helix Energy Solutions Group, Inc.",Industrial services,7.94,2190920,-3.87,1561411450.0
XLRE,76.3,2026-10-01,State Street Real Estate Select Sector SPDR ETF,Equity,40.68,9377585,-0.25,8029603995.0
MINT,76.2,2026-10-01,PIMCO Enhanced Short Maturity Active Exchange-Traded Fund,Fixed income,100.26,2750925,0.01,16416109390.0
GPCR,76.2,2026-10-01,Structure Therapeutics Inc.,Health technology,28.98,1976955,-7.32,1668281981.0
FNCL,76.2,2026-10-01,Fidelity MSCI Financials Index ETF,Equity,75.87,170953,0.5,2269888761.0
JPIB,76.2,2026-10-01,JPMorgan International Bond Opportunities ETF,Fixed income,46.47,662033,-0.51,2108427837.0
ARGT,76.2,2026-10-01,Global X MSCI Argentina ETF,Equity,84.34,150538,-2.37,787969878.0
BINC,76.2,2026-10-01,iShares Flexible Income Active ETF,Fixed income,50.56,2757268,-0.28,16276889213.0
FAS,76.2,2026-10-01,Direxion Financial Bull 3X Shares,Equity,141.04,749358,1.12,2273808326.0
DFCF,76.2,2026-10-01,Dimensional Core Fixed Income ETF,Fixed income,40.19,2942754,0.48,10868886022.0
HDEF,76.2,2026-10-01,Xtrackers MSCI EAFE High Dividend Yield Equity ETF,Equity,32.04,446675,-0.47,2217925884.0
PHYL,76.2,2026-10-01,PGIM Active High Yield Bond ETF,Fixed income,33.46,305043,0.21,1402482462.0
LW,76.2,2026-10-01,"Lamb Weston Holdings, Inc.",Consumer non-durables,41.18,2093040,-0.79,5661468033.0
OBDC,76.1,2026-10-01,Blue Owl Capital Corporation,Finance,10.44,7764397,-0.19,5181428627.0
RWX,76.1,2026-10-01,State Street SPDR Dow Jones International Real Estate ETF,Equity,25.15,74114,-0.75,266597107.0
HFSI,76.1,2026-10-01,Hartford Strategic Income ETF,Fixed income,33.64,424984,0.27,202684774.0
RNAC,76.1,2026-10-01,"Cartesian Therapeutics, Inc.",Health technology,7.22,175655,0.84,212134430.0
SDOG,76.1,2026-10-01,ALPS Sector Dividend Dogs ETF,Equity,68.53,37987,0.25,1355950722.0
EQIN,76.1,2026-10-01,Columbia U.S. Equity Income ETF,Equity,51.21,15548,0.45,296156860.0
KBWB,76.1,2026-10-01,Invesco KBW Bank ETF,Equity,87.05,4442696,0.46,5574970426.0
SCHI,76.1,2026-10-01,Schwab 5-10 Year Corporate Bond ETF,Fixed income,21.38,5010006,0.38,11576502620.0
EDN,76.1,2026-10-01,Empresa Distribuidora Y Comercializadora Norte S.A. (Edenor),Utilities,20.05,88517,-3.84,877187440.0
OCS,76.1,2026-10-01,Oculis Holding AG,Commercial services,8.76,577748,-4.37,500804820.0
RTO,76.1,2026-10-01,Rentokil Initial plc,Commercial services,19.8,3372688,-0.9,9964310400.0
USIG,76.0,2026-10-01,iShares Broad USD Investment Grade Corporate Bond ETF,Fixed income,48.62,3080048,0.45,17604154732.0
BBRE,76.0,2026-10-01,JPMorgan BetaBuilders MSCI U.S. REIT ETF,Equity,99.08,25015,0.02,1242262165.0
IBDY,76.0,2026-10-01,iShares iBonds Dec 2033 Term Corporate ETF,Fixed income,24.43,200146,0.37,1105379803.0
BXMT,76.0,2026-10-01,"Blackstone Mortgage Trust, Inc.",Finance,11.3,3757807,0.0,1904547200.0
LUCD,76.0,2026-10-01,Lucid Diagnostics Inc.,Health technology,0.6348,6783938,-12.22,121101770.0
EIPI,76.0,2026-10-01,FT Energy Income Partners Enhanced Income ETF,Equity,21.44,139750,1.18,1074033786.0
FREL,75.9,2026-10-01,Fidelity MSCI Real Estate Index ETF,Equity,27.03,541972,-0.22,1177990641.0
SKYH,75.9,2026-10-01,Sky Harbour Group Corporation,Finance,9.47,317584,0.21,724719630.0
GTY,75.9,2026-10-01,Getty Realty Corporation,Finance,27.84,638731,-0.64,1724206340.0
BSJT,75.9,2026-10-01,Invesco BulletShares 2029 High Yield Corporate Bond ETF,Fixed income,20.66,191167,0.0,541818793.0
WY,75.9,2026-10-01,Weyerhaeuser Company,Finance,18.59,11739970,-2.16,13404182101.0
EVTR,75.9,2026-10-01,Eaton Vance Total Return Bond ETF,Fixed income,48.29,2097591,0.33,3100241757.0
SPAB,75.9,2026-10-01,State Street SPDR Portfolio Aggregate Bond ETF,Fixed income,24.33,4226873,0.5,9628733563.0
FLDR,75.8,2026-10-01,Fidelity Low Duration Bond Factor ETF,Fixed income,49.76,625826,-0.02,1614943632.0
IWN,75.8,2026-10-01,iShares Russell 2000 Value ETF,Equity,210.55,1644623,0.74,14499559331.0
FCPT,75.8,2026-10-01,"Four Corners Property Trust, Inc.",Finance,21.42,1276398,-1.65,2350827800.0
VCSH,75.8,2026-10-01,Vanguard Short-Term Corporate Bond ETF,Fixed income,77.13,9533463,0.23,51799720298.0
MUSI,75.8,2026-09-28,American Century Multisector Income ETF,Fixed income,41.74,2700,-0.24,238415301.0
IEZ,75.8,2026-10-01,iShares U.S. Oil Equipment & Services ETF,Equity,26.74,559273,1.1,151309425.0
FVD,75.7,2026-10-01,First Trust VL Dividend,Equity,46.98,719191,0.23,8113174266.0
PRKS,75.7,2026-10-01,United Parks & Resorts Inc.,Consumer services,31.18,711657,-4.44,1469685763.0
SBND,75.7,2026-10-01,Columbia Short Duration Bond ETF,Fixed income,18.25,51792,0.27,215056622.0
LONZ,75.7,2026-10-01,PIMCO Senior Loan Active Exchange-Traded Fund,Fixed income,48.81,588215,-0.29,573420462.0
PFFR,75.7,2026-10-01,InfraCap REIT Preferred ETF,Fixed income,16.86,29880,0.9,114366751.0
RITM,75.7,2026-10-01,Rithm Capital Corp.,Finance,8.75,10785866,0.81,4886061250.0
LWAY,75.7,2026-10-01,"Lifeway Foods, Inc.",Consumer non-durables,21.1,148935,-0.71,322447837.0
TXUE,75.7,2026-10-01,Thornburg International Equity ETF,Equity,34.34,267047,-0.89,279495161.0
FCA,75.6,2026-10-01,First Trust China AlphaDEX Fund,Equity,25.79,12630,-0.08,52916897.0
TRN,75.6,2026-10-01,"Trinity Industries, Inc.",Producer manufacturing,25.8,894516,1.45,2055472739.0
XMPT,75.6,2026-10-01,VanEck CEF Muni Income ETF,Fixed income,19.18,130582,0.47,222645114.0
DIV,75.6,2026-10-01,Global X Super Dividend ETF,Equity,18.84,262319,0.27,743550468.0
SOBO,75.6,2026-10-01,South Bow Corporation,Industrial services,33.51,663114,1.55,6989670851.0
EPD,75.6,2026-10-01,Enterprise Products Partners L.P.,Industrial services,35.67,4102381,0.34,77172696727.0
SMDV,75.5,2026-10-01,ProShares Russell 2000 Dividend Growers ETF,Equity,72.14,202839,0.94,699123263.0
KORP,75.5,2026-10-01,American Century Diversified Corporate Bond ETF,Fixed income,44.42,110595,0.38,862796106.0
CIM,75.5,2026-10-01,Chimera Investment Corporation,Finance,9.37,2566876,-1.37,783763020.0
ARLP,75.5,2026-10-01,"Alliance Resource Partners, L.P.",Energy minerals,24.34,625436,-0.45,3131555216.0
FDD,75.5,2026-10-01,First Trust STOXX European Select Dividend Index Fund,Equity,18.8,300381,-1.42,835993081.0
SMMU,75.5,2026-10-01,Short Term Municipal Bond Active Exchange-Traded Fund,Fixed income,49.41,486630,0.04,1146311903.0
DIAL,75.5,2026-10-01,Columbia Diversified Fixed Income Allocation ETF,Fixed income,17.15,61433,0.29,438556119.0
DWLD,75.4,2026-10-01,Davis Select Worldwide ETF,Equity,44.16,22418,-0.74,558123840.0
GPZ,75.4,2026-10-01,VanEck Alternative Asset Manager ETF,Equity,21.34,465648,0.33,258315209.0
VBND,75.4,2026-10-01,Vident U.S. Bond Strategy ETF,Fixed income,41.59,59079,0.58,509164837.0
TRVI,75.4,2026-10-01,"Trevi Therapeutics, Inc.",Health technology,14.18,3144514,-0.84,2013272259.0
EWQ,75.4,2026-10-01,iShares MSCI France Index Fund,Equity,41.71,666970,-1.56,380063849.0
WM,75.4,2026-10-01,"Waste Management, Inc.",Industrial services,201.9,2656798,-1.15,80702495650.0
SUSC,75.4,2026-10-01,iShares ESG Aware USD Corporate Bond ETF,Fixed income,21.92,701018,0.5,1312285209.0
GRNB,75.4,2026-10-01,VanEck Green Bond ETF,Fixed income,23.19,32303,0.22,183220469.0
NOC,75.4,2026-10-01,Northrop Grumman Corporation,Electronic technology,482.0,1038295,-0.31,68474366000.0
SKT,75.4,2026-10-01,Tanger Inc.,Finance,34.45,886036,0.73,3957478200.0
BKGI,75.4,2026-10-01,BNY Mellon Global Infrastructure Income ETF,Equity,41.42,444452,-0.38,1334327942.0
KSA,75.4,2026-10-01,iShares MSCI Saudi Arabia ETF,Equity,36.11,485548,-0.25,627944328.0
CCU,75.3,2026-10-01,"Compania Cervecerias Unidas, S.A.",Consumer non-durables,10.33,120521,-1.34,1908482995.0
TGS,75.3,2026-10-01,Transportadora de Gas del Sur SA TGS,Utilities,24.95,352906,-4.19,3756277615.0
RWR,75.3,2026-10-01,State Street SPDR Dow Jones REIT ETF,Equity,104.24,233429,-0.23,1806505582.0
IGSB,75.3,2026-10-01,iShares 1-5 Year Investment Grade Corporate Bond ETF,Fixed income,51.12,5118764,0.2,22402834252.0
TECX,75.3,2026-10-01,"Tectonic Therapeutic, Inc.",Commercial services,22.67,343505,-2.49,427764447.0
GOVT,75.3,2026-10-01,iShares U.S. Treasury Bond ETF,Fixed income,21.85,18381086,0.46,43777248313.0
EWI,75.3,2026-10-01,iShares MSCI Italy ETF,Equity,57.24,642961,-1.4,1063165591.0
RSPR,75.3,2026-10-01,Invesco S&P 500 Equal Weight Real Estate ETF,Equity,33.14,25192,0.94,104428022.0
YYY,75.3,2026-10-01,Amplify CEF High Income ETF,Asset allocation,10.34,1170519,-0.29,733512603.0
IBD,75.3,2026-10-01,Inspire Corporate Bond ETF,Fixed income,23.01,132221,0.0,475497126.0
UVV,75.3,2026-10-01,Universal Corporation,Distribution services,41.68,283326,-0.9,1038903176.0
OTF,75.2,2026-10-01,Blue Owl Technology Finance Corp.,Finance,9.75,2233103,-0.51,4510761489.0
WCPB,75.2,2026-10-01,Weitz Core Plus Bond ETF,Fixed income,24.27,26050,0.33,6215310.0
THRM,75.2,2026-10-01,Gentherm Inc,Producer manufacturing,33.63,1120050,0.99,1032615876.0
ALIT,75.2,2026-10-01,"Alight, Inc.",Technology services,9.06,782709,1.91,238661700.0
BNL,75.2,2026-10-01,"Broadstone Net Lease, Inc.",Finance,18.25,2116648,-0.98,3499739629.0
FBND,75.2,2026-10-01,Fidelity Total Bond ETF,Fixed income,43.36,6309985,0.37,26747518774.0
BKMS,75.2,2026-10-01,BNY Mellon Municipal Short Duration ETF,Fixed income,24.98,208817,0.16,11330920414.0
IYK,75.2,2026-10-01,iShares U.S. Consumer Staples ETF,Equity,70.68,677774,0.11,1410617529.0
EUSB,75.2,2026-10-01,iShares ESG Advanced Universal USD Bond ETF,Fixed income,41.52,70108,0.36,722526160.0
NXH,75.2,2026-10-01,"Bed Bath & Beyond, Inc.",Retail trade,2.83,2690330,-2.41,192944402.0
EVMN,75.1,2026-10-01,"Evommune, Inc.",Health technology,7.21,1522491,-12.61,261666120.0
TPYP,75.1,2026-10-01,Tortoise North American Pipeline Fund,Equity,40.24,74027,1.54,869634568.0
ABOS,75.1,2026-10-01,"Acumen Pharmaceuticals, Inc.",Health technology,2.07,832350,-6.76,149511132.0
ADC,75.1,2026-10-01,Agree Realty Corporation,Finance,65.03,2385669,-3.01,7810288921.0
BYLD,75.1,2026-10-01,iShares Yield Optimized Bond ETF,Fixed income,21.57,292386,0.51,318367199.0
SCCR,75.1,2026-10-01,Schwab Core Bond ETF,Fixed income,24.28,293563,0.33,1495374273.0
FUN,75.0,2026-10-01,Six Flags Entertainment Corporation,Consumer services,10.88,5219294,1.49,1111978889.0
PMT,75.0,2026-10-01,PennyMac Mortgage Investment Trust,Finance,7.76,2941653,-1.52,676690624.0
VNQ,75.0,2026-10-01,Vanguard Real Estate ETF,Equity,89.17,7396650,-0.2,70445975802.0
GOVZ,75.0,2026-10-01,iShares 25 Year Treasury STRIPS Bond ETF,Fixed income,30.72,525701,1.49,270894444.0
JLL,75.0,2026-10-01,Jones Lang LaSalle Incorporated,Finance,308.07,789780,1.55,14173593063.0
BKD,75.0,2026-10-01,Brookdale Senior Living Inc.,Health services,10.84,5979601,-0.46,2588483600.0
MNPR,75.0,2026-10-01,Monopar Therapeutics Inc.,Health technology,77.97,130795,-2.1,522325708.0
RPV,74.9,2026-10-01,Invesco S&P 500 Pure Value ETF,Equity,115.21,1266663,0.65,1694092735.0
EUHY,74.9,2026-10-01,iShares Euro High Yield Corporate Bond USD Hedged ETF,Fixed income,51.79,30923,-0.35,64063622.0
HR,74.9,2026-10-01,Healthcare Realty Trust Incorporated,Finance,17.43,4627956,-1.19,6113607290.0
RILY,74.9,2026-10-01,"BRC Group Holdings, Inc.",Finance,5.05,603789,3.27,202782241.0
FSYD,74.9,2026-10-01,Fidelity Sustainable High Yield ETF,Fixed income,46.6,42171,0.13,145500439.0
ACH,74.9,2026-10-01,"Accendra Health, Inc.",Health technology,0.5578,1660244,-3.69,42718388.0
IBDU,74.9,2026-10-01,iShares iBonds Dec 2029 Term Corporate ETF,Fixed income,22.64,1071329,0.22,3976971181.0
AKRE,74.9,2026-10-01,Akre Focus ETF,Equity,53.45,1016815,0.64,8850949309.0
HBDC,74.9,2026-10-01,Hilton BDC Corporate Bond ETF,Fixed income,24.27,1453,0.08,14186190.0
TNYA,74.9,2026-10-01,"Tenaya Therapeutics, Inc.",Health technology,0.5657,4743386,-5.08,122756334.0
IVT,74.9,2026-10-01,InvenTrust Properties Corp.,Finance,30.37,904395,0.7,2366911977.0
ORI,74.8,2026-10-01,Old Republic International Corporation,Finance,37.49,1677299,0.48,9130839460.0
AVRE,74.8,2026-10-01,Avantis Real Estate ETF,Equity,43.97,605636,-0.27,833027511.0
EVLN,74.8,2026-10-01,Eaton Vance Floating-Rate ETF,Fixed income,48.37,454166,-0.21,1365985606.0
PFFD,74.8,2026-10-01,Global X U.S. Preferred ETF,Fixed income,17.57,1410813,0.51,2137729177.0
AGGH,74.8,2026-10-01,Simplify Aggregate Bond ETF,Fixed income,18.88,1708429,0.16,291593717.0
SCHZ,74.8,2026-10-01,Schwab US Aggregate Bond ETF,Fixed income,22.07,3137996,0.55,10601679853.0
SPEU,74.8,2026-10-01,State Street SPDR Portfolio Europe ETF,Equity,52.88,32634,-0.84,721912137.0
IEI,74.8,2026-10-01,iShares 3-7 Year Treasury Bond ETF,Fixed income,113.4,5765042,0.37,18320450005.0
FIS,74.8,2026-10-01,"Fidelity National Information Services, Inc.",Technology services,33.1,6830285,-0.42,17116448085.0
FDEV,74.8,2026-10-01,Fidelity Emerging Markets Multifactor ETF,Equity,35.79,72730,-0.5,276192079.0
CPLB,74.8,2026-10-01,NYLI MacKay Core Plus Bond ETF,Fixed income,20.0,51799,0.25,337347406.0
ABUS,74.8,2026-10-01,Arbutus Biopharma Corporation,Health technology,4.56,16120312,-4.4,900771958.0
MMIN,74.8,2026-10-01,NYLI MacKay Muni Insured ETF,Fixed income,22.39,833603,0.27,459059560.0
UNF,74.8,2026-10-01,Unifirst Corporation,Consumer services,252.32,319127,0.56,4584291059.0
FTCB,74.7,2026-10-01,First Trust Core Investment Grade ETF,Fixed income,19.81,1197223,0.61,2557104032.0
FLIN,74.7,2026-10-01,Franklin FTSE India ETF,Equity,33.28,201313,-0.15,2704622086.0
DFE,74.7,2026-10-01,WisdomTree Europe SmallCap Dividend Fund,Equity,73.3,21673,0.11,169015289.0
SNY,74.7,2026-10-01,Sanofi,Health technology,40.67,6681322,-2.82,97656804000.0
GIS,74.7,2026-10-01,"General Mills, Inc.",Consumer non-durables,31.67,16990982,-1.55,16902532328.0
NPB,74.7,2026-10-01,"Northpointe Bancshares, Inc.",Finance,14.85,274237,2.34,512237623.0
IRS,74.7,2026-10-01,IRSA Inversiones Y Representaciones S.A. Global Depositary Shares (Each representing ten shares of,Finance,13.2,561341,-2.58,1020276523.0
DMBS,74.7,2026-10-01,DoubleLine Mortgage ETF,Fixed income,46.18,109463,0.48,514424317.0
PAYX,74.6,2026-10-01,"Paychex, Inc.",Technology services,100.84,4152290,1.54,35867059602.0
RYN,74.6,2026-10-01,Rayonier Inc. REIT,Finance,18.22,3522966,-0.55,2819328182.0
XLU,74.6,2026-10-01,State Street Utilities Select Sector SPDR ETF,Equity,39.68,61279123,0.61,22786694515.0
OCFC,74.6,2026-10-01,OceanFirst Financial Corp.,Finance,16.67,1167105,1.21,1005043752.0
AUSF,74.6,2026-10-01,Global X Adaptive U.S. Factor ETF,Equity,48.75,60936,0.02,911235388.0
HYTR,74.6,2026-10-01,Counterpoint High Yield Trend ETF,Fixed income,20.78,55938,0.05,184040235.0
IGEB,74.6,2026-10-01,iShares Investment Grade Systematic Bond ETF,Fixed income,42.69,298527,0.47,1358064649.0
YLD,74.6,2026-10-01,Principal Active High Yield ETF,Asset allocation,18.34,243354,0.16,575419527.0
APPX,74.6,2026-10-01,Tradr 2X Long APP Daily ETF,Equity,10.14,4646593,-6.54,12236024.0
TAGG,74.6,2026-10-01,T. Rowe Price QM U.S. Bond ETF,Fixed income,40.59,170451,0.47,2298836498.0
SCEC,74.6,2026-10-01,Sterling Capital Enhanced Core Bond ETF,Fixed income,23.7,133481,0.55,584330861.0
DXIV,74.6,2026-10-01,Dimensional International Vector Equity ETF,Equity,71.27,9854,-0.32,179310971.0
CTRE,74.5,2026-10-01,"CareTrust REIT, Inc.",Finance,35.91,2060715,-1.43,8483386839.0
USRT,74.5,2026-10-01,iShares Core U.S. REIT ETF,Equity,61.27,3720904,-0.24,4275748716.0
CGCP,74.5,2026-10-01,Capital Group Core Plus Income ETF,Fixed income,21.21,3735402,0.43,8358870366.0
GHYG,74.5,2026-10-01,iShares US & Intl High Yield Corp Bond ETF,Fixed income,43.24,10525,0.0,200020670.0
SBAC,74.5,2026-10-01,SBA Communications Corporation,Finance,158.02,656793,-1.24,16760075260.0
FYT,74.5,2026-10-01,First Trust Small Cap Value AlphaDEX Fund,Equity,67.44,126105,1.26,182473601.0
UPBD,74.5,2026-10-01,"Upbound Group, Inc.",Finance,15.68,1184388,0.0,914045216.0
PREF,74.5,2026-10-01,Principal Spectrum Preferred Securities Active ETF,Fixed income,18.27,424781,0.61,1455554379.0
SPLV,74.5,2026-10-01,Invesco S&P 500 Low Volatility ETF,Equity,70.62,3003998,0.37,7037942531.0
HYEM,74.5,2026-10-01,VanEck Emerging Markets High Yield Bond ETF,Fixed income,19.26,157189,-0.26,535142990.0
TNXP,74.5,2026-10-01,Tonix Pharmaceuticals Holding Corp.,Health technology,9.23,472057,-4.35,147133584.0
FMAT,74.4,2026-10-01,Fidelity MSCI Materials Index ETF,Equity,55.56,114528,0.23,647413880.0
TLRY,74.4,2026-10-01,"Tilray Brands, Inc.",Process industries,3.57,6986100,-5.31,399239044.0
DTH,74.4,2026-10-01,WisdomTree International High Dividend Fund,Equity,55.08,34940,-0.22,630597916.0
GCOW,74.4,2026-10-01,Pacer Global Cash Cows Dividend ETF,Equity,44.46,331740,-0.27,3186949847.0
RCKT,74.4,2026-10-01,"Rocket Pharmaceuticals, Inc.",Health technology,2.59,2088109,-1.15,282811292.0
PTLO,74.4,2026-10-01,Portillo's Inc.,Consumer services,3.53,3021317,0.57,255504782.0
PEPG,74.4,2026-10-01,PepGen Inc.,Health technology,2.21,782510,-7.14,152863954.0
DON,74.4,2026-10-01,WisdomTree U.S. MidCap Dividend Fund,Equity,54.29,221472,0.84,4013497119.0
JBS,74.4,2026-10-01,JBS N.V.,Consumer non-durables,10.86,8927046,-2.34,24088636481.0
PWZ,74.4,2026-10-01,Invesco California AMT-Free Municipal Bond Portfolio,Fixed income,22.38,1999960,-0.04,1168063340.0
BOND,74.4,2026-10-01,PIMCO Active Bond Exchange-Traded Fund Exchange-Traded Fund,Fixed income,86.73,1855201,0.37,8312168885.0
BND,74.4,2026-10-01,Vanguard Total Bond Market ETF,Fixed income,70.09,20245270,0.5,397862928382.0
AGGY,74.4,2026-10-01,WisdomTree Yield Enhanced U.S. Aggregate Bond Fund,Fixed income,41.27,150549,0.56,954535655.0
IBDS,74.4,2026-10-01,iShares iBonds Dec 2027 Term Corporate ETF,Fixed income,24.05,656293,-0.08,3803774523.0
REGL,74.4,2026-10-01,ProShares S&P MidCap 400 Dividend Aristocrats ETF,Equity,86.89,62023,0.59,1757827096.0
SPTI,74.4,2026-10-01,State Street SPDR Portfolio Intermediate Term Treasury ETF,Fixed income,27.27,4425381,0.44,10166245397.0
IGOV,74.4,2026-10-01,iShares International Treasury Bond ETF,Fixed income,39.65,204713,-0.25,1147155620.0
IAT,74.3,2026-10-01,iShares U.S. Regional Banks ETF,Equity,57.17,353442,0.53,683445195.0
JMKE,74.3,2026-10-01,Jersey Mike's Subs Inc.,Consumer services,16.77,3962663,-0.18,3904629148.0
NFRA,74.3,2026-10-01,FlexShares STOXX Global Broad Infrastructure Index Fund,Equity,62.21,123737,-0.22,2969563079.0
FXZ,74.3,2026-10-01,First Trust Materials AlphaDEX Fund,Equity,77.44,261185,0.55,232957743.0
VCRB,74.3,2026-10-01,Vanguard Core Bond ETF,Fixed income,73.48,936286,0.45,3931517359.0
URG,74.3,2026-10-01,Ur Energy Inc,Non-energy minerals,1.06,6688569,-2.75,421171761.0
TRU,74.3,2026-10-01,TransUnion,Commercial services,62.18,3962358,-0.18,11913688000.0
DBND,74.3,2026-10-01,DoubleLine Opportunistic Bond ETF,Fixed income,43.4,125674,0.37,730627870.0
VIOV,74.3,2026-10-01,Vanguard S&P Small-Cap 600 Value ETF,Equity,110.93,189017,0.87,2003854612.0
SRET,74.3,2026-10-01,Global X SuperDividend REIT ETF,Equity,19.75,83105,-1.25,228722017.0
ELS,74.3,2026-10-01,"Equity Lifestyle Properties, Inc.",Finance,57.62,1330321,-0.98,11182003347.0
SMOT,74.3,2026-10-01,VanEck Morningstar SMID Moat ETF,Equity,37.45,26765,0.0,342466138.0
TXRH,74.2,2026-10-01,"Texas Roadhouse, Inc.",Consumer services,156.7,1036474,0.31,10299830671.0
ECH,74.2,2026-10-01,iShares MSCI Chile ETF,Equity,36.79,768285,-1.89,1037917612.0
STZ,74.2,2026-10-01,"Constellation Brands, Inc.",Consumer non-durables,112.99,2025209,-0.1,19299183845.0
SKOR,74.2,2026-10-01,FlexShares Credit-Scored US Corporate Bond Index Fund,Fixed income,46.71,115513,0.32,714909046.0
ISTB,74.2,2026-10-01,iShares Core 1-5 Year USD Bond ETF,Fixed income,47.16,1280673,0.28,5057665806.0
IEF,74.2,2026-10-01,iShares 7-10 Year Treasury Bond ETF,Fixed income,89.3,13493973,0.57,47197596649.0
BIV,74.2,2026-10-01,Vanguard Intermediate-Term Bond ETF,Fixed income,72.79,2509800,0.48,52496594659.0
ONEY,74.2,2026-10-01,State Street SPDR Russell 1000 Yield Focus ETF,Equity,124.11,12367,0.55,735696615.0
FLUT,74.2,2026-10-01,Flutter Entertainment plc,Consumer services,76.47,2791890,1.14,13266102164.0
EZU,74.2,2026-10-01,iShares MSCI Eurozone ETF,Equity,66.15,3080996,-1.81,9848017416.0
MLPI,74.1,2026-10-01,NEOS MLP & Energy Infrastructure High Income ETF,Equity,50.66,335607,0.82,241364011.0
DGCB,74.1,2026-10-01,Dimensional Global Credit ETF,Fixed income,52.06,228384,0.5,1067559846.0
MTBA,74.1,2026-10-01,Simplify MBS ETF,Fixed income,46.87,802460,0.39,1555241665.0
XFIV,74.1,2026-10-01,BondBloxx Bloomberg Five Year Target Duration US Treasury ETF,Fixed income,46.68,213239,0.45,346405479.0
BSCW,74.1,2026-10-01,Invesco BulletShares 2032 Corporate Bond ETF,Fixed income,19.64,530236,0.46,1486319994.0
BOH,74.1,2026-10-01,Bank of Hawaii Corporation,Finance,68.72,616289,0.67,2711031488.0
NTST,74.1,2026-10-01,NetSTREIT Corp.,Finance,17.39,1733304,-1.31,1691361956.0
IYLD,74.1,2026-10-01,iShares Morningstar Multi-Asset Income ETF,Asset allocation,21.63,32731,-0.32,126203931.0
AMX,74.1,2026-10-01,"America Movil, S.A.B. de C.V.",Communications,20.73,3040457,-1.85,62211247918.0
LBTYK,74.0,2026-10-01,Liberty Global Ltd.,Communications,8.79,2419170,-1.57,2996262254.0
SMHI,74.0,2026-10-01,SEACOR Marine Holdings Inc.,Transportation,8.04,130710,0.5,218147712.0
BWX,74.0,2026-10-01,SPDR Bloomberg International Treasury Bond ETF,Fixed income,21.07,460611,-0.05,1341942545.0
PRMB,74.0,2026-10-01,Primo Brands Corporation,Consumer non-durables,19.05,2840719,-1.55,6912646106.0
FMHI,74.0,2026-10-01,First Trust Municipal High Income ETF,Fixed income,44.98,602171,0.11,993716307.0
HGV,74.0,2026-10-01,Hilton Grand Vacations Inc.,Finance,34.83,1447626,0.11,2734691382.0
HYGW,74.0,2026-10-01,iShares High Yield Corporate Bond BuyWrite Strategy ETF,Fixed income,28.21,13512,0.14,247222275.0
FXO,74.0,2026-10-01,First Trust Financials AlphaDEX,Equity,61.03,124860,0.89,2402737936.0
BEDY,74.0,2026-10-01,BNY Mellon Enhanced Dividend and Income ETF,Equity,28.39,112802,-0.53,169809586.0
TSQ,73.9,2026-10-01,"Townsquare Media, Inc.",Consumer services,4.35,106003,-6.85,72377475.0
GRSD,73.9,2026-10-01,Gambling.com Group Limited,Commercial services,1.47,260819,-3.29,51592884.0
MT,73.9,2026-10-01,Arcelor Mittal NY Registry Shares NEW,Non-energy minerals,64.56,2953893,0.28,49136616000.0
GCOR,73.9,2026-10-01,Goldman Sachs Access U.S. Aggregate Bond ETF,Fixed income,39.18,74390,0.59,794637238.0
PNC,73.9,2026-10-01,"PNC Financial Services Group, Inc. (The)",Finance,220.75,2208816,0.31,88079250000.0
KLRS,73.9,2026-10-01,"Kalaris Therapeutics, Inc.",Health technology,2.85,58621,-1.04,62208455.0
RF,73.9,2026-10-01,Regions Financial Corporation,Finance,26.96,11615460,0.6,23007124800.0
SCHY,73.9,2026-10-01,Schwab International Dividend Equity ETF,Equity,31.12,775674,-0.64,1855971509.0
BNY,73.9,2026-10-01,The Bank of New York Mellon Corporation,Finance,143.92,6293559,0.18,98756210520.0
ASR,73.9,2026-10-01,"Grupo Aeroportuario del Sureste, S.A. de C.V.",Transportation,231.39,105694,-1.77,6941672927.0
DRUG,73.9,2026-10-01,Bright Minds Biosciences Inc.,Health technology,49.21,166858,-0.67,481626144.0
JBIO,73.9,2026-10-01,"Jade Biosciences, Inc.",Health technology,13.77,1071683,-1.43,838040437.0
WD,73.9,2026-10-01,"Walker & Dunlop, Inc",Finance,34.53,564109,-2.01,1185456336.0
MFA,73.8,2026-10-01,"MFA Financial, Inc.",Finance,7.74,2763116,-1.53,790206445.0
FRT,73.8,2026-10-01,Federal Realty Investment Trust,Finance,108.03,990390,1.2,9332624952.0
ALXO,73.8,2026-10-01,ALX Oncology Holdings Inc.,Health technology,1.3,1481243,-5.11,174931792.0
PCEF,73.8,2026-10-01,Invesco CEF Income Composite ETF,Asset allocation,19.33,738233,-0.21,850025790.0
MS,73.8,2026-10-01,Morgan Stanley,Finance,188.01,9546522,1.05,296575958400.0
BSV,73.8,2026-10-01,Vanguard Short-Term Bond ETF,Fixed income,76.3,4889605,0.25,69896836780.0
PUK,73.8,2026-10-01,Prudential Public Limited Company,Finance,24.71,1362372,0.61,30743934900.0
XLB,73.8,2026-10-01,State Street Materials Select Sector SPDR ETF,Equity,48.54,25557026,0.41,8369456158.0
EVSB,73.8,2026-10-01,Eaton Vance Ultra-Short Income ETF,Fixed income,50.57,158451,-0.12,229540973.0
BOKF,73.8,2026-10-01,BOK Financial Corporation,Finance,126.44,315770,0.67,7682493388.0
FEZ,73.8,2026-10-01,State Street SPDR EURO STOXX 50 ETF,Equity,66.08,2116974,-1.15,4516441160.0
IBTK,73.8,2026-10-01,iShares iBonds Dec 2030 Term Treasury ETF,Fixed income,18.98,416687,0.32,586984631.0
IDV,73.8,2026-10-01,iShares International Select Dividend ETF,Equity,41.49,988744,-0.74,8084717810.0
FXA,73.7,2026-10-01,Invesco CurrencyShares Australian Dollar Trust,Currency,68.61,8610,-0.22,100125898.0
IDOG,73.7,2026-10-01,ALPS International Sector Dividend Dogs ETF,Equity,41.57,25154,-0.74,526489583.0
CGHM,73.7,2026-10-01,Capital Group Municipal High-Income ETF,Fixed income,24.12,1741268,0.21,3189428829.0
CENX,73.7,2026-10-01,Century Aluminum Company,Non-energy minerals,35.99,1921303,1.47,3562074260.0
HSY,73.7,2026-10-01,The Hershey Company,Consumer non-durables,159.3,2104553,1.65,32307570077.0
LOMA,73.7,2026-10-01,Loma Negra Compania Industrial Argentina Sociedad Anonima,Non-energy minerals,9.03,736468,-1.1,1053770298.0
GHRS,73.7,2026-10-01,GH Research PLC,Health technology,22.86,255121,-1.93,1567217592.0
PIPR,73.7,2026-10-01,Piper Sandler Companies,Finance,65.78,1013660,0.97,4440150000.0
KRG,73.7,2026-10-01,Kite Realty Group Trust,Finance,24.44,1957987,0.58,4898425908.0
YORW,73.7,2026-10-01,The York Water Company,Utilities,29.96,124887,-1.74,485630598.0
JAVA,73.7,2026-10-01,JPMorgan Active Value ETF,Equity,79.7,897921,-0.05,6791957529.0
EAGG,73.7,2026-10-01,iShares ESG Aware U.S. Aggregate Bond ETF,Fixed income,45.2,757789,0.33,4907799666.0
ABX,73.7,2026-10-01,"Abacus Global Management, Inc.",Finance,7.89,794955,-0.75,756827476.0
BGIG,73.7,2026-10-01,Bahl & Gaynor Income Growth ETF,Equity,35.24,255110,0.17,502683695.0
CDC,73.7,2026-10-01,VictoryShares US EQ Income Enhanced Volatility Wtd ETF,Equity,71.68,16357,0.29,731598247.0
JMTG,73.6,2026-10-01,JPMorgan Mortgage-Backed Securities ETF,Fixed income,48.23,592444,0.35,6737258926.0
SPMB,73.6,2026-10-01,State Street SPDR Portfolio Mortgage Backed Bond ETF,Fixed income,21.12,3070079,0.62,7096536213.0
ENFR,73.6,2026-10-01,Alerian Energy Infrastructure ETF,Equity,37.15,190001,1.28,476062470.0
HD,73.6,2026-10-01,"Home Depot, Inc. (The)",Retail trade,282.46,7761158,-0.23,281645667820.0
TAFM,73.6,2026-10-01,AB Tax-Aware Intermediate Municipal ETF,Fixed income,24.04,489320,0.25,356119257.0
CABO,73.6,2026-10-01,"Cable One, Inc.",Consumer services,10.36,444015,-7.0,58770726.0
CARG,73.6,2026-10-01,"CarGurus, Inc.",Technology services,29.73,2152225,-5.41,2871400906.0
SLGN,73.6,2026-10-01,Silgan Holdings Inc.,Process industries,34.77,1430985,0.67,3674485186.0
QFIN,73.6,2026-10-01,"Qfin Holdings, Inc.",Finance,6.47,2196547,-3.29,841646749.0
EMBX,73.6,2026-10-01,VanEck Emerging Markets Bond ETF,Fixed income,49.02,19523,-0.06,265476404.0
KPTI,73.6,2026-10-01,Karyopharm Therapeutics Inc.,Health technology,0.8668,2629768,-27.16,19644239.0
SOC,73.6,2026-10-01,Sable Offshore Corp.,Energy minerals,3.29,6129029,-4.64,614670700.0
ASLE,73.6,2026-10-01,AerSale Corporation,Distribution services,5.0,435184,-4.03,236264000.0
NMRA,73.6,2026-10-01,"Neumora Therapeutics, Inc.",Health technology,0.55,2849641,-8.35,101906332.0
SRLN,73.6,2026-10-01,State Street Blackstone Senior Loan ETF,Fixed income,40.19,9496273,0.02,5208077772.0
SPYD,73.6,2026-10-01,State Street SPDR Portfolio S&P 500 High Dividend ETF,Equity,45.48,1553594,0.18,7403184273.0
PFFA,73.6,2026-10-01,Virtus InfraCap U.S. Preferred Stock ETF,Fixed income,19.8,987590,0.46,2439979332.0
BCE,73.6,2026-10-01,"BCE, Inc.",Communications,19.92,4214511,-1.97,18575914275.0
FTCS,73.5,2026-10-01,First Trust Capital Strength ETF,Equity,93.87,575672,0.2,7811059642.0
NP,73.5,2026-10-01,Neptune Insurance Holdings Inc.,Finance,27.24,750881,-0.4,2555059972.0
CGCB,73.5,2026-10-01,Capital Group Core Bond ETF,Fixed income,25.03,2044027,0.48,5579890349.0
AXSM,73.5,2026-10-01,"Axsome Therapeutics, Inc.",Health technology,182.07,660035,-1.26,9369279596.0
FNF,73.5,2026-10-01,"Fidelity National Financial, Inc.",Finance,39.11,4021102,0.8,10526751389.0
HDV,73.5,2026-10-01,iShares Core High Dividend ETF,Equity,27.98,4063717,0.29,14107635334.0
SPB,73.5,2026-10-01,"Spectrum Brands Holdings, Inc.",Consumer durables,79.45,548639,1.07,1842787135.0
DHS,73.5,2026-10-01,WisdomTree U.S. High Dividend Fund,Equity,112.03,32495,0.03,1529569021.0
RSPU,73.5,2026-10-01,Invesco S&P 500 Equal Weight Utilities ETF,Equity,70.44,135712,0.69,533660715.0
NMG,73.5,2026-10-01,Nouveau Monde Graphite Inc.,Non-energy minerals,1.17,518235,-1.68,385063380.0
UBND,73.5,2026-10-01,VictoryShares Core Plus Bond ETF,Fixed income,20.7,384099,0.39,1940039318.0
FR,73.5,2026-10-01,"First Industrial Realty Trust, Inc.",Finance,58.87,1221469,-0.56,7804420861.0
EMQQ,73.5,2026-10-01,EMQQ The Emerging Markets Internet ETF,Equity,30.53,30549,-0.75,244380318.0
DPST,73.5,2026-10-01,Direxion Daily Regional Banks Bull 3X Shares,Equity,112.06,525542,3.82,1137476359.0
REMX,73.5,2026-10-01,VanEck Rare Earth and Strategic Metals ETF,Equity,62.95,840624,-0.14,995327979.0
JPHY,73.5,2026-10-01,JPMorgan Active High Yield ETF,Fixed income,48.56,29021,-0.35,2239266294.0
LGO,73.5,2026-10-01,Largo Inc.,Non-energy minerals,0.4766,847982,-2.73,35398411.0
PSK,73.4,2026-10-01,State Street SPDR ICE Preferred Securities ETF,Fixed income,28.43,355146,1.07,693817626.0
LQDW,73.4,2026-10-01,iShares Investment Grade Corporate Bond BuyWrite Strategy ETF,Fixed income,22.79,65493,0.44,263552917.0
VGSR,73.4,2026-10-01,Vert Global Sustainable Real Estate ETF,Equity,10.54,134945,-0.28,515712718.0
CMBS,73.4,2026-10-01,iShares CMBS Bond ETF,Fixed income,47.2,93443,0.0,478209086.0
NHI,73.4,2026-10-01,"National Health Investors, Inc.",Finance,65.08,478300,-0.4,3154499188.0
EDEN,73.4,2026-10-01,iShares MSCI Denmark ETF,Equity,107.19,32527,-1.2,192428032.0
IVR,73.4,2026-10-01,INVESCO MORTGAGE CAPITAL INC,Finance,5.82,5677253,-3.8,540231426.0
NVO,73.4,2026-10-01,Novo Nordisk A/S,Health technology,37.4,11791390,-1.06,166078762238.0
PAL,73.4,2026-10-01,"Proficient Auto Logistics, Inc.",Transportation,3.5,655320,1.45,97195259.0
BRBR,73.4,2026-10-01,"BellRing Brands, Inc.",Health technology,7.4,3520153,-4.76,860457200.0
XLF,73.4,2026-10-01,State Street Financial Select Sector SPDR ETF,Equity,53.46,40809245,0.39,58809635313.0
IRON,73.4,2026-10-01,"Disc Medicine, Inc.",Health technology,63.61,771836,-2.54,2442166008.0
PPC,73.4,2026-10-01,Pilgrim's Pride Corporation,Process industries,25.2,2209516,-6.49,5995634400.0
IBDT,73.4,2026-10-01,iShares iBonds Dec 2028 Term Corporate ETF,Fixed income,24.9,807252,0.0,4004257345.0
DTM,73.3,2026-10-01,"DT Midstream, Inc.",Industrial services,120.08,792303,0.93,12249961200.0
EVSD,73.3,2026-10-01,Eaton Vance Short Duration Income ETF,Fixed income,49.87,231662,0.16,543250652.0
KLC,73.3,2026-10-01,"KinderCare Learning Companies, Inc.",Consumer services,1.85,870085,1.09,219092353.0
PJT,73.3,2026-10-01,PJT Partners Inc.,Finance,140.3,477871,-0.83,3586931547.0
MEC,73.3,2026-10-01,"Mayville Engineering Company, Inc.",Producer manufacturing,15.68,904616,3.64,329575082.0
GBX,73.3,2026-10-01,"Greenbrier Companies, Inc. (The)",Producer manufacturing,40.09,425409,0.23,1240372012.0
OLMA,73.3,2026-10-01,"Olema Pharmaceuticals, Inc.",Health technology,8.27,1009333,-3.61,722363585.0
PEP,73.3,2026-10-01,"PepsiCo, Inc.",Consumer non-durables,125.6,8179727,-1.06,171569600000.0
DFGP,73.3,2026-10-01,Dimensional Global Core Plus Fixed Income ETF,Fixed income,52.07,780830,0.44,2631123994.0
VGK,73.3,2026-10-01,Vanguard FTSEEuropean ETF,Equity,85.49,4088921,-0.78,38263847997.0
TOTL,73.3,2026-10-01,State Street DoubleLine Total Return Tactical ETF,Fixed income,37.32,1256402,0.4,4184337303.0
AMT,73.2,2026-10-01,American Tower Corporation (REIT),Finance,161.06,2598678,-1.56,75047517600.0
BAC,73.2,2026-10-01,Bank of America Corporation,Finance,53.73,59822831,-0.33,381299780700.0
CDRE,73.2,2026-10-01,"Cadre Holdings, Inc.",Electronic technology,25.01,424423,0.04,1070362974.0
KBE,73.2,2026-10-01,State Street SPDR S&P Bank ETF,Equity,63.64,1982262,1.13,1825049818.0
DUSA,73.2,2026-10-01,Davis Select U.S. Equity ETF,Equity,54.6,64582,-0.09,1215332012.0
SDIV,73.2,2026-10-01,Global X SuperDividend ETF,Equity,23.28,409100,-0.04,1180880244.0
ZURA,73.2,2026-10-01,Zura Bio Limited,Health technology,4.14,2913248,0.24,393290519.0
XJR,73.2,2026-10-01,iShares ESG Select Screened S&P Small-Cap ETF,Equity,48.5,8384,0.89,159914041.0
BSMR,73.2,2026-10-01,Invesco BulletShares 2027 Municipal Bond ETF,Fixed income,23.28,108892,-0.09,345560003.0
BSCV,73.2,2026-10-01,Invesco BulletShares 2031 Corporate Bond ETF,Fixed income,15.82,573168,0.32,1766411518.0
AEBI,73.2,2026-10-01,Aebi Schmidt Holding AG,Consumer durables,10.73,470618,2.19,831640721.0
IYG,73.2,2026-10-01,iShares U.S. Financial Services ETF,Equity,89.99,305824,0.33,2219676911.0
BKMI,73.2,2026-10-01,BNY Mellon Municipal Intermediate ETF,Fixed income,24.93,962733,0.48,1715069522.0
FLMI,73.2,2026-10-01,Franklin Dynamic Municipal Bond ETF,Fixed income,23.36,2799542,0.04,2327694170.0
BCPL,73.2,2026-10-01,BNY Mellon Core Plus ETF,Fixed income,23.68,40651,0.38,301808665.0
FIDI,73.2,2026-10-01,Fidelity International High Dividend ETF,Equity,27.47,58954,-0.47,254507904.0
SMC,73.1,2026-10-01,Summit Midstream Corporation,Industrial services,30.63,107553,1.32,423132009.0
PSH,73.1,2026-10-01,PGIM Short Duration High Yield ETF,Fixed income,48.77,32128,0.16,178302455.0
TUR,73.1,2026-10-01,iShares MSCI Turkey ETF,Equity,34.4,226360,-1.09,206448033.0
UYG,73.1,2026-10-01,ProShares Ultra Financials,Equity,83.96,13128,1.07,764916628.0
SABS,73.1,2026-10-01,"SAB Biotherapeutics, Inc.",Health technology,3.06,425318,-2.86,278418286.0
IYR,73.1,2026-10-01,iShares U.S. Real Estate ETF,Equity,94.47,8697134,-0.25,4606583538.0
IYRI,73.1,2026-10-01,NEOS Real Estate High Income ETF,Equity,44.88,180810,-0.4,121673237.0
USGO,73.1,2026-10-01,U.S. GoldMining Inc.,Non-energy minerals,6.7,85096,0.6,89474614.0
MICC,73.1,2026-10-01,The Magnum Ice Cream Company N.V.,Consumer non-durables,17.18,1151718,0.35,10518622316.0
BSCX,73.1,2026-10-01,Invesco BulletShares 2033 Corporate Bond ETF,Fixed income,20.06,252589,0.45,1028425100.0
CMPR,73.1,2026-10-01,Cimpress plc,Commercial services,75.03,203367,-2.62,1818133713.0
OMAH,73.1,2026-10-01,VistaShares Target 15 Berkshire Select Income ETF,Equity,17.52,1179702,-0.06,462671569.0
WYNN,73.1,2026-10-01,"Wynn Resorts, Limited",Consumer services,77.3,2841000,-2.26,8022735100.0
WLFC,73.1,2026-10-01,Willis Lease Finance Corporation,Finance,47.8,201253,-3.36,1010688506.0
IAGG,73.1,2026-10-01,iShares International Aggregate Bond Fund,Fixed income,48.98,4922488,0.23,10721726613.0
GCAL,73.1,2026-10-01,Goldman Sachs Dynamic California Municipal Income ETF,Fixed income,48.57,136722,0.16,18912268.0
FUTY,73.1,2026-10-01,Fidelity MSCI Utilities Index ETF,Equity,51.31,846530,0.51,2337606960.0
FIGB,73.1,2026-10-01,Fidelity Investment Grade Bond ETF,Fixed income,40.9,67270,0.57,244693394.0
IMVT,73.1,2026-10-01,"Immunovant, Inc.",Health technology,33.65,1666012,0.27,6945427300.0
INNV,73.0,2026-10-01,InnovAge Holding Corp.,Technology services,8.8,461960,0.23,1194476800.0
BAER,73.0,2026-10-01,"Bridger Aerospace Group Holdings, Inc.",Transportation,0.6822,487852,-3.92,39320399.0
NIO,73.0,2026-10-01,NIO Inc.,Consumer durables,3.4,22482252,-2.02,8435777295.0
IPI,73.0,2026-10-01,"Intrepid Potash, Inc",Non-energy minerals,32.6,213847,2.42,437915800.0
BUD,73.0,2026-10-01,Anheuser-Busch Inbev SA Sponsored,Consumer non-durables,73.02,3012129,-0.63,143808202262.0
IYF,73.0,2026-10-01,iShares U.S. Financial ETF,Equity,126.03,483510,0.58,4513228585.0
VTIP,73.0,2026-10-01,Vanguard Short-Term Inflation-Protected Securities Index Fund ETF Shares,Fixed income,48.41,4217935,0.23,71268897736.0
NFG,73.0,2026-10-01,National Fuel Gas Company,Energy minerals,76.26,745464,0.57,7248139021.0
XENE,73.0,2026-10-01,Xenon Pharmaceuticals Inc.,Health technology,38.93,3654223,1.62,3763191808.0
TPB,73.0,2026-10-01,"Turning Point Brands, Inc.",Consumer non-durables,55.32,637635,-6.11,1071410100.0
PLBY,73.0,2026-10-01,"Playboy, Inc.",Retail trade,1.01,1164407,-1.94,117126670.0
HE,73.0,2026-10-01,"Hawaiian Electric Industries, Inc.",Utilities,8.93,3125461,0.9,1541639480.0
IBTM,73.0,2026-10-01,iShares iBonds Dec 2032 Term Treasury ETF,Fixed income,21.74,116597,0.42,548295766.0
BDBT,73.0,2026-10-01,Bluemonte Core Bond ETF,Fixed income,24.16,68482,0.42,482052327.0
MDT,73.0,2026-10-01,Medtronic plc.,Health technology,86.44,28588654,0.69,110647522000.0
BCAX,73.0,2026-10-01,Bicara Therapeutics Inc.,Health technology,18.2,697969,-2.2,1195810307.0
OXM,72.9,2026-10-01,"Oxford Industries, Inc.",Consumer non-durables,25.38,696330,2.75,378947054.0
LOW,72.9,2026-10-01,"Lowe's Companies, Inc.",Retail trade,182.38,4385120,-0.45,102256135590.0
SARO,72.9,2026-10-01,"StandardAero, Inc.",Transportation,21.17,3958496,-0.33,7038431647.0
LODE,72.9,2026-10-01,Comstock Inc.,Process industries,2.25,1308086,-2.6,170984356.0
ROL,72.9,2026-10-01,"Rollins, Inc.",Commercial services,30.57,7948327,0.89,14708615000.0
VWAV,72.9,2026-10-01,"VisionWave Holdings, Inc.",Technology services,4.49,208208,3.22,135616759.0
ISHG,72.9,2026-10-01,iShares 1-3 Year International Treasury Bond ETF,Fixed income,73.68,60613,-0.2,835928925.0
JMHI,72.9,2026-10-01,JPMorgan High Yield Municipal ETF,Fixed income,46.97,155951,0.3,280229870.0
LOB,72.9,2026-10-01,"Live Oak Bancshares, Inc.",Finance,36.39,229673,1.56,1683488736.0
WPC,72.9,2026-10-01,W. P. Carey Inc. REIT,Finance,63.83,1707485,-0.89,14540936704.0
PB,72.9,2026-10-01,"Prosperity Bancshares, Inc.",Finance,66.8,1346016,1.41,8027807835.0
KBWY,72.9,2026-10-01,Invesco KBW Premium Yield Equity REIT ETF,Equity,16.49,433452,-0.24,302430307.0
BBCA,72.8,2026-10-01,JPMorgan BetaBuilders Canada ETF,Equity,100.17,372503,-0.18,10932203704.0
FNX,72.8,2026-10-01,First Trust Mid Cap Core AlphaDEX Fund,Equity,135.89,15609,0.5,1437137954.0
CNX,72.8,2026-10-01,CNX Resources Corporation,Energy minerals,31.52,1340861,1.51,4663183186.0
JAAA,72.8,2026-10-01,Janus Henderson AAA CLO ETF,Fixed income,50.46,8989817,-0.02,28480095935.0
HROW,72.8,2026-10-01,"Harrow, Inc.",Health technology,30.61,596839,0.2,1140991025.0
CABA,72.8,2026-10-01,"Cabaletta Bio, Inc.",Health technology,1.89,8533840,-1.56,308173564.0
BSCY,72.8,2026-10-01,Invesco BulletShares 2034 Corporate Bond ETF,Fixed income,19.57,95700,0.57,557928791.0
ARR,72.8,2026-10-01,"ARMOUR Residential REIT, Inc.",Finance,13.81,5040907,-0.22,1606941005.0
PSP,72.8,2026-10-01,Invesco Global Listed Private Equity ETF,Equity,56.09,45254,-0.39,294438610.0
ZNTL,72.8,2026-10-01,"Zentalis Pharmaceuticals, Inc.",Health technology,2.61,1898703,-4.74,185440437.0
IBDZ,72.7,2026-10-01,iShares iBonds Dec 2034 Term Corporate ETF,Fixed income,24.59,125062,0.37,863864224.0
RSI,72.7,2026-10-01,"Rush Street Interactive, Inc.",Consumer services,19.95,3054249,-1.82,4937705937.0
GEN,72.7,2026-10-01,Gen Digital Inc.,Technology services,22.25,10774309,-1.07,13318339696.0
FBIO,72.7,2026-10-01,"Fortress Biotech, Inc.",Health technology,2.07,276881,-4.61,68763479.0
DGRO,72.7,2026-10-01,iShares Core Dividend Growth ETF,Equity,75.44,2618996,-0.03,41965356671.0
SMB,72.7,2026-10-01,VanEck Short Muni ETF,Fixed income,16.88,1229751,-0.06,313925043.0
AFYA,72.7,2026-10-01,Afya Limited,Consumer services,12.08,296088,-0.41,1090215277.0
AMLP,72.7,2026-10-01,Alerian MLP ETF,Equity,52.26,1343392,0.75,12175245167.0
IMCR,72.7,2026-10-01,Immunocore Holdings plc,Health technology,30.54,769563,0.53,1552407081.0
ALLY,72.7,2026-10-01,Ally Financial Inc.,Finance,37.65,5145606,1.07,11453130000.0
SUB,72.7,2026-10-01,iShares Short-Term National Muni Bond ETF,Fixed income,104.57,1628377,0.36,11433708960.0
PICS,72.7,2026-10-01,PicS N.V.,Commercial services,8.43,621732,-0.59,1092422954.0
ADT,72.7,2026-10-01,ADT Inc.,Commercial services,6.23,8875955,1.96,4984000000.0
FTRB,72.7,2026-10-01,Federated Hermes Total Return Bond ETF,Fixed income,23.98,200050,0.25,347559314.0
ANAB,72.7,2026-10-01,"AnaptysBio, Inc.",Health technology,48.63,512265,-2.62,1439861355.0
DKNG,72.6,2026-10-01,DraftKings Inc.,Consumer services,19.35,14102538,0.89,9600092609.0
FSIG,72.6,2026-10-01,First Trust Limited Duration Investment Grade Corporate ETF,Fixed income,18.42,407808,0.38,1565732282.0
NGNE,72.6,2026-10-01,Neurogene Inc.,Health technology,26.55,182400,-4.08,419551755.0
BALL,72.6,2026-10-01,Ball Corporation,Process industries,56.5,3375165,1.38,15042955500.0
EDIV,72.6,2026-10-01,State Street SPDR S&P Emerging Markets Dividend ETF,Equity,39.83,112384,-0.33,1220985944.0
VTWV,72.6,2026-10-01,Vanguard Russell 2000 Value ETF,Equity,185.6,63902,0.84,1372686280.0
OPPE,72.6,2026-10-01,WisdomTree European Opportunities Fund,Equity,56.84,14746,-0.8,170462015.0
MUNI,72.6,2026-10-01,PIMCO Intermediate Municipal Bond Active Exchange-Traded Fund,Fixed income,49.79,2152299,0.12,3085962944.0
MGEE,72.6,2026-10-01,MGE Energy Inc.,Utilities,70.05,173369,1.04,2644142325.0
TFC,72.6,2026-10-01,Truist Financial Corporation,Finance,46.28,8737322,0.74,57659326400.0
EPRT,72.6,2026-10-01,"Essential Properties Realty Trust, Inc.",Finance,25.6,2164856,-0.62,5535896448.0
NFE,72.6,2026-10-01,New Fortress Energy Inc.,Utilities,5.91,257961,-4.21,33762016.0
ALL,72.6,2026-10-01,Allstate Corporation (The),Finance,224.41,2914377,0.61,57767846610.0
TOGA,72.6,2026-10-01,Managed Portfolio Series Tremblant Global ETF,Equity,29.05,4257,0.83,186418527.0
OI,72.6,2026-10-01,"O-I Glass, Inc.",Process industries,5.65,3766766,0.0,868177525.0
CHDN,72.5,2026-10-01,"Churchill Downs, Incorporated",Consumer services,74.82,1040817,-1.27,5214968964.0
TIGR,72.5,2026-10-01,UP Fintech Holding Limited,Finance,4.27,4506131,-6.56,763051797.0
SDY,72.5,2026-10-01,State Street SPDR S&P Dividend ETF,Equity,147.49,244188,0.22,21763888705.0
DIM,72.5,2026-10-01,WisdomTree International MidCap Dividend Fund,Equity,84.97,1854,-0.64,162005372.0
LRMR,72.5,2026-10-01,"Larimar Therapeutics, Inc.",Health technology,3.06,857800,-4.38,317881980.0
SLM,72.5,2026-10-01,SLM Corporation,Finance,22.61,2559038,0.44,4250680000.0
SLYV,72.5,2026-10-01,State Street SPDR S&P 600 Small Cap Value ETF,Equity,102.99,547409,0.89,4908297696.0
GVI,72.5,2026-10-01,iShares Intermediate Government/Credit Bond ETF,Fixed income,102.97,135812,0.27,3764289437.0
FDIS,72.5,2026-10-01,Fidelity MSCI Consumer Discretionary Index ETF,Equity,94.83,127344,-0.22,1697199730.0
ALLW,72.5,2026-10-01,SPDR Bridgewater All Weather ETF,Asset allocation,28.61,715634,0.53,1655355551.0
PYLD,72.5,2026-10-01,PIMCO Multisector Bond Active Exchange-Traded Fund,Fixed income,25.27,7192092,0.32,14728502118.0
AEE,72.5,2026-10-01,Ameren Corporation,Utilities,99.64,2296365,0.83,27575569280.0
FRPT,72.5,2026-10-01,"Freshpet, Inc.",Consumer non-durables,57.72,1090748,1.12,2836521897.0
FBRT,72.5,2026-10-01,"Franklin BSP Realty Trust, Inc.",Finance,6.47,1685774,1.09,537303842.0
FICS,72.5,2026-10-01,First Trust International Developed Capital Strength ETF,Equity,39.57,6270,-0.53,213946066.0
BBSC,72.4,2026-10-01,JPMorgan BetaBuilders U.S. Small Cap Equity ETF,Equity,85.44,3803,0.2,764815862.0
FYX,72.4,2026-10-01,First Trust Small Cap Core AlphaDEX Fund,Equity,135.5,72535,0.41,1390253832.0
IDLV,72.4,2026-10-01,Invesco S&P International Developed Low Volatility ETF,Equity,33.9,15804,-0.18,333045684.0
FLRT,72.4,2026-10-01,Pacer Aristotle Pacific Floating Rate High Income ETF,Fixed income,46.48,307661,0.04,632111397.0
OAKM,72.4,2026-10-01,Oakmark U.S. Large Cap ETF,Equity,29.53,760316,0.27,1076678887.0
ETOR,72.4,2026-10-01,eToro Group Ltd.,Technology services,25.78,1108741,1.34,2169536344.0
ACNT,72.4,2026-10-01,Ascent Industries Co.,Process industries,13.95,39507,-1.06,126083030.0
BAM,72.4,2026-10-01,Brookfield Asset Management Inc,Finance,44.56,4695875,-0.04,71152802608.0
FDM,72.4,2026-10-01,First Trust DJ Select MicroCap ETF,Equity,87.8,5829,0.6,273000086.0
JRVR,72.4,2026-10-01,"James River Group Holdings, Inc.",Finance,3.45,420090,0.58,159517153.0
SE,72.4,2026-10-01,Sea Limited,Retail trade,95.27,4564252,-1.17,57195276477.0
EQWL,72.4,2026-10-01,Invesco S&P 100 Equal Weight ETF,Equity,129.22,313007,-0.2,2754191617.0
NOBL,72.4,2026-10-01,ProShares S&P 500 Dividend Aristocrats ETF,Equity,54.23,1304211,0.35,11753143850.0
JSCP,72.4,2026-10-01,JPMorgan Short Duration Core Plus ETF,Fixed income,45.91,216571,0.22,870927865.0
GLPI,72.4,2026-10-01,"Gaming and Leisure Properties, Inc.",Finance,37.59,3486938,-0.97,10646309003.0
OPAL,72.4,2026-10-01,OPAL Fuels Inc.,Process industries,1.75,255035,0.57,49496370.0
CAFX,72.4,2026-10-01,Congress Intermediate Bond ETF,Fixed income,23.95,59535,0.29,325325125.0
AM,72.4,2026-10-01,Antero Midstream Corporation,Industrial services,20.26,2395796,-0.1,9616895240.0
PFLD,72.4,2026-10-01,AAM Low Duration Preferred and Income Securities ETF,Fixed income,19.1,105700,0.21,419957013.0
BSJS,72.4,2026-10-01,Invesco BulletShares 2028 High Yield Corporate Bond ETF,Fixed income,21.44,131898,-0.05,705123309.0
SUI,72.4,2026-10-01,"Sun Communities, Inc.",Finance,110.0,1014980,-0.17,13555383270.0
ZVRA,72.4,2026-10-01,"Zevra Therapeutics, Inc.",Health technology,10.18,1070700,-6.69,601791555.0
PUMP,72.4,2026-10-01,ProPetro Holding Corp.,Industrial services,9.0,2863962,2.04,1105415253.0
VNQI,72.4,2026-10-01,Vanguard Global ex-U.S. Real Estate ETF,Equity,42.06,452587,-0.57,3632091643.0
FTA,72.4,2026-10-01,First Trust Large Cap Value AlphaDEX Fund,Equity,95.89,26903,0.47,1359823465.0
BN,72.4,2026-10-01,Brookfield Corporation,Finance,36.54,6352874,0.16,81615581945.0
SSP,72.4,2026-10-01,E.W. Scripps Company (The),Consumer services,2.64,625724,1.54,210165384.0
NEXT,72.4,2026-10-01,NextDecade Corporation,Energy minerals,6.31,2386604,-0.79,1679627350.0
EZM,72.4,2026-10-01,WisdomTree U.S. MidCap Fund,Equity,72.17,29455,0.92,949353803.0
ISTR,72.4,2026-10-01,Investar Holding Corporation,Finance,28.96,93379,0.0,398200724.0
VDC,72.4,2026-10-01,Vanguard Consumer Staples ETF,Equity,217.71,282398,-0.14,9256971365.0
DINT,72.4,2026-10-01,Davis Select International ETF,Equity,27.74,4338,-0.47,277869669.0
TPSC,72.4,2026-10-01,Timothy Plan US Small Cap Core ETF,Equity,45.12,29889,1.05,363606391.0
IMVP,72.3,2026-10-01,Invesco India ETF,Equity,18.45,17521,-0.43,140580672.0
IBTJ,72.3,2026-10-01,iShares iBonds Dec 2029 Term Treasury ETF,Fixed income,21.21,320782,0.24,1352700181.0
LQTI,72.3,2026-10-01,FT Vest Investment Grade & Target Income ETF,Alternatives,17.94,53942,0.06,271299836.0
ITRI,72.3,2026-10-01,"Itron, Inc.",Electronic technology,86.24,792223,-0.6,3776173632.0
IMCV,72.3,2026-10-01,iShares Morningstar Mid-Cap Value ETF,Equity,92.15,78440,0.44,1107034104.0
JPUS,72.3,2026-10-01,JPMorgan Diversified Return U.S. Equity ETF,Equity,136.33,18855,0.57,464368691.0
FTCA,72.3,2026-10-01,Franklin California Municipal Income ETF,Fixed income,6.85,597333,0.15,561219663.0
CXSE,72.3,2026-10-01,WisdomTree China ex-State-Owned Enterprises Fund,Equity,34.94,43044,-0.63,508992077.0
AWK,72.3,2026-10-01,"American Water Works Company, Inc.",Utilities,127.86,2423497,-0.93,25409488534.0
TRP,72.3,2026-10-01,TC Energy Corporation,Industrial services,58.62,3650216,0.58,61023608170.0
GLUE,72.3,2026-10-01,"Monte Rosa Therapeutics, Inc.",Health technology,11.26,2865126,-7.33,951238247.0
EFAA,72.3,2026-10-01,Invesco MSCI EAFE Income Advantage ETF,Equity,54.4,378480,-0.37,640332087.0
SCHV,72.3,2026-10-01,Schwab U.S. Large-Cap Value ETF,Equity,33.38,4433475,0.24,16407671272.0
SLB,72.3,2026-10-01,SLB Limited,Industrial services,48.66,14311270,0.6,72218411421.0
DFSB,72.3,2026-10-01,Dimensional Global Sustainability Fixed Income ETF,Fixed income,49.63,47173,0.51,712475906.0
XES,72.3,2026-10-01,State Street SPDR S&P Oil & Gas Equipment & Services ETF,Equity,109.13,159470,1.54,397243176.0
LEMB,72.3,2026-10-01,iShares J.P. Morgan EM Local Currency Bond,Fixed income,42.03,160797,0.07,722215660.0
BCAR,72.3,2026-09-24,D. Boral ARC Acquisition I Corp.,Finance,2.58,95566,-9.79,191613120.0
EPHE,72.2,2026-10-01,iShares MSCI Philippines ETF,Equity,22.51,281836,0.36,107963141.0
VYM,72.2,2026-10-01,Vanguard High Dividend Yield ETF,Equity,155.35,1731552,0.1,98348421602.0
CGEM,72.2,2026-10-01,"Cullinan Therapeutics, Inc.",Health technology,14.53,910649,-4.53,892984740.0
GMUB,72.2,2026-10-01,Goldman Sachs Municipal Income ETF,Fixed income,48.99,1366591,0.0,52002513.0
AVIG,72.2,2026-10-01,Avantis Core Fixed Income ETF,Fixed income,39.48,1210680,0.46,1949245022.0
MINO,72.2,2026-10-01,PIMCO Municipal Income Opportunities Active Exchange-Traded Fund,Fixed income,42.7,809052,0.12,355634101.0
ALKT,72.2,2026-10-01,"Alkami Technology, Inc.",Technology services,14.04,1847450,1.45,1501465680.0
AEG,72.2,2026-10-01,Aegon Ltd. New York Registry Shares,Finance,8.49,5878596,-0.24,12771748566.0
KIM,72.2,2026-10-01,Kimco Realty Corporation (HC),Finance,22.21,6010428,0.36,14978201900.0
EPI,72.2,2026-10-01,WisdomTree India Earnings Fund,Equity,40.44,328306,-0.12,2109819644.0
SCHR,72.2,2026-10-01,Schwab Intermediate-Term U.S. Treasury ETF,Fixed income,23.69,5809773,0.38,13318052024.0
VIOG,72.2,2026-10-01,Vanguard S&P Small-Cap 600 Growth ETF,Equity,138.51,98740,0.63,1093437896.0
SIHY,72.2,2026-10-01,Harbor Scientific Alpha High-Yield ETF,Fixed income,43.98,9231,0.62,140792397.0
DFAR,72.2,2026-10-01,Dimensional US Real Estate ETF,Equity,24.04,1953972,-0.46,1697324779.0
GLP,72.2,2026-10-01,Global Partners LP,Distribution services,46.53,165151,1.13,1580689707.0
MBOT,72.1,2026-10-01,Microbot Medical Inc.,Health technology,1.2,682545,-0.83,54684518.0
CGMU,72.1,2026-10-01,Capital Group Municipal Income ETF,Fixed income,26.02,4322139,0.0,6340657649.0
IHRT,72.1,2026-10-01,"iHeartMedia, Inc.",Consumer services,2.1,564031,0.0,273130200.0
CCI,72.1,2026-10-01,Crown Castle Inc.,Finance,66.12,3510556,-1.12,28894440000.0
CCAP,72.1,2026-10-01,"Crescent Capital BDC, Inc.",Finance,9.17,351770,0.44,337877820.0
LYEL,72.1,2026-10-01,"Lyell Immunopharma, Inc.",Health technology,9.41,115248,-3.98,230586009.0
XPEV,72.1,2026-10-01,XPeng Inc.,Consumer durables,9.42,4209699,-1.88,8949069595.0
VYGR,72.1,2026-10-01,"Voyager Therapeutics, Inc.",Health technology,2.68,600086,0.37,161626943.0
FID,72.1,2026-10-01,First Trust S&P International Dividend Aristocrats ETF,Equity,22.12,11141,-0.41,160116938.0
CLVT,72.1,2026-10-01,Clarivate Plc,Commercial services,1.6,4183787,-5.88,1023462400.0
DVY,72.1,2026-10-01,iShares Select Dividend ETF,Equity,152.71,337205,0.6,24017121983.0
FEGE,72.1,2026-10-01,First Eagle Global Equity ETF,Equity,49.96,323260,-0.62,1208497664.0
IBTQ,72.1,2026-10-01,iShares iBonds Dec 2035 Term Treasury ETF,Fixed income,23.64,83652,0.6,62027412.0
PULS,72.1,2026-10-01,PGIM Ultra Short Bond ETF,Fixed income,49.47,3903914,0.02,17427360121.0
WTV,72.1,2026-10-01,WisdomTree U.S. Value Fund,Equity,102.87,455198,0.1,2997528102.0
VGIT,72.1,2026-10-01,Vanguard Intermediate-Term Treasury ETF,Fixed income,56.64,8064795,0.41,50445225974.0
JMBS,72.1,2026-10-01,Janus Henderson Mortgage-Backed Securities ETF,Fixed income,42.4,1208422,0.57,6829361318.0
SHYM,72.1,2026-10-01,iShares Short Duration High Yield Muni Active ETF,Fixed income,21.36,1702418,-0.28,393406498.0
PAG,72.1,2026-10-01,"Penske Automotive Group, Inc.",Retail trade,202.84,612189,1.17,13319062433.0
SIGI,72.1,2026-10-01,"Selective Insurance Group, Inc.",Finance,84.9,557620,1.77,5060040000.0
CMTL,72.1,2026-10-01,Comtech Telecommunications Corp.,Electronic technology,1.33,327036,-2.21,39848703.0
REET,72.1,2026-10-01,iShares Global REIT ETF,Equity,25.59,3855624,-0.16,4801374692.0
MLN,72.0,2026-10-01,VanEck Long Muni ETF,Fixed income,16.37,2880881,0.06,697973363.0
TBG,72.0,2026-10-01,TBG Dividend Focus ETF,Equity,36.24,70752,0.0,244412385.0
EVEX,72.0,2026-10-01,"Eve Holding, Inc.",Electronic technology,1.79,1087202,-7.25,623465950.0
BAB,72.0,2026-10-01,Invesco Taxable Municipal Bond ETF,Fixed income,25.35,426347,0.08,1007059850.0
CDLR,72.0,2026-10-01,Cadeler A/S,Producer manufacturing,21.42,86831,-0.51,2066409184.0
FISV,72.0,2026-10-01,"Fiserv, Inc.",Commercial services,45.38,6025428,-0.37,24199066520.0
RMR,72.0,2026-10-01,The RMR Group Inc.,Finance,18.06,135539,-0.33,290408882.0
MAX,72.0,2026-10-01,"MediaAlpha, Inc.",Technology services,9.68,1581192,0.83,512804882.0
TROX,72.0,2026-10-01,Tronox Holdings plc,Process industries,3.82,3526624,-1.8,609382039.0
LAC,72.0,2026-10-01,Lithium Americas Corp.,Non-energy minerals,2.57,8700681,-1.91,573826079.0
PXED,72.0,2026-10-01,"Phoenix Education Partners, Inc.",Technology services,25.23,57590,-1.29,909475296.0
DLN,72.0,2026-10-01,WisdomTree U.S. LargeCap Dividend Fund,Equity,97.26,157019,0.06,6299521064.0
LVS,72.0,2026-10-01,Las Vegas Sands Corp.,Consumer services,36.69,6293176,-3.04,23764156441.0
BRTR,72.0,2026-10-01,iShares Total Return Active ETF,Fixed income,47.72,40271,0.34,252690786.0
BMOP,72.0,2026-10-01,BNY Mellon Municipal Opportunities ETF,Fixed income,23.56,472599,-0.08,434034109133.0
EWU,72.0,2026-10-01,iShares MSCI United Kingdom ETF,Equity,45.89,2083960,-0.5,3665097797.0
DAX,72.0,2026-10-01,Global X DAX Germany ETF,Equity,43.43,33413,-1.0,245305394.0
EXC,72.0,2026-10-01,Exelon Corporation,Utilities,40.47,12584271,0.62,41694377478.0
EUAD,72.0,2026-10-01,Select STOXX Europe Aerospace & Defense ETF,Equity,41.32,206581,-0.58,1207080326.0
APP,72.0,2026-10-01,Applovin Corporation,Technology services,281.31,7939661,-3.33,94503143277.0
UE,72.0,2026-10-01,Urban Edge Properties,Finance,19.56,831216,0.15,2464951083.0
TDVG,72.0,2026-10-01,T. Rowe Price Dividend Growth ETF,Equity,48.28,2885742,0.17,1440740000.0
GBFH,72.0,2026-10-01,GBank Financial Holdings Inc.,Finance,17.75,126824,-2.42,256848748.0
MLPX,71.9,2026-10-01,Global X MLP & Energy Infrastructure ETF,Equity,70.43,406612,1.11,3537729437.0
KLAR,71.9,2026-10-01,Klarna Group plc,Commercial services,12.45,4017036,-0.24,4699973355.0
MCHB,71.9,2026-10-01,Mechanics Bancorp,Finance,14.83,837654,0.47,3266856210.0
CMP,71.9,2026-10-01,Compass Minerals Intl Inc,Process industries,21.81,505328,-0.14,915110523.0
UPST,71.9,2026-10-01,"Upstart Holdings, Inc.",Finance,22.95,4844273,-0.17,2196581220.0
ABEQ,71.9,2026-10-01,Absolute Select Value ETF,Equity,37.14,5270,0.16,142528989.0
VTR,71.9,2026-10-01,"Ventas, Inc.",Finance,83.73,2807754,-1.15,40707014100.0
IVLU,71.9,2026-10-01,iShares MSCI Intl Value Factor ETF,Equity,42.29,2384888,-0.56,4267571296.0
MGNR,71.9,2026-10-01,American Beacon Select Funds American Beacon GLG Natural Resources ETF,Equity,49.15,364205,0.72,256417567.0
FPH,71.9,2026-10-01,"Five Point Holdings, LLC",Finance,4.58,123507,-1.29,325595095.0
UMI,71.9,2026-10-01,USCF Midstream Energy Income Fund ETF,Equity,57.25,36763,1.44,497953637.0
AIRS,71.9,2026-10-01,"AirSculpt Technologies, Inc.",Health technology,1.7,1405448,-2.3,119927658.0
APO,71.9,2026-10-01,"Apollo Global Management, Inc. (New)",Finance,114.34,4248802,-1.75,65856614583.0
IBMP,71.9,2026-10-01,iShares iBonds Dec 2027 Term Muni Bond ETF,Fixed income,25.19,142098,-0.2,644354166.0
ANRO,71.8,2026-10-01,"Alto Neuroscience, Inc.",Health technology,25.31,575755,-0.75,888227621.0
PSQ,71.8,2026-10-01,ProShares Short QQQ,Equity,24.74,25962828,0.04,727874066.0
EVC,71.8,2026-10-01,Entravision Communications Corporation,Consumer services,7.38,1575445,0.0,679249200.0
NOV,71.8,2026-10-01,NOV Inc.,Industrial services,18.91,3686340,1.78,6741001344.0
CQQQ,71.8,2026-10-01,Invesco China Technology ETF,Equity,44.55,765017,-0.62,3068075990.0
BUCK,71.8,2026-10-01,Simplify Treasury Option Income ETF,Fixed income,23.07,168066,-0.13,474177877.0
GLIN,71.8,2026-10-01,VanEck India Growth Leaders ETF,Equity,42.92,2412,-0.05,99079067.0
HYMB,71.8,2026-10-01,State Street SPDR Nuveen ICE High Yield Municipal Bond ETF,Fixed income,23.43,5552711,-0.21,3092394106.0
INDY,71.8,2026-10-01,iShares India 50 ETF,Equity,40.79,100899,-0.07,541987932.0
MDLZ,71.8,2026-10-01,"Mondelez International, Inc.",Consumer non-durables,57.76,7583562,-0.19,73719665600.0
DFCA,71.8,2026-10-01,Dimensional California Municipal Bond ETF,Fixed income,47.78,369717,-0.13,703558432.0
NATR,71.8,2026-10-01,"Nature's Sunshine Products, Inc.",Health technology,12.59,159958,-0.79,221393526.0
NBHC,71.8,2026-10-01,National Bank Holdings Corporation,Finance,39.17,388365,0.72,1754455636.0
EBND,71.7,2026-10-01,SPDR Bloomberg Emerging Markets Local Bond ETF,Fixed income,20.41,397818,-0.15,2276669882.0
JMUB,71.7,2026-10-01,JPMorgan Municipal ETF,Fixed income,47.69,5896740,0.06,8471838413.0
ICOW,71.7,2026-10-01,Pacer Developed Markets International Cash Cows 100 ETF,Equity,41.78,131078,-0.67,1745445663.0
MCD,71.7,2026-10-01,McDonald's Corporation,Consumer services,231.83,5775360,0.13,164716605980.0
AVUV,71.7,2026-10-01,Avantis U.S. Small Cap Value ETF,Equity,119.1,2159061,1.32,29393570496.0
LXEO,71.7,2026-10-01,"Lexeo Therapeutics, Inc.",Health technology,3.62,2886370,7.1,284248315.0
PWV,71.7,2026-10-01,Invesco Large Cap Value ETF,Equity,76.46,165817,0.61,1605465008.0
ALKS,71.7,2026-10-01,Alkermes plc,Health technology,40.54,2280616,1.35,6801112020.0
FTSD,71.7,2026-10-01,Franklin Short Duration U.S. Government ETF,Fixed income,88.68,15883,0.05,293758741.0
NUMV,71.7,2026-10-01,Nuveen ESG Mid-Cap Value ETF,Equity,42.58,46540,0.59,552226169.0
PGF,71.7,2026-10-01,Invesco Financial Preferred ETF,Fixed income,12.82,303095,1.02,676597915.0
PAGP,71.7,2026-10-01,"Plains GP Holdings, L.P.",Industrial services,25.93,1853322,0.31,5131653935.0
EUFN,71.7,2026-10-01,iShares MSCI Europe Financials ETF,Equity,38.67,5896144,-1.13,5256048089.0
APCB,71.7,2026-10-01,ActivePassive Core Bond ETF,Fixed income,28.15,58594,0.39,940236667.0
BC,71.7,2026-10-01,Brunswick Corporation,Producer manufacturing,64.22,838509,0.34,4172658408.0
WDIV,71.7,2026-10-01,State Street SPDR S&P Global Dividend ETF,Equity,80.78,11046,-0.27,266181115.0
HTRB,71.6,2026-10-01,Hartford Total Return Bond ETF,Fixed income,32.11,346858,0.44,2218648944.0
MTX,71.6,2026-10-01,Minerals Technologies Inc.,Process industries,65.18,143590,0.4,2021147066.0
CHAU,71.6,2026-10-01,Direxion Daily CSI 300 China A Share Bull 2X Shares,Equity,19.44,101830,1.25,95136250.0
CGSM,71.6,2026-10-01,Capital Group Short Duration Municipal Income ETF,Fixed income,25.78,1214933,0.04,1197076664.0
XTRE,71.6,2026-10-01,BondBloxx Bloomberg Three Year Target Duration US Treasury ETF,Fixed income,47.83,10764,0.25,230411266.0
COLL,71.6,2026-10-01,"Collegium Pharmaceutical, Inc.",Health technology,21.84,1000104,-0.46,708353733.0
MAA,71.6,2026-10-01,"Mid-America Apartment Communities, Inc.",Finance,116.38,1159734,-1.05,13547190953.0
ICF,71.6,2026-10-01,iShares Select U.S. REIT ETF,Equity,62.51,216002,-0.22,2080801892.0
ERIC,71.6,2026-10-01,Ericsson,Electronic technology,9.22,9917282,0.66,30259133381.0
URNJ,71.6,2026-10-01,Sprott Junior Uranium Miners ETF,Equity,19.98,431116,-0.4,232500008.0
MIRM,71.6,2026-10-01,"Mirum Pharmaceuticals, Inc.",Health technology,83.92,641768,-1.76,5117542304.0
PRGS,71.6,2026-10-01,Progress Software Corporation,Technology services,36.58,1895417,-9.72,1500253418.0
OLN,71.6,2026-10-01,Olin Corporation,Process industries,15.96,4774936,6.12,1819152720.0
IJS,71.6,2026-10-01,iShares S&P SmallCap 600 Value ETF,Equity,129.19,952595,0.82,8294694897.0
IBTO,71.6,2026-10-01,iShares iBonds Dec 2033 Term Treasury ETF,Fixed income,22.98,109341,0.48,471487829.0
FLQM,71.5,2026-10-01,Franklin U.S. Mid Cap Multifactor Index ETF,Equity,57.82,107544,0.64,1561294854.0
OWL,71.5,2026-10-01,Blue Owl Capital Inc.,Finance,8.95,23714686,-1.97,13990758650.0
SGML,71.5,2026-10-01,Sigma Lithium Corporation,Non-energy minerals,8.34,6051308,-7.54,928544005.0
PRLD,71.5,2026-10-01,Prelude Therapeutics Incorporated,Health technology,3.79,502501,-2.82,215775225.0
MTB,71.5,2026-10-01,M&T Bank Corporation,Finance,217.35,1083791,0.86,31501187550.0
PNR,71.5,2026-10-01,Pentair plc.,Producer manufacturing,52.88,2901337,-0.34,8441657440.0
RAPP,71.5,2026-10-01,"Rapport Therapeutics, Inc.",Health technology,32.83,326568,-2.06,1570158013.0
FER,71.5,2026-10-01,Ferrovial SE,Industrial services,52.94,2808420,0.25,38399064592.0
RSPC,71.5,2026-10-01,Invesco S&P 500 Equal Weight Communication Services ETF,Financial Services,34.56,15584,-1.59,60374659.0
AVDE,71.5,2026-10-01,Avantis International Equity ETF,Equity,89.35,3620198,-0.43,17580563305.0
ATO,71.5,2026-10-01,Atmos Energy Corporation,Utilities,156.38,1076199,0.24,26102921764.0
BSJR,71.5,2026-10-01,Invesco BulletShares 2027 High Yield Corporate Bond ETF,Fixed income,22.13,164987,0.05,856151819.0
BRX,71.5,2026-10-01,Brixmor Property Group Inc.,Finance,27.57,3748795,0.04,8460461040.0
PID,71.5,2026-10-01,Invesco International Dividend Achievers ETF,Equity,21.25,55695,-0.47,877402049.0
FCAL,71.5,2026-10-01,First Trust California Municipal High income ETF,Fixed income,46.47,73597,0.35,223459538.0
WSBF,71.5,2026-10-01,"Waterstone Financial, Inc.",Finance,19.51,56957,-0.46,352215630.0
UITB,71.5,2026-10-01,VictoryShares Core Intermediate Bond ETF,Fixed income,44.77,352671,0.47,2671985396.0
ELDN,71.5,2026-10-01,"Eledon Pharmaceuticals, Inc.",Health technology,2.44,614859,-3.17,187952293.0
VCRM,71.5,2026-10-01,Vanguard Core Tax-Exempt Bond ETF,Fixed income,71.72,1845618,0.06,1263792171.0
MERC,71.5,2026-10-01,Mercer International Inc.,Process industries,0.3222,1091950,5.29,21581763.0
ABT,71.4,2026-10-01,Abbott Laboratories,Health technology,96.69,8862131,-2.43,167345375906.0
EMLC,71.4,2026-10-01,VanEck J. P. Morgan EM Local Currency Bond ET,Fixed income,24.53,3444039,-0.24,4891566194.0
LIEN,71.4,2026-10-01,"Chicago Atlantic BDC, Inc.",Finance,9.45,95125,-0.63,216316075.0
DFAT,71.4,2026-10-01,Dimensional U.S. Targeted Value ETF,Equity,67.13,335059,1.25,14503695721.0
XYL,71.4,2026-10-01,Xylem Inc.,Producer manufacturing,100.88,2938154,-0.38,23563508040.0
IEUR,71.4,2026-10-01,iShares Core MSCI Europe ETF,Equity,72.65,1278345,-0.72,8717241891.0
EMAT,71.4,2026-10-01,Evolution Metals & Technologies Corp.,Commercial services,2.15,1509149,-16.67,1278668931.0
ATLX,71.4,2026-10-01,Atlas Lithium Corporation,Non-energy minerals,2.46,204800,-1.6,72547582.0
NUDM,71.4,2026-10-01,Nuveen ESG International Developed Markets Equity ETF,Equity,39.25,1904906,-1.01,707405284.0
INFL,71.4,2026-10-01,Horizon Kinetics Inflation Beneficiaries ETF,Equity,50.19,137952,0.18,1521441982.0
UHAL.B,71.4,2026-10-01,U-Haul Holding Company Series N Non-Voting,Finance,54.0,284127,2.74,12086045208.0
VTV,71.4,2026-10-01,Vanguard Value ETF,Equity,216.7,3470718,0.33,261633289206.0
XSVM,71.3,2026-10-01,Invesco S&P SmallCap Value with Momentum ETF,Equity,65.77,35992,1.26,647148974.0
BBOT,71.3,2026-10-01,"BridgeBio Oncology Therapeutics, Inc.",Health technology,3.94,1363583,-2.72,315621990.0
NKE,71.3,2026-10-01,"Nike, Inc.",Consumer non-durables,35.15,88628902,-0.85,52015364559.0
KTOS,71.3,2026-10-01,"Kratos Defense & Security Solutions, Inc.",Electronic technology,42.82,4752015,-0.51,8029606400.0
SLVM,71.3,2026-10-01,Sylvamo Corporation,Process industries,33.17,663301,1.16,1318047631.0
RYAM,71.3,2026-10-01,Rayonier Advanced Materials Inc.,Process industries,7.34,1906124,-7.67,494998590.0
MLCO,71.3,2026-10-01,Melco Resorts & Entertainment Limited,Consumer services,4.14,3590825,-6.76,1607527021.0
SFD,71.3,2026-10-01,"Smithfield Foods, Inc.",Consumer non-durables,18.58,1883507,-0.85,7310807547.0
PXF,71.3,2026-10-01,Invesco RAFI Developed Markets ex-U.S. ETF,Equity,75.57,344254,-0.43,2876178330.0
PAM,71.3,2026-10-01,Pampa Energia S.A.,Utilities,76.09,230846,-1.32,4297192439.0
SUSB,71.3,2026-10-01,iShares ESG Aware 1-5 Year USD Corporate Bond ETF,Fixed income,24.37,203951,0.21,1298654164.0
OMF,71.3,2026-10-01,"OneMain Holdings, Inc.",Finance,55.87,1002534,1.58,6454716970.0
MIAX,71.3,2026-10-01,"Miami International Holdings, Inc.",Finance,33.75,1874437,0.15,3266616600.0
EVIM,71.3,2026-10-01,Eaton Vance Intermediate Municipal Income ETF,Fixed income,50.53,484348,0.18,110022636.0
IJT,71.3,2026-10-01,iShares S&P SmallCap 600 Growth ETF,Equity,161.07,531432,0.67,8188934901.0
PAAA,71.3,2026-10-01,PGIM AAA CLO ETF,Fixed income,51.28,3118071,0.04,11255806788.0
INCO,71.3,2026-10-01,Columbia India Consumer ETF,Equity,56.89,12248,-0.33,296444436.0
DRSK,71.3,2026-10-01,Aptus Defined Risk ETF,Asset allocation,27.24,201302,0.63,1511813104.0
VLY,71.3,2026-10-01,Valley National Bancorp,Finance,12.67,11679679,0.64,7020839770.0
SCHP,71.3,2026-10-01,Schwab U.S. TIPS ETF,Fixed income,25.15,12020320,0.48,16283538039.0
USB,71.3,2026-10-01,U.S. Bancorp,Finance,57.36,10415775,0.09,89351491918.0
MPLT,71.3,2026-10-01,"MapLight Therapeutics, Inc.",Health technology,9.63,432223,-5.22,408661819.0
TFLR,71.3,2026-10-01,T. Rowe Price Floating Rate ETF,Fixed income,50.42,459237,0.36,654530951.0
XPH,71.2,2026-10-01,State Street SPDR S&P Pharmaceuticals ETF,Equity,63.78,589489,-1.5,292184040.0
WBI,71.2,2026-10-01,WaterBridge Infrastructure LLC,Industrial services,28.13,753039,0.57,1322561740.0
IMNM,71.2,2026-10-01,"Immunome, Inc.",Health technology,20.89,1096348,-1.32,1996984522.0
TBLA,71.2,2026-10-01,Taboola.com Ltd.,Technology services,3.32,2680218,-2.64,907436839.0
GII,71.2,2026-10-01,State Street SPDR S&P Global Infrastructure ETF,Equity,69.7,30469,-0.01,950168143.0
HAYW,71.2,2026-10-01,"Hayward Holdings, Inc.",Consumer durables,12.24,3269449,-0.08,2596348800.0
HMN,71.2,2026-10-01,Horace Mann Educators Corporation,Finance,44.94,358323,1.28,1814729870.0
DNUT,71.2,2026-10-01,"Krispy Kreme, Inc.",Distribution services,2.9,2094003,0.69,499960000.0
BYND,71.2,2026-10-01,"Beyond Meat, Inc.",Consumer non-durables,8.26,1074356,0.24,141890833.0
BX,71.2,2026-10-01,Blackstone Inc.,Finance,112.24,5953329,-0.45,135597194045.0
FXF,71.2,2026-10-01,Invesco CurrencyShares Swiss Franc Trust,Currency,105.96,31187,0.59,429347831.0
IMMX,71.2,2026-10-01,"Immix Biopharma, Inc.",Health technology,10.23,1648321,-0.2,556531406.0
GUNR,71.2,2026-10-01,FlexShares Global Upstream Natural Resources Index Fund ETF,Equity,52.66,345058,0.34,6952573376.0
ALHC,71.2,2026-10-01,"Alignment Healthcare, Inc.",Health services,7.74,19090971,-5.03,1605546900.0
VNLA,71.2,2026-10-01,Janus Henderson Short Duration Income ETF,Fixed income,48.6,509839,0.06,3317577537.0
PFSI,71.2,2026-10-01,"PennyMac Financial Services, Inc.",Finance,61.95,841410,0.44,3216747555.0
JPIE,71.2,2026-10-01,JPMorgan Income ETF,Fixed income,44.71,2654216,0.16,5344626900.0
ARI,71.2,2026-10-01,"Apollo Commercial Real Estate Finance, Inc",Finance,6.28,4875754,1.45,822348736.0
L,71.2,2026-10-01,Loews Corporation,Finance,105.05,1871774,0.76,21616033450.0
VENU,71.2,2026-10-01,Venu Holding Corporation,Consumer services,1.32,726836,-7.04,79255873.0
AHR,71.2,2026-10-01,"American Healthcare REIT, Inc.",Finance,50.69,2879834,-1.46,10478753793.0
DFLV,71.2,2026-10-01,Dimensional US Large Cap Value ETF,Equity,40.32,1025924,0.52,6614726016.0
PHG,71.1,2026-10-01,Koninklijke Philips N.V. NY Registry Shares,Health technology,23.81,1335942,-1.49,23272546132.0
BBIN,71.1,2026-10-01,JPMorgan BetaBuilders International Equity ETF,Equity,77.2,224096,-0.39,6592740569.0
VAW,71.1,2026-10-01,Vanguard Materials ETF,Equity,217.68,131517,0.3,4660626223.0
IWMY,71.1,2026-10-01,Defiance R2000 Weekly Distribution ETF,Equity,17.1,52611,0.29,100430269.0
PRSD,71.1,2026-10-01,State Street Short Duration IG Public & Private Credit ETF,Fixed income,24.61,15481,0.12,25028580.0
IAI,71.1,2026-10-01,iShares U.S. Broker-Dealers & Securities Exchanges ETF,Equity,176.29,261407,0.47,1355378785.0
SMG,71.1,2026-10-01,Scotts Miracle-Gro Company (The),Process industries,50.02,1233542,0.81,2910260489.0
LDUR,71.1,2026-10-01,PIMCO Enhanced Low Duration Active Exchange-Traded Fund,Fixed income,93.97,42855,0.2,1009208119.0
HAUZ,71.1,2026-10-01,Xtrackers International Real Estate ETF,Equity,20.98,129824,-0.43,995100759.0
AXIA,71.1,2026-08-14,AXIA Energia,Utilities,9.53,1201073,-0.73,23290666092.0
JPST,71.1,2026-10-01,JPMorgan Ultra-Short Income ETF,Fixed income,50.22,9914609,0.02,40484576252.0
COMP,71.1,2026-10-01,"Compass, Inc.",Technology services,9.12,21805709,3.17,5546626233.0
XFOR,71.1,2026-10-01,"X4 Pharmaceuticals, Inc.",Health technology,2.83,501455,-2.08,266924740.0
JPLD,71.1,2026-10-01,JPMorgan Limited Duration Bond ETF,Fixed income,51.25,428129,0.65,3892657623.0
ESTA,71.1,2026-10-01,Establishment Labs Holdings Inc.,Health technology,63.04,352491,-0.77,1855291786.0
BOOM,71.1,2026-10-01,DMC Global Inc.,Industrial services,5.63,100156,1.26,115542563.0
TFII,71.1,2026-10-01,TFI International Inc.,Transportation,120.55,257778,0.59,9908366150.0
ARTV,71.1,2026-10-01,"Artiva Biotherapeutics, Inc.",Health technology,6.79,443658,-4.5,331963915.0
PFF,71.1,2026-10-01,iShares Preferred and Income Securities ETF,Fixed income,29.46,4003673,0.48,13157626543.0
IUSB,71.1,2026-10-01,iShares Core Universal USD Bond ETF,Fixed income,44.03,9185135,0.5,42842906195.0
FISR,71.1,2026-10-01,State Street Fixed Income Sector Rotation ETF,Fixed income,24.41,128266,0.45,607779984.0
ACWV,71.1,2026-10-01,iShares MSCI Global Min Vol Factor ETF,Equity,122.93,139650,0.08,3278942801.0
AA,71.1,2026-10-01,Alcoa Corporation,Non-energy minerals,42.06,4909053,1.18,11100012540.0
TNA,71.1,2026-10-01,Direxion Small Cap Bull 3X Shares,Equity,58.37,8144147,1.81,2492262108.0
CMS,71.0,2026-10-01,CMS Energy Corporation,Utilities,63.64,5774497,1.08,19956040280.0
THRY,71.0,2026-10-01,"Thryv Holdings, Inc.",Technology services,1.57,770718,-3.09,69629186.0
MBLY,71.0,2026-10-01,Mobileye Global Inc.,Technology services,7.35,5839656,-1.21,5994174753.0
PSFE,71.0,2026-10-01,Paysafe Limited,Commercial services,5.44,375343,-2.86,281119355.0
FSEC,71.0,2026-10-01,Fidelity Investment Grade Securitized ETF,Fixed income,41.8,589180,0.41,4673630351.0
SPIP,71.0,2026-10-01,State Street SPDR Portfolio TIPS ETF,Fixed income,24.4,929557,0.49,1005909718.0
PRIV,71.0,2026-10-01,SPDR SSGA IG Public & Private Credit ETF,Fixed income,23.99,6860,0.54,834519405.0
LYG,71.0,2026-10-01,Lloyds Banking Group Plc,Finance,5.42,20254140,-1.45,78665156809.0
RYTM,71.0,2026-10-01,"Rhythm Pharmaceuticals, Inc.",Health technology,93.41,689792,-2.02,6407328176.0
FMUB,71.0,2026-10-01,Fidelity Municipal Bond Opportunities ETF,Fixed income,48.41,168751,0.08,222370469.0
IBTI,71.0,2026-10-01,iShares iBonds Dec 2028 Term Treasury ETF,Fixed income,21.88,913630,0.18,1783956118.0
SLI,71.0,2026-10-01,Standard Lithium Ltd.,Non-energy minerals,1.79,1149864,-1.65,436507610.0
PBEU,71.0,2026-10-01,Portfolio Building Block European Banks Index ETF,Equity,32.93,49017,-1.7,607144172.0
FOUR,71.0,2026-10-01,"Shift4 Payments, Inc.",Commercial services,35.58,4655847,-3.32,3240089569.0
FTRI,71.0,2026-10-01,First Trust Indxx Global Natural Resources Income ETF,Equity,16.62,8011,-0.6,108857490.0
PFFV,71.0,2026-10-01,Global X Variable Rate Preferred ETF,Fixed income,21.7,249401,0.14,303379912.0
OMAB,71.0,2026-10-01,Grupo Aeroportuario del Centro Norte S.A.B. de C.V.,Transportation,94.18,228763,-1.9,4546179450.0
ET,71.0,2026-10-01,Energy Transfer LP,Industrial services,20.1,12518632,2.03,69167316000.0
INCM,71.0,2026-10-01,Franklin Income Focus ETF,Asset allocation,28.5,376356,0.04,1750196195.0
CP,71.0,2026-10-01,Canadian Pacific Kansas City Limited,Transportation,84.47,2683274,-0.62,74255822051.0
REKR,71.0,2026-10-01,"Rekor Systems, Inc.",Commercial services,0.3828,1401996,3.74,52676342.0
MMIT,71.0,2026-10-01,NYLI MacKay Muni Intermediate ETF,Fixed income,23.04,1225977,0.26,1473683966.0
FTNJ,71.0,2026-10-01,Franklin New Jersey Municipal Income ETF,Fixed income,8.29,318966,0.61,172661437.0
VBR,70.9,2026-10-01,Vanguard Small-Cap Value ETF,Equity,232.48,545201,0.82,68549335425.0
FLV,70.9,2026-10-01,American Century Focused Large Cap Value ETF,Equity,82.39,5162,0.24,366641419.0
EWO,70.9,2026-10-01,iShares MSCI Austria ETF,Equity,41.51,150083,-1.17,183029376.0
VICI,70.9,2026-10-01,VICI Properties Inc.,Finance,22.73,9633930,-0.92,25027492666.0
DOC,70.9,2026-10-01,"Healthpeak Properties, Inc.",Finance,19.44,5732090,-2.26,13402324800.0
OSK,70.9,2026-10-01,Oshkosh Corporation (Holding Company),Consumer durables,130.82,758825,1.5,8076800636.0
SPHR,70.9,2026-10-01,Sphere Entertainment Co.,Consumer services,128.55,813398,-4.21,4624994782.0
PCAR,70.9,2026-10-01,PACCAR Inc.,Producer manufacturing,109.94,3964583,0.25,57868562933.0
FITB,70.9,2026-10-01,Fifth Third Bancorp,Finance,50.41,9835240,0.2,45687187920.0
JEF,70.9,2026-10-01,Jefferies Financial Group Inc.,Finance,45.25,2855409,-0.35,9203487774.0
SPH,70.9,2026-10-01,"Suburban Propane Partners, L.P.",Distribution services,16.39,337705,0.18,1087362704.0
IYC,70.9,2026-10-01,iShares U.S. Consumer Discretionary ETF,Equity,94.65,177338,-0.43,1202400741.0
EQL,70.9,2026-10-01,ALPS Equal Sector Weight ETF,Equity,50.11,55342,-0.1,748888973.0
ISCV,70.9,2026-10-01,iShares Morningstar Small-Cap Value ETF,Equity,75.05,18342,0.58,685830929.0
IBMR,70.9,2026-10-01,iShares iBonds Dec 2029 Term Muni Bond ETF,Fixed income,24.77,160375,-0.08,458696449.0
VBR,70.9,2026-10-01,Vanguard Small-Cap Value ETF,Equity,232.48,545201,0.82,68549335425.0
VITL,70.9,2026-10-01,"Vital Farms, Inc.",Process industries,8.92,1802502,-4.9,382208620.0
OSK,70.9,2026-10-01,Oshkosh Corporation (Holding Company),Consumer durables,130.82,758825,1.5,8076800636.0
VICI,70.9,2026-10-01,VICI Properties Inc.,Finance,22.73,9633930,-0.92,25027492666.0
JEF,70.9,2026-10-01,Jefferies Financial Group Inc.,Finance,45.25,2855409,-0.35,9203487774.0
AORT,70.9,2026-10-01,"Artivion, Inc.",Health technology,21.93,501634,-4.11,1064554569.0
FRMI,70.8,2026-10-01,Fermi Inc.,Finance,4.05,24262588,-3.57,2582175510.0
CLDX,70.8,2026-10-01,"Celldex Therapeutics, Inc.",Health technology,32.18,1441772,-0.25,2141207675.0
LNC,70.8,2026-10-01,Lincoln National Corporation,Finance,39.73,2348820,-0.68,7606189310.0
FLGB,70.8,2026-10-01,Franklin FTSE,Equity,35.28,94924,-0.48,855114293.0
CGCV,70.8,2026-10-01,Capital Group Conservative Equity ETF,Equity,32.1,454610,-0.31,1996196252.0
MDST,70.8,2026-10-01,Westwood Salient Enhanced Midstream Income ETF,Equity,27.71,51910,1.5,276984604.0
IYM,70.8,2026-10-01,iShares U.S. Basic Materials ETF,Equity,177.63,848143,0.2,1006462624.0
IJJ,70.8,2026-10-01,iShares S&P Mid-Cap 400 Value ETF,Equity,139.06,625244,1.08,8893615952.0
BWXT,70.8,2026-10-01,"BWX Technologies, Inc.",Electronic technology,136.79,1330567,-0.28,12531961134.0
IQDG,70.8,2026-10-01,WisdomTree International Quality Dividend Growth Fund,Equity,42.02,45013,-0.8,701790127.0
IBMQ,70.8,2026-10-01,iShares iBonds Dec 2028 Term Muni Bond ETF,Fixed income,25.16,217168,0.04,655074322.0
SBRA,70.8,2026-10-01,"Sabra Health Care REIT, Inc.",Finance,19.2,2803547,-1.94,4842049824.0
ASLV,70.8,2026-10-01,Allspring Special Large Value ETF,Equity,29.74,6341,0.17,230148895.0
BNAI,70.8,2026-10-01,Brand Engagement Network Inc.,Technology services,6.09,83673,-0.98,41236127.0
BMRN,70.8,2026-10-01,BioMarin Pharmaceutical Inc.,Health technology,58.44,2081467,-2.29,11295516960.0
ARTNA,70.8,2026-10-01,Artesian Resources Corporation,Utilities,32.96,47299,-1.2,340293476.0
IPSC,70.8,2026-10-01,"Century Therapeutics, Inc.",Health technology,1.61,619413,-2.42,291531267.0
VIG,70.8,2026-10-01,Vanguard Div Appreciation ETF,Equity,233.53,1600752,0.06,132359438171.0
JHSC,70.8,2026-10-01,John Hancock Multifactor Small Cap ETF,Equity,45.73,53808,0.95,689603545.0
CYTK,70.8,2026-10-01,"Cytokinetics, Incorporated",Health technology,65.62,1724306,-0.17,8165293460.0
BKFI,70.8,2026-10-01,BNY Mellon Active Core Bond ETF,Fixed income,22.76,80370,-0.09,261299091.0
FXU,70.8,2026-10-01,First Trust Utilities AlphaDEX Fund,Equity,44.12,315906,0.5,1878457490.0
KIE,70.8,2026-10-01,State Street SPDR S&P Insurance ETF,Equity,59.21,1439800,1.2,448733093.0
SSTK,70.8,2026-10-01,"Shutterstock, Inc.",Technology services,4.12,948145,-4.63,151360618.0
SCHD,70.8,2026-10-01,Schwab US Dividend Equity ETF,Equity,32.66,23875312,-0.18,98767796691.0
CRMT,70.8,2026-10-01,"America's Car-Mart, Inc.",Retail trade,0.9823,476868,-6.45,8179935.0
ONCY,70.8,2026-10-01,Oncolytics Biotech Inc.,Health technology,0.6412,689819,-4.01,64351473.0
FOA,70.8,2026-10-01,Finance of America Companies Inc.,Finance,12.97,93240,3.51,115907313.0
PPA,70.8,2026-10-01,Invesco Aerospace & Defense ETF,Equity,155.57,251114,0.52,8645934985.0
HLN,70.8,2026-10-01,Haleon plc,Health technology,8.72,27481447,-2.35,38401131640.0
TGEN,70.8,2026-10-01,Tecogen Inc.,Producer manufacturing,2.65,182852,-7.02,79282573.0
CINF,70.7,2026-10-01,Cincinnati Financial Corporation,Finance,162.15,649486,1.44,24886464997.0
VPU,70.7,2026-10-01,Vanguard Utilities ETF,Equity,171.92,549282,0.56,10707917317.0
SWX,70.7,2026-10-01,"Southwest Gas Holdings, Inc.",Utilities,81.76,555969,0.89,5917369616.0
EFAX,70.7,2026-10-01,State Street SPDR MSCI EAFE Fossil Fuel Reserves Free ETF,Equity,53.09,37942,-0.06,510707773.0
EWW,70.7,2026-10-01,iShares MSCI Mexico ETF,Equity,69.77,1497899,-1.02,1898719352.0
NEAR,70.7,2026-10-01,iShares Short Duration Bond Active ETF,Fixed income,49.78,647801,0.1,4793684228.0
RWJ,70.7,2026-10-01,Invesco S&P SmallCap 600 Revenue ETF,Equity,56.85,139702,1.28,1979754367.0
IWS,70.7,2026-10-01,iShares Russell Mid-Cap Value ETF,Equity,161.77,1348759,0.65,15903633419.0
OGS,70.7,2026-10-01,"ONE Gas, Inc.",Utilities,71.71,527778,-0.01,4500698875.0
OPEN,70.7,2026-10-01,Opendoor Technologies Inc,Finance,2.4,39471299,1.69,2315368800.0
TFI,70.7,2026-10-01,State Street SPDR Nuveen ICE Municipal Bond ETF,Fixed income,42.9,2395716,0.19,3119922943.0
FTMS,70.7,2026-10-01,Franklin Short-Term Municipal Income ETF,Fixed income,9.72,134050,0.31,193350205.0
MBB,70.7,2026-10-01,iShares MBS ETF,Fixed income,89.55,9482540,0.57,39728030208.0
OC,70.7,2026-10-01,Owens Corning Inc,Process industries,117.09,1603599,-0.55,9429060872.0
DFNL,70.7,2026-10-01,Davis Select Financial ETF,Equity,48.07,22483,0.46,467479011.0
DEI,70.7,2026-10-01,"Douglas Emmett, Inc.",Finance,9.71,2823300,1.78,1626279350.0
RSG,70.7,2026-10-01,"Republic Services, Inc.",Industrial services,206.98,1490461,-1.65,63680294720.0
NMRK,70.7,2026-10-01,"Newmark Group, Inc.",Finance,12.65,2056193,3.18,1976463628.0
FWONA,70.7,2026-10-01,Liberty Media Corporation - Series A Liberty Formula One,Technology services,83.69,205159,-0.86,20973192790.0
KLIP,70.7,2026-10-01,KraneShares KWEB Covered Call Strategy ETF,Equity,21.8,24013,-0.46,97804765.0
REG,70.7,2026-10-01,Regency Centers Corporation,Finance,71.8,1117669,0.25,13111722608.0
CSB,70.7,2026-10-01,VictoryShares US Small Cap High Div Volatility Wtd ETF,Equity,61.85,5373,1.33,263266735.0
VTEB,70.7,2026-10-01,Vanguard Tax-Exempt Bond ETF,Fixed income,47.47,38062401,0.06,48736049702.0
JPIN,70.7,2026-10-01,JPMorgan Diversified Return International Equity ETF,Equity,73.01,13745,-0.34,358369112.0
LVHD,70.7,2026-10-01,Franklin U.S. Low Volatility High Dividend Index ETF,Equity,41.35,38765,0.27,603592358.0
PGX,70.6,2026-10-01,Invesco Preferred ETF,Fixed income,10.16,8019010,0.79,3792686300.0
BBEU,70.6,2026-10-01,JPMorgan BetaBuilders Europe ETF,Equity,74.62,309777,-0.65,9442727261.0
SRTA,70.6,2026-10-01,"Strata Critical Medical, Inc.",Health services,4.83,1612794,-5.66,417923478.0
TOST,70.6,2026-10-01,"Toast, Inc.",Technology services,29.23,7812250,0.62,16953398714.0
TDOC,70.6,2026-10-01,"Teladoc Health, Inc.",Health services,5.67,3421100,-3.41,1030148280.0
CARS,70.6,2026-10-01,Cars.com Inc.,Technology services,10.0,1223453,-1.57,559030270.0
EMA,70.6,2026-10-01,Emera Incorporated,Utilities,47.67,550786,-0.04,14582253000.0
DNTH,70.6,2026-10-01,"Dianthus Therapeutics, Inc.",Health technology,88.32,765902,-0.09,4940123823.0
DJD,70.6,2026-10-01,Invesco Dow Jones Industrial Average Dividend ETF,Equity,62.69,28720,-0.29,470591154.0
DFEN,70.6,2026-10-01,Direxion Daily Aerospace & Defense Bull 3X Shares,Equity,47.54,354719,1.36,700445996.0
PAPI,70.6,2026-10-01,Parametric Equity Premium Income ETF,Equity,26.48,85084,0.84,406078056.0
CRH,70.6,2026-10-01,CRH PLC,Non-energy minerals,81.7,5572474,-0.55,54591956340.0
VHUB,70.6,2026-10-01,"VenHub Global, Inc.",Retail trade,0.4651,114934,-4.1,42041718.0
RMOP,70.5,2026-10-01,Rockefeller Opportunistic Municipal Bond ETF,Fixed income,23.52,182462,-0.08,196682098.0
SPSK,70.5,2026-10-01,SP Funds Dow Jones Global Sukuk ETF,Fixed income,17.37,135311,0.0,642782730.0
BBBS,70.5,2026-10-01,BondBloxx BBB Rated 1-5 Year Corporate Bond ETF,Fixed income,49.75,12955,0.22,181150892.0
BUSA,70.5,2026-10-01,Brandes U.S. Value ETF,Equity,39.38,22650,0.15,305820115.0
KRC,70.5,2026-10-01,Kilroy Realty Corporation,Finance,33.3,1250235,0.82,3873089300.0
CEPU,70.5,2026-10-01,Central Puerto S.A.,Utilities,11.83,228478,-2.31,1774632673.0
EWL,70.5,2026-10-01,iShares MSCI Switzerland ETF,Equity,58.82,512140,-0.27,1678214211.0
SLDB,70.5,2026-10-01,Solid Biosciences Inc.,Health technology,6.98,1581699,-2.24,687178208.0
RDIV,70.5,2026-10-01,Invesco S&P Ultra Dividend Revenue ETF,Equity,57.09,54275,0.02,1278669617.0
ESLT,70.5,2026-10-01,Elbit Systems Ltd.,Electronic technology,695.68,55345,2.26,32593426815.0
CHTR,70.5,2026-10-01,"Charter Communications, Inc.",Consumer services,111.37,2972410,-0.02,15010168393.0
EQBK,70.5,2026-10-01,"Equity Bancshares, Inc.",Finance,47.48,116398,0.81,976521587.0
MFDX,70.5,2026-10-01,PIMCO RAFI Dynamic Multi-Factor International Equity ETF,Equity,40.8,21864,-0.05,458550479.0
ERII,70.5,2026-10-01,"Energy Recovery, Inc.",Producer manufacturing,6.7,725493,0.3,345353235.0
HCSG,70.5,2026-10-01,"Healthcare Services Group, Inc.",Commercial services,20.58,1194978,0.05,1412450717.0
EFAV,70.5,2026-10-01,iShares MSCI EAFE Min Vol Factor ETF,Equity,90.5,881303,-0.15,5096151348.0
DWX,70.5,2026-10-01,State Street SPDR S&P International Dividend ETF,Equity,45.45,15558,-0.37,500897235.0
PEY,70.5,2026-10-01,Invesco High Yield Equity Dividend Achievers ETF,Equity,22.85,418082,0.31,1171800576.0
PYZ,70.5,2026-10-01,Invesco Dorsey Wright Basic Materials Momentum ETF,Equity,113.34,7223,1.67,76227308.0
ASPI,70.5,2026-10-01,ASP Isotopes Inc.,Health technology,2.7,5479863,1.89,339939315.0
XLP,70.5,2026-10-01,State Street Consumer Staples Select Sector SPDR ETF,Equity,80.33,12824284,-0.3,13766394521.0
NRG,70.5,2026-10-01,"NRG Energy, Inc.",Utilities,96.93,2638006,1.13,20450872980.0
DB,70.5,2026-10-01,Deutsche Bank AG,Finance,35.13,3361855,-0.79,66012080400.0
GIL,70.5,2026-10-01,"Gildan Activewear, Inc.",Consumer non-durables,41.92,1727424,-1.62,6414068531.0
METC,70.5,2026-10-01,"Ramaco Resources, Inc.",Energy minerals,8.33,2225004,0.0,448194817.0
MOO,70.5,2026-10-01,VanEck Agribusiness ETF,Equity,80.69,723062,-0.25,574327014.0
SBGI,70.5,2026-10-01,"Sinclair, Inc.",Consumer services,12.51,577810,-1.5,874290198.0
VIOO,70.5,2026-10-01,Vanguard S&P Small-Cap 600 ETF,Equity,127.39,103984,0.88,6502626811.0
AQN,70.5,2026-10-01,Algonquin Power & Utilities Corp.,Utilities,5.03,4643776,0.8,3871417686.0
IMUX,70.5,2026-10-01,"Immunic, Inc.",Health technology,8.64,557625,-7.1,117689760.0
CQP,70.5,2026-10-01,"Cheniere Energy Partners, LP",Utilities,61.0,239100,0.46,29527294000.0
PSA,70.5,2026-10-01,Public Storage,Finance,284.0,950250,0.78,52959184000.0
NEWT,70.5,2026-10-01,"NewtekOne, Inc.",Finance,11.24,357939,0.99,324735964.0
PAA,70.4,2026-10-01,"Plains All American Pipeline, L.P.",Industrial services,23.7,4410261,0.21,16721108400.0
CENTA,70.4,2026-10-01,Central Garden & Pet Company,Consumer non-durables,33.79,301858,1.41,2423595319.0
IBTL,70.4,2026-10-01,iShares iBonds Dec 2031 Term Treasury ETF,Fixed income,19.45,337768,0.31,577973385.0
IGLD,70.4,2026-10-01,FT Vest Gold Strategy Target Income ETF,Alternatives,20.16,1732578,-0.1,545739702.0
TU,70.4,2026-10-01,Telus Corporation,Communications,8.19,7148891,-2.38,12787447360.0
CAPL,70.4,2026-10-01,CrossAmerica Partners LP,Distribution services,21.52,59054,0.8,821081203.0
NFXL,70.4,2026-10-01,Direxion Daily NFLX Bull 2X Shares,Equity,13.15,1873604,-4.43,102995061.0
FSMB,70.4,2026-10-01,First Trust Short Duration Managed Municipal ETF,Fixed income,19.52,600735,0.31,628246713.0
EES,70.4,2026-10-01,WisdomTree U.S. SmallCap Fund,Equity,65.08,70956,1.13,735574318.0
MGV,70.4,2026-10-01,Vanguard Mega Cap Value ETF,Equity,161.33,434793,0.18,13731137707.0
MLTX,70.4,2026-10-01,MoonLake Immunotherapeutics,Health technology,11.47,1305142,-2.22,964803638.0
BNDW,70.4,2026-10-01,Vanguard Total World Bond ETF,Fixed income,65.76,207144,0.38,1906666800.0
PPI,70.4,2026-10-01,Astoria Real Assets ETF,Asset allocation,20.1,17193,1.06,95071188.0
CWS,70.4,2026-10-01,AdvisorShares Focused Equity ETF,Equity,67.07,5108,0.74,135122140.0
INDA,70.4,2026-10-01,iShares MSCI India ETF,Equity,46.36,5044266,-0.11,9732730744.0
SPXT,70.4,2026-10-01,ProShares S&P 500 Ex-Technology ETF,Equity,107.01,10516,-0.16,276583479.0
RSPM,70.4,2026-10-01,Invesco S&P 500 Equal Weight Materials ETF,Equity,37.06,21203,0.54,175819556.0
IWD,70.4,2026-10-01,iShares Russell 1000 Value ETF,Equity,248.24,2803707,-0.04,80530915186.0
TSN,70.4,2026-10-01,"Tyson Foods, Inc.",Consumer non-durables,50.47,3251451,0.48,17892615265.0
CNYA,70.4,2026-10-01,iShares MSCI China A ETF,Equity,33.79,45828,0.54,229044534.0
TAXF,70.4,2026-10-01,American Century Diversified Municipal Bond ETF,Fixed income,47.67,133743,0.53,681135304.0
SFM,70.4,2026-10-01,"Sprouts Farmers Market, Inc.",Retail trade,64.48,2748492,-2.82,6012606860.0
AOM,70.4,2026-10-01,iShares Core 40/60 Moderate Allocation ETF,Asset allocation,48.77,705581,0.25,1803574426.0
VSDA,70.3,2026-10-01,VictoryShares Dividend Accelerator ETF,Equity,56.1,5086,0.39,246875091.0
LBRX,70.3,2026-10-01,LB Pharmaceuticals Inc,Health technology,37.28,278884,-2.15,1069065587.0
CHWY,70.3,2026-10-01,"Chewy, Inc.",Retail trade,17.72,7708137,-2.96,7338212301.0
WEX,70.3,2026-10-01,WEX Inc.,Commercial services,168.66,515239,-1.0,5748204511.0
OGI,70.3,2026-10-01,Organigram Global Inc.,Process industries,0.9823,517848,-1.37,138283304.0
FSTA,70.3,2026-10-01,Fidelity MSCI Consumer Staples Index ETF,Equity,50.72,241211,-0.08,1395486460.0
FBCV,70.3,2026-10-01,Fidelity Blue Chip Value ETF,Equity,40.68,27124,-0.78,169776655.0
FA,70.3,2026-10-01,First Advantage Corporation,Technology services,18.34,2815020,2.34,3145989442.0
CBT,70.3,2026-10-01,Cabot Corporation,Process industries,76.35,606567,-0.2,3941293890.0
EWD,70.3,2026-10-01,iShares MSCI Sweden ETF,Equity,49.41,193923,-0.72,581184376.0
CAPE,70.3,2026-10-01,DoubleLine Shiller CAPE U.S. Equities ETF,Equity,30.65,39940,0.0,241559592.0
TTI,70.3,2026-10-01,"Tetra Technologies, Inc.",Process industries,5.83,3179363,0.17,852351830.0
TBN,70.3,2026-10-01,Tamboran Resources Corporation,Energy minerals,33.18,176868,0.91,1156535684.0
INMD,70.3,2026-10-01,InMode Ltd.,Health technology,14.05,561656,-0.21,807605240.0
BNT,70.3,2026-10-01,Brookfield Wealth Solutions Ltd.,Finance,36.35,8764,-0.27,12091214603.0
INGR,70.3,2026-10-01,Ingredion Incorporated,Consumer non-durables,94.91,678387,0.29,5984939181.0
JIRE,70.3,2026-10-01,JPMorgan International Research Enhanced Equity ETF,Equity,81.31,1826202,-0.61,11282230528.0
DDWM,70.3,2026-10-01,WisdomTree Dynamic International Equity Fund,Equity,45.21,103901,-0.68,1486983077.0
VIK,70.3,2026-10-01,Viking Holdings Ltd,Consumer services,78.2,4063727,0.26,34738705454.0
DBEU,70.3,2026-10-01,Xtrackers MSCI Europe Hedged Equity ETF,Equity,52.8,202242,-0.83,765720484.0
CUBI,70.3,2026-10-01,"Customers Bancorp, Inc",Finance,74.03,583536,1.15,2504071265.0
WB,70.3,2026-10-01,Weibo Corporation,Technology services,6.35,1050735,-2.01,1518007003.0
MSEX,70.3,2026-10-01,Middlesex Water Company,Utilities,52.43,124872,-0.29,987985677.0
TEO,70.2,2026-10-01,Telecom Argentina SA,Communications,11.65,455301,-5.67,5018093599.0
ORR,70.2,2026-10-01,Militia Long/Short Equity ETF,Alternatives,37.25,144197,-1.04,36756755.0
GRNT,70.2,2026-10-01,"Granite Ridge Resources, Inc.",Energy minerals,4.4,1111713,1.38,580342396.0
LNT,70.2,2026-10-01,Alliant Energy Corporation,Utilities,63.71,3361056,0.65,16454827670.0
AN,70.2,2026-10-01,"AutoNation, Inc.",Retail trade,164.99,802851,4.27,5520812885.0
RLI,70.2,2026-10-01,RLI Corp.,Finance,56.18,908211,1.55,5155807140.0
VSEC,70.2,2026-10-01,VSE Corporation,Industrial services,160.76,629297,-1.95,4510475472.0
JPME,70.2,2026-10-01,JPMorgan Diversified Return U.S. Mid Cap Equity ETF,Equity,119.54,11564,0.61,461115990.0
KXI,70.2,2026-10-01,iShares Global Consumer Staples ETF,Equity,64.93,118334,-0.38,1004575750.0
GEVO,70.2,2026-10-01,"Gevo, Inc.",Process industries,1.32,2026354,0.0,320085465.0
LEG,70.2,2026-08-26,"Leggett & Platt, Incorporated",Consumer durables,9.2,13663088,-1.39,1256361200.0
MILN,70.2,2026-10-01,Global X Millennial Consumer ETF,Equity,42.18,2497,0.76,99149349.0
WTW,70.2,2026-10-01,Willis Towers Watson Public Limited Company,Finance,291.6,483335,0.3,27081457704.0
NWN,70.2,2026-10-01,Northwest Natural Holding Company,Utilities,46.66,264596,0.43,1963471464.0
GERN,70.2,2026-10-01,Geron Corporation,Health technology,1.21,9884710,-2.42,776240379.0
ECOW,70.2,2026-10-01,Pacer Emerging Markets Cash Cows 100 ETF,Equity,25.99,29279,-0.27,154108465.0
DYN,70.2,2026-10-01,"Dyne Therapeutics, Inc.",Health technology,15.82,3698861,-1.19,2954321720.0
FTSL,70.2,2026-10-01,First Trust Senior Loan Fund,Fixed income,44.62,484784,0.04,2312994085.0
ASHR,70.2,2026-10-01,Xtrackers Harvest CSI 300 China A-Shares ETF,Equity,32.75,4794285,0.68,1589952386.0
PZA,70.2,2026-10-01,Invesco National AMT-Free Municipal Bond ETFo,Fixed income,21.41,4351337,-0.19,4280919644.0
DFNM,70.2,2026-10-01,Dimensional National Municipal Bond ETF,Fixed income,46.24,1300710,0.17,2230135364.0
DES,70.2,2026-10-01,WisdomTree U.S. SmallCap Dividend Fund,Equity,38.24,73030,1.11,2210511484.0
IPAY,70.2,2026-10-01,Amplify Digital Payments ETF,Equity,46.51,70097,-0.04,155169055.0
NPKI,70.2,2026-10-01,NPK International Inc.,Producer manufacturing,11.83,838082,4.32,1004484046.0
RZV,70.2,2026-10-01,Invesco S&P SmallCap 600 Pure Value ETF,Equity,140.28,3875,1.1,282635251.0
SLX,70.2,2026-10-01,VanEck Steel ETF,Equity,101.81,9438,-0.38,170699199.0
JBSS,70.2,2026-10-01,"John B. Sanfilippo & Son, Inc.",Consumer non-durables,66.62,124924,0.12,778759487.0
HAPN,70.2,2026-10-01,"Happen, Inc.",Finance,15.4,2032460,4.27,1777267800.0
HAL,70.2,2026-10-01,Halliburton Company,Industrial services,31.88,9731636,0.57,26632479792.0
CNP,70.2,2026-10-01,"CenterPoint Energy, Inc (Holding Co)",Utilities,37.21,8349760,1.53,24510971200.0
BCIC,70.2,2026-10-01,BCP Investment Corporation,Miscellaneous,6.79,38432,0.59,84043225.0
CMF,70.2,2026-10-01,iShares California Muni Bond ETF,Fixed income,54.27,3630187,0.31,4559742644.0
IEFA,70.1,2026-10-01,iShares Core MSCI EAFE ETF,Equity,95.95,23296000,-0.54,188801537454.0
FNV,70.1,2026-10-01,Franco-Nevada Corporation,Non-energy minerals,235.79,827549,-0.91,45473516240.0
QQXT,70.1,2026-10-01,First Trust NASDAQ-100 Ex-Technology Sector Index Fund,Equity,95.56,2300,0.05,1143605228.0
WEN,70.1,2026-10-01,Wendy's Company (The),Consumer services,6.25,6323776,-3.55,1190506250.0
RWL,70.1,2026-10-01,Invesco S&P 500 Revenue ETF,Equity,129.17,247466,0.26,9322202137.0
VOE,70.1,2026-10-01,Vanguard Mid-Cap Value ETF,Equity,197.3,642808,1.01,38006947039.0
EWP,70.1,2026-10-01,iShares MSCI Spain ETF,Equity,57.86,590041,-1.62,1894782542.0
GBCI,70.1,2026-10-01,"Glacier Bancorp, Inc.",Finance,43.41,1021399,1.09,5649507630.0
TTD,70.1,2026-10-01,"The Trade Desk, Inc.",Technology services,12.1,14170886,-2.26,5688310866.0
CAR,70.1,2026-10-01,"Avis Budget Group, Inc.",Finance,106.12,579697,0.05,3748768802.0
ICSH,70.1,2026-10-01,iShares Ultra Short Duration Bond Active ETF,Fixed income,50.26,2813936,0.04,7788392986.0
ICL,70.1,2026-10-01,ICL Group Ltd.,Process industries,4.97,1389799,-0.6,6414870448.0
PONY,70.1,2026-10-01,Pony AI Inc.,Technology services,6.24,6509308,-4.29,2204747033.0
TSYY,70.1,2026-10-01,GraniteShares YieldBOOST TSLA ETF,Equity,19.54,17211,-0.05,61110423.0
EPR,70.1,2026-10-01,EPR Properties,Finance,55.49,783028,-0.91,4245412273.0
SIRI,70.1,2026-10-01,SiriusXM Holdings Inc.,Consumer services,25.64,3895041,-0.62,8642394931.0
DTE,70.1,2026-10-01,DTE Energy Company,Utilities,123.27,2142757,1.59,25651007760.0
DNN,70.1,2026-10-01,Denison Mines Corp,Non-energy minerals,2.54,17239882,-1.55,2298743083.0
IMFL,70.1,2026-10-01,Invesco International Developed Dynamic Multifactor ETF,Equity,33.18,96268,-0.33,1054410779.0
KBA,70.1,2026-10-01,KraneShares Bosera MSCI China A 50 Connect Index ETF,Equity,30.79,21690,-0.13,292985115.0
BKMC,70.1,2026-10-01,BNY Mellon US Mid Cap Core Equity ETF,Equity,38.73,57757,0.39,689659752.0
BIZD,70.1,2026-10-01,VanEck BDC Income ETF,Equity,12.46,3912299,-0.16,1739385039.0
POOL,70.1,2026-10-01,Pool Corporation,Distribution services,160.67,739595,-0.61,5855296810.0
UUUU,70.1,2026-10-01,Energy Fuels Inc,Non-energy minerals,10.71,6295481,-2.19,2676633989.0
CPNG,70.1,2026-10-01,"Coupang, Inc.",Retail trade,13.8,13566920,-0.86,24805661281.0
GFI,70.1,2026-10-01,Gold Fields Limited,Non-energy minerals,35.79,3979714,-1.08,32032908960.0
WLDN,70.1,2026-10-01,"Willdan Group, Inc.",Commercial services,73.68,199163,-1.01,1113349008.0
TPHD,70.0,2026-10-01,Timothy Plan High Dividend Stock ETF,Equity,40.88,24463,0.76,355106943.0
GSK,70.0,2026-10-01,GSK plc,Health technology,47.18,7896067,-2.03,94525130000.0
FMB,70.0,2026-10-01,First Trust Managed Municipal ETF,Fixed income,48.15,1041972,0.23,2054962462.0
CGC,70.0,2026-10-01,Canopy Growth Corporation,Process industries,0.8824,3062798,-1.96,372509477.0
VFVA,70.0,2026-10-01,Vanguard Wellington Fund ETF,Equity,151.82,12191,0.68,865662106.0
SPSM,70.0,2026-10-01,State Street SPDR Portfolio S&P 600 Small Cap ETF,Equity,53.24,2696725,0.83,17180199949.0
GOLY,70.0,2026-10-01,Strategy Shares Gold Enhanced Yield ETF,Asset allocation,24.31,24199,1.93,95564762.0
REAL,70.0,2026-10-01,"The RealReal, Inc.",Retail trade,8.95,3788661,0.56,1078365166.0
MGPI,70.0,2026-10-01,"MGP Ingredients, Inc.",Process industries,12.88,197766,-2.42,275813299.0
BBMC,70.0,2026-10-01,JPMorgan BetaBuilders U.S. Mid Cap Equity ETF,Equity,121.31,8682,0.72,2172716059.0
PBW,70.0,2026-10-01,Invesco WilderHill Clean Energy ETF,Equity,28.99,544967,-0.1,428885540.0
SRBK,70.0,2026-10-01,"SR Bancorp, Inc.",Finance,18.75,22807,-0.42,136290038.0
AFG,70.0,2026-10-01,"American Financial Group, Inc.",Finance,138.08,323310,1.07,11472528688.0
IBIG,70.0,2026-10-01,iShares iBonds Oct 2030 Term TIPS ETF,Fixed income,25.09,43347,0.28,138455793.0
YDEC,70.0,2026-10-01,FT Vest International Equity Moderate Buffer ETF - December,Alternatives,27.66,60497,-0.22,80276791.0
NTRS,70.0,2026-10-01,Northern Trust Corporation,Finance,169.2,1039352,0.06,30956155200.0
QNST,70.0,2026-10-01,"QuinStreet, Inc.",Commercial services,14.92,1236852,-0.86,857084920.0
BSCU,70.0,2026-10-01,Invesco BulletShares 2030 Corporate Bond ETF,Fixed income,16.18,809852,0.06,2631315155.0
PRG,70.0,2026-10-01,"PROG Holdings, Inc.",Finance,31.15,562050,0.16,1240755368.0
UL,70.0,2026-10-01,Unilever PLC,Consumer non-durables,59.58,4925423,-0.42,128354823156.0
PHVS,70.0,2026-10-01,Pharvaris N.V.,Health technology,31.01,654345,-2.3,2166970303.0
MELI,70.0,2026-10-01,"MercadoLibre, Inc.",Retail trade,1685.12,706036,-2.55,85430835332.0
OIH,70.0,2026-10-01,VanEck Oil Services ETF,Equity,381.12,303835,0.96,1523984009.0
AKTS,70.0,2026-10-01,"Aktis Oncology, Inc.",Health technology,18.52,305210,-4.59,989053525.0
NNI,70.0,2026-10-01,"Nelnet, Inc.",Finance,123.57,138288,0.4,4440366851.0
BIOA,70.0,2026-10-01,"BioAge Labs, Inc.",Health technology,6.81,591112,-3.54,256394014.0
JBTM,70.0,2026-10-01,JBT Marel Corporation,Producer manufacturing,106.86,516797,1.83,5563965108.0
PAR,70.0,2026-10-01,PAR Technology Corporation,Electronic technology,14.39,889740,4.81,593532804.0
AOK,70.0,2026-10-01,iShares Core 30/70 Conservative Allocation ETF,Asset allocation,40.38,362978,0.47,815542365.0
VRDN,69.9,2026-10-01,"Viridian Therapeutics, Inc.",Health technology,18.99,3375308,-7.86,2151415080.0
CGUI,69.9,2026-10-01,Capital Group Ultra Short Income ETF,Fixed income,25.2,165105,0.08,106157698.0
NXE,69.9,2026-10-01,Nexgen Energy Ltd.,Non-energy minerals,8.87,5194385,-1.22,5871132830.0
CCJ,69.9,2026-10-01,Cameco Corporation,Non-energy minerals,85.69,4368258,-1.24,37320822770.0
EWG,69.9,2026-10-01,iShares MSCI Germany Index Fund,Equity,40.82,1221314,-1.11,1590665950.0
UNTY,69.9,2026-10-01,"Unity Bancorp, Inc.",Finance,54.65,39539,1.45,548735294.0
BWZ,69.9,2026-10-01,SPDR Bloomberg Short Term International Treasury Bond ETF,Fixed income,26.64,64533,-0.19,295971944.0
PLNT,69.9,2026-10-01,"Planet Fitness, Inc.",Consumer services,41.85,2151571,-1.51,3324680301.0
EIDO,69.9,2026-10-01,iShares MSCI Indonesia ETF,Equity,11.61,1091002,0.0,319884661.0
IEV,69.9,2026-10-01,iShares Europe ETF,Equity,70.06,109701,-0.84,1680776620.0
EAGL,69.9,2026-10-01,Eagle Capital Select Equity ETF,Equity,33.85,1540987,-1.05,4417101558.0
BSMS,69.9,2026-10-01,Invesco BulletShares 2028 Municipal Bond ETF,Fixed income,22.83,150717,-0.26,308200176.0
IKT,69.9,2026-10-01,"Inhibikase Therapeutics, Inc.",Health technology,1.93,474643,-8.1,254823688.0
BSCS,69.9,2026-10-01,Invesco BulletShares 2028 Corporate Bond ETF,Fixed income,20.16,841034,0.1,3530089398.0
IRT,69.9,2026-10-01,"Independence Realty Trust, Inc.",Finance,14.5,4187221,0.21,3417867500.0
PICB,69.9,2026-10-01,Invesco International Corporate Bond ETF,Fixed income,22.18,48627,0.54,360491767.0
JCAP,69.9,2026-10-01,"Jefferson Capital, Inc.",Finance,19.14,323506,0.84,1178975662.0
WOOD,69.9,2026-10-01,iShares Global Timber & Forestry ETF,Equity,66.21,14328,-1.21,242370955.0
UMBF,69.9,2026-10-01,UMB Financial Corporation,Finance,129.79,742176,0.44,9857555172.0
DFSV,69.9,2026-10-01,Dimensional US Small Cap Value ETF,Equity,37.88,2338417,1.34,8049698917.0
DFAS,69.9,2026-10-01,Dimensional U.S. Small Cap ETF,Equity,77.98,769189,0.81,15622286136.0
GSST,69.9,2026-10-01,Goldman Sachs Ultra Short Bond ETF,Fixed income,50.3,248103,0.02,1596780036.0
XCCC,69.9,2026-10-01,BondBloxx CCC-Rated USD High Yield Corporate Bond ETF,Fixed income,33.58,259261,-0.15,316544141.0
NSLR,69.9,2026-10-01,SuRo Capital Corp.,Miscellaneous,7.47,869555,-2.35,197754804.0
SPXC,69.9,2026-10-01,"SPX Technologies, Inc.",Producer manufacturing,169.71,1066561,-0.29,8496503827.0
LCII,69.9,2026-10-01,LCI Industries,Producer manufacturing,82.11,350279,-1.9,1996217840.0
CPT,69.9,2026-10-01,Camden Property Trust,Finance,96.62,1359217,0.12,9712242400.0
BEPC,69.9,2026-10-01,Brookfield Renewable Corporation,Utilities,28.49,2623247,1.32,4206887702.0
HRL,69.9,2026-10-01,Hormel Foods Corporation,Consumer non-durables,19.96,5874512,0.3,10984287400.0
APD,69.9,2026-10-01,"Air Products and Chemicals, Inc.",Process industries,273.33,1479222,0.2,60866635915.0
JPEM,69.8,2026-10-01,JPMorgan Diversified Return Emerging Markets Equity ETF,Equity,62.91,13413,-0.29,377410406.0
NXRT,69.8,2026-10-01,"NexPoint Residential Trust, Inc.",Finance,18.86,1151482,-3.18,479273979.0
TECS,69.8,2026-10-01,Direxion Technology Bear 3X Shares,Equity,50.17,516438,-1.63,80577648.0
HYD,69.8,2026-10-01,VanEck High Yield Muni ETF,Fixed income,48.06,2849965,-0.41,4488360669.0
XZO,69.8,2026-10-01,"Exzeo Group, Inc.",Technology services,14.44,1063781,-1.1,1312862129.0
TIMB,69.8,2026-10-01,TIM S.A.,Communications,17.46,653710,-1.02,8341244126.0
AWR,69.8,2026-10-01,American States Water Company,Utilities,81.19,235135,-0.95,3182051497.0
INTF,69.8,2026-10-01,iShares International Equity Factor ETF,Equity,41.17,728252,-0.53,3518753921.0
IWC,69.8,2026-10-01,iShares Microcap ETF,Equity,185.14,413667,0.29,1564167918.0
NEE,69.8,2026-10-01,"NextEra Energy, Inc.",Utilities,76.35,17007873,1.13,159264435112.0
RTX,69.8,2026-10-01,RTX Corporation,Electronic technology,185.01,3165132,0.01,249348726266.0
IPKW,69.8,2026-10-01,Invesco International BuyBack Achievers ETF,Equity,58.5,32818,-0.43,514755483.0
FXD,69.8,2026-10-01,First Trust Cons. Discret. AlphaDEX,Equity,64.49,53718,0.89,265008802.0
WAFD,69.8,2026-10-01,"WaFd, Inc.",Finance,29.98,1244096,0.98,2217143918.0
TBUX,69.8,2026-10-01,T. Rowe Price Ultra Short-Term Bond ETF,Fixed income,49.64,1354586,0.06,1308889750.0
DIVI,69.8,2026-10-01,Franklin International Core Dividend Tilt Index ETF,Equity,42.15,203640,-0.8,2580715238.0
BNTC,69.8,2026-10-01,Benitec Biopharma Inc.,Health technology,9.58,103095,-3.62,329114194.0
BNDX,69.8,2026-10-01,Vanguard Total International Bond ETF,Fixed income,46.79,6769418,0.19,122950071393.0
SBSI,69.8,2026-10-01,"Southside Bancshares, Inc.",Finance,30.49,212495,1.63,907129668.0
AADX,69.8,2026-10-01,"Applied Aerospace & Defense, Inc.",Electronic technology,11.69,1862415,-2.58,2001503970.0
R,69.8,2026-10-01,"Ryder System, Inc.",Transportation,230.92,286448,1.45,8855066148.0
JPSE,69.8,2026-10-01,JPMorgan Diversified Return U.S. Small Cap Equity ETF,Equity,56.62,13335,0.64,603895628.0
SLYG,69.8,2026-10-01,State Street SPDR S&P 600 Small Cap Growth ETF,Equity,107.47,176500,0.67,5149689676.0
SFBS,69.8,2026-10-01,"ServisFirst Bancshares, Inc.",Finance,39.75,625537,0.51,4345692600.0
CWT,69.8,2026-10-01,California Water Service Group,Utilities,45.05,440311,-3.22,2785851455.0
AREC,69.8,2026-10-01,American Resources Corporation,Energy minerals,1.8,1212982,0.0,192548290.0
SSB,69.8,2026-10-01,SouthState Bank Corporation,Finance,100.61,852997,1.78,9756266697.0
BFS,69.8,2026-10-01,"Saul Centers, Inc.",Finance,29.98,153112,-0.43,735368447.0
CPF,69.8,2026-10-01,Central Pacific Financial Corp New,Finance,36.07,202028,1.35,941470284.0
GHI,69.7,2026-10-01,Greystone Housing Impact Investors LP Beneficial,Finance,5.5,38754,-3.0,129593805.0
BBIO,69.7,2026-10-01,"BridgeBio Pharma, Inc.",Health technology,66.91,3543027,1.81,13105075702.0
KGC,69.7,2026-10-01,Kinross Gold Corporation,Non-energy minerals,24.06,6551207,-0.25,28540953383.0
WFRD,69.7,2026-10-01,Weatherford International plc,Industrial services,78.44,886078,0.23,5623006149.0
KMB,69.7,2026-10-01,Kimberly-Clark Corporation,Consumer non-durables,94.34,6024345,-1.7,31315219600.0
MIDD,69.7,2026-10-01,The Middleby Corporation,Producer manufacturing,102.69,501553,-0.59,4643077005.0
PII,69.7,2026-10-01,Polaris Inc.,Consumer durables,52.37,929830,0.25,2980036295.0
CCNR,69.7,2026-10-01,ALPS/CoreCommodity Natural Resources ETF,Equity,38.39,3901,0.92,385424798.0
RUSHA,69.7,2026-10-01,"Rush Enterprises, Inc.",Retail trade,46.19,784398,0.85,5384203586.0
AFL,69.7,2026-10-01,AFLAC Incorporated,Finance,111.18,1464841,-0.5,56588952300.0
MVV,69.7,2026-10-01,ProShares Ultra MidCap400,Equity,80.78,31333,1.6,176418894.0
AVGV,69.7,2026-10-01,Avantis All Equity Markets Value ETF,Equity,84.52,106826,-0.04,400644847.0
ELTX,69.7,2026-10-01,"Elicio Therapeutics, Inc.",Health technology,1.92,309854,5.49,36607346.0
EFV,69.7,2026-10-01,iShares MSCI EAFE Value ETF,Equity,77.88,4612811,-0.9,31559501532.0
NOA,69.7,2026-10-01,North American Construction Group Ltd.,Non-energy minerals,12.11,81309,1.42,328212147.0
FTNY,69.7,2026-10-01,Franklin New York Municipal Income ETF,Fixed income,7.35,385086,0.0,592530885.0
BRSL,69.7,2026-10-01,"Brightstar Lottery PLC Trading under the Legal Name to begin at the market open on July 21, 2025.",Consumer services,9.89,3192792,-1.2,1816673835.0
JACK,69.7,2026-10-01,Jack In The Box Inc.,Consumer services,12.67,614105,-4.74,241662715.0
MC,69.7,2026-10-01,Moelis & Company,Finance,56.95,1330395,0.8,4218907027.0
ARES,69.7,2026-10-01,Ares Management Corporation,Finance,116.57,2322519,0.05,38283331421.0
RSPS,69.7,2026-10-01,Invesco S&P 500 Equal Weight Consumer Staples ETF,Equity,28.53,120890,-0.31,241319365.0
VTWO,69.7,2026-10-01,Vanguard Russell 2000 ETF,Equity,112.67,2093220,0.57,19130634572.0
UWM,69.7,2026-10-01,ProShares Ultra Russell2000,Equity,57.12,438333,1.13,296000121.0
FRPH,69.7,2026-10-01,"FRP Holdings, Inc.",Finance,20.49,94676,-1.11,392799447.0
YELP,69.7,2026-10-01,Yelp Inc.,Technology services,18.11,1778313,-2.63,995881649.0
TFIN,69.7,2026-10-01,"Triumph Financial, Inc.",Finance,61.13,363135,2.14,1460670785.0
VCR,69.7,2026-10-01,Vanguard Consumer Discretion ETF,Equity,365.22,80589,-0.21,6824451852.0
SETM,69.7,2026-10-01,Sprott Critical Materials ETF,Equity,28.76,202532,-0.55,86653996.0
BCO,69.7,2026-10-01,Brinks Company (The),Commercial services,99.97,402470,-1.39,4116864570.0
USAR,69.7,2026-10-01,"USA Rare Earth, Inc.",Producer manufacturing,13.8,13218851,-1.99,1830412142.0
RSPA,69.6,2026-10-01,Invesco S&P 500 Equal Weight Income Advantage ETF,Equity,51.69,227206,0.27,915928943.0
BBAX,69.6,2026-10-01,JPMorgan BetaBuilders Developed Asia Pacific-ex Japan ETF,Equity,61.24,282787,0.29,6275275392.0
TEX,69.6,2026-10-01,Terex Corporation,Producer manufacturing,54.94,1922007,4.87,6279642000.0
PTRN,69.6,2026-10-01,Pattern Group Inc. - Series A,Commercial services,17.4,1809668,1.4,2699846118.0
FLTB,69.6,2026-10-01,Fidelity Limited Term Bond ETF,Fixed income,49.07,59926,0.25,266374967.0
FLO,69.6,2026-10-01,"Flowers Foods, Inc.",Consumer non-durables,5.56,6833540,0.72,1178681080.0
CGW,69.6,2026-10-01,Invesco S&P Global Water Index ETF,Equity,61.9,25416,-0.34,1035014313.0
RLY,69.6,2026-10-01,State Street Multi-Asset Real Return ETF,Alternatives,36.23,320587,0.22,735550024.0
NYF,69.6,2026-10-01,iShares New York Muni Bond ETF,Fixed income,50.7,938475,0.3,1377444382.0
CFG,69.6,2026-10-01,"Citizens Financial Group, Inc.",Finance,63.7,6305909,0.66,26937583400.0
QSR,69.6,2026-10-01,Restaurant Brands International Inc.,Consumer services,69.76,2699167,-1.79,24204389876.0
NFTY,69.6,2026-10-01,First Trust India Nifty 50 Equal Weight ETF,Equity,50.55,6193,-0.3,129548478.0
AXP,69.6,2026-10-01,American Express Company,Finance,302.09,3710863,-0.3,204004397900.0
RERE,69.6,2026-10-01,ATRenew Inc.,Retail trade,3.7,474201,-1.07,1341806735.0
BXP,69.6,2026-10-01,"BXP, Inc.",Finance,60.24,1408505,-0.95,9606918034.0
KRE,69.6,2026-10-01,State Street SPDR S&P Regional Banking ETF,Equity,69.95,21187333,1.29,3891295754.0
OPFI,69.6,2026-10-01,OppFi Inc.,Finance,5.95,495381,-1.98,508089826.0
FTS,69.6,2026-10-01,Fortis Inc.,Utilities,52.74,779277,0.21,26851674156.0
PRF,69.6,2026-10-01,Invesco RAFI US 1000 ETF,Equity,54.58,526127,0.24,9815749027.0
IVE,69.6,2026-10-01,iShares S&P 500 Value ETF,Equity,228.61,1033066,0.08,50039018143.0
SMIG,69.6,2026-10-01,AAM Bahl & Gaynor Small/Mid Cap Income Growth ETF,Equity,31.08,515467,0.52,1462882066.0
BRHY,69.6,2026-10-01,iShares High Yield Active ETF,Fixed income,49.07,8935,0.2,123311228.0
JIVE,69.6,2026-10-01,JPMorgan International Value ETF,Equity,94.32,454522,-0.45,3532923756.0
DGRS,69.6,2026-10-01,WisdomTree U.S. SmallCap Quality Dividend Growth Fund,Equity,56.45,24637,1.27,405578710.0
INVH,69.6,2026-10-01,Invitation Homes Inc.,Finance,26.4,4568153,0.61,15682708800.0
BKIE,69.6,2026-10-01,BNY Mellon International Equity ETF,Equity,32.95,178025,-0.15,1307641177.0
NBIX,69.6,2026-10-01,"Neurocrine Biosciences, Inc.",Health technology,140.71,1983307,-0.16,14148388108.0
LUMN,69.6,2026-10-01,"Lumen Technologies, Inc.",Communications,5.59,22388573,0.0,5759432900.0
TAFI,69.6,2026-10-01,AB Tax-Aware Short Duration Municipal ETF,Fixed income,24.59,952365,0.24,1354921443.0
KKR,69.6,2026-10-01,KKR & Co. Inc.,Finance,91.24,6444030,-0.91,81921927137.0
UDOW,69.6,2026-10-01,ProShares UltraPro Dow30,Equity,62.92,2455552,-0.51,912656623.0
IBN,69.6,2026-10-01,ICICI Bank Limited,Finance,27.51,3743087,0.33,98387060943.0
TCAL,69.6,2026-10-01,T. Rowe Price Capital Appreciation Premium Income ETF,Equity,21.86,56703,-0.23,293243000.0
HY,69.6,2026-10-01,"Hyster-Yale, Inc.",Producer manufacturing,30.42,304998,-2.53,541186432.0
BBT,69.5,2026-10-01,Beacon Financial Corporation,Finance,28.1,1016163,0.93,2361192420.0
CLPT,69.5,2026-10-01,ClearPoint Neuro Inc.,Health technology,11.45,765948,-6.45,343380920.0
TEQI,69.5,2026-10-01,T. Rowe Price Equity Income ETF,Equity,50.53,12222,0.06,417617453.0
MKL,69.5,2026-10-01,Markel Group Inc.,Finance,1726.11,98944,0.94,21386502900.0
FIVA,69.5,2026-10-01,Fidelity International Value Factor ETF,Equity,37.68,121766,-0.55,375694771.0
AMRZ,69.5,2026-10-01,Amrize Ltd,Non-energy minerals,37.25,4985493,-0.4,20619238350.0
FDLO,69.5,2026-10-01,Fidelity Low Volatility Factor ETF,Equity,70.84,289141,-0.17,1384876466.0
CDX,69.5,2026-10-01,Simplify High Yield ETF,Fixed income,20.17,104849,0.2,395416965.0
ITM,69.5,2026-10-01,VanEck Intermediate Muni ETF,Fixed income,44.14,2482899,0.05,2186494052.0
CDP,69.5,2026-10-01,COPT Defense Properties,Finance,33.27,1310802,0.03,3772048897.0
PALI,69.5,2026-10-01,"Palisade Bio, Inc.",Health technology,1.43,2639661,2.88,248218928.0
LAMR,69.5,2026-10-01,Lamar Advertising Company,Finance,143.34,646393,-0.31,14545441407.0
TIPX,69.5,2026-10-01,State Street SPDR Bloomberg 1a??10 Year TIPS ETF,Fixed income,18.25,771937,0.5,1901480153.0
MCO,69.5,2026-10-01,Moody's Corporation,Commercial services,447.36,1586834,-1.68,77473226000.0
DXUV,69.5,2026-10-01,Dimensional US Vector Equity ETF,Equity,67.41,37005,0.43,497651460.0
ASUR,69.5,2026-10-01,Asure Software Inc,Technology services,7.68,180132,1.72,221793024.0
SHM,69.5,2026-10-01,State Street SPDR Nuveen ICE Short Term Municipal Bond ETF,Fixed income,46.75,1095069,0.3,3473218942.0
PRAX,69.5,2026-10-01,"Praxis Precision Medicines, Inc.",Health technology,286.91,368715,-0.32,7998706508.0
PICK,69.5,2026-10-01,iShares MSCI Global Select Metals & Mining Producers Fund,Equity,59.35,848668,0.34,2292228807.0
TAIL,69.5,2026-10-01,Cambria Tail Risk ETF,Asset allocation,9.83,83822,0.82,149262306.0
BKU,69.5,2026-10-01,"BankUnited, Inc.",Finance,42.72,799842,1.79,3104962224.0
URTY,69.5,2026-10-01,ProShares UltraPro Russell2000,Equity,67.79,558352,1.82,346400777.0
BKDV,69.5,2026-10-01,BNY Mellon Dynamic Value ETF,Equity,33.7,953837,-0.03,1927286849.0
TRNO,69.5,2026-10-01,Terreno Realty Corporation,Finance,63.98,808383,-0.34,6801521860.0
POST,69.5,2026-10-01,"Post Holdings, Inc.",Consumer non-durables,72.83,698968,0.47,3300843938.0
GMOI,69.5,2026-10-01,GMO International Value ETF,Equity,39.14,55350,-0.91,265730826.0
RYLD,69.5,2026-10-01,Global X Russell 2000 Covered Call ETF,Equity,15.48,950544,0.19,1392737672.0
LAD,69.5,2026-10-01,"Lithia Motors, Inc.",Retail trade,306.07,402855,4.76,6728372314.0
FIP,69.4,2026-10-01,FTAI Infrastructure Inc.,Consumer services,2.6,2101614,-4.76,307225230.0
FE,69.4,2026-10-01,FirstEnergy Corp.,Utilities,43.39,7617999,0.7,25107186649.0
NWG,69.4,2026-10-01,NatWest Group plc,Finance,17.4,6387617,-0.8,34638769060.0
CBK,69.4,2026-10-01,"Commercial Bancgroup, Inc.",Finance,31.47,42065,0.51,431178935.0
XRAY,69.4,2026-10-01,DENTSPLY SIRONA Inc.,Health technology,8.74,5934951,-1.24,1750855209.0
EINC,69.4,2026-10-01,VanEck Energy Income ETF,Equity,113.47,6003,1.47,91871630.0
ALT,69.4,2026-10-01,"Altimmune, Inc.",Health technology,2.76,3589014,-3.16,536748240.0
VNDA,69.4,2026-10-01,Vanda Pharmaceuticals Inc.,Health technology,4.81,1345940,-1.84,289252053.0
GRPM,69.4,2026-10-01,Invesco S&P MidCap 400 GARP ETF,Equity,136.68,12623,0.75,487416593.0
STT,69.4,2026-10-01,State Street Corporation,Finance,174.62,2026331,1.18,48329053540.0
ALLO,69.4,2026-10-01,"Allogene Therapeutics, Inc.",Health technology,1.54,4578987,-3.75,531538700.0
VZ,69.4,2026-10-01,Verizon Communications Inc.,Communications,45.98,21196358,0.26,191992248800.0
DIVO,69.4,2026-10-01,Amplify CWP Enhanced Dividend Income ETF,Equity,46.47,1033891,-0.15,7428499638.0
RIO,69.4,2026-10-01,Rio Tinto Plc,Non-energy minerals,92.87,2084058,0.13,150915585297.0
MUB,69.4,2026-10-01,iShares National Muni Bond ETF,Fixed income,101.34,18719161,0.1,45889157741.0
DFSI,69.4,2026-10-01,Dimensional International Sustainability Core 1 ETF,Equity,44.68,94132,-0.78,1129019436.0
SAH,69.4,2026-10-01,"Sonic Automotive, Inc.",Retail trade,63.76,326205,5.56,2123210232.0
SLVO,69.4,2026-10-01,"ETRACS Silver Shares Covered Call ETNs due April 21, 2033",Commodities,64.88,644231,0.17,201677015.0
RY,69.4,2026-10-01,Royal Bank Of Canada,Finance,195.36,1238662,0.01,271507420800.0
WSBC,69.4,2026-10-01,"WesBanco, Inc.",Finance,37.62,1742241,1.35,3607979544.0
KYTX,69.4,2026-10-01,"Kyverna Therapeutics, Inc.",Health technology,6.52,787492,-4.12,396384769.0
BCS,69.4,2026-10-01,Barclays PLC,Finance,23.64,5950835,-0.51,79706466974.0
IJR,69.4,2026-10-01,iShares Core S&P Small-Cap ETF,Equity,136.97,5356880,0.84,111186028500.0
KFY,69.3,2026-10-01,Korn Ferry,Commercial services,72.37,669326,0.71,3680521090.0
ACRS,69.3,2026-10-01,"Aclaris Therapeutics, Inc.",Health technology,4.41,5170234,-14.86,615916829.0
QS,69.3,2026-10-01,QuantumScape Corporation,Producer manufacturing,4.59,10891693,-1.29,2823515949.0
PHAT,69.3,2026-10-01,"Phathom Pharmaceuticals, Inc.",Health technology,7.08,1059748,-5.22,572778613.0
MBSF,69.3,2026-10-01,Regan Floating Rate MBS ETF,Fixed income,25.36,89358,0.36,222772439.0
SDSI,69.3,2026-10-01,American Century Short Duration Strategic Income ETF,Fixed income,50.57,26599,0.16,273678228.0
NTSI,69.3,2026-10-01,WisdomTree International Efficient Core Fund,Asset allocation,45.52,43342,0.15,504488313.0
GPK,69.3,2026-10-01,Graphic Packaging Holding Company,Process industries,8.96,8390450,-0.55,2651147520.0
GSIE,69.3,2026-10-01,Goldman Sachs ActiveBeta International Equity ETF,Equity,45.44,456676,-0.59,5895285946.0
ISCB,69.3,2026-10-01,iShares Morningstar Small-Cap ETF,Equity,71.5,2967,0.73,289900296.0
AMBP,69.3,2026-10-01,Ardagh Metal Packaging S.A.,Process industries,4.39,1089042,0.92,2623930718.0
VNO,69.3,2026-10-01,Vornado Realty Trust,Finance,33.56,1621142,-1.81,6312568880.0
GTIP,69.3,2026-10-01,Goldman Sachs Access Inflation Protected USD Bond ETF,Fixed income,46.4,34990,0.48,294949340.0
SION,69.3,2026-10-01,"Sionna Therapeutics, Inc.",Health technology,5.1,1055480,-3.04,230266683.0
EDOW,69.3,2026-10-01,First Trust Dow 30 Equal Weight ETF,Equity,44.32,18907,-0.18,245532364.0
VLU,69.3,2026-10-01,State Street SPDR S&P 1500 Value Tilt ETF,Equity,239.59,8033,0.1,740500184.0
DUK,69.3,2026-10-01,Duke Energy Corporation (Holding Company),Utilities,113.74,4820443,0.17,88671249040.0
RCAT,69.3,2026-10-01,"Red Cat Holdings, Inc.",Technology services,6.33,5623324,-2.31,963377037.0
BROS,69.3,2026-10-01,Dutch Bros Inc.,Consumer services,38.61,3807561,0.29,6671325066.0
NJR,69.3,2026-10-01,NewJersey Resources Corporation,Utilities,51.15,831306,1.45,5162160300.0
TSHA,69.3,2026-10-01,"Taysha Gene Therapies, Inc.",Health technology,4.74,3099603,-2.47,1516141140.0
PLD,69.3,2026-10-01,"Prologis, Inc.",Finance,128.18,5399149,0.14,119629673960.0
XIFR,69.3,2026-10-01,"XPLR Infrastructure, LP",Utilities,10.43,921505,-0.19,983265252.0
BLND,69.3,2026-10-01,"Blend Labs, Inc.",Technology services,1.05,1407434,1.94,254222480.0
PFRL,69.3,2026-10-01,PGIM Floating Rate Income ETF,Fixed income,49.44,23281,0.69,122991091.0
CPK,69.3,2026-10-01,Chesapeake Utilities Corporation,Utilities,124.33,272458,-2.21,2984511935.0
BEP,69.3,2026-10-01,Brookfield Renewable Partners L.P. Limited Partnership,Utilities,28.42,1510239,1.28,8696178960.0
WGS,69.2,2026-10-01,GeneDx Holdings Corp.,Health services,70.96,857965,-2.49,2116204600.0
KEY,69.2,2026-10-01,KeyCorp,Finance,20.05,14510461,0.8,21641368500.0
FNDA,69.2,2026-10-01,Schwab Fundamental U.S. Small Company ETF,Equity,35.3,2418651,0.89,9491870795.0
PRM,69.2,2026-10-01,"Perimeter Solutions, SA",Process industries,27.2,1617012,3.42,4437056032.0
UTI,69.2,2026-10-01,Universal Technical Institute Inc,Commercial services,19.03,1581314,-0.42,1047818080.0
CELC,69.2,2026-10-01,Celcuity Inc.,Health technology,75.13,990574,-4.15,3663811217.0
TVAL,69.2,2026-10-01,T. Rowe Price Value ETF,Equity,41.99,199664,0.1,747511459.0
MRSH,69.2,2026-10-01,Marsh,Finance,171.85,2238813,1.11,82008756406.0
AGM,69.2,2026-10-01,Federal Agricultural Mortgage Corporation,Finance,209.19,97858,1.39,2275334946.0
EZA,69.2,2026-10-01,iShares MSCI South Africa Index Fund,Equity,62.86,137942,-1.27,577809574.0
RXST,69.2,2026-10-01,"RxSight, Inc.",Electronic technology,4.75,508712,-2.66,196633893.0
AX,69.2,2026-10-01,"Axos Financial, Inc.",Finance,87.61,675528,1.85,4983659806.0
SYLD,69.2,2026-10-01,Cambria Shareholder Yield ETF,Equity,81.12,30178,0.87,965341508.0
HUMA,69.2,2026-10-01,"Humacyte, Inc.",Health technology,0.5029,2982554,-3.29,84487200.0
ELD,69.2,2026-10-01,WisdomTree Emerging Markets Local Debt Fund,Fixed income,27.61,13878,-0.4,142872382.0
EIKN,69.2,2026-10-01,"Eikon Therapeutics, Inc.",Health technology,7.41,624534,-7.38,401167233.0
EEFT,69.2,2026-10-01,"Euronet Worldwide, Inc.",Commercial services,63.64,558177,0.62,2423098982.0
BSVO,69.2,2026-10-01,EA Bridgeway Omni Small-Cap Value ETF,Equity,28.23,218985,1.47,2426246198.0
BSCZ,69.2,2026-10-01,Invesco BulletShares 2035 Corporate Bond ETF,Fixed income,19.28,198729,0.52,276949550.0
GLNG,69.2,2026-10-01,Golar LNG Limited,Industrial services,48.3,2095493,2.55,4915962650.0
TLSI,69.2,2026-10-01,"TriSalus Life Sciences, Inc.",Health technology,4.15,273173,-2.81,255534586.0
RH,69.2,2026-10-01,RH,Retail trade,120.51,742714,-0.9,2277759510.0
KYIV,69.2,2026-10-01,Kyivstar Group Ltd.,Finance,12.41,644145,0.81,2865017574.0
SF,69.2,2026-10-01,Stifel Financial Corporation,Finance,70.34,1203120,0.98,10662770260.0
ABCB,69.2,2026-10-01,Ameris Bancorp,Finance,80.24,515177,1.49,5399550200.0
BINV,69.2,2026-10-01,Brandes International ETF,Equity,42.6,22875,-0.98,490367032.0
UDN,69.2,2026-10-01,Invesco DB USD Index Bearish ETF,Currency,17.78,51320,-0.34,112930869.0
IFRA,69.2,2026-10-01,iShares U.S. Infrastructure ETF,Equity,55.53,267881,0.95,4623362765.0
KNG,69.2,2026-10-01,FT Vest S&P 500 Dividend Aristocrats Target Income ETF,Alternatives,48.13,357287,0.35,3444103933.0
IGIC,69.2,2026-10-01,International General Insurance Holdings Ltd.,Finance,24.54,71494,0.99,1046734068.0
NRDY,69.2,2026-10-01,Nerdy Inc.,Technology services,8.2,11564,0.12,66849951.0
WTRG,69.1,2026-10-01,"Essential Utilities, Inc.",Utilities,38.67,3208930,-0.59,10968087453.0
KNSL,69.1,2026-10-01,"Kinsale Capital Group, Inc.",Finance,334.53,275870,2.55,7620066515.0
LINC,69.1,2026-10-01,Lincoln Educational Services Corporation,Commercial services,22.17,516833,-0.14,703248540.0
PROP,69.1,2026-10-01,Prairie Operating Co.,Energy minerals,0.3969,3171706,-1.27,38789899.0
PBK,69.1,2026-10-01,PowerBank Corporation,Utilities,0.275,1543588,2.23,14838116.0
VGSH,69.1,2026-10-01,Vanguard Short-Term Treasury ETF,Fixed income,57.49,8941198,0.16,33856711890.0
CGBD,69.1,2026-10-01,"Carlyle Secured Lending, Inc.",Miscellaneous,10.77,477471,0.75,748484069.0
FESM,69.1,2026-10-01,Fidelity Enhanced Small Cap ETF,Equity,45.22,1595761,0.65,6022489085.0
SDVY,69.1,2026-10-01,First Trust SMID Cap Rising Dividend Achievers ETF,Equity,40.97,1083263,0.94,11449589078.0
BA,69.1,2026-10-01,Boeing Company (The),Electronic technology,192.28,13445458,3.38,151972343600.0
PODD,69.1,2026-10-01,Insulet Corporation,Health technology,130.79,2434716,-0.75,9059126712.0
HMOP,69.1,2026-10-01,Hartford Municipal Opportunities ETF,Fixed income,37.11,385116,0.22,784830969.0
EVH,69.1,2026-10-01,"Evolent Health, Inc",Commercial services,3.39,1973967,-2.59,381310817.0
AVIV,69.1,2026-10-01,Avantis International Large Cap Value ETF,Equity,78.74,95958,-0.46,1309132409.0
ENB,69.1,2026-10-01,Enbridge Inc,Industrial services,46.27,4775123,0.04,101039799000.0
IMSR,69.1,2026-10-01,Terrestrial Energy Inc.,Utilities,3.83,1702124,-0.52,316812112.0
BW,69.1,2026-10-01,"Babcock & Wilcox Enterprises, Inc.",Electronic technology,5.79,5902895,-0.86,861783600.0
TCBI,69.1,2026-10-01,"Texas Capital Bancshares, Inc.",Finance,93.2,604152,0.6,4051811191.0
GNMA,69.1,2026-10-01,iShares GNMA Bond ETF,Fixed income,41.77,36928,0.82,430743450.0
PFM,69.1,2026-10-01,Invesco Dividend Achievers ETF,Equity,54.93,16586,-0.15,797170068.0
DOLE,69.1,2026-10-01,Dole plc,Distribution services,12.64,717196,-0.47,1202809128.0
PSN,69.1,2026-10-01,Parsons Corporation,Technology services,41.01,1299772,-1.18,4380089208.0
ABEO,69.1,2026-10-01,Abeona Therapeutics Inc.,Health technology,5.01,1475345,-4.02,285545671.0
DFSD,69.1,2026-10-01,Dimensional Short-Duration Fixed Income ETF,Fixed income,46.56,1000385,0.22,6929386963.0
ARVN,69.1,2026-10-01,"Arvinas, Inc.",Health technology,7.43,807030,-4.01,479392501.0
DFAI,69.1,2026-10-01,Dimensional International Core Equity Market ETF,Equity,41.06,2560491,-0.53,17146141348.0
NPWR,69.1,2026-10-01,NET Power Inc.,Producer manufacturing,1.42,644218,-5.96,125504996.0
ARKO,69.1,2026-10-01,ARKO Corp.,Retail trade,4.11,617741,0.0,461083313.0
JKHY,69.1,2026-10-01,"Jack Henry & Associates, Inc.",Technology services,143.84,1056289,-0.8,10219947072.0
MDYV,69.1,2026-10-01,State Street SPDR S&P 400 Mid Cap Value ETF,Equity,89.4,110957,1.19,2698864461.0
HOG,69.1,2026-10-01,"Harley-Davidson, Inc.",Consumer durables,24.83,1945709,1.64,2613804440.0
FUL,69.1,2026-10-01,H. B. Fuller Company,Process industries,50.23,1254469,1.66,2701741655.0
OACP,69.1,2026-10-01,OneAscent Core Plus Bond ETF,Fixed income,21.68,48801,0.32,165660610.0
MMYT,69.1,2026-10-01,MakeMyTrip Limited,Technology services,47.75,620751,-0.31,4491301302.0
AD,69.1,2026-10-01,"Array Digital Infrastructure, Inc.",Communications,34.17,261093,1.09,2946598080.0
LENZ,69.0,2026-10-01,"LENZ Therapeutics, Inc.",Health technology,3.79,738885,-1.56,118833153.0
MOS,69.0,2026-10-01,Mosaic Company (The),Process industries,21.55,11876029,1.17,6849595178.0
GOGO,69.0,2026-10-01,Gogo Inc.,Communications,2.17,1546534,1.88,293467595.0
SLQD,69.0,2026-10-01,iShares 0-5 Year Investment Grade Corporate Bond ETF,Fixed income,49.38,209977,0.24,2367628516.0
HIG,69.0,2026-10-01,"The Hartford Insurance Group, Inc.",Finance,125.74,2696504,4.42,34469209307.0
IQLT,69.0,2026-10-01,iShares MSCI Intl Quality Factor ETF,Equity,49.2,3008569,-0.24,13888634969.0
VOOV,69.0,2026-10-01,Vanguard S&P 500 Value ETF,Equity,220.77,102632,0.25,6827683156.0
HRB,69.0,2026-10-01,"H&R Block, Inc.",Consumer services,42.32,2344445,1.95,5364491960.0
CBSH,69.0,2026-10-01,"Commerce Bancshares, Inc.",Finance,54.83,839039,0.79,7992952910.0
CBRS,69.0,2026-10-01,Cerebras Systems Inc.,Electronic technology,169.52,12094438,-6.82,40271856230.0
CBRE,69.0,2026-10-01,CBRE Group Inc,Finance,130.53,1905546,1.19,37815638166.0
EWC,69.0,2026-10-01,iShares MSCI Canada Index Fund,Equity,58.28,2044888,-0.14,6143755376.0
SOXS,69.0,2026-10-01,Direxion Daily Semiconductor Bear 3X Shares,Equity,31.76,92994571,-3.61,140271963.0
UBS,69.0,2026-10-01,UBS Group AG Registered,Finance,47.57,2522476,0.27,155925180140.0
STXS,69.0,2026-10-01,"Stereotaxis, Inc.",Health technology,1.2,671521,-2.44,117520920.0
ABG,69.0,2026-10-01,Asbury Automotive Group Inc,Retail trade,178.47,286927,3.31,3322897236.0
LDI,69.0,2026-10-01,"loanDepot, Inc.",Finance,0.613,2847759,4.86,205372620.0
BSP,69.0,2026-10-01,Bending Spoons S.p.A.,Technology services,32.5,4409822,-3.47,21762102700.0
DWM,69.0,2026-10-01,WisdomTree International Equity Fund,Equity,72.83,16432,-0.56,668027493.0
BOC,69.0,2026-10-01,Boston Omaha Corporation,Commercial services,12.98,152883,-0.08,392188039.0
DFIV,69.0,2026-10-01,Dimensional International Value ETF,Equity,55.11,1344635,-0.45,20034178350.0
DFIC,69.0,2026-10-01,Dimensional International Core Equity 2 ETF,Equity,37.28,2545288,-0.21,14528757226.0
XAR,69.0,2026-10-01,State Street SPDR S&P Aerospace & Defense ETF,Equity,231.6,193378,0.06,4895774154.0
DBVT,69.0,2026-10-01,DBV Technologies S.A.,Health technology,11.21,564493,-0.8,268162694.0
GLIBA,69.0,2026-10-01,"GCI Liberty, Inc. - Series A GCI Group",Technology services,23.47,31659,1.91,85687515.0
WU,69.0,2026-10-01,Western Union Company (The),Finance,6.02,9671102,1.52,1877511580.0
UDR,69.0,2026-10-01,"UDR, Inc.",Finance,33.68,3959136,0.48,10820178997.0
TRDA,69.0,2026-10-01,"Entrada Therapeutics, Inc.",Health technology,5.68,425128,-10.13,220501099.0
CMCSA,68.9,2026-10-01,Comcast Corporation,Consumer services,21.7,20041558,-1.18,77005414502.0
CLOA,68.9,2026-10-01,iShares AAA CLO Active ETF,Fixed income,51.73,625219,-0.14,2261721585.0
FLBL,68.9,2026-10-01,Franklin Senior Loan ETF,Fixed income,22.78,201893,-0.31,853909824.0
LIT,68.9,2026-10-01,Global X Lithium & Battery Tech ETF,Equity,68.22,223720,0.68,1435461718.0
KVUE,68.9,2026-10-01,Kenvue Inc.,Consumer non-durables,17.22,20419581,-1.2,33062549263.0
RNA,68.9,2026-10-01,"Avidity Biosciences, Inc.",Health technology,8.14,395659,-1.93,139239934.0
OKE,68.9,2026-10-01,"ONEOK, Inc.",Industrial services,87.16,3246125,2.8,54923612520.0
CC,68.9,2026-10-01,Chemours Company (The),Process industries,13.48,1984641,-1.61,2027091517.0
AMJB,68.9,2026-10-01,Alerian MLP Index ETN,Equity,34.65,122130,0.96,753206731.0
AMH,68.9,2026-10-01,American Homes 4 Rent,Finance,30.53,2740745,0.59,10965765400.0
SLRC,68.9,2026-10-01,SLR Investment Corp.,Miscellaneous,11.67,357796,0.78,636652579.0
LMT,68.9,2026-10-01,Lockheed Martin Corporation,Electronic technology,505.5,881525,-0.49,116664850500.0
SBIO,68.9,2026-10-01,ALPS Medical Breakthroughs ETF,Equity,56.64,43684,-2.04,219366692.0
SRE,68.9,2026-10-01,DBA Sempra,Utilities,78.05,3226552,0.8,51028368420.0
WSC,68.9,2026-10-01,WillScot Holdings Corporation,Finance,17.22,2519391,1.12,3116728372.0
SNA,68.9,2026-10-01,Snap-On Incorporated,Consumer durables,367.72,263535,1.19,19021098037.0
IDU,68.9,2026-10-01,iShares U.S. Utilities ETF,Equity,101.3,164457,0.5,1451622989.0
PATK,68.9,2026-10-01,"Patrick Industries, Inc.",Consumer durables,66.56,559802,-1.76,2189684224.0
STN,68.9,2026-10-01,Stantec Inc,Industrial services,67.14,519397,-1.02,7658458044.0
RGNX,68.9,2026-10-01,REGENXBIO Inc.,Health technology,7.42,1705118,-1.33,383594389.0
VC,68.9,2026-10-01,Visteon Corporation,Producer manufacturing,88.36,593927,2.49,2358805544.0
ADUR,68.9,2026-10-01,Aduro Clean Technologies Inc.,Process industries,12.12,368813,-2.49,410072928.0
HSBC,68.9,2026-10-01,"HSBC Holdings, plc.",Finance,95.82,3348773,-0.5,329306510400.0
IWMI,68.9,2026-10-01,NEOS Russell 2000 High Income ETF,Equity,49.08,504046,0.22,283037835.0
HTZ,68.9,2026-10-01,"Hertz Global Holdings, Inc",Finance,1.73,15294392,4.22,546217671.0
MNR,68.9,2026-10-01,Mach Natural Resources LP,Energy minerals,10.29,384593,0.59,1716389905.0
TATT,68.9,2026-10-01,TAT Technologies Ltd.,Electronic technology,34.83,89961,-0.88,452723823.0
CRS,68.9,2026-10-01,Carpenter Technology Corporation,Non-energy minerals,383.69,781911,-0.63,19063867864.0
NCMI,68.9,2026-10-01,"National CineMedia, Inc.",Commercial services,2.12,2875026,-5.36,198345311.0
ORKA,68.8,2026-10-01,"Oruka Therapeutics, Inc.",Health technology,83.42,921011,0.69,5031235465.0
AGO,68.8,2026-10-01,Assured Guaranty Ltd.,Finance,68.27,553403,1.13,3023166275.0
SPFI,68.8,2026-10-01,"South Plains Financial, Inc.",Finance,42.28,188361,1.9,809484424.0
FNB,68.8,2026-10-01,F.N.B. Corporation,Finance,17.24,6370698,1.0,6136818481.0
SIDU,68.8,2026-10-01,"Sidus Space, Inc.",Electronic technology,1.78,3560165,-2.2,178800804.0
AMSF,68.8,2026-10-01,"AMERISAFE, Inc.",Finance,23.68,494702,-0.21,442905297.0
SEIX,68.8,2026-10-01,Virtus Seix Senior Loan ETF,Fixed income,23.13,249427,-0.3,251786360.0
TDTT,68.8,2026-10-01,FlexShares iBoxx 3 Year Target Duration TIPS Index Fund,Fixed income,23.29,285841,0.26,2543498286.0
IUSV,68.8,2026-10-01,iShares Core S&P U.S. Value ETF,Equity,110.49,1311480,0.35,27793202870.0
FBK,68.8,2026-10-01,FB Financial Corporation,Finance,52.09,484469,1.15,2683859115.0
F,68.8,2026-10-01,Ford Motor Company,Consumer durables,12.27,46653064,2.25,48967676338.0
AXGN,68.8,2026-10-01,"Axogen, Inc.",Health technology,39.92,1559565,-3.95,2146159080.0
TIP,68.8,2026-10-01,iShares TIPS Bond ETF,Fixed income,104.31,2491949,0.46,14727291462.0
GPOR,68.8,2026-10-01,Gulfport Energy Corporation,Energy minerals,153.35,176384,2.25,2755638160.0
VNET,68.8,2026-10-01,"VNET Group, Inc.",Technology services,5.55,4186813,0.0,1551565520.0
VONV,68.8,2026-10-01,Vanguard Russell 1000 Value ETF,Equity,108.83,1107844,0.15,21884948088.0
TDTF,68.8,2026-10-01,FlexShares iBoxx 5 Year Target Duration TIPS Index Fund,Fixed income,22.77,217884,0.49,1034346764.0
PRI,68.8,2026-10-01,"Primerica, Inc.",Finance,274.72,165820,1.15,8566870678.0
BVAL,68.8,2026-10-01,Bluemonte Large Cap Value ETF,Equity,31.16,31450,0.03,280274990.0
SO,68.8,2026-10-01,Southern Company (The),Utilities,83.47,7566041,1.0,96020549200.0
LVHI,68.8,2026-10-01,Franklin International Low Volatility High Dividend Index ETF,Equity,41.44,1468815,-0.43,5014294117.0
ROOT,68.8,2026-10-01,"Root, Inc.",Finance,46.21,192465,0.22,647866973.0
SMIN,68.8,2026-10-01,Ishares MSCI India Small Cap ETF,Equity,67.77,79349,-0.54,698159147.0
SPYV,68.8,2026-10-01,State Street SPDR Portfolio S&P 500 Value ETF,Equity,61.24,2010910,0.31,36951970233.0
DOL,68.8,2026-10-01,WisdomTree True Developed International Fund,Equity,73.61,27896,-0.26,818902350.0
ASMB,68.8,2026-10-01,"Assembly Biosciences, Inc.",Health technology,22.98,350802,-0.86,455400359.0
TVTX,68.8,2026-10-01,"Travere Therapeutics, Inc.",Health technology,56.85,2394352,-3.05,5286646365.0
SNN,68.8,2026-10-01,"Smith & Nephew SNATS, Inc.",Health technology,26.58,1656191,-0.82,11161701816.0
MOH,68.8,2026-10-01,Molina Healthcare Inc,Health services,180.85,1046130,-4.36,9440370000.0
ARQ,68.8,2026-10-01,"Arq, Inc.",Process industries,1.89,201707,-4.55,81130628.0
HNRG,68.8,2026-10-01,Hallador Energy Company,Energy minerals,13.52,1037903,-2.52,637202900.0
CRVS,68.8,2026-10-01,"Corvus Pharmaceuticals, Inc.",Health technology,10.93,1305734,-5.45,919108072.0
MVIS,68.8,2026-10-01,"MicroVision, Inc.",Electronic technology,1.5,797914,0.0,35025000.0
FOXF,68.7,2026-10-01,Fox Factory Holding Corp.,Producer manufacturing,18.37,700512,0.66,770366157.0
CL,68.7,2026-10-01,Colgate-Palmolive Company,Consumer non-durables,84.53,4968780,-0.31,67639976170.0
VOR,68.7,2026-10-01,Vor Biopharma Inc.,Health technology,18.06,876229,-4.8,978596939.0
INDI,68.7,2026-10-01,"indie Semiconductor, Inc.",Electronic technology,2.88,3967117,-1.37,608511142.0
TOUS,68.7,2026-10-01,T. Rowe Price International Equity ETF,Equity,37.95,218852,-0.58,1633912500.0
GPN,68.7,2026-10-01,Global Payments Inc.,Commercial services,80.29,2570699,-2.09,19932362155.0
JKS,68.7,2026-10-01,JinkoSolar Holding Company Limited,Electronic technology,9.29,770639,-2.42,121629762.0
EPP,68.7,2026-10-01,iShares MSCI Pacific Ex-Japan Index Fund,Equity,54.65,286380,0.15,2041870316.0
XSVN,68.7,2026-10-01,BondBloxx Bloomberg Seven Year Target Duration US Treasury ETF,Fixed income,44.66,53394,0.56,390756011.0
ALX,68.7,2026-10-01,"Alexander's, Inc.",Finance,243.83,24199,-0.55,1245310521.0
XLY,68.7,2026-10-01,State Street Consumer Discretionary Select Sector SPDR ETF,Equity,108.81,7740204,-0.37,22552069742.0
ITW,68.7,2026-10-01,Illinois Tool Works Inc.,Producer manufacturing,260.84,1571187,1.64,75043668000.0
WOOF,68.7,2026-10-01,"Petco Health and Wellness Company, Inc.",Retail trade,2.2,2679511,-3.08,628243543.0
ONEV,68.7,2026-10-01,State Street SPDR Russell 1000 Low Volatility Focus ETF,Equity,139.54,6205,0.79,533630838.0
SQM,68.7,2026-10-01,Sociedad Quimica y Minera S.A.,Process industries,64.12,1272361,0.83,18315019754.0
UEC,68.7,2026-10-01,Uranium Energy Corp.,Non-energy minerals,9.36,9643731,-0.32,4632001920.0
CWK,68.7,2026-10-01,Cushman & Wakefield Ltd.,Finance,12.06,3668544,1.52,2825664090.0
CTRN,68.7,2026-10-01,"Citi Trends, Inc.",Retail trade,49.4,188923,-4.3,411494491.0
SCHW,68.7,2026-10-01,Charles Schwab Corporation (The),Finance,98.37,6541627,1.02,171079201800.0
FLWS,68.6,2026-10-01,"1-800-FLOWERS.COM, Inc.",Retail trade,2.56,430036,3.23,163273354.0
GD,68.6,2026-10-01,General Dynamics Corporation,Electronic technology,332.72,1250749,0.43,90019725040.0
RLMD,68.6,2026-10-01,"Relmada Therapeutics, Inc.",Health technology,3.66,1358329,-1.88,383897400.0
RWK,68.6,2026-10-01,Invesco S&P MidCap 400 Revenue ETF,Equity,140.22,16048,1.15,1281769418.0
GT,68.6,2026-10-01,The Goodyear Tire & Rubber Company,Consumer durables,5.03,10818888,1.62,1445818170.0
FIGR,68.6,2026-10-01,"Figure Technology Solutions, Inc.",Finance,28.54,4959969,-1.07,5212053000.0
CG,68.6,2026-10-01,The Carlyle Group Inc.,Finance,40.39,3838939,1.84,14539349860.0
OSCV,68.6,2026-10-01,Opus Small Cap Value ETF,Equity,39.48,38059,0.87,700797504.0
FEMB,68.6,2026-10-01,First Trust Emerging Markets Local Currency Bond ETF,Fixed income,28.29,82535,-0.6,356100756.0
CCK,68.6,2026-10-01,"Crown Holdings, Inc.",Process industries,106.19,819266,0.99,11549330590.0
IQDF,68.6,2026-10-01,FlexShares International Quality Dividend Index Fund,Equity,34.26,51137,-0.29,1139021904.0
LMRI,68.6,2026-10-01,"Lumexa Imaging Holdings, Inc.",Health services,10.1,379508,-1.75,970415424.0
SCI,68.6,2026-10-01,Service Corporation International,Consumer services,76.5,1045647,-0.09,10451353500.0
SCMB,68.6,2026-10-01,Schwab Municipal Bond ETF,Fixed income,24.17,4538964,0.12,3975078982.0
BULL,68.6,2026-10-01,Webull Corporation,Technology services,7.03,7921816,0.43,3738685222.0
MPRO,68.6,2026-10-01,Monarch ProCap Index ETF,Asset allocation,31.39,8991,0.1,260992613.0
NUSC,68.6,2026-10-01,Nuveen ESG Small-Cap ETF,Equity,48.78,70617,0.35,1335362889.0
VYMI,68.6,2026-10-01,Vanguard International High Dividend Yield ETF,Equity,99.82,1294995,-0.53,20531149839.0
IWM,68.6,2026-10-01,iShares Russell 2000 ETF,Equity,279.02,33950178,0.6,82578117089.0
DUSB,68.6,2026-10-01,Dimensional Ultrashort Fixed Income ETF,Fixed income,50.54,436075,0.08,2142453828.0
IDUB,68.6,2026-10-01,Aptus International Enhanced Yield ETF,Equity,27.32,50500,0.59,503953427.0
FSBC,68.6,2026-10-01,Five Star Bancorp,Finance,42.92,187719,1.3,1034421444.0
TIGO,68.6,2026-10-01,Millicom International Cellular S.A.,Communications,85.61,1641265,-1.62,14343223021.0
DFIP,68.6,2026-10-01,Dimensional Inflation-Protected Securities ETF,Fixed income,39.14,155089,0.46,1110566550.0
LHX,68.6,2026-10-01,"L3Harris Technologies, Inc.",Electronic technology,238.4,1180099,0.71,44393656000.0
SPTS,68.6,2026-10-01,State Street SPDR Portfolio Short Term Treasury ETF,Fixed income,28.62,3159995,0.14,6119152953.0
MISL,68.6,2026-10-01,First Trust Indxx Aerospace & Defense ETF,Equity,41.78,129465,0.14,223998326.0
STAG,68.6,2026-10-01,"Stag Industrial, Inc.",Finance,35.72,1486987,0.2,6886932947.0
CSX,68.6,2026-10-01,CSX Corporation,Transportation,46.54,12830659,0.67,86214419200.0
VALE,68.6,2026-10-01,VALE S.A.,Non-energy minerals,13.45,34421445,1.74,57357982313.0
FULT,68.6,2026-10-01,Fulton Financial Corporation,Finance,22.59,2051549,1.35,4317717060.0
SBUX,68.6,2026-10-01,Starbucks Corporation,Consumer services,94.88,5097853,0.89,108163200000.0
NVST,68.6,2026-10-01,Envista Holdings Corporation,Health technology,23.16,2508765,-0.98,3768778697.0
IVAL,68.6,2026-10-01,Alpha Architect International Quantitative Value ETF,Equity,35.73,10642,-0.17,208812383.0
TYGO,68.5,2026-10-01,"Tigo Energy, Inc.",Electronic technology,0.8921,263834,-2.95,68489825.0
SPSB,68.5,2026-10-01,State Street SPDR Portfolio Short Term Corporate Bond ETF,Fixed income,29.54,2157549,0.17,10663613513.0
LTM,68.5,2026-10-01,LATAM Airlines Group S.A.,Transportation,47.74,1160852,-3.38,13710932965.0
FLCA,68.5,2026-10-01,Franklin FTSE Canada ETF,Equity,52.06,25824,-0.25,796083447.0
ITA,68.5,2026-10-01,iShares U.S. Aerospace & Defense ETF,Equity,208.04,912531,0.46,14799019249.0
PKW,68.5,2026-10-01,Invesco BuyBack Achievers ETF,Equity,144.69,27339,0.98,1706126426.0
AVSF,68.5,2026-10-01,Avantis Short-Term Fixed Income ETF,Fixed income,45.67,631468,0.11,663818243.0
UNP,68.5,2026-10-01,Union Pacific Corporation,Transportation,272.42,2271297,0.56,161838047165.0
SCIO,68.5,2026-10-01,First Trust Structured Credit Income Opportunities ETF,Fixed income,19.97,183812,-0.1,525887243.0
ESGD,68.5,2026-10-01,iShares ESG Aware MSCI EAFE ETF,Equity,102.05,890501,-0.55,11895011431.0
ES,68.5,2026-10-01,Eversource Energy (D/B/A),Utilities,64.31,2296271,-0.29,24185706408.0
IDHQ,68.5,2026-10-01,Invesco S&P International Developed Quality ETF,Equity,43.0,297376,-0.42,922052138.0
EQAL,68.5,2026-10-01,Invesco Russell 1000 Equal Weight ETF,Equity,57.54,13465,0.58,825281733.0
AURA,68.5,2026-10-01,"Aura Biosciences, Inc.",Health technology,6.04,807345,-5.03,624755977.0
BTI,68.5,2026-10-01,"British American Tobacco Industries, p.l.c.",Consumer non-durables,53.19,4459212,-1.66,114726991225.0
STRT,68.5,2026-10-01,STRATTEC SECURITY CORPORATION,Producer manufacturing,65.77,39281,1.03,274839676.0
EBMT,68.5,2026-10-01,"Eagle Bancorp Montana, Inc.",Finance,21.28,19515,0.52,169504372.0
DVYE,68.5,2026-10-01,iShares Emerging Markets Dividend Index Fund Exchange Traded Fund,Equity,33.68,73733,-0.44,1165930021.0
WRD,68.5,2026-10-01,WeRide Inc.,Technology services,5.2,2394155,-2.8,1578844800.0
NVRI,68.5,2026-10-01,Enviri Corporation,Industrial services,19.46,342216,0.36,548579716.0
DIA,68.5,2026-10-01,SPDR Dow Jones Industrial Average ETF,Equity,508.62,4411395,-0.15,44795623229.0
DEUS,68.5,2026-10-01,Xtrackers Russell US Multifactor ETF,Equity,63.86,4672,0.81,207384630.0
DEC,68.5,2026-10-01,Diversified Energy Company,Energy minerals,13.43,553665,0.83,971304202.0
HWC,68.5,2026-10-01,Hancock Whitney Corporation,Finance,71.93,872668,0.64,5837694940.0
BLDP,68.5,2026-10-01,"Ballard Power Systems, Inc.",Producer manufacturing,2.02,2179017,-0.98,608981215.0
LCTX,68.5,2026-10-01,"Lineage Cell Therapeutics, Inc.",Health technology,0.9042,1651930,-5.63,225415518.0
CWH,68.5,2026-10-01,"Camping World Holdings, Inc.",Retail trade,5.01,1870348,0.0,318234198.0
VTES,68.5,2026-10-01,Vanguard Wellington Fund Vanguard Short-Term Tax Exempt Bond ETF,Fixed income,98.8,1604474,0.1,2100421311.0
KRMD,68.5,2026-10-01,"KORU Medical Systems, Inc.",Health technology,3.02,280380,2.72,138717660.0
AON,68.5,2026-10-01,Aon plc,Finance,275.95,1962670,-0.55,58536013512.0
FNDX,68.4,2026-10-01,Schwab Fundamental U.S. Large Company ETF,Equity,31.56,5916894,0.25,26536768993.0
WTFC,68.4,2026-10-01,Wintrust Financial Corporation,Finance,143.55,809456,1.38,9682131690.0
BAMD,68.4,2026-10-01,Brookstone Dividend Stock ETF,Equity,32.4,14698,0.31,97969775.0
FHN,68.4,2026-10-01,First Horizon Corporation,Finance,23.05,6858635,0.57,10939944900.0
CFR,68.4,2026-10-01,"Cullen/Frost Bankers, Inc.",Finance,153.48,422823,1.3,9538597824.0
FEX,68.4,2026-10-01,First Trust Large Cap Core AlphaDEX Fund,Equity,133.55,48323,0.63,1673760577.0
SDFI,68.4,2026-10-01,AB Short Duration Income ETF,Fixed income,34.72,11899,0.32,175626174.0
OCSL,68.4,2026-10-01,Oaktree Specialty Lending Corporation,Miscellaneous,11.99,448843,1.01,1056145421.0
NGEN,68.4,2026-10-01,NervGen Pharma Corp.,Health technology,1.76,1048190,-8.33,144659926.0
URGN,68.4,2026-10-01,UroGen Pharma Ltd.,Health technology,40.55,616785,-0.2,1975664976.0
RSPD,68.4,2026-10-01,Invesco S&P 500 Equal Weight Consumer Discretionary ETF,Equity,51.81,121287,0.39,308472551.0
ALTO,68.4,2026-10-01,"Alto Ingredients, Inc.",Process industries,3.68,1444270,0.82,285145363.0
EFA,68.4,2026-10-01,iShares MSCI EAFE ETF,Equity,102.82,21298783,-0.54,78109593511.0
BSMT,68.4,2026-10-01,Invesco BulletShares 2029 Municipal Bond ETF,Fixed income,22.3,121256,-0.09,279454154.0
ZION,68.4,2026-10-01,Zions Bancorporation N.A.,Finance,62.65,1891319,0.84,9143078350.0
MUX,68.4,2026-10-01,McEwen Inc.,Non-energy minerals,17.66,1027626,-0.67,1055010166.0
BRO,68.4,2026-10-01,"Brown & Brown, Inc.",Finance,61.77,2804446,0.42,20668881752.0
ZTS,68.4,2026-10-01,Zoetis Inc.,Health technology,69.1,5347039,-1.29,28964462520.0
XBIL,68.4,2026-10-01,US Treasury 6 Month Bill ETF,Fixed income,50.0,280372,0.02,740801703.0
BKV,68.4,2026-10-01,BKV Corporation,Energy minerals,21.54,1066058,1.36,2356187579.0
PALL,68.4,2026-10-01,abrdn Physical Palladium Shares ETF,Commodities,21.47,1102199,-0.14,611946717.0
MNST,68.4,2026-10-01,Monster Beverage Corporation,Consumer non-durables,42.14,10072800,1.3,82426523511.0
CX,68.4,2026-10-01,"Cemex, S.A.B. de C.V. Sponsored",Non-energy minerals,9.4,3760336,0.0,13637828546.0
OTIS,68.4,2026-10-01,Otis Worldwide Corporation,Industrial services,64.48,5897998,0.03,24545558979.0
IGRO,68.4,2026-10-01,iShares International Dividend Growth ETF,Equity,87.91,30736,-0.63,1242852961.0
ARE,68.4,2026-10-01,"Alexandria Real Estate Equities, Inc.",Finance,47.03,3203690,-0.34,8195871070.0
SJM,68.4,2026-10-01,The J.M. Smucker Company,Consumer non-durables,115.95,1201688,-1.99,12392816006.0
BCRX,68.4,2026-10-01,"BioCryst Pharmaceuticals, Inc.",Health technology,8.12,5782085,-2.17,2063803560.0
UAMY,68.3,2026-10-01,United States Antimony Corporation,Non-energy minerals,4.13,5385019,-1.67,612006619.0
KNTK,68.3,2026-10-01,Kinetik Holdings Inc.,Industrial services,51.01,1315416,2.02,3754453323.0
PVLA,68.3,2026-10-01,"Palvella Therapeutics, Inc.",Health technology,132.73,337341,-2.09,1903719844.0
TPIF,68.3,2026-10-01,Timothy Plan International ETF,Equity,36.81,30642,-0.57,247798426.0
IMRX,68.3,2026-10-01,Immuneering Corporation,Health technology,4.03,537660,-1.71,146298422.0
PESI,68.3,2026-10-01,"Perma-Fix Environmental Services, Inc.",Industrial services,15.41,392551,0.98,326746736.0
FDVV,68.3,2026-10-01,Fidelity High Dividend ETF,Equity,60.57,889256,-0.35,9909945275.0
TKC,68.3,2026-10-01,Turkcell Iletisim Hizmetleri AS,Communications,5.02,1846819,-1.18,4370296565.0
JOBY,68.3,2026-10-01,"Joby Aviation, Inc.",Electronic technology,5.96,18333633,-0.83,5862511398.0
SON,68.3,2026-10-01,Sonoco Products Company,Process industries,48.5,1010420,0.39,4795437500.0
WHR,68.3,2026-10-01,Whirlpool Corporation,Consumer durables,30.48,2997622,-0.68,1975808088.0
CCB,68.3,2026-10-01,Coastal Financial Corporation,Finance,40.54,310714,1.27,618186352.0
EXE,68.3,2026-10-01,Expand Energy Corporation,Energy minerals,85.96,3552668,1.73,19900083840.0
TTE,68.3,2026-10-01,TotalEnergies SE,Energy minerals,84.51,2755221,0.37,188204019135.0
EWA,68.3,2026-10-01,iShares MSCI Australia Index Fund,Equity,27.99,2892953,0.21,1444747346.0
AFK,68.3,2026-10-01,VanEck Africa Index ETF,Equity,26.91,73612,-0.92,105785542.0
AVR,68.3,2026-10-01,Anteris Technologies Global Corp.,Health technology,7.61,1170680,-1.68,739935931.0
GNW,68.3,2026-10-01,Genworth Financial Inc,Finance,9.31,4843689,4.26,3565816173.0
GS,68.3,2026-10-01,"Goldman Sachs Group, Inc. (The)",Finance,896.67,2536014,0.06,264523926690.0
USVM,68.3,2026-10-01,VictoryShares US Small Mid Cap Value Momentum ETF,Equity,103.95,43458,0.95,1767697309.0
MWA,68.3,2026-10-01,MUELLER WATER PRODUCTS,Producer manufacturing,21.5,1200598,1.51,3364126500.0
LII,68.3,2026-10-01,"Lennox International, Inc.",Producer manufacturing,360.46,548739,1.78,12457749922.0
TIC,68.3,2026-10-01,"TIC Solutions, Inc.",Commercial services,8.28,1175213,-0.48,1830232761.0
EDGF,68.3,2026-10-01,3EDGE Dynamic Fixed Income ETF,Fixed income,24.32,62067,0.21,233369755.0
NBR,68.3,2026-10-01,Nabors Industries Ltd.,Industrial services,79.83,204887,2.82,1181156697.0
NIHI,68.3,2026-10-01,NEOS MSCI EAFE High Income ETF,Equity,50.47,80040,-0.71,189882610.0
XME,68.3,2026-10-01,State Street SPDR S&P Metals & Mining ETF,Equity,104.29,1412733,1.32,4323490598.0
BSCT,68.3,2026-10-01,Invesco BulletShares 2029 Corporate Bond ETF,Fixed income,18.24,821892,0.22,2868156326.0
MLYS,68.3,2026-10-01,"Mineralys Therapeutics, Inc.",Health technology,23.72,1654433,-5.61,2091119146.0
DLS,68.3,2026-10-01,WisdomTree International SmallCap Fund,Equity,85.83,7327,-0.66,1049791133.0
DFUV,68.3,2026-10-01,Dimensional US Marketwide Value ETF,Equity,55.19,285609,0.56,15792557562.0
DFIS,68.3,2026-10-01,Dimensional International Small Cap ETF,Equity,35.82,511731,-0.67,6005392610.0
CVS,68.3,2026-10-01,CVS Health Corporation,Retail trade,85.2,6404449,-0.33,108709236000.0
BIDU,68.3,2026-10-01,"Baidu, Inc.",Technology services,85.59,2200157,-1.7,29111279492.0
YEAR,68.3,2026-10-01,AB Ultra Short Income ETF,Fixed income,49.98,133690,0.08,1452078086.0
INMU,68.3,2026-10-01,iShares Intermediate Muni Income Active ETF,Fixed income,22.93,697040,0.31,543957650.0
RFIL,68.3,2026-10-01,"RF Industries, Ltd.",Electronic technology,8.05,162663,0.75,87324790.0
NUGT,68.3,2026-10-01,Direxion Daily Gold Miners Index Bull 2XShares,Equity,144.06,632684,-2.03,1188368086.0
CNS,68.3,2026-10-01,Cohen & Steers Inc,Finance,73.12,268393,-0.81,3758777472.0
VRRM,68.2,2026-10-01,Verra Mobility Corporation,Transportation,2.99,5088766,-3.55,454200892.0
HTO,68.2,2026-10-01,H2O America,Utilities,60.2,475988,-1.67,2519779360.0
AMTM,68.2,2026-10-01,"Amentum Holdings, Inc.",Electronic technology,18.48,1724161,1.43,4510789557.0
UPB,68.2,2026-10-01,"Upstream Bio, Inc.",Health technology,5.04,832377,-4.0,274276729.0
CGBL,68.2,2026-10-01,Capital Group Core Balanced ETF,Asset allocation,36.78,1804775,-0.03,7488851721.0
RSP,68.2,2026-10-01,Invesco S&P 500 Equal Weight ETF,Equity,209.0,14025480,0.38,98896401353.0
GDOT,68.2,2026-10-01,Green Dot Corporation,Finance,12.37,501252,0.9,701135311.0
WTM,68.2,2026-10-01,"White Mountains Insurance Group, Ltd.",Finance,2013.04,14221,0.65,4985635777.0
IDVO,68.2,2026-10-01,Amplify International Enhanced Dividend Income ETF,Equity,41.12,359455,-0.94,1373551169.0
CBIO,68.2,2026-10-01,"Crescent Biopharma, Inc.",Health technology,14.26,300848,-2.4,529672584.0
AVMV,68.2,2026-10-01,Avantis U.S. Mid Cap Value ETF,Equity,77.06,32687,1.1,370034733.0
SHYD,68.2,2026-10-01,VanEck Short High Yield Muni ETF,Fixed income,22.01,410399,0.36,452594263.0
OZK,68.2,2026-10-01,Bank OZK,Finance,46.34,1226188,0.96,5058746648.0
ELVN,68.2,2026-10-01,"Enliven Therapeutics, Inc.",Health technology,46.21,944679,-0.17,3301162919.0
AVA,68.2,2026-10-01,Avista Corporation,Utilities,35.07,610494,0.34,2937210696.0
IHI,68.2,2026-10-01,iShares U.S. Medical Devices ETF,Equity,50.65,3585857,-1.15,3092181357.0
PPL,68.2,2026-10-01,PPL Corporation,Utilities,32.76,9903104,0.12,24654431693.0
IP,68.2,2026-10-01,International Paper Company,Process industries,32.52,6504678,-0.7,17225188010.0
DBP,68.2,2026-10-01,Invesco DB Precious Metals Fund,Commodities,95.91,8810,0.2,224945296.0
NB,68.2,2026-10-01,NioCorp Developments Ltd.,Non-energy minerals,3.43,2580411,-4.72,499363575.0
VUSB,68.2,2026-10-01,Vanguard Ultra-Short Bond ETF,Fixed income,49.41,2018259,0.08,8938276668.0
PPH,68.2,2026-10-01,VanEck Pharmaceutical ETF,Equity,108.14,365747,-0.79,983499372.0
THFF,68.2,2026-10-01,First Financial Corporation,Finance,73.99,88332,1.31,879881385.0
HESM,68.2,2026-10-01,Hess Midstream LP,Energy minerals,38.05,1276193,2.28,7862429940.0
INV,68.2,2026-10-01,"Innventure, Inc.",Miscellaneous,0.485,5723379,-13.0,38833620.0
HBAN,68.1,2026-10-01,Huntington Bancshares Incorporated,Finance,15.19,25266970,-0.07,30690103516.0
FFSM,68.1,2026-10-01,Fidelity Fundamental Small-Mid Cap ETF,Equity,34.24,677115,1.57,1451243835.0
PRU,68.1,2026-10-01,"Prudential Financial, Inc.",Finance,113.13,1504010,-0.02,39256110000.0
WHD,68.1,2026-10-01,"Cactus, Inc. Class A Common Stock",Industrial services,62.19,1103071,0.32,4317130296.0
SOFI,68.1,2026-10-01,"SoFi Technologies, Inc.",Finance,15.84,37149718,0.32,20318601600.0
EXP,68.1,2026-10-01,Eagle Materials Inc,Non-energy minerals,173.07,420569,1.82,5308978498.0
QEFA,68.1,2026-10-01,State Street SPDR MSCI EAFE StrategicFactors ETF,Equity,96.63,21959,-0.41,1042193567.0
UP,68.1,2026-10-01,Wheels Up Experience Inc.,Transportation,3.33,80544,2.78,120746799.0
MOAT,68.1,2026-10-01,VanEck Morningstar Wide Moat ETF,Equity,105.96,438925,-0.07,12048440230.0
EE,68.1,2026-10-01,"Excelerate Energy, Inc.",Utilities,32.11,395573,0.41,3711884275.0
ACHR,68.1,2026-10-01,Archer Aviation Inc.,Electronic technology,5.03,19999712,1.41,3820777940.0
JJSF,68.1,2026-10-01,J & J Snack Foods Corp.,Consumer non-durables,77.58,191202,0.83,1454890013.0
IDEV,68.1,2026-10-01,iShares Core MSCI International Developed Markets ETF,Equity,88.67,3276010,-0.47,31102094323.0
MPLX,68.1,2026-10-01,MPLX LP,Industrial services,56.35,1923302,-0.04,57180035500.0
URNM,68.1,2026-10-01,Sprott Uranium Miners ETF,Equity,47.24,484597,-0.38,1249905965.0
FTAI,68.1,2026-10-01,FTAI Aviation Ltd.,Electronic technology,167.32,1017553,0.19,17164187560.0
CPRT,68.1,2026-10-01,"Copart, Inc.",Retail trade,27.29,7282947,-0.84,25265395344.0
STLA,68.1,2026-10-01,Stellantis N.V.,Consumer durables,4.69,54079119,7.57,13576306948.0
WVE,68.1,2026-10-01,Wave Life Sciences Ltd.,Health technology,3.88,5409795,-1.77,764546240.0
COLO,68.1,2026-10-01,Global X MSCI Colombia ETF,Equity,46.36,318763,-1.82,145532876.0
JSI,68.1,2026-10-01,Janus Henderson Securitized Income ETF,Fixed income,50.0,118376,-0.42,1518144533.0
PFS,68.1,2026-10-01,"Provident Financial Services, Inc",Finance,22.35,1298147,1.64,2912517900.0
RODM,68.1,2026-10-01,Hartford Multifactor Developed Markets (ex-US) ETF,Equity,40.53,51897,-0.34,1543531996.0
CNA,68.1,2026-10-01,CNA Financial Corporation,Finance,45.88,591110,2.27,12415170577.0
Z,68.1,2026-10-01,"Zillow Group, Inc.",Technology services,27.75,4510740,0.29,6668220577.0
KNOP,68.0,2026-10-01,KNOT Offshore Partners LP,Transportation,10.47,72133,0.67,352423781.0
FRME,68.0,2026-10-01,First Merchants Corporation,Finance,39.58,629514,1.05,2485680322.0
TDUP,68.0,2026-10-01,ThredUp Inc.,Retail trade,2.13,1142060,-1.39,274857002.0
FLOC,68.0,2026-10-01,Flowco Holdings Inc.,Industrial services,18.28,429922,0.88,1701625827.0
LAZ,68.0,2026-10-01,"Lazard, Inc.",Finance,36.44,1464908,2.36,3551099864.0
CGIB,68.0,2026-10-01,Capital Group International Bond ETF (USD-Hedged),Fixed income,24.95,92091,0.36,324814834.0
CF,68.0,2026-10-01,"CF Industries Holdings, Inc.",Process industries,114.54,2476757,0.18,17599738240.0
INSM,68.0,2026-10-01,Insmed Incorporated,Health technology,108.59,2645545,-5.31,23537099680.0
SDHC,68.0,2026-10-01,Smith Douglas Homes Corp.,Consumer durables,10.14,35319,0.8,84641186.0
SLG,68.0,2026-10-01,SL Green Realty Corp,Finance,48.77,1145027,0.1,3468741036.0
EYPT,68.0,2026-10-01,"EyePoint, Inc.",Health technology,3.23,2860912,-1.82,270807393.0
JMSI,68.0,2026-10-01,JPMorgan Sustainable Municipal Income ETF,Fixed income,47.27,63813,0.36,390404609.0
SELV,68.0,2026-10-01,SEI Enhanced Low Volatility U.S. Large Cap ETF,Equity,33.91,5339,-0.26,248898036.0
MBIN,68.0,2026-10-01,Merchants Bancorp,Finance,49.52,179365,1.73,2274853424.0
SR,68.0,2026-10-01,Spire Inc.,Utilities,76.44,401241,0.91,4518888192.0
ELAN,68.0,2026-10-01,Elanco Animal Health Incorporated,Health technology,21.77,5873641,-2.46,10873017422.0
ALMS,68.0,2026-10-01,Alumis Inc.,Health technology,7.21,2130424,-2.57,889945239.0
GLRE,68.0,2026-10-01,"Greenlight Reinsurance, Ltd.",Finance,14.69,146713,0.96,487214416.0
FUBO,68.0,2026-10-01,FuboTV Inc.,Technology services,8.88,1543963,-1.99,971410177.0
ULST,68.0,2026-10-01,State Street Ultra Short Term Bond ETF,Fixed income,40.14,62123,0.0,532054135.0
FSLR,68.0,2026-10-01,"First Solar, Inc.",Electronic technology,172.11,2542457,-1.37,18496625041.0
CPS,68.0,2026-10-01,Cooper-Standard Holdings Inc.,Producer manufacturing,21.87,329223,4.59,388308061.0
CNTX,68.0,2026-10-01,Context Therapeutics Inc.,Health technology,0.3144,1138305,1.75,28886813.0
VRIG,67.9,2026-10-01,Invesco Variable Rate Investment Grade ETF,Fixed income,25.03,765937,0.0,1551886897.0
PKBK,67.9,2026-10-01,"Parke Bancorp, Inc.",Finance,32.68,39288,-0.06,387016037.0
FWONK,67.9,2026-10-01,Liberty Media Corporation - Series C Liberty Formula One,Technology services,91.6,3112402,-1.23,22955484044.0
VEGI,67.9,2026-10-01,iShares MSCI Agriculture Producers ETF,Equity,45.07,125231,0.2,146021975.0
TOWN,67.9,2026-10-01,Towne Bank,Finance,35.87,525278,0.96,3306683124.0
CENT,67.9,2026-10-01,Central Garden & Pet Company,Consumer non-durables,39.2,88992,1.03,2452774498.0
GSBD,67.9,2026-10-01,"Goldman Sachs BDC, Inc.",Miscellaneous,9.17,970690,1.33,1032258344.0
RDTE,67.9,2026-10-01,Roundhill Russell 2000 0DTE Covered Call Strategy ETF,Equity,26.29,117854,0.54,177600204.0
MYCH,67.9,2026-10-01,State Street My2028 Corporate Bond ETF,Fixed income,24.57,32371,0.16,29842637.0
VNM,67.9,2026-10-01,VanEck Vietnam ETF,Equity,16.84,790503,-0.41,562203785.0
PDN,67.9,2026-10-01,Invesco RAFI Developed Markets ex-U.S. Small-Mid ETF,Equity,45.54,16307,-0.31,359227012.0
EMN,67.9,2026-10-01,Eastman Chemical Company,Process industries,64.05,1845773,-1.37,7324117500.0
UTWO,67.9,2026-10-01,US Treasury 2 Year Note ETF,Fixed income,47.43,198592,0.17,473795392.0
SMTH,67.9,2026-10-01,ALPS Smith Core Plus Bond ETF,Fixed income,24.58,607103,0.99,2948486576.0
ATR,67.9,2026-10-01,"AptarGroup, Inc.",Process industries,120.87,389005,0.54,7713961595.0
BSMV,67.9,2026-10-01,Invesco BulletShares 2031 Municipal Bond ETF,Fixed income,20.0,105469,-0.05,133140599.0
BSMU,67.9,2026-10-01,Invesco BulletShares 2030 Municipal Bond ETF,Fixed income,20.94,119069,-0.05,266066726.0
SHLD,67.9,2026-10-01,Global X Defense Tech ETF,Equity,60.14,1261832,-0.18,4824700174.0
BSCR,67.9,2026-10-01,Invesco BulletShares 2027 Corporate Bond ETF,Fixed income,19.56,679406,0.1,4598266043.0
ALH,67.9,2026-10-01,Alliance Laundry Holdings Inc.,Producer manufacturing,21.23,1656602,0.05,4216461852.0
BPOP,67.9,2026-10-01,"Popular, Inc.",Finance,156.52,587215,1.27,9996415884.0
NSC,67.9,2026-10-01,Norfolk Southern Corporation,Transportation,310.26,928200,0.86,69686878080.0
SAN,67.9,2026-10-01,"Banco Santander, S.A. Sponsored",Finance,13.28,10207723,-2.35,194926797576.0
VIV,67.9,2026-10-01,Telefonica Brasil S.A.,Communications,11.36,1094229,-0.35,18181076727.0
UHAL,67.9,2026-10-01,U-Haul Holding Company,Finance,60.99,192785,1.35,11923192051.0
GRND,67.9,2026-10-01,Grindr Inc.,Technology services,14.17,4679073,-9.63,2518377420.0
CRBP,67.9,2026-10-01,"Corbus Pharmaceuticals Holdings, Inc.",Health technology,6.34,802542,-6.76,117466252.0
BETR,67.9,2026-10-01,Better Home & Finance Holding Company,Finance,11.19,525284,1.08,175337430.0
MP,67.8,2026-10-01,MP Materials Corp.,Non-energy minerals,46.09,6801614,-0.9,8205033980.0
NEGG,67.8,2026-10-01,"Newegg Commerce, Inc.",Retail trade,12.33,79511,-6.59,258602306.0
FIW,67.8,2026-10-01,First Trust Water ETF,Equity,103.93,49933,0.17,1875952832.0
FG,67.8,2026-10-01,"F&G Annuities & Life, Inc.",Finance,21.98,802987,2.38,2912020080.0
RM,67.8,2026-10-01,Regional Management Corp.,Finance,30.99,97452,3.13,285360569.0
UTL,67.8,2026-10-01,UNITIL Corporation,Utilities,50.6,120606,0.12,910335037.0
SPG,67.8,2026-10-01,"Simon Property Group, Inc.",Finance,200.81,1139394,0.54,65119068420.0
AYI,67.8,2026-10-01,Acuity Inc.,Producer manufacturing,299.28,819814,-2.34,8959110506.0
FBIN,67.8,2026-10-01,"Fortune Brands Innovations, Inc.",Producer manufacturing,38.52,3218347,2.64,4595182423.0
TNL,67.8,2026-10-01,Travel Leisure Co.,Consumer services,62.96,832107,2.03,3858320072.0
AAT,67.8,2026-10-01,"American Assets Trust, Inc.",Finance,21.39,476790,0.75,1313435838.0
MDA,67.8,2026-10-01,MDA Space Ltd,Electronic technology,28.97,1128712,-2.1,4690797312.0
SMMD,67.8,2026-10-01,iShares Russell 2500 ETF,Equity,85.88,246014,0.69,3675156009.0
STOK,67.8,2026-10-01,"Stoke Therapeutics, Inc.",Health technology,26.01,692977,-0.19,1678326462.0
TBBK,67.8,2026-10-01,"The Bancorp, Inc.",Finance,48.94,517463,1.96,2037589445.0
IXG,67.8,2026-10-01,iShares Global Financial ETF,Equity,126.04,50555,-0.18,729662350.0
DIHP,67.8,2026-10-01,Dimensional International High Profitability ETF,Equity,33.48,645112,-0.36,6310262558.0
NGS,67.8,2026-10-01,"Natural Gas Services Group, Inc.",Producer manufacturing,32.75,107498,1.33,413783150.0
DFGX,67.8,2026-10-01,Dimensional Global ex US Core Fixed Income ETF,Fixed income,51.28,553296,0.25,1669966088.0
BMBL,67.8,2026-10-01,Bumble Inc.,Technology services,2.55,2281529,-1.92,332599478.0
DFAX,67.8,2026-10-01,Dimensional World ex U.S. Core Equity 2 ETF,Equity,36.82,723363,-0.54,12241975747.0
DDM,67.8,2026-10-01,ProShares Ultra Dow30,Equity,61.3,249087,-0.29,554060330.0
SCHA,67.8,2026-10-01,Schwab U.S. Small-Cap ETF,Equity,32.77,5397520,0.58,25230676491.0
INTU,67.8,2026-10-01,Intuit Inc.,Technology services,282.78,4017105,-0.69,77350792860.0
TRIP,67.8,2026-10-01,"TripAdvisor, Inc.",Consumer services,8.38,3159785,-0.59,974524790.0
PSC,67.8,2026-10-01,Principal U.S. Small-Cap ETF,Equity,66.94,309082,0.44,1224657605.0
BHRB,67.8,2026-10-01,Burke & Herbert Financial Services Corp.,Finance,68.87,123949,-0.29,1387717139.0
HQY,67.8,2026-10-01,"HealthEquity, Inc.",Finance,89.37,726531,1.03,7471524771.0
TREE,67.8,2026-10-01,"LendingTree, Inc.",Finance,24.55,292274,-0.08,342546150.0
JSML,67.7,2026-10-01,Janus Henderson Small Cap Growth Alpha ETF,Equity,86.25,51576,0.35,378258004.0
SPRY,67.7,2026-10-01,"ARS Pharmaceuticals, Inc.",Health technology,4.12,1971550,-5.29,409129439.0
NMFC,67.7,2026-10-01,New Mountain Finance Corporation,Finance,7.03,869911,1.74,664000372.0
AMZA,67.7,2026-10-01,InfraCap MLP ETF,Equity,47.67,30002,1.23,461741643.0
HUN,67.7,2026-10-01,Huntsman Corporation,Process industries,8.67,3886465,2.24,1520590326.0
BANC,67.7,2026-10-01,"Banc of California, Inc.",Finance,17.49,3382669,1.51,2688650250.0
IBUY,67.7,2026-10-01,Amplify Online Retail ETF,Equity,66.59,67946,-0.31,108284839.0
AMP,67.7,2026-10-01,"Ameriprise Financial, Inc.",Finance,494.82,595508,1.13,44472994341.0
GQRE,67.7,2026-10-01,FlexShares Global Quality Real Estate Index Fund,Equity,58.93,10552,0.05,397471540.0
AVSC,67.7,2026-10-01,Avantis U.S Small Cap Equity ETF,Equity,69.7,180236,0.84,3095000393.0
DTD,67.7,2026-10-01,WisdomTree U.S. Total Dividend Fund,Equity,93.49,23511,0.1,1652420298.0
DOW,67.7,2026-10-01,Dow Inc.,Process industries,27.59,10057828,2.0,19929380216.0
ACGL,67.7,2026-10-01,Arch Capital Group Ltd.,Finance,94.26,3801668,1.81,32933501400.0
DJIA,67.7,2026-10-01,Global X Dow 30 Covered Call ETF,Equity,22.13,29424,-0.36,185584759.0
BNDI,67.7,2026-10-01,NEOS Enhanced Income Aggregate Bond ETF,Fixed income,45.01,21111,0.56,185443575.0
SBCF,67.7,2026-10-01,Seacoast Banking Corporation of Florida,Finance,32.16,1062046,1.68,3127457088.0
ARWR,67.7,2026-10-01,"Arrowhead Pharmaceuticals, Inc.",Health technology,64.79,1521653,-0.32,9126125030.0
HLMN,67.7,2026-10-01,Hillman Solutions Corp.,Distribution services,6.94,1720342,-0.14,1361694666.0
BKLN,67.7,2026-10-01,Invesco Senior Loan ETF,Fixed income,20.46,17913328,0.1,7184334585.0
UNH,67.7,2026-10-01,UnitedHealth Group Incorporated,Health services,365.2,3926886,-0.76,331654336341.0
HUBG,67.7,2026-10-01,"Hub Group, Inc.",Transportation,30.15,961881,1.31,1826445001.0
AIRJ,67.7,2026-10-01,AirJoule Technologies Corporation,Producer manufacturing,3.96,1022521,0.51,286706328.0
REXC,67.7,2026-10-01,Sprott Rare Earths Ex-China ETF,Financial Services,15.39,116722,-1.09,
SHY,67.7,2026-10-01,iShares 1-3 Year Treasury Bond ETF,Fixed income,81.1,6804855,0.16,25099061590.0
GSHD,67.7,2026-10-01,"Goosehead Insurance, Inc.",Finance,47.15,619006,4.02,1762287028.0
TXO,67.6,2026-10-01,"TXO Partners, L.P.",Energy minerals,13.8,105253,1.17,762346597.0
HNDL,67.6,2026-10-01,Strategy Shares Nasdaq 7HANDL Index ETF,Asset allocation,21.59,119704,0.05,646888112.0
BANR,67.6,2026-10-01,Banner Corporation,Finance,67.31,304476,1.04,2287524225.0
FFIN,67.6,2026-10-01,"First Financial Bankshares, Inc.",Finance,31.75,1062805,0.6,4549203500.0
FEOE,67.6,2026-10-01,First Eagle Overseas Equity ETF,Equity,53.31,272775,-0.54,666148016.0
NAIL,67.6,2026-10-01,Direxion Daily Homebuilders & Supplies Bull 3X Shares,Equity,28.45,4108441,2.89,555984000.0
PECO,67.6,2026-10-01,"Phillips Edison & Company, Inc.",Finance,37.49,1548370,0.51,4814653250.0
RDVI,67.6,2026-10-01,FT Vest Rising Dividend Achievers Target Income ETF,Alternatives,28.15,2979526,0.79,3555435779.0
SCZ,67.6,2026-10-01,iShares MSCI EAFE Small-Cap ETF,Equity,83.51,2009892,-0.62,13475315262.0
CBU,67.6,2026-10-01,"Community Financial System, Inc.",Finance,59.93,232590,1.44,3149615157.0
TTWO,67.6,2026-10-01,"Take-Two Interactive Software, Inc.",Technology services,203.62,2655740,-1.87,38072867600.0
GLIBK,67.6,2026-10-01,"GCI Liberty, Inc. - Series C GCI Group",Technology services,23.5,319188,1.29,87462111.0
CASH,67.6,2026-10-01,"Pathward Financial, Inc.",Finance,73.72,354923,3.92,1556231706.0
FULC,67.6,2026-10-01,"Fulcrum Therapeutics, Inc.",Health technology,3.68,1227541,-0.54,280773895.0
NKLR,67.6,2026-10-01,Terra Innovatum Global N.V.,Producer manufacturing,3.48,205427,2.65,384543160.0
HYHG,67.6,2026-10-01,ProShares High Yield Interest Rate Hedged,Fixed income,63.57,22938,-0.49,176348541.0
UNCY,67.6,2026-10-01,"Unicycive Therapeutics, Inc.",Health technology,4.55,1035074,-3.4,121485000.0
DRI,67.6,2026-10-01,"Darden Restaurants, Inc.",Consumer services,197.41,1326100,1.76,22614936342.0
FTSM,67.6,2026-10-01,First Trust Enhanced Short Maturity ETF,Fixed income,59.56,1611715,0.12,6508012123.0
MBC,67.6,2026-10-01,"MasterBrand, Inc.",Consumer durables,7.01,2268501,0.14,897171976.0
DLR,67.6,2026-10-01,"Digital Realty Trust, Inc.",Finance,176.49,1894134,0.94,65297064593.0
HOMB,67.6,2026-10-01,"Home BancShares, Inc.",Finance,28.56,1628368,1.93,5752355280.0
PRCT,67.6,2026-10-01,PROCEPT BioRobotics Corporation,Health technology,17.02,1604683,-6.79,968758691.0
REZI,67.6,2026-10-01,"Resideo Technologies, Inc.",Distribution services,18.17,2197744,0.06,2759066858.0
VTWG,67.6,2026-10-01,Vanguard Russell 2000 Growth ETF,Equity,261.05,31945,0.25,1898994321.0
USAC,67.6,2026-10-01,"USA Compression Partners, LP",Industrial services,25.27,933504,2.1,3663442440.0
SLSR,67.6,2026-10-01,Solaris Resources Inc.,Non-energy minerals,6.93,148859,-0.43,1157552550.0
MBI,67.6,2026-10-01,MBIA Inc.,Finance,4.29,400213,0.47,218506860.0
CERS,67.5,2026-10-01,Cerus Corporation,Health technology,2.32,1924432,-1.28,467537763.0
FSK,67.5,2026-10-01,FS KKR Capital Corp.,Miscellaneous,11.11,2394803,1.09,3111538071.0
FCF,67.5,2026-10-01,First,Finance,20.28,1400030,0.9,2062151520.0
AXTA,67.5,2026-10-01,Axalta Coating Systems Ltd.,Process industries,31.85,1738444,0.28,6816536777.0
NLR,67.5,2026-10-01,VanEck Uranium and Nuclear ETF,Equity,102.75,347791,-0.25,2740321443.0
CBAN,67.5,2026-10-01,"Colony Bankcorp, Inc.",Finance,20.29,143973,1.0,429303936.0
NFLX,67.5,2026-10-01,"Netflix, Inc.",Technology services,67.85,40329315,-2.25,282523328932.0
AVTX,67.5,2026-10-01,"Avalo Therapeutics, Inc.",Health technology,14.95,932180,-1.9,785855720.0
AFIF,67.5,2026-10-01,Anfield Universal Fixed Income ETF,Fixed income,9.25,89270,0.33,143244589.0
CALF,67.5,2026-10-01,Pacer US Small Cap Cash Cows ETF,Equity,53.97,1054062,0.77,3623287309.0
UNHG,67.5,2026-10-01,Leverage Shares 2X Long UNH Daily ETF,Equity,16.9,431449,-1.17,108425864.0
ENPH,67.5,2026-10-01,"Enphase Energy, Inc.",Electronic technology,32.82,5074718,0.71,4336987347.0
EAT,67.5,2026-10-01,"Brinker International, Inc.",Consumer services,194.33,1001002,-0.24,8334386174.0
NI,67.5,2026-10-01,NiSource Inc,Utilities,39.5,5787544,1.33,18942644570.0
RAVI,67.5,2026-10-01,FlexShares Ultra-Short Income Fund,Fixed income,74.96,56125,-0.03,1450793529.0
BRC,67.5,2026-10-01,Brady Corporation,Producer manufacturing,84.14,212816,0.67,3963976755.0
BMO,67.5,2026-10-01,Bank Of Montreal,Finance,166.3,683279,-0.03,116479283740.0
VISN,67.5,2026-10-01,"Vistance Networks, Inc.",Electronic technology,6.16,6242268,2.84,1389508927.0
ZG,67.5,2026-10-01,"Zillow Group, Inc.",Technology services,28.41,788277,1.46,6826816093.0
DDLS,67.5,2026-10-01,WisdomTree Dynamic International SmallCap Equity Fund,Equity,44.72,14917,-0.58,434628195.0
DCH,67.5,2026-10-01,Dauch Corporation,Producer manufacturing,5.43,3836057,5.23,1288902810.0
FSMD,67.5,2026-10-01,Fidelity Small-Mid Multifactor ETF,Equity,49.63,193575,0.85,2678888359.0
BKR,67.5,2026-10-01,Baker Hughes Company,Industrial services,55.62,6480680,1.96,55212527880.0
ROAD,67.5,2026-10-01,"Construction Partners, Inc.",Industrial services,90.15,521561,0.76,5094800656.0
CWEN,67.5,2026-10-01,"Clearway Energy, Inc.",Utilities,29.14,1066988,0.03,5987771793.0
PLAY,67.5,2026-10-01,"Dave & Buster's Entertainment, Inc.",Consumer services,6.43,1474391,0.78,223691302.0
JAZZ,67.5,2026-10-01,Jazz Pharmaceuticals plc,Health technology,233.01,738217,1.16,14637128976.0
PZG,67.5,2026-10-01,Paramount Gold Nevada Corp.,Non-energy minerals,1.22,284210,-0.81,104656968.0
LZB,67.5,2026-10-01,La-Z-Boy Incorporated,Consumer durables,29.44,775745,-0.81,1177929728.0
RMNI,67.4,2026-10-01,"Rimini Street, Inc.",Technology services,4.29,340131,0.23,400497240.0
JBGS,67.4,2026-10-01,JBG SMITH Properties,Finance,10.37,1006737,3.7,604113683.0
PLUG,67.4,2026-10-01,"Plug Power, Inc.",Electronic technology,1.89,45148380,-1.56,2636682300.0
LOAR,67.4,2026-10-01,Loar Holdings Inc.,Electronic technology,61.92,763687,1.11,5797227182.0
MPAA,67.4,2026-10-01,"Motorcar Parts of America, Inc.",Producer manufacturing,10.34,102755,-1.71,195769288.0
CDE,67.4,2026-10-01,"Coeur Mining, Inc.",Non-energy minerals,17.56,29944417,-0.06,18096186716.0
LMNR,67.4,2026-10-01,Limoneira Co,Process industries,11.92,152981,-0.67,216133523.0
EXK,67.4,2026-10-01,Endeavour Silver Corporation,Non-energy minerals,8.56,6640463,0.35,2534992640.0
JEPI,67.4,2026-10-01,JPMorgan Equity Premium Income ETF,Equity,55.93,4652222,-0.13,45090092348.0
CARL,67.4,2026-10-01,"Carlsmed, Inc.",Technology services,13.76,158841,-2.55,374064678.0
ETR,67.4,2026-10-01,Entergy Corporation,Utilities,100.4,4058878,1.65,46849802399.0
WCMI,67.4,2026-10-01,First Trust WCM International Equity ETF,Equity,18.97,2572129,-0.37,1842363962.0
QDEL,67.4,2026-10-01,QuidelOrtho Corporation,Health technology,10.38,2767933,-1.61,707822466.0
ALRS,67.4,2026-10-01,Alerus Financial Corporation,Finance,31.73,306758,0.83,797330478.0
DY,67.4,2026-10-01,"Dycom Industries, Inc.",Industrial services,269.96,594180,0.02,8107303740.0
BSAC,67.4,2026-10-01,Banco Santander - Chile,Finance,32.59,298340,-1.27,15353648181.0
KNF,67.4,2026-10-01,Knife Riv Holding Co.,Non-energy minerals,50.62,1426739,-0.53,2873364219.0
WRLD,67.4,2026-10-01,World Acceptance Corporation,Finance,171.63,57393,-0.59,799866168.0
CWI,67.4,2026-10-01,State Street SPDR MSCI ACWI ex-US ETF,Equity,40.16,411185,-0.42,2832482499.0
IHE,67.4,2026-10-01,iShares U.S. Pharmaceutical ETF,Equity,99.0,234990,-1.05,1191808645.0
RSPF,67.4,2026-10-01,Invesco S&P 500 Equal Weight Financial ETF,Equity,77.67,24361,0.47,290933532.0
CNL,67.4,2026-10-01,Collective Mining Ltd.,Non-energy minerals,12.06,156473,-1.55,1118438454.0
BCH,67.4,2026-10-01,Banco De Chile,Finance,38.97,316443,-1.19,19683178272.0
WGO,67.3,2026-10-01,"Winnebago Industries, Inc.",Consumer durables,26.37,802371,-1.53,745450708.0
FLNC,67.3,2026-10-01,"Fluence Energy, Inc.",Producer manufacturing,7.57,5453456,-1.43,1396866816.0
KWEB,67.3,2026-10-01,KraneShares CSI China Internet ETF,Equity,24.33,13418659,-0.73,5301539255.0
FSCC,67.3,2026-10-01,Federated Hermes MDT Small Cap Core ETF,Equity,33.64,28044,1.45,23743036.0
PRK,67.3,2026-10-01,Park National Corporation,Finance,179.16,103616,0.84,3242097276.0
AXON,67.3,2026-10-01,"Axon Enterprise, Inc.",Electronic technology,422.21,827386,-1.04,34031002930.0
LTBR,67.3,2026-10-01,Lightbridge Corporation,Process industries,6.28,471628,-0.16,220723788.0
SUZ,67.3,2026-10-01,Suzano S.A.,Process industries,8.3,2810683,-2.24,10259623651.0
KVHI,67.3,2026-10-01,"KVH Industries, Inc.",Electronic technology,6.8,113159,-2.72,132584707.0
TII,67.3,2026-10-01,Titan Mining Corporation,Non-energy minerals,2.44,197651,-4.31,239822964.0
PCG,67.3,2026-10-01,Pacific Gas & Electric Co.,Utilities,12.17,31506223,-0.16,32616944736.0
BXSL,67.3,2026-10-01,Blackstone Secured Lending Fund,Miscellaneous,23.92,2033070,-0.17,5565035912.0
ENLT,67.3,2026-10-01,Enlight Renewable Energy Ltd.,Utilities,65.3,165497,0.76,9129432101.0
MIST,67.3,2026-10-01,Milestone Pharmaceuticals Inc.,Health technology,0.8157,719430,-7.31,101553002.0
EGP,67.3,2026-10-01,"EastGroup Properties, Inc.",Finance,194.84,495252,-1.08,10477189772.0
DPZ,67.3,2026-10-01,Domino's Pizza Inc,Consumer services,295.0,619214,-1.58,9759111825.0
PPTA,67.3,2026-10-01,Perpetua Resources Corp.,Non-energy minerals,20.93,1291179,-3.1,2618227948.0
LTBR,67.3,2026-10-01,Lightbridge Corporation,Process industries,6.28,471628,-0.16,220723788.0
PRK,67.3,2026-10-01,Park National Corporation,Finance,179.16,103616,0.84,3242097276.0
TFSL,67.3,2026-10-01,TFS Financial Corporation,Finance,16.44,969174,1.73,4610304398.0
ACES,67.3,2026-10-01,ALPS Clean Energy ETF,Equity,27.62,21091,0.11,118839022.0
GSSC,67.3,2026-10-01,GS ActiveBeta U.S. Small Cap Equity ETF,Equity,86.16,29091,0.72,1092082443.0
ENLT,67.3,2026-10-01,Enlight Renewable Energy Ltd.,Utilities,65.3,165497,0.76,9129432101.0
BLBD,67.3,2026-10-01,Blue Bird Corporation,Consumer durables,55.6,566055,1.09,1759550348.0
KWEB,67.3,2026-10-01,KraneShares CSI China Internet ETF,Equity,24.33,13418659,-0.73,5301539255.0
KVHI,67.3,2026-10-01,"KVH Industries, Inc.",Electronic technology,6.8,113159,-2.72,132584707.0
KTB,67.3,2026-10-01,"Kontoor Brands, Inc.",Consumer non-durables,63.52,569894,1.23,3510902848.0
KRMN,67.3,2026-10-01,Karman Holdings Inc.,Electronic technology,31.89,2471637,-1.63,4226263675.0
KINS,67.2,2026-10-01,"Kingstone Companies, Inc",Finance,18.14,84963,3.24,262754272.0
KARO,67.2,2026-10-01,Karooooo Ltd.,Technology services,60.76,58625,0.05,1877076908.0
CLYM,67.2,2026-10-01,"Climb Bio, Inc.",Health technology,11.07,952955,-2.81,633901410.0
IAK,67.2,2026-10-01,iShares U.S. Insurance ETF,Equity,137.28,82627,1.25,529220605.0
ASB,67.2,2026-10-01,Associated Banc-Corp,Finance,28.72,2072834,0.88,5419980960.0
RUN,67.2,2026-10-01,Sunrun Inc.,Electronic technology,7.64,7678888,-1.93,1822514360.0
COPY,67.2,2026-10-01,"Tweedy, Browne Insider + Value ETF",Equity,15.28,170143,0.0,140697239.0
ARRY,67.2,2026-10-01,"Array Technologies, Inc.",Producer manufacturing,3.89,6367614,-3.95,598384610.0
ED,67.2,2026-10-01,"Consolidated Edison, Inc.",Utilities,103.5,3398897,0.81,38142855000.0
UFPI,67.2,2026-10-01,"UFP Industries, Inc.",Non-energy minerals,77.08,365149,-0.18,4353496128.0
YUMC,67.2,2026-10-01,"Yum China Holdings, Inc.",Consumer services,40.96,1112750,-0.27,14301061120.0
PRFZ,67.2,2026-10-01,Invesco RAFI US 1500 Small-Mid ETF,Equity,52.73,289308,0.9,2948863275.0
SIZE,67.2,2026-10-01,iShares MSCI USA Size Factor ETF,Equity,174.95,12563,0.21,435754467.0
WFC,67.2,2026-10-01,Wells Fargo & Company,Finance,80.25,17491544,1.13,242736480000.0
RARE,67.2,2026-10-01,Ultragenyx Pharmaceutical Inc.,Health technology,14.75,4115385,-1.86,1452715700.0
FHI,67.2,2026-10-01,"Federated Hermes, Inc.",Finance,56.16,623046,0.47,4263254873.0
RNGR,67.2,2026-10-01,"Ranger Energy Services, Inc.",Industrial services,15.41,202517,1.78,360625174.0
DEA,67.2,2026-10-01,"Easterly Government Properties, Inc.",Finance,23.23,1281648,0.96,1079018958.0
AIZ,67.2,2026-10-01,"Assurant, Inc.",Finance,266.24,385953,1.04,13191553024.0
FSTR,67.2,2026-10-01,L.B. Foster Company,Producer manufacturing,36.36,78668,1.03,380277605.0
SCHO,67.2,2026-10-01,Schwab Short-Term U.S. Treasury ETF,Fixed income,23.84,5001137,0.17,12963627711.0
GDS,67.2,2026-10-01,GDS Holdings Limited,Technology services,29.8,1928168,-6.02,5808876750.0
NRIM,67.2,2026-10-01,Northrim BanCorp Inc,Finance,24.54,106868,1.28,545886558.0
AGRO,67.2,2026-10-01,Adecoagro S.A.,Process industries,9.93,592891,-1.59,5602171379.0
THG,67.2,2026-10-01,Hanover Insurance Group Inc,Finance,216.94,279624,1.37,7553898744.0
REVS,67.2,2026-10-01,Columbia Research Enhanced Value ETF,Equity,32.81,22984,0.52,345874398.0
BKNG,67.2,2026-10-01,Booking Holdings Inc. Common Stock,Consumer services,160.28,6462186,-1.95,124197445840.0
KC,67.2,2026-10-01,Kingsoft Cloud Holdings Limited,Technology services,9.13,986320,-0.76,2700817454.0
ING,67.2,2026-10-01,"ING Group, N.V.",Finance,34.25,4482462,-0.9,97837831161.0
ENVA,67.2,2026-10-01,"Enova International, Inc.",Finance,171.49,357146,2.52,4269821643.0
DLO,67.2,2026-10-01,DLocal Limited,Technology services,13.73,947298,-0.87,4029735105.0
KRNY,67.2,2026-10-01,Kearny Financial,Finance,9.2,465738,0.77,578982395.0
MLM,67.2,2026-10-01,"Martin Marietta Materials, Inc.",Non-energy minerals,479.17,830258,0.47,28781729386.0
TRUP,67.2,2026-10-01,"Trupanion, Inc.",Finance,23.7,359114,-0.96,1033805186.0
TBIL,67.2,2026-10-01,F/m US Treasury 3 Month Bill Fund,Fixed income,49.86,3298201,0.02,7090915426.0
FINX,67.1,2026-10-01,Global X FinTech ETF,Equity,24.37,37399,-0.29,173324684.0
GEOS,67.1,2026-10-01,Geospace Technologies Corporation,Industrial services,4.77,71623,-2.65,61702812.0
CLX,67.1,2026-10-01,Clorox Company (The),Consumer non-durables,80.65,3727651,0.06,9752278650.0
LYB,67.1,2026-10-01,LyondellBasell Industries NV,Process industries,57.78,3663295,1.94,18653745150.0
LXU,67.1,2026-10-01,"LSB Industries, Inc.",Process industries,9.76,849938,1.46,702122688.0
RFV,67.1,2026-10-01,Invesco S&P MidCap 400 Pure Value ETF,Equity,143.62,3338,1.33,325496199.0
DGT,67.1,2026-10-01,State Street SPDR Global Dow ETF,Equity,185.27,16063,-0.43,628935111.0
CNOB,67.1,2026-10-01,"ConnectOne Bancorp, Inc.",Finance,30.34,486458,1.2,1525752908.0
XLI,67.1,2026-10-01,State Street Industrial Select Sector SPDR ETF,Equity,168.64,9315749,0.9,33579317193.0
ARDX,67.1,2026-10-01,"Ardelyx, Inc.",Health technology,3.38,4106152,-2.31,834958020.0
ONEW,67.1,2026-10-01,OneWater Marine Inc.,Retail trade,9.65,121319,0.94,160358875.0
RSPN,67.1,2026-10-01,Invesco S&P 500 Equal Weight Industrials Portfolio,Equity,58.44,166960,0.88,775767909.0
ASM,67.1,2026-10-01,Avino Silver & Gold Mines Ltd.,Non-energy minerals,5.51,2438672,-0.9,937807510.0
JD,67.1,2026-10-01,"JD.com, Inc.",Retail trade,26.37,5028136,-1.12,37019520597.0
SLQT,67.1,2026-10-01,"SelectQuote, Inc.",Finance,0.426,653853,3.9,75124152.0
JHX,67.1,2026-10-01,James Hardie Industries plc.,Non-energy minerals,25.2,6699735,1.74,14624486377.0
MDU,67.1,2026-10-01,"MDU Resources Group, Inc.",Utilities,18.47,2003101,-0.32,3860340820.0
AVLV,67.1,2026-10-01,Avantis U.S. Large Cap Value ETF,Equity,91.19,1676317,0.92,13357217425.0
JBLU,67.1,2026-10-01,JetBlue Airways Corporation,Transportation,4.15,14157659,-1.43,1565844800.0
YSEP,67.0,2026-10-01,FT Vest International Equity Buffer ETF - September,Alternatives,28.11,84154,-0.85,121429944.0
LNTH,67.0,2026-10-01,"Lantheus Holdings, Inc.",Health technology,99.65,505557,0.13,6487821071.0
MRTN,67.0,2026-10-01,"Marten Transport, Ltd.",Transportation,13.08,708753,1.08,1067185886.0
VMRK,67.0,2026-10-01,Vivmark Residential,Real Estate,60.17,4519937,-0.5,22560380480.0
AIRO,67.0,2026-10-01,"AIRO Group Holdings, Inc.",Electronic technology,6.54,370910,-1.06,205654512.0
NATL,67.0,2026-10-01,NCR Atleos Corporation,Electronic technology,45.03,750653,-0.38,3323119437.0
SQQQ,67.0,2026-10-01,ProShares UltraPro Short QQQ,Equity,34.11,54094259,0.24,1736884756.0
FWRG,67.0,2026-10-01,"First Watch Restaurant Group, Inc.",Consumer services,10.23,1766017,0.39,631318200.0
XMVM,67.0,2026-10-01,Invesco S&P MidCap Value with Momentum ETF,Equity,70.8,35111,1.56,480125080.0
CUZ,67.0,2026-10-01,Cousins Properties Incorporated,Finance,27.63,1151938,0.58,4547953260.0
BATT,67.0,2026-10-01,Amplify Lithium & Battery Technology ETF,Equity,14.33,26724,0.21,122480730.0
ROKT,67.0,2026-10-01,State Street SPDR S&P Kensho Final Frontiers ETF,Equity,104.87,15146,0.87,210495707.0
INIO,67.0,2026-10-01,INNIO N.V. Ordinary Shares,Producer manufacturing,18.28,5453635,2.12,13710000000.0
ALC,67.0,2026-10-01,Alcon Inc.,Health technology,63.94,2144726,-1.08,31183538000.0
NG,67.0,2026-10-01,Novagold Resources Inc.,Non-energy minerals,6.42,4612843,-0.93,2816971542.0
SYF,67.0,2026-10-01,Synchrony Financial,Finance,71.51,2854015,1.61,23267268768.0
IWX,67.0,2026-10-01,iShares Russell Top 200 Value ETF,Equity,109.4,141798,-0.13,3587947326.0
IWO,67.0,2026-10-01,iShares Russell 2000 Growth Fund,Equity,357.64,527175,0.3,14966358899.0
URA,67.0,2026-10-01,Global X Uranium ETF,Equity,39.59,3938267,-0.15,4354833801.0
SCM,67.0,2026-10-01,Stellus Capital Investment Corporation,Miscellaneous,7.47,91780,1.08,216235987.0
PY,67.0,2026-10-01,Principal Value ETF,Equity,55.77,17027,0.43,135898294.0
KRRO,67.0,2026-10-01,"Korro Bio, Inc.",Health technology,9.71,88777,-2.22,96647194.0
GDXY,67.0,2026-10-01,YieldMax Gold Miners Option Income Strategy ETF,Equity,9.88,753865,-1.3,237883360.0
KBH,67.0,2026-10-01,KB Home,Consumer durables,46.54,1214374,1.9,2853353438.0
IDRV,67.0,2026-10-01,iShares Self-Driving EV and Tech ETF,Equity,32.68,62948,-0.09,138007718.0
CFA,67.0,2026-10-01,VictoryShares US 500 Volatility Wtd ETF,Equity,96.14,3879,0.55,545576323.0
KAT,67.0,2026-10-01,Scharf ETF,Equity,56.6,16556,0.32,658520464.0
FJET,67.0,2026-10-01,"Starfighters Space, Inc.",Commercial services,1.77,874245,-3.28,97342950.0
GLDG,67.0,2026-10-01,GoldMining Inc.,Non-energy minerals,0.9458,590963,1.48,203156894.0
MNTN,67.0,2026-10-01,"MNTN, Inc.",Technology services,10.34,794814,-1.05,764375101.0
VO,67.0,2026-10-01,Vanguard Mid-Cap ETF,Equity,79.14,2554535,0.82,230062283657.0
KHC,67.0,2026-10-01,The Kraft Heinz Company,Consumer non-durables,22.46,17692274,-0.93,26632565749.0
SANA,67.0,2026-10-01,"Sana Biotechnology, Inc.",Health technology,2.89,3756877,0.0,804262695.0
COSO,67.0,2026-10-01,"CoastalSouth Bancshares, Inc.",Finance,26.39,104761,0.96,317616845.0
CTMX,67.0,2026-10-01,"CytomX Therapeutics, Inc.",Health technology,2.63,2697198,-2.95,572558890.0
AGQ,66.9,2026-10-01,ProShares Ultra Silver,Commodities,68.27,2192314,-0.19,1348655142.0
DEO,66.9,2026-10-01,Diageo plc,Consumer non-durables,84.42,1118740,-0.74,46928655900.0
TV,66.9,2026-10-01,Grupo Televisa S.A.B.,Communications,2.25,815620,-1.75,1185885032.0
SPIR,66.9,2026-10-01,"Spire Global, Inc.",Technology services,10.97,769341,-2.66,356924001.0
IHDG,66.9,2026-10-01,WisdomTree International Hedged Quality Dividend Growth Fund,Equity,51.54,76235,-0.54,2207547874.0
AMCR,66.9,2026-10-01,Amcor plc,Process industries,41.81,3029675,0.41,19330673299.0
PDD,66.9,2026-10-01,PDD Holdings Inc.,Retail trade,76.5,4785354,-2.35,108889828349.0
ILCV,66.9,2026-10-01,iShares Morningstar Large-Cap Value ETF,Equity,105.3,29333,-0.23,1278968405.0
SMBC,66.9,2026-10-01,"Southern Missouri Bancorp, Inc.",Finance,71.36,90685,0.65,786073216.0
FTI,66.9,2026-10-01,TechnipFMC plc,Industrial services,68.85,2141182,1.73,27000518389.0
AB,66.9,2026-10-01,AllianceBernstein Holding L.P.,Finance,35.01,334114,0.75,3258562752.0
ZVIA,66.9,2026-10-01,Zevia PBC,Consumer non-durables,1.21,254961,1.68,86847992.0
CNR,66.9,2026-10-01,"Core Natural Resources, Inc.",Energy minerals,87.6,554438,3.06,4415706636.0
INDB,66.9,2026-10-01,Independent Bank Corp.,Finance,78.93,359756,2.2,3808356161.0
PGY,66.9,2026-10-01,Pagaya Technologies Ltd.,Technology services,17.44,2247849,-0.06,1454946702.0
MPB,66.9,2026-10-01,Mid Penn Bancorp,Finance,35.91,108135,1.5,910135359.0
CNI,66.9,2026-10-01,Canadian National Railway Company,Transportation,117.16,1007074,-0.96,70870084000.0
RSSB,66.9,2026-10-01,Return Stacked Global Stocks & Bonds ETF,Asset allocation,29.71,92764,0.51,358557188.0
JXI,66.9,2026-10-01,iShares Global Utilities ETF,Equity,76.94,32512,0.26,319759110.0
IBP,66.9,2026-10-01,"Installed Building Products, Inc.",Industrial services,192.7,581496,0.89,5191472890.0
RTH,66.9,2026-10-01,VanEck Retail ETF,Equity,251.18,3651,0.16,252217150.0
CMC,66.9,2026-10-01,Commercial Metals Company,Non-energy minerals,62.72,984518,2.57,6938356284.0
AVMC,66.9,2026-10-01,Avantis U.S. Mid Cap Equity ETF,Equity,76.85,29432,0.51,326812567.0
HBCP,66.9,2026-10-01,"Home Bancorp, Inc.",Finance,66.85,74158,1.06,525985092.0
MBUU,66.9,2026-10-01,"Malibu Boats, Inc.",Consumer durables,22.83,275913,-0.09,448312710.0
NUVB,66.9,2026-10-01,Nuvation Bio Inc.,Health technology,5.56,3470296,-0.18,1930442959.0
CGMM,66.9,2026-10-01,Capital Group U.S. Small and Mid Cap ETF,Equity,31.13,1316757,0.68,3276354822.0
GENI,66.9,2026-10-01,Genius Sports Limited,Technology services,5.68,7114186,-1.22,1462815840.0
ERAS,66.9,2026-10-01,"Erasca, Inc.",Health technology,14.58,3691113,-0.55,5061111660.0
BFH,66.9,2026-10-01,"Bread Financial Holdings, Inc.",Finance,96.94,776672,0.72,3917060881.0
USTB,66.9,2026-10-01,VictoryShares Short-Term Bond ETF,Fixed income,49.97,300027,0.14,2444993280.0
REGN,66.9,2026-10-01,"Regeneron Pharmaceuticals, Inc.",Health technology,734.81,1041289,-4.14,75701595820.0
ZBH,66.9,2026-10-01,"Zimmer Biomet Holdings, Inc.",Health technology,88.06,2298083,-0.7,17030459860.0
ELV,66.9,2026-10-01,"Elevance Health, Inc.",Health services,381.67,1074329,-1.63,82772501914.0
ALB,66.9,2026-10-01,Albemarle Corporation,Process industries,105.03,1931276,0.89,12386676395.0
TXT,66.9,2026-10-01,Textron Inc.,Electronic technology,77.17,1322491,1.54,13272236790.0
PBA,66.9,2026-10-01,Pembina Pipeline Corp.,Industrial services,45.28,838997,1.82,26327376800.0
NEOV,66.9,2026-10-01,NeoVolta Inc.,Producer manufacturing,2.52,1049942,-3.08,138364186.0
JBHT,66.8,2026-10-01,"J.B. Hunt Transport Services, Inc.",Transportation,227.2,736081,1.43,21337465280.0
JHMD,66.8,2026-10-01,John Hancock Multifactor Developed International ETF,Equity,43.91,50415,-0.57,1206482919.0
GPC,66.8,2026-10-01,Genuine Parts Company,Distribution services,125.12,981198,0.1,17249012921.0
DGICA,66.8,2026-10-01,"Donegal Group, Inc.",Finance,18.17,124815,1.96,669481409.0
SEB,66.8,2026-10-01,Seaboard Corporation,Process industries,3951.31,7048,0.97,3784541010.0
MHO,66.8,2026-10-01,"M/I Homes, Inc.",Consumer durables,135.27,185858,1.4,3420035739.0
CTO,66.8,2026-10-01,"CTO Realty Growth, Inc.",Finance,20.35,327155,-0.73,762828989.0
VIST,66.8,2026-10-01,Vista Energy S.A.B. de C.V.,Energy minerals,64.63,1098456,-0.87,6738977662.0
BV,66.8,2026-10-01,"BrightView Holdings, Inc.",Commercial services,10.16,754667,0.49,946912000.0
RACE,66.8,2026-10-01,Ferrari N.V.,Consumer durables,387.3,624296,-1.64,68132278806.0
FINV,66.8,2026-10-01,FinVolution Group,Finance,3.02,494680,-1.31,750157847.0
AGI,66.8,2026-10-01,Alamos Gold Inc.,Non-energy minerals,31.89,3046657,-1.57,13392683850.0
CFFN,66.8,2026-10-01,"Capitol Federal Financial, Inc.",Finance,8.47,1387012,3.04,1045028990.0
NGL,66.8,2026-10-01,NGL ENERGY PARTNERS LP,Industrial services,15.6,601713,5.41,1947098400.0
COGT,66.8,2026-10-01,"Cogent Biosciences, Inc.",Health technology,31.59,1697916,-1.34,5397720120.0
RXI,66.8,2026-10-01,iShares Global Consumer Discretionary ETF,Equity,184.24,13788,-0.42,269247590.0
CW,66.8,2026-10-01,Curtiss-Wright Corporation,Electronic technology,544.94,400235,0.57,20130737528.0
APAM,66.8,2026-10-01,Artisan Partners Asset Management Inc.,Finance,36.2,1246020,0.56,2569957460.0
FIZZ,66.8,2026-10-01,National Beverage Corp.,Consumer non-durables,29.69,406866,1.68,2779343308.0
MCHI,66.8,2026-10-01,iShares MSCI China ETF,Equity,52.11,2198077,-0.1,5767824360.0
EFSC,66.8,2026-10-01,Enterprise Financial Services Corporation,Finance,59.5,218074,1.48,2153455119.0
DIN,66.8,2026-10-01,"Dine Brands Global, Inc. Common Stock",Consumer services,28.41,417153,1.68,360385822.0
CPAY,66.8,2026-10-01,"Corpay, Inc.",Commercial services,389.73,563729,0.28,25473500692.0
AVSD,66.8,2026-10-01,Avantis Responsible International Equity ETF,Equity,78.77,14261,-0.64,358659515.0
FBP,66.8,2026-10-01,First BanCorp. New,Finance,26.66,1889887,2.18,4070299664.0
SCHM,66.8,2026-10-01,Schwab U.S. Mid Cap ETF,Equity,34.3,3271960,0.73,15925234296.0
KO,66.8,2026-10-01,Coca-Cola Company (The),Consumer non-durables,86.1,16129162,-0.15,370449463217.0
BRCB,66.8,2026-10-01,"Black Rock Coffee Bar, Inc.",Consumer services,6.99,177163,-1.96,125945974.0
LFMD,66.8,2026-10-01,"LifeMD, Inc.",Health services,2.85,712009,-1.72,137833125.0
FNDF,66.7,2026-10-01,Schwab Fundamental International Equity ETF,Equity,53.33,2587751,-0.28,24273703995.0
FIDU,66.7,2026-10-01,Fidelity MSCI Industrials Index ETF,Equity,89.49,147852,1.03,2421906489.0
SIXA,66.7,2026-10-01,ETC 6 Meridian Mega Cap Equity ETF,Equity,56.64,13267,-0.02,508931708.0
EQT,66.7,2026-10-01,EQT Corporation,Energy minerals,50.09,8010619,3.53,31328968860.0
RUNN,66.7,2026-10-01,Running Oak Efficient Growth ETF,Equity,32.83,25381,0.06,339513790.0
WERN,66.7,2026-10-01,"Werner Enterprises, Inc.",Transportation,34.3,686652,0.94,2056288430.0
EIX,66.7,2026-10-01,Edison International,Utilities,53.8,4379757,0.92,20701917200.0
ALG,66.7,2026-10-01,"Alamo Group, Inc.",Producer manufacturing,156.36,176138,1.16,1902635388.0
LKFN,66.7,2026-10-01,Lakeland Financial Corporation,Finance,58.1,263152,0.76,1447355592.0
VRTS,66.7,2026-10-01,"Virtus Investment Partners, Inc.",Finance,132.78,111857,0.61,887252159.0
VB,66.7,2026-10-01,Vanguard Small-Cap ETF,Equity,286.56,646750,0.64,194051616932.0
CVSB,66.7,2026-10-01,Calvert Ultra-Short Investment Grade ETF,Fixed income,50.44,29202,0.06,213017456.0
ARMP,66.7,2026-10-01,"Armata Pharmaceuticals, Inc.",Health technology,3.31,76368,-9.81,121512748.0
ARMK,66.7,2026-10-01,Aramark,Consumer services,54.59,2737421,1.89,14354635059.0
PHI,66.7,2026-10-01,PLDT Inc. Sponsored,Communications,17.55,350152,0.23,3791783958.0
KT,66.7,2026-10-01,KT Corporation,Communications,18.71,2155839,-0.74,9021840797.0
NERV,66.7,2026-10-01,"Minerva Neurosciences, Inc",Health technology,3.23,89214,-3.58,150481501.0
HASI,66.7,2026-10-01,"HA Sustainable Infrastructure Capital, Inc.",Finance,36.03,1451790,1.18,4604670030.0
MATW,66.7,2026-10-01,Matthews International Corporation,Producer manufacturing,18.58,847285,-3.08,579740592.0
TKO,66.6,2026-10-01,"TKO Group Holdings, Inc.",Consumer services,176.04,1305493,-2.1,13197313908.0
GIII,66.6,2026-10-01,"G-III Apparel Group, LTD.",Consumer non-durables,27.57,673125,1.85,1163194098.0
FTCI,66.6,2026-10-01,"FTC Solar, Inc.",Technology services,2.13,297069,-0.93,34171303.0
CURB,66.6,2026-10-01,Curbline Properties Corp.,Finance,27.95,1620863,1.38,3215312687.0
BG,66.6,2026-10-01,Bunge Limited,Process industries,106.61,2938195,-0.04,20481819703.0
DAN,66.6,2026-10-01,Dana Incorporated,Producer manufacturing,27.63,1201241,-0.18,3447558642.0
INCY,66.6,2026-10-01,Incyte Corporation,Health technology,117.14,2362055,-2.76,23744013966.0
OHI,66.6,2026-10-01,"Omega Healthcare Investors, Inc.",Finance,45.23,1732167,-2.08,13528790530.0
FENI,66.6,2026-10-01,Fidelity Enhanced International ETF,Equity,39.56,1376889,-0.53,10904646440.0
IEP,66.6,2026-10-01,Icahn Enterprises L.P.,Energy minerals,6.77,1933147,0.3,4549782244.0
CNRG,66.6,2026-10-01,State Street SPDR S&P Kensho Clean Power ETF,Equity,83.51,11506,-0.14,169831128.0
PBH,66.6,2026-10-01,Prestige Consumer Healthcare Inc.,Health technology,44.77,731382,-2.16,2120853394.0
XPER,66.6,2026-10-01,Xperi Inc.,Technology services,5.5,315902,-0.72,265493008.0
PAYP,66.6,2026-10-01,PayPay Corporation - American Depository Shares,Commercial services,15.14,892306,-3.87,10251947064.0
XONE,66.6,2026-10-01,BondBloxx Bloomberg One Year Target Duration US Treasury ETF,Fixed income,49.07,116377,0.1,770889277.0
COF,66.6,2026-10-01,Capital One Financial Corporation,Finance,194.48,3608639,1.31,119310562800.0
D,66.6,2026-10-01,"Dominion Energy, Inc.",Utilities,60.76,5583699,0.78,53431201402.0
PLG,66.6,2026-10-01,Platinum Group Metals Ltd.,Non-energy minerals,1.27,688265,-0.78,162413950.0
JNUG,66.6,2026-10-01,Direxion Daily Junior Gold Miners Index Bull 2X Shares,Equity,145.05,294061,-1.99,510552798.0
SVAL,66.6,2026-10-01,iShares US Small Cap Value Factor ETF,Equity,41.72,35179,0.97,209800526.0
ILOW,66.6,2026-10-01,AB International Low Volatility Equity ETF,Equity,45.05,28228,-0.29,1804525385.0
RRR,66.6,2026-10-01,"Red Rock Resorts, Inc.",Consumer services,48.93,1561379,-1.23,2860723472.0
ESML,66.6,2026-10-01,iShares ESG Aware MSCI USA Small-Cap ETF,Equity,52.37,98826,0.61,2444875203.0
YJUN,66.6,2026-10-01,FT Vest International Equity Moderate Buffer ETF - June,Alternatives,26.81,28322,-0.04,132178806.0
OVV,66.6,2026-10-01,Ovintiv Inc. (DE),Energy minerals,59.98,3051000,3.66,16590468000.0
IUS,66.6,2026-10-01,Invesco RAFI Strategic US ETF,Equity,67.97,164455,0.12,891311913.0
BOBS,66.6,2026-10-01,"Bob's Discount Furniture, Inc.",Retail trade,13.88,1302552,-0.36,1813109506.0
KEN,66.6,2026-10-01,Kenon Holdings Ltd.,Utilities,59.38,12455,0.63,3094196792.0
CART,66.6,2026-10-01,Maplebear Inc.,Transportation,44.11,3682821,1.73,10367165096.0
BBUC,66.6,2026-10-01,Brookfield Business Corporation,Industrial services,25.41,326064,0.4,5220281322.0
OUT,66.6,2026-10-01,OUTFRONT Media Inc.,Finance,28.05,1966216,1.08,4938581456.0
ROP,66.6,2026-10-01,"Roper Technologies, Inc.",Technology services,362.59,1120314,2.71,36591495030.0
VOXR,66.6,2026-10-01,Vox Royalty Corp.,Non-energy minerals,5.01,356283,-0.4,345198018.0
IEUS,66.6,2026-10-01,iShares MSCI Europe Small-Cap ETF,Equity,69.11,1833,-0.66,173705280.0
EWM,66.5,2026-10-01,iShares MSCI Malaysia Index Fund,Equity,26.89,198395,-0.81,326272685.0
SA,66.5,2026-10-01,"Seabridge Gold, Inc.",Non-energy minerals,27.25,610708,-3.78,2932725088.0
OBIL,66.5,2026-10-01,US Treasury 12 Month Bill ETF,Fixed income,49.87,49802,0.12,301623642.0
NUKZ,66.5,2026-10-01,Range Nuclear Renaissance Index ETF,Equity,60.4,49397,0.1,507294317.0
NUE,66.5,2026-10-01,Nucor Corporation,Non-energy minerals,235.98,1524322,2.0,53742321180.0
FOX,66.5,2026-10-01,Fox Corporation,Consumer services,54.92,1625546,-2.56,24082685978.0
XSHQ,66.5,2026-10-01,Invesco S&P SmallCap Quality ETF,Equity,45.52,12121,1.36,253159850.0
SRAD,66.5,2026-10-01,Sportradar Group AG,Technology services,11.86,2302047,1.8,3509986486.0
AR,66.5,2026-10-01,Antero Resources Corporation,Energy minerals,34.03,2379446,2.5,10462149170.0
MMM,66.5,2026-10-01,3M Company,Producer manufacturing,163.02,3210559,-0.42,84047282298.0
MMI,66.5,2026-10-01,"Marcus & Millichap, Inc.",Finance,28.96,157866,1.76,1095319328.0
WMT,66.5,2026-10-01,Walmart Inc.,Retail trade,104.26,19494514,-0.11,829709420800.0
EVR,66.5,2026-10-01,Evercore Inc.,Finance,259.0,336040,2.07,10018767500.0
EVLV,66.5,2026-10-01,"Evolv Technologies Holdings, Inc.",Electronic technology,4.71,1991862,0.21,847194341.0
FXR,66.5,2026-10-01,First Trust Industrials AlphaDEX,Equity,82.74,73354,1.0,1897216997.0
ZTO,66.5,2026-10-01,ZTO Express (Cayman) Inc.,Transportation,19.39,2314109,-0.31,15357843625.0
LULU,66.5,2026-10-01,lululemon athletica inc.,Consumer non-durables,95.86,5438190,-0.46,10885278388.0
VVX,66.5,2026-10-01,"V2X, Inc.",Commercial services,70.71,446236,-0.13,2213964324.0
BBVA,66.5,2026-10-01,Banco Bilbao Vizcaya Argentaria S.A.,Finance,26.87,1893792,-2.26,148464425254.0
SYK,66.5,2026-10-01,Stryker Corporation,Health technology,272.96,2463948,-0.96,104668988849.0
LGCY,66.5,2026-10-01,Legacy Education Inc.,Consumer services,9.6,78066,-0.52,121459565.0
PVAL,66.5,2026-10-01,Putnam Focused Large Cap Value ETF,Equity,52.61,2510852,-0.02,5810224580.0
BLUX,66.5,2026-10-01,Bluemonte Dynamic Total Market ETF,Equity,31.44,47479,0.8,583150928.0
BOOT,66.5,2026-10-01,"Boot Barn Holdings, Inc.",Retail trade,120.98,504856,0.03,3663860427.0
QID,66.5,2026-10-01,ProShares UltraShort QQQ,Equity,13.1,46451971,0.08,213631794.0
TCOM,66.5,2026-10-01,Trip.com Group Limited,Consumer services,38.76,2160371,-1.1,25177854018.0
JPM,66.5,2026-10-01,JP Morgan Chase & Co.,Finance,333.18,8034533,1.35,892759141800.0
TE,66.5,2026-10-01,T1 Energy Inc.,Producer manufacturing,3.73,15436109,-1.84,1040807066.0
IVOV,66.5,2026-10-01,Vanguard S&P Mid-Cap 400 Value ETF,Equity,108.0,51404,1.27,1502187188.0
REXR,66.5,2026-10-01,"Rexford Industrial Realty, Inc.",Finance,36.02,2653739,-0.33,8235446964.0
OFG,66.5,2026-10-01,OFG Bancorp,Finance,50.69,272414,1.81,2142412850.0
INR,66.5,2026-10-01,"Infinity Natural Resources, Inc.",Energy minerals,12.73,292159,0.32,238707970.0
IMCB,66.5,2026-10-01,iShares Morningstar Mid-Cap ETF,Equity,95.18,56102,0.69,1705704906.0
SBSW,66.5,2026-10-01,D/B/A Sibanye-Stillwater Limited,Non-energy minerals,10.01,4146522,-0.5,7083494578.0
UFO,66.5,2026-10-01,Procure Space ETF,Equity,41.95,204676,-0.87,1226783550.0
OEC,66.5,2026-10-01,Orion S.A.,Process industries,5.64,440087,0.36,318031980.0
COWZ,66.5,2026-10-01,Pacer US Cash Cows 100 ETF,Equity,67.63,1400943,0.45,18522333102.0
CUBE,66.5,2026-10-01,CubeSmart,Finance,37.53,2931634,1.1,8497317420.0
STUB,66.4,2026-10-01,"StubHub Holdings, Inc.",Technology services,5.59,5396997,-0.18,1960342007.0
ENOV,66.4,2026-10-01,Enovis Corporation,Health technology,18.05,1114806,-0.77,1039004930.0
CHYM,66.4,2026-10-01,"Chime Financial, Inc.",Finance,26.85,4352880,-0.44,10228458464.0
ITB,66.4,2026-10-01,iShares U.S. Home Construction ETF,Equity,87.37,3850024,0.95,2204901252.0
CHD,66.4,2026-10-01,"Church & Dwight Company, Inc.",Consumer non-durables,94.11,2512304,0.33,22291691520.0
VXF,66.4,2026-10-01,Vanguard Extended Market ETF,Equity,233.11,469742,0.53,101749454765.0
SCO,66.4,2026-10-01,ProShares UltraShort Bloomberg Crude Oil,Commodities,19.39,6187485,-2.71,608154367.0
QINT,66.4,2026-10-01,American Century Quality Diversified International ETF,Equity,68.95,24924,-0.72,690122326.0
UA,66.4,2026-10-01,"Under Armour, Inc.",Consumer non-durables,4.53,5224585,4.62,1932456206.0
ANIK,66.4,2026-10-01,Anika Therapeutics Inc.,Health technology,19.36,111244,-0.97,259094222.0
TMSL,66.4,2026-10-01,T. Rowe Price Small-Mid Cap ETF,Equity,41.06,907044,0.61,1358308364.0
TLTD,66.4,2026-10-01,FlexShares Morningstar Developed Markets ex-US Factor Tilt Index Fund,Equity,99.74,2838,-0.05,659174220.0
EXPE,66.4,2026-10-01,"Expedia Group, Inc.",Consumer services,262.67,1438835,-0.75,30075353829.0
PJP,66.4,2026-10-01,Invesco Pharmaceuticals ETF,Equity,121.24,79539,-1.33,371085536.0
HXL,66.4,2026-10-01,Hexcel Corporation,Electronic technology,86.74,1088567,2.65,6559578226.0
ZENA,66.4,2026-10-01,"ZenaTech, Inc.",Technology services,1.35,1082341,0.0,83480016.0
GM,66.4,2026-10-01,General Motors Company,Consumer durables,79.31,8189241,3.67,71732051717.0
VNOM,66.4,2026-10-01,"Viper Energy, Inc.",Miscellaneous,40.69,2185385,1.9,14649453220.0
TTEK,66.4,2026-10-01,"Tetra Tech, Inc.",Industrial services,33.72,1934153,2.0,8751182966.0
SPGP,66.4,2026-10-01,Invesco S&P 500 GARP ETF,Equity,119.28,69290,0.25,2222422246.0
MCRP,66.4,2026-10-01,Micropolis AI Robotics,Producer manufacturing,0.735,341912,-5.33,25643009.0
MCB,66.4,2026-10-01,Metropolitan Bank Holding Corp.,Finance,87.6,127214,1.01,1086045353.0
AXS,66.4,2026-10-01,Axis Capital Holdings Limited,Finance,95.51,695881,1.98,6969012937.0
CCBG,66.4,2026-10-01,Capital City Bank Group,Finance,48.8,96202,0.97,835128845.0
BAH,66.4,2026-10-01,Booz Allen Hamilton Holding Corporation,Commercial services,70.47,2999413,-2.31,8476482047.0
DISV,66.4,2026-10-01,Dimensional International Small Cap Value ETF,Equity,42.65,352769,-0.77,4824580069.0
MAMB,66.4,2026-10-01,Monarch Ambassador Income Index ETF,Asset allocation,23.03,11048,0.39,189232385.0
BANF,66.4,2026-10-01,BancFirst Corporation,Finance,106.49,179178,1.64,3576614352.0
FELV,66.3,2026-10-01,Fidelity Enhanced Large Cap Value ETF,Equity,41.44,262076,0.1,3260017083.0
PHO,66.3,2026-10-01,Invesco Water Resources ETF,Equity,67.77,72681,0.12,1977942689.0
ARCC,66.3,2026-10-01,Ares Capital Corporation,Finance,19.16,7584329,0.37,13757317710.0
DIVB,66.3,2026-10-01,iShares Core Dividend ETF,Equity,65.37,499409,0.17,1567685309.0
EXI,66.3,2026-10-01,iShares Global Industrials ETF,Equity,189.92,111922,0.17,1460003022.0
APOG,66.3,2026-10-01,"Apogee Enterprises, Inc.",Producer manufacturing,35.71,266145,0.96,745206993.0
MSOS,66.3,2026-10-01,AdvisorShares Pure US Cannabis ETF,Equity,4.6,3092907,1.32,587047055.0
TM,66.3,2026-10-01,Toyota Motor Corporation,Consumer durables,183.34,380500,-0.2,217108408231.0
GLDM,66.3,2026-10-01,SPDR Gold MiniShares Trust,Commodities,82.61,5355891,0.23,29631506563.0
UTES,66.3,2026-10-01,Virtus Reaves Utilities ETF,Equity,70.83,324377,0.6,1279592114.0
LLYVK,66.3,2026-10-01,"Liberty Live Holdings, Inc. - Series C Liberty Live Group",Technology services,96.11,326457,-1.13,8842085745.0
ORGO,66.3,2026-10-01,Organogenesis Holdings Inc.,Health technology,1.4,684498,1.45,180144367.0
ELA,66.3,2026-10-01,Envela Corporation,Retail trade,12.19,79187,1.58,316494772.0
CASY,66.3,2026-10-01,"Caseys General Stores, Inc.",Retail trade,619.5,687531,1.61,22924535550.0
USFR,66.3,2026-10-01,WisdomTree Floating Rate Treasury Fund,Fixed income,50.39,13475890,-0.02,17785805493.0
CPB,66.3,2026-10-01,The Campbell's Company,Consumer non-durables,19.49,7456171,-0.31,5812034940.0
IOCT,66.3,2026-10-01,Innovator International Developed Power Buffer ETF - October,Alternatives,37.63,406015,-0.27,169768730.0
MDGL,66.3,2026-10-01,"Madrigal Pharmaceuticals, Inc.",Health technology,499.71,204560,-0.51,11545349811.0
MDY,66.3,2026-10-01,State Street SPDR S&P MIDCAP 400 ETF Trust,Equity,663.38,759852,0.99,28796780579.0
ETON,66.3,2026-10-01,"Eton Pharmaceuticals, Inc.",Health technology,51.98,1326361,3.59,1423854769.0
AUR,66.3,2026-10-01,"Aurora Innovation, Inc.",Technology services,5.52,21439675,-1.08,10825840897.0
EC,66.3,2026-10-01,Ecopetrol S.A.,Energy minerals,16.27,1905557,-0.67,33448431138.0
PDM,66.3,2026-10-01,"Piedmont Realty Trust, Inc.",Finance,8.81,1558241,-0.34,1102420188.0
AUB,66.3,2026-10-01,Atlantic Union Bankshares Corporation,Finance,38.47,1344427,2.07,5459822628.0
TYRA,66.2,2026-10-01,"Tyra Biosciences, Inc.",Health technology,21.01,889639,-3.54,1253517046.0
BILS,66.2,2026-10-01,State Street SPDR Bloomberg 3-12 Month T-Bill ETF,Fixed income,99.07,733019,0.02,3861512437.0
VERI,66.2,2026-10-01,"Veritone, Inc.",Commercial services,0.7494,24758659,-6.33,69653830.0
USFD,66.2,2026-10-01,US Foods Holding Corp.,Distribution services,93.93,2108688,2.14,20685452460.0
BITI,66.2,2026-10-01,ProShares Short Bitcoin ETF,Currency,17.37,802182,-1.59,119915933.0
NTR,66.2,2026-10-01,Nutrien Ltd.,Process industries,69.73,2572805,-0.03,33472042002.0
FDLS,66.2,2026-10-01,Inspire Fidelis Multi Factor ETF,Equity,41.69,21600,1.26,177307099.0
ISOU,66.2,2026-10-01,IsoEnergy Ltd.,Non-energy minerals,8.9,115660,-0.11,580781960.0
FDX,66.2,2026-10-01,FedEx Corporation,Transportation,287.07,1727305,-0.18,67915361639.0
FOXA,66.2,2026-10-01,Fox Corporation,Consumer services,61.28,4823743,-2.17,26871576779.0
SKIN,66.2,2026-10-01,The Beauty Health Company,Health technology,0.63,352482,-1.84,81648025.0
HLLY,66.2,2026-10-01,Holley Inc.,Producer manufacturing,2.38,807052,1.28,286480238.0
RKT,66.2,2026-10-01,"Rocket Companies, Inc.",Finance,11.97,51537484,4.82,33803449782.0
NBBK,66.2,2026-10-01,"NB Bancorp, Inc.",Finance,22.27,427341,1.14,924263926.0
LAR,66.2,2026-10-01,Lithium Argentina AG,Non-energy minerals,5.54,1485506,1.47,907640360.0
IBCP,66.2,2026-10-01,Independent Bank Corporation,Finance,35.57,218223,1.02,732962534.0
NRIX,66.2,2026-10-01,"Nurix Therapeutics, Inc.",Health technology,23.34,1024001,-1.1,2422271880.0
IYT,66.2,2026-10-01,iShares U.S. Transportation ETF,Equity,79.04,657198,0.73,2236387719.0
DLTR,66.2,2026-10-01,"Dollar Tree, Inc.",Retail trade,114.43,1868116,-0.45,21990585250.0
OPRA,66.2,2026-10-01,Opera Limited,Technology services,17.63,328866,-0.62,1578818826.0
AGL,66.2,2026-10-01,"agilon health, inc.",Health services,82.28,262290,3.69,1372741912.0
PNFP,66.2,2026-10-01,"Pinnacle Financial Partners, Inc.",Finance,94.63,1698304,1.83,14289130000.0
OII,66.2,2026-10-01,"Oceaneering International, Inc.",Producer manufacturing,44.36,775399,2.26,4415137492.0
XTWO,66.2,2026-10-01,BondBloxx Bloomberg Two Year Target Duration US Treasury ETF,Fixed income,48.27,33718,0.19,182215377.0
CM,66.2,2026-10-01,Canadian Imperial Bank of Commerce,Finance,109.95,682767,0.33,101880879450.0
UIS,66.2,2026-10-01,Unisys Corporation New,Technology services,2.31,502021,-1.28,168411012.0
KAI,66.2,2026-10-01,Kadant Inc,Producer manufacturing,263.52,146757,0.77,3111775920.0
PSBD,66.2,2026-10-01,Palmer Square Capital BDC Inc.,Miscellaneous,9.87,102519,-0.7,307162434.0
LKQ,66.2,2026-10-01,LKQ Corporation,Consumer durables,22.78,2381491,-0.65,5763387770.0
VG,66.2,2026-10-01,"Venture Global, Inc.",Industrial services,12.77,9633439,1.51,31182417285.0
SITE,66.2,2026-10-01,"SiteOne Landscape Supply, Inc.",Distribution services,89.47,940860,-0.21,3905848638.0
IHF,66.2,2026-10-01,iShares U.S. Health Care Providers ETF,Equity,54.37,586114,-0.91,930346863.0
C,66.2,2026-10-01,"Citigroup, Inc.",Finance,127.0,13546401,-0.74,217793570000.0
STEP,66.2,2026-10-01,StepStone Group Inc.,Finance,44.71,1779539,2.78,5771342779.0
RBA,66.2,2026-10-01,"RB Global, Inc.",Technology services,81.59,2567743,-0.23,15200217000.0
CB,66.2,2026-10-01,Chubb Limited,Finance,331.3,1367467,1.86,127815540000.0
UBER,66.2,2026-10-01,"Uber Technologies, Inc.",Transportation,67.88,17238297,-0.96,138176461002.0
CGSD,66.2,2026-10-01,Capital Group Short Duration Income ETF,Fixed income,25.31,654937,0.08,2349915600.0
PDYN,66.2,2026-10-01,Palladyne AI Corp.,Producer manufacturing,5.33,938037,3.5,251575365.0
BCSF,66.1,2026-10-01,"Bain Capital Specialty Finance, Inc.",Finance,11.09,405254,0.73,719391743.0
BSBR,66.1,2026-10-01,Banco Santander Brasil SA,Finance,5.33,1996250,-3.44,39908520957.0
SHEN,66.1,2026-10-01,Shenandoah Telecommunications Co,Communications,11.15,746266,-0.71,617316182.0
BGS,66.1,2026-10-01,"B&G Foods, Inc.",Consumer non-durables,2.93,1907244,2.45,237819313.0
EDGH,66.1,2026-10-01,3EDGE Dynamic Hard Assets ETF,Asset allocation,33.69,46681,0.27,257458197.0
NWL,66.1,2026-10-01,Newell Brands Inc.,Producer manufacturing,5.31,4449401,0.19,2256366469.0
CWEB,66.1,2026-10-01,Direxion Daily CSI China Internet Index Bull 2X Shares,Equity,18.1,483719,-1.25,167391534.0
SIXH,66.1,2026-10-01,ETC 6 Meridian Hedged Equity Index Option ETF,Equity,43.87,12950,0.25,568349370.0
BBSI,66.1,2026-10-01,"Barrett Business Services, Inc.",Commercial services,31.31,237430,3.03,768962610.0
CGIE,66.1,2026-10-01,Capital Group International Equity ETF,Equity,36.29,396506,-0.71,2358736688.0
GDX,66.1,2026-10-01,VanEck Gold Miners ETF,Equity,86.74,23241284,-1.08,27254117577.0
HCC,66.1,2026-10-01,"Warrior Met Coal, Inc.",Energy minerals,89.08,581745,2.33,4703598953.0
PKE,66.1,2026-10-01,Park Aerospace Corp.,Electronic technology,29.72,115478,0.61,646445664.0
EVGO,66.1,2026-10-01,EVgo Inc.,Retail trade,1.26,3072148,-1.56,395462777.0
SCHF,66.1,2026-10-01,Schwab International Equity ETF,Equity,27.25,12344881,-0.4,67297167132.0
HFWA,66.1,2026-10-01,Heritage Financial Corporation,Finance,27.89,474176,1.53,1149592332.0
AAP,66.1,2026-10-01,Advance Auto Parts Inc.,Retail trade,38.74,2067751,-0.08,2336022000.0
RRC,66.1,2026-10-01,Range Resources Corporation,Energy minerals,37.6,1928580,2.04,8786368000.0
PEG,66.1,2026-10-01,Public Service Enterprise Group Incorporated,Utilities,67.89,4412712,1.28,33831012690.0
ORA,66.1,2026-10-01,"Ormat Technologies, Inc.",Utilities,89.66,879101,1.01,5509925741.0
DASH,66.1,2026-10-01,"DoorDash, Inc.",Transportation,182.18,4161509,-0.82,79377056359.0
UCB,66.1,2026-10-01,"United Community Banks, Inc.",Finance,33.77,1115184,1.59,4044261430.0
MZTI,66.1,2026-10-01,The Marzetti Company,Consumer non-durables,99.69,542861,0.3,2733737162.0
SOFR,66.1,2026-10-01,Amplify Samsung SOFR ETF,Fixed income,100.1,11249,-0.01,455147231.0
TUSI,66.1,2026-10-01,Touchstone Ultra Short Income ETF,Fixed income,25.24,218129,0.2,498222891.0
AEXA,66.1,2026-10-01,American Exceptionalism Acquisition Corp. A,Finance,11.12,57545,-0.18,385586000.0
SNDL,66.1,2026-10-01,SNDL Inc.,Process industries,1.26,1211403,-1.56,327978000.0
CALY,66.1,2026-10-01,Callaway Golf Company,Consumer durables,14.32,1635849,2.07,2574134560.0
QVAL,66.1,2026-10-01,Alpha Architect U.S. Quantitative Value ETF,Equity,59.0,25628,0.82,553674596.0
AOR,66.0,2026-10-01,iShares Core 60/40 Balanced Allocation ETF,Asset allocation,68.53,699639,0.19,3700784218.0
ROCK,66.0,2026-10-01,"Gibraltar Industries, Inc.",Producer manufacturing,39.73,375084,0.38,1178468042.0
PL,66.0,2026-10-01,Planet Labs PBC,Technology services,16.14,7980904,-2.12,5373146902.0
CASS,66.0,2026-10-01,"Cass Information Systems, Inc",Commercial services,53.7,89453,0.77,691178070.0
CMG,66.0,2026-10-01,"Chipotle Mexican Grill, Inc.",Consumer services,32.32,18512893,1.16,41457833600.0
IBTH,66.0,2026-10-01,iShares iBonds Dec 2027 Term Treasury ETF,Fixed income,22.27,859554,0.09,2210600179.0
UPS,66.0,2026-10-01,"United Parcel Service, Inc.",Transportation,93.89,4791310,0.02,79772500898.0
LXRX,66.0,2026-10-01,"Lexicon Pharmaceuticals, Inc.",Health technology,1.82,2262258,-2.15,808436720.0
GE,66.0,2026-10-01,GE Aerospace,Electronic technology,312.39,3414907,0.71,324124153436.0
VSS,66.0,2026-10-01,Vanguard FTSE All-Wld ex-US SmCp Idx ETF,Equity,154.1,206083,-0.35,14477513619.0
ALGN,66.0,2026-10-01,"Align Technology, Inc.",Health technology,145.35,619778,0.24,10409336669.0
FLUD,66.0,2026-10-01,Franklin Ultra Short Bond ETF,Fixed income,24.86,98344,-0.4,188140041.0
IX,66.0,2026-10-01,ORIX Corporation,Finance,37.36,339731,0.0,41477562088.0
VOYG,66.0,2026-10-01,"Voyager Technologies, Inc.",Technology services,29.91,1962622,-2.45,1811778928.0
UWMC,66.0,2026-10-01,UWM Holdings Corporation,Finance,1.2,12915807,0.84,1819015079.0
TAN,66.0,2026-10-01,Invesco Solar ETF,Equity,43.07,817498,-0.28,1269070815.0
BWB,66.0,2026-10-01,"Bridgewater Bancshares, Inc.",Finance,20.42,107377,1.24,569387196.0
RDNT,66.0,2026-10-01,"RadNet, Inc.",Health services,67.7,928736,-1.6,5323535340.0
EVER,66.0,2026-10-01,"EverQuote, Inc.",Technology services,19.98,921581,-0.25,704090245.0
MRBK,66.0,2026-10-01,Meridian Corporation,Finance,18.81,59145,0.11,223656129.0
CSTM,66.0,2026-10-01,Constellium SE,Non-energy minerals,24.66,1366894,3.35,3342120480.0
WMB,66.0,2026-10-01,"Williams Companies, Inc. (The)",Industrial services,69.22,7204069,2.02,84667652412.0
TDW,66.0,2026-10-01,Tidewater Inc.,Transportation,82.18,587160,2.15,4086860708.0
VMC,66.0,2026-10-01,Vulcan Materials Company (Holding Company),Non-energy minerals,243.98,2105380,0.18,31614684420.0
VEA,66.0,2026-10-01,Vanguard FTSE Developed Markets ETF,Equity,70.21,12092744,-0.24,323413366430.0
RPC,65.9,2026-10-01,"Ridgepost Capital, Inc.",Finance,7.5,542872,0.67,586649250.0
IXUS,65.9,2026-10-01,iShares Core MSCI Total International Stock ETF,Equity,94.51,1716875,-0.27,59364348567.0
ATNI,65.9,2026-10-01,"ATN International, Inc.",Communications,28.04,66607,-0.57,431279118.0
SBIT,65.9,2026-10-01,ProShares UltraShort Bitcoin ETF,Currency,29.62,956106,-2.79,136672642.0
GROY,65.9,2026-10-01,Gold Royalty Corp.,Non-energy minerals,2.99,1723891,-0.33,690119502.0
HIW,65.9,2026-10-01,"Highwoods Properties, Inc.",Finance,29.09,998376,0.94,3208662112.0
JSMD,65.9,2026-10-01,Janus Henderson Small/Mid Cap Growth Alpha ETF,Equity,89.73,72896,0.36,1168039841.0
TDG,65.9,2026-10-01,Transdigm Group Inc.,Electronic technology,1097.24,401758,1.29,61372583264.0
TIPT,65.9,2026-10-01,Tiptree Inc.,Finance,17.3,270920,1.76,644246810.0
RBBN,65.9,2026-10-01,Ribbon Communications Inc.,Technology services,1.72,1382043,-2.27,307575560.0
TTGT,65.9,2026-10-01,"TechTarget, Inc.",Technology services,3.7,440778,0.0,267507939.0
UNM,65.9,2026-10-01,Unum Group,Finance,88.08,1125211,0.75,13943680560.0
UYLD,65.9,2026-10-01,Angel Oak UltraShort Income ETF,Fixed income,50.75,197091,0.0,1548142659.0
AOA,65.9,2026-10-01,iShares Core 80/20 Aggressive Allocation ETF,Asset allocation,97.21,201003,-0.09,3242097427.0
SPDW,65.9,2026-10-01,State Street SPDR Portfolio Developed World ex-US ETF,Equity,49.9,3123247,-0.34,41120383017.0
CFBK,65.9,2026-10-01,CF Bankshares Inc.,Finance,33.88,33399,-0.12,217983920.0
ELM,65.9,2026-10-01,Elm Market Navigator ETF,Asset allocation,29.2,24579,-0.14,588361001.0
NBN,65.9,2026-10-01,Northeast Bank,Finance,124.7,95244,1.57,1033390771.0
FLR,65.9,2026-10-01,Fluor Corporation,Industrial services,49.33,3490694,3.2,6889921100.0
YSS,65.9,2026-10-01,York Space Systems Inc.,Electronic technology,8.61,1567969,-1.03,1131337081.0
WULF,65.9,2026-10-01,TeraWulf Inc.,Technology services,14.91,29814952,-0.07,7388391737.0
ALDX,65.9,2026-10-01,"Aldeyra Therapeutics, Inc.",Health technology,1.29,1209172,2.38,77814178.0
TWI,65.9,2026-10-01,"Titan International, Inc. (DE)",Producer manufacturing,6.8,577842,1.8,438887987.0
MPT,65.9,2026-10-01,"Medical Properties Trust, Inc.",Finance,3.37,12552382,-2.6,2015597000.0
FDRR,65.9,2026-10-01,Fidelity Dividend ETF for Rising Rates,Equity,68.18,34617,-0.42,730663879.0
PBLS,65.8,2026-10-01,"Parabilis Medicines, Inc.",Health technology,30.44,885742,-4.85,3548225511.0
FMS,65.8,2026-10-01,Fresenius Medical Care AG,Health services,22.26,518888,-0.58,11956497706.0
FF,65.8,2026-10-01,FutureFuel Corp.,Process industries,5.02,255682,-1.76,220194805.0
FEM,65.8,2026-10-01,First Trust Emerging Markets AlphaDEX Fund,Equity,32.09,138708,-0.06,609409486.0
SRRK,65.8,2026-10-01,Scholar Rock Holding Corporation,Health technology,46.16,1061420,-4.47,5531260480.0
FSV,65.8,2026-10-01,FirstService Corporation,Finance,128.51,131920,0.45,5909116106.0
FYC,65.8,2026-10-01,First Trust Small Cap Growth AlphaDEX Fund,Equity,115.51,212097,0.18,1338638234.0
SLF,65.8,2026-10-01,Sun Life Financial Inc.,Finance,77.67,362051,-0.03,43035704280.0
GEHC,65.8,2026-10-01,GE HealthCare Technologies Inc.,Health technology,63.98,3304977,-2.13,28898886403.0
ECX,65.8,2026-10-01,ECARX Holdings Inc.,Technology services,0.9799,2092814,-7.56,340054651.0
TGLS,65.8,2026-10-01,Tecnoglass Inc.,Producer manufacturing,35.05,295742,-1.27,1554986801.0
DSTL,65.8,2026-10-01,Distillate U.S. Fundamental Stability & Value ETF,Equity,64.54,39256,0.22,2217081045.0
DSGN,65.8,2026-10-01,"Design Therapeutics, Inc.",Health technology,12.24,346589,-2.08,764473680.0
DOO,65.8,2026-10-01,BRP Inc.,Producer manufacturing,54.66,280166,-2.6,4009115645.0
SBIL,65.8,2026-10-01,Simplify Government Money Market ETF,Fixed income,100.08,727690,0.0,4926589315.0
SBAR,65.8,2026-10-01,Simplify Barrier Income ETF,Equity,25.32,677456,0.16,414106491.0
DFH,65.8,2026-10-01,"Dream Finders Homes, Inc.",Consumer durables,10.89,1051333,4.11,1003910996.0
ZUMZ,65.8,2026-10-01,Zumiez Inc.,Retail trade,13.48,443449,0.75,227437458.0
DBEF,65.8,2026-10-01,Xtrackers MSCI EAFE Hedged Equity ETF,Equity,54.59,1004710,-0.35,9158467585.0
IBOC,65.8,2026-10-01,International Bancshares Corporation,Finance,69.12,552493,1.1,4297964544.0
COLB,65.8,2026-10-01,"Columbia Banking System, Inc.",Finance,28.73,3280769,1.09,8125332410.0
RAIL,65.8,2026-10-01,"Freightcar America, Inc.",Producer manufacturing,6.57,227470,-2.09,215336999.0
RAAX,65.8,2026-10-01,VanEck Real Assets ETF,Asset allocation,40.22,319859,0.88,1229576750.0
VIGI,65.8,2026-10-01,Vanguard International Dividend Appreciation ETF,Equity,93.85,216147,-0.54,9145637684.0
PZT,65.8,2026-10-01,Invesco New York AMT-Free Municipal Bond ETF,Fixed income,20.67,46226,0.93,139680137.0
PXH,65.8,2026-10-01,Invesco RAFI Emerging Markets ETF,Equity,28.92,627154,-0.28,1850355188.0
KURA,65.8,2026-10-01,"Kura Oncology, Inc.",Health technology,10.65,2347273,-4.05,945446987.0
BLDR,65.8,2026-10-01,"Builders FirstSource, Inc.",Retail trade,57.35,2275646,0.83,6170630600.0
LEU,65.8,2026-10-01,Centrus Energy Corp.,Non-energy minerals,139.11,542542,0.08,2636634461.0
LI,65.8,2026-10-01,Li Auto Inc.,Consumer durables,11.12,3382761,-2.37,11230759125.0
LOCO,65.8,2026-10-01,"El Pollo Loco Holdings, Inc.",Consumer services,14.19,303047,-1.73,432160679.0
LPLA,65.8,2026-10-01,LPL Financial Holdings Inc.,Finance,312.15,836245,3.51,24966650061.0
OKLL,65.8,2026-10-01,Defiance Daily Target 2x Long OKLO ETF,Equity,9.11,2886616,-3.8,3588119.0
MLKN,65.8,2026-10-01,"MillerKnoll, Inc.",Producer manufacturing,20.15,545828,1.51,1372683266.0
PHIN,65.8,2026-10-01,PHINIA Inc.,Producer manufacturing,60.03,528236,0.84,2199384543.0
PGC,65.8,2026-10-01,Peapack-Gladstone Financial Corporation,Finance,44.03,131474,1.59,780154361.0
ALM,65.8,2026-10-01,Almonty Industries Inc.,Non-energy minerals,13.18,6603481,1.62,3739719560.0
NIC,65.8,2026-10-01,Nicolet Bankshares Inc.,Finance,163.62,232289,0.58,2826179790.0
YINN,65.8,2026-10-01,Direxion Daily FTSE China Bull 3X Shares,Equity,24.78,1187885,-0.4,883592616.0
ACM,65.8,2026-10-01,AECOM,Industrial services,59.6,1336709,0.44,7659970800.0
ACDC,65.8,2026-10-01,ProFrac Holding Corp.,Industrial services,4.4,2123971,1.15,796051313.0
FLCH,65.8,2026-10-01,Franklin FTSE China ETF,Equity,20.62,42275,-0.77,246435329.0
CRBU,65.7,2026-10-01,"Caribou Biosciences, Inc.",Health technology,1.22,686609,-3.94,121000302.0
IGE,65.7,2026-10-01,iShares North American Natural Resources ETF,Equity,62.32,359473,1.28,761996096.0
PFIS,65.7,2026-10-01,Peoples Financial Services Corp.,Finance,68.17,47000,1.59,682441758.0
CMT,65.7,2026-10-01,Core Molding Technologies Inc,Producer manufacturing,22.95,63374,1.86,204248804.0
CGDV,65.7,2026-10-01,Capital Group Dividend Value ETF,Equity,48.84,4747195,-0.22,37857369008.0
EUSA,65.7,2026-10-01,iShares MSCI USA Equal Weighted ETF,Equity,112.04,66855,0.39,1789064827.0
XYZ,65.7,2026-10-01,"Block, Inc.",Commercial services,74.04,3746493,0.5,44067199167.0
TPG,65.7,2026-10-01,TPG Inc.,Finance,44.73,2577935,0.68,17146585151.0
CRK,65.7,2026-10-01,"Comstock Resources, Inc.",Energy minerals,12.84,2387811,4.39,3771056640.0
DIBS,65.7,2026-10-01,"1stdibs.com, Inc.",Retail trade,3.88,81423,-3.0,137094023.0
BZAI,65.7,2026-10-01,"Blaize Holdings, Inc.",Electronic technology,0.4644,1710083,-4.11,66083865.0
ASH,65.7,2026-10-01,Ashland Inc.,Consumer non-durables,68.61,564373,2.02,3141882841.0
ZBIO,65.7,2026-10-01,"Zenas BioPharma, Inc.",Health technology,27.94,881852,3.9,1763946553.0
PSKY,65.7,2026-10-01,Paramount Skydance Corporation,Consumer services,9.34,44199993,-7.62,10158837800.0
CLAR,65.7,2026-10-01,Clarus Corporation,Consumer durables,3.38,186945,-0.29,129932223.0
LDOS,65.7,2026-10-01,"Leidos Holdings, Inc.",Technology services,121.97,1061024,-1.65,15341996450.0
AZN,65.7,2026-10-01,AstraZeneca PLC,Health technology,157.7,2758891,-1.91,244572585838.0
OSS,65.7,2026-10-01,"One Stop Systems, Inc.",Electronic technology,8.97,629108,2.63,222178082.0
FCG,65.7,2026-10-01,First Trust Natural Gas ETF,Equity,29.09,1471385,2.14,616960069.0
XHLF,65.7,2026-10-01,BondBloxx Bloomberg Six Month Target Duration US Treasury ETF,Fixed income,50.11,697073,0.02,1938037260.0
RIVN,65.7,2026-10-01,"Rivian Automotive, Inc.",Consumer durables,14.76,31997203,-1.47,17916837937.0
TCBX,65.7,2026-10-01,"Third Coast Bancshares, Inc.",Finance,42.87,94335,1.88,604512399.0
VTOL,65.7,2026-10-01,"Bristow Group, Inc.",Transportation,40.3,153854,-1.42,1193114304.0
MUST,65.7,2026-10-01,Columbia Multi-Sector Municipal Income ETF,Fixed income,19.23,517958,0.89,602735741.0
EXR,65.7,2026-10-01,Extra Space Storage Inc,Finance,133.08,1650892,1.46,28130541648.0
IIIN,65.7,2026-10-01,"Insteel Industries, Inc.",Producer manufacturing,29.04,186009,-0.03,562163493.0
TME,65.7,2026-10-01,Tencent Music Entertainment Group,Technology services,7.77,3802461,-2.75,11942116255.0
MMS,65.6,2026-10-01,"Maximus, Inc.",Commercial services,53.53,990860,-1.29,2812487612.0
STRO,65.6,2026-10-01,"Sutro Biopharma, Inc.",Health technology,15.97,196902,-0.62,154545778.0
KSPI,65.6,2026-10-01,Joint Stock Company Kaspi.kz - American Depository Shares,Finance,92.02,710397,-0.98,17486309017.0
MTZ,65.6,2026-10-01,"MasTec, Inc.",Industrial services,213.66,1213900,-0.76,17158757384.0
AIRR,65.6,2026-10-01,First Trust RBA American Industrial Renaissance ETF,Equity,104.38,680694,0.95,10458579824.0
TMQ,65.6,2026-10-01,Trilogy Metals Inc.,Non-energy minerals,3.06,1323507,-0.65,528601655.0
ATS,65.6,2026-10-01,ATS Corporation,Producer manufacturing,18.03,239554,-0.28,1768861998.0
KOF,65.6,2026-10-01,Coca Cola Femsa S.A.B. de C.V.,Consumer non-durables,105.55,54191,-1.7,22174239223.0
LTH,65.6,2026-10-01,"Life Time Group Holdings, Inc.",Consumer services,40.36,3324044,1.71,9018923656.0
ENVX,65.6,2026-10-01,Enovix Corporation,Producer manufacturing,2.78,9991022,-3.81,606465340.0
BR,65.6,2026-10-01,"Broadridge Financial Solutions, Inc.",Technology services,161.15,653243,-1.2,18638286700.0
GDXU,65.6,2026-10-01,MicroSectors Gold Miners 3x Leveraged ETN,Equity,102.14,1360575,-3.29,617951624.0
WEC,65.6,2026-10-01,"WEC Energy Group, Inc.",Utilities,101.73,2920049,0.94,33136105980.0
BAK,65.6,2026-10-01,Braskem SA,Process industries,1.55,1292104,1.97,617650495.0
TSLY,65.6,2026-10-01,YieldMax TSLA Option Income Strategy ETF,Equity,21.3,437824,-0.88,491084460.0
RIG,65.6,2026-10-01,Transocean Ltd (Switzerland),Industrial services,5.24,47675160,-0.38,5326196905.0
HIFS,65.6,2026-10-01,Hingham Institution for Savings,Finance,283.85,27819,-0.05,618863963.0
CXM,65.6,2026-10-01,"Sprinklr, Inc.",Technology services,5.22,4730175,3.37,1288259042.0
IWR,65.6,2026-10-01,iShares Russell Mid-Cap ETF,Equity,107.59,1567380,0.71,57973461608.0
BUR,65.6,2026-10-01,Burford Capital Limited,Finance,3.82,1960664,-1.55,836829492.0
WPM,65.6,2026-10-01,Wheaton Precious Metals Corp,Non-energy minerals,133.42,1875219,0.47,60589357500.0
RZLV,65.6,2026-10-01,Rezolve AI PLC,Technology services,2.13,6239849,-2.29,849502745.0
NE,65.6,2026-10-01,Noble Corporation plc A,Industrial services,41.72,961471,0.12,6660264240.0
ESAB,65.6,2026-10-01,ESAB Corporation,Producer manufacturing,67.11,787259,2.04,4085771827.0
STE,65.6,2026-10-01,STERIS plc (Ireland),Health technology,209.34,583904,-0.33,20401794918.0
CRMD,65.6,2026-10-01,CorMedix Inc.,Health technology,7.42,1051095,-3.01,582113031.0
HG,65.6,2026-10-01,"Hamilton Insurance Group, Ltd.",Finance,33.75,342506,2.55,3367284818.0
TNDM,65.6,2026-10-01,"Tandem Diabetes Care, Inc.",Health technology,16.5,2402332,0.49,1130729969.0
METL,65.5,2026-10-01,Sprott Active Metals & Miners ETF,Equity,25.13,7366,-0.75,23609958.0
AJG,65.5,2026-10-01,Arthur J. Gallagher & Co.,Finance,231.82,2860192,1.04,59554557768.0
PTMC,65.5,2026-10-01,Pacer Trendpilot US Mid Cap ETF,Equity,39.46,11763,0.89,418613083.0
UGI,65.5,2026-10-01,UGI Corporation,Distribution services,36.36,2228456,2.45,7795365840.0
CDNL,65.5,2026-10-01,Cardinal Infrastructure Group Inc.,Industrial services,29.74,640168,-1.85,454812392.0
XSMO,65.5,2026-10-01,Invesco S&P SmallCap Momentum ETF,Equity,82.07,411513,1.03,2312042641.0
GEF,65.5,2026-10-01,Greif Inc.,Process industries,81.56,424962,3.4,3767823813.0
AEVA,65.5,2026-10-01,"Aeva Technologies, Inc.",Electronic technology,14.29,1052941,0.28,965078008.0
EOSE,65.5,2026-10-01,"Eos Energy Enterprises, Inc.",Producer manufacturing,3.14,24551476,3.29,909236458.0
BILL,65.5,2026-10-01,"BILL Holdings, Inc.",Technology services,43.78,1540158,0.51,4360343526.0
XRT,65.5,2026-10-01,State Street SPDR S&P Retail ETF,Equity,82.62,3748679,0.43,370171979.0
SMBK,65.5,2026-10-01,"SmartFinancial, Inc.",Finance,49.86,102362,0.71,852529864.0
XJH,65.5,2026-10-01,iShares ESG Select Screened S&P Mid-Cap ETF,Equity,49.25,28254,1.15,425159379.0
PZZA,65.5,2026-10-01,"Papa John's International, Inc.",Consumer services,19.6,1357444,-1.11,644879474.0
DTCR,65.5,2026-10-01,Global X Data Center & Digital Infrastructure ETF,Equity,27.07,833165,-0.22,2173164666.0
BHP,65.5,2026-10-01,BHP Group Limited,Non-energy minerals,84.65,3549537,1.32,215040212038.0
BDVL,65.5,2026-10-01,iShares Disciplined Volatility Equity Active ETF,Equity,26.17,214635,0.11,1731456691.0
ISCG,65.5,2026-10-01,iShares Morningstar Small-Cap Growth ETF,Equity,61.63,20720,0.69,1028457881.0
FTW,65.5,2026-10-01,EQV Ventures Acquisition Corp.,Finance,9.96,59853,-0.4,353703134.0
OCGN,65.5,2026-10-01,"Ocugen, Inc.",Health technology,1.0,5022052,-2.91,339110000.0
MGY,65.5,2026-10-01,Magnolia Oil & Gas Corporation,Energy minerals,24.07,6477721,2.21,5703834009.0
IRWD,65.5,2026-10-01,"Ironwood Pharmaceuticals, Inc.",Health technology,3.76,2622679,-4.81,618944880.0
SHNY,65.5,2026-10-01,"MicroSectors Gold 3X Leveraged ETNs due January 29, 2043",Commodities,8.07,926383,0.62,50486792.0
FOR,65.5,2026-10-01,Forestar Group Inc,Finance,26.03,229401,1.24,1327867947.0
PGNY,65.5,2026-10-01,"Progyny, Inc.",Commercial services,24.85,1250065,-1.04,1946559395.0
ANGX,65.5,2026-10-01,"Angel Studios, Inc.",Consumer services,4.23,2631288,-9.23,718834288.0
IDEQ,65.5,2026-10-01,Lazard International Dynamic Equity ETF,Equity,34.79,416409,-0.37,551363072.0
HYBI,65.5,2026-10-01,NEOS Enhanced Income Credit Select ETF,Fixed income,48.2,13426,-0.04,144830173.0
KMX,65.5,2026-10-01,CarMax Inc,Retail trade,55.89,3602177,1.12,7932115345.0
GNTX,65.5,2026-10-01,Gentex Corporation,Producer manufacturing,21.95,2385228,0.97,4674293064.0
VIS,65.5,2026-10-01,Vanguard Industrials ETF,Equity,323.84,123326,0.97,9235251059.0
BRK.B,65.5,2026-10-01,Berkshire Hathaway Inc. New,Finance,500.5,4595485,0.65,1080432671343.0
WAL,65.5,2026-10-01,Western Alliance Bancorporation,Finance,75.7,1429358,1.61,8265331752.0
MFC,65.5,2026-10-01,Manulife Financial Corporation,Finance,42.55,1472634,0.0,71011269500.0
KGS,65.5,2026-10-01,"Kodiak Gas Services, Inc.",Industrial services,53.56,990181,1.06,5405217034.0
CMDT,65.5,2026-10-01,PIMCO Commodity Strategy Active Exchange-Traded Fund,Commodities,31.59,45606,0.41,777437145.0
CRC,65.5,2026-10-01,California Resources Corporation,Energy minerals,51.66,785570,1.73,4587144534.0
BSJQ,65.5,2026-10-01,Invesco BulletShares 2026 High Yield Corporate Bond ETF,Fixed income,22.82,265333,0.0,943128664.0
LUCK,65.5,2026-10-01,Lucky Strike Entertainment Corporation,Consumer services,5.24,50865,-3.14,716426476.0
HLIT,65.5,2026-10-01,Harmonic Inc.,Electronic technology,10.72,1920391,0.66,1163081794.0
FIBK,65.5,2026-10-01,"First Interstate BancSystem, Inc.",Finance,35.77,1354148,0.56,3474801533.0
YPF,65.5,2026-10-01,YPF Sociedad Anonima,Energy minerals,49.27,985467,-1.46,19317538009.0
RSMC,65.5,2026-10-01,Rockefeller U.S. Small-Mid Cap ETF,Equity,27.57,7736,0.99,809033773.0
CORZ,65.5,2026-10-01,"Core Scientific, Inc.",Technology services,16.35,13069628,2.19,5253916210.0
SRPT,65.5,2026-10-01,"Sarepta Therapeutics, Inc.",Health technology,17.57,2841922,-3.14,1854970320.0
CNO,65.5,2026-10-01,"CNO Financial Group, Inc.",Finance,53.08,658449,0.91,4954938380.0
FDT,65.5,2026-10-01,First Trust Developed Markets Ex-US AlphaDEX Fund,Equity,93.28,182731,-0.14,908142277.0
BLMN,65.4,2026-10-01,"Bloomin' Brands, Inc.",Consumer services,8.38,6562613,8.83,717447725.0
REYN,65.4,2026-10-01,Reynolds Consumer Products Inc.,Consumer non-durables,21.94,1400837,2.05,4624754145.0
CRCL,65.4,2026-10-01,"Circle Internet Group, Inc.",Technology services,82.91,9213327,1.33,22161070610.0
IMOM,65.4,2026-10-01,Alpha Architect International Quantitative Momentum ETF,Equity,39.81,19552,0.71,167016715.0
DGS,65.4,2026-10-01,WisdomTree Emerging Market SmallCap Fund,Equity,62.41,58528,-0.1,1822686414.0
FVRR,65.4,2026-10-01,Fiverr International Ltd.,Technology services,8.56,473319,-2.84,307738232.0
TCBK,65.4,2026-10-01,TriCo Bancshares,Finance,51.8,294516,1.75,1665402789.0
SMLF,65.4,2026-10-01,iShares U.S. Small-Cap Equity Factor ETF,Equity,84.21,270479,0.73,4248710330.0
MESO,65.4,2026-10-01,Mesoblast Limited,Health technology,14.32,332203,-0.83,1857247966.0
APMU,65.4,2026-10-01,ActivePassive Intermediate Municipal Bond ETF,Fixed income,24.07,13808,0.17,235978800.0
QTWO,65.4,2026-10-01,"Q2 Holdings, Inc.",Technology services,56.48,698277,-0.21,3521793456.0
AOS,65.4,2026-10-01,A.O. Smith Corporation,Producer manufacturing,56.67,2114201,0.93,7853712879.0
CYD,65.4,2026-10-01,China Yuchai International Limited,Producer manufacturing,32.26,161662,3.46,1210341229.0
LYV,65.4,2026-10-01,"Live Nation Entertainment, Inc.",Consumer services,166.85,2667332,-2.84,38828164050.0
CSV,65.4,2026-10-01,"Carriage Services, Inc.",Consumer services,31.79,372158,-3.64,504580417.0
JNJ,65.4,2026-10-01,Johnson & Johnson,Health technology,258.66,8152575,-1.9,623344324283.0
TG,65.4,2026-10-01,Tredegar Corporation,Non-energy minerals,6.95,124805,2.06,242543025.0
EVRG,65.4,2026-10-01,"Evergy, Inc.",Utilities,78.79,2544260,0.52,18162119270.0
LIF,65.4,2026-10-01,"Life360, Inc.",Technology services,40.3,660250,-2.37,3265577147.0
XEL,65.4,2026-10-01,Xcel Energy Inc.,Utilities,70.55,4024710,0.14,44067928700.0
SENEA,65.4,2026-10-01,Seneca Foods Corp.,Consumer non-durables,177.03,92898,-0.54,1210354110.0
RIOT,65.4,2026-10-01,"Riot Platforms, Inc.",Technology services,19.61,19813513,-2.68,7415545620.0
LRN,65.4,2026-10-01,"Stride, Inc.",Consumer services,77.52,604660,-1.49,3296522496.0
CADL,65.4,2026-10-01,"Candel Therapeutics, Inc.",Health technology,10.16,1033937,-5.22,744425232.0
AMRC,65.4,2026-10-01,"Ameresco, Inc.",Industrial services,21.0,588011,1.69,1114304877.0
UGL,65.4,2026-10-01,ProShares Ultra Gold,Commodities,46.15,2678269,0.5,739138510.0
IBKR,65.4,2026-10-01,"Interactive Brokers Group, Inc.",Finance,85.81,5714241,0.46,148282463333.0
ALCO,65.4,2026-10-01,"Alico, Inc.",Process industries,38.31,12296,-0.49,284119602.0
WSFS,65.4,2026-10-01,WSFS Financial Corporation,Finance,76.62,272217,1.62,3987611280.0
OIS,65.4,2026-10-01,"Oil States International, Inc.",Industrial services,8.19,626850,3.41,492983946.0
SRI,65.4,2026-10-01,"Stoneridge, Inc.",Producer manufacturing,6.7,307560,1.21,189175840.0
RNST,65.4,2026-10-01,Renasant Corporation,Finance,39.28,802568,1.79,3590318874.0
ESS,65.4,2026-10-01,"Essex Property Trust, Inc.",Finance,269.51,586528,0.23,17333961478.0
GSEW,65.3,2026-10-01,Goldman Sachs Equal Weight U.S. Large Cap Equity ETF,Equity,93.72,62654,0.59,1900617131.0
QUAD,65.3,2026-10-01,"Quad Graphics, Inc",Commercial services,9.29,354113,0.11,478987997.0
LPX,65.3,2026-10-01,Louisiana-Pacific Corporation,Non-energy minerals,64.55,1716915,0.16,4509778004.0
BVN,65.3,2026-10-01,Buenaventura Mining Company Inc.,Non-energy minerals,31.49,977901,0.77,7998017534.0
HRI,65.3,2026-10-01,Herc Holdings Inc.,Finance,131.86,897160,5.49,4408264272.0
OPCH,65.3,2026-10-01,"Option Care Health, Inc.",Health services,22.58,1614085,0.09,3382151035.0
LGN,65.3,2026-10-01,Legence Corp.,Industrial services,51.67,1871148,-3.02,6253686754.0
CVNA,65.3,2026-10-01,Carvana Co.,Retail trade,63.04,11318157,1.58,69144520448.0
CGIC,65.3,2026-10-01,Capital Group International Core Equity ETF,Equity,35.7,521578,-0.47,2415827890.0
AFMC,65.3,2026-10-01,First Trust Active Factor Mid Cap ETF,Equity,40.08,32185,0.96,124950732.0
NEXA,65.3,2026-10-01,Nexa Resources S.A.,Non-energy minerals,11.8,609166,-1.67,1562775610.0
LB,65.3,2026-10-01,LandBridge Company LLC,Commercial services,80.77,306110,0.05,6220663736.0
VOYA,65.3,2026-10-01,"Voya Financial, Inc.",Finance,95.38,989849,3.29,8647753125.0
HP,65.3,2026-10-01,"Helmerich & Payne, Inc.",Industrial services,38.2,715716,2.88,3817364200.0
OSG,65.3,2026-10-01,"Octave Specialty Group, Inc.",Finance,4.3,614481,4.88,193558446.0
B,65.3,2026-10-01,Barrick Mining Corporation,Non-energy minerals,40.1,9401855,-1.35,67187951000.0
COUR,65.3,2026-10-01,"Coursera, Inc.",Technology services,5.08,7323379,2.01,932773120.0
AVNT,65.3,2026-10-01,Avient Corporation,Process industries,40.54,670876,1.63,3717930170.0
RAFE,65.3,2026-10-01,PIMCO RAFI ESG U.S. ETF,Equity,48.87,9550,0.23,164608289.0
BAR,65.3,2026-10-01,GraniteShares Gold Trust Shares of Beneficial Interest,Commodities,41.08,305679,0.2,1414270732.0
OVID,65.3,2026-10-01,Ovid Therapeutics Inc.,Health technology,2.43,1339462,-2.41,453535200.0
BBWI,65.3,2026-10-01,"Bath & Body Works, Inc.",Retail trade,16.4,5196382,1.99,3305613717.0
SEDG,65.3,2026-10-01,"SolarEdge Technologies, Inc.",Producer manufacturing,30.87,3384953,-2.8,1877457896.0
ALSN,65.2,2026-10-01,"Allison Transmission Holdings, Inc.",Producer manufacturing,116.28,802038,3.31,9643795871.0
JBBB,65.2,2026-10-01,Janus Henderson B-BBB CLO ETF,Fixed income,47.27,780261,0.19,1420763319.0
CEG,65.2,2026-10-01,Constellation Energy Corporation,Utilities,258.92,4204699,-0.99,92978695018.0
VRSK,65.2,2026-10-01,"Verisk Analytics, Inc.",Technology services,168.38,1212909,-1.36,21915670479.0
DCOM,65.2,2026-10-01,"Dime Community Bancshares, Inc.",Finance,39.52,501498,0.25,1743365520.0
MIR,65.2,2026-10-01,"Mirion Technologies, Inc.",Electronic technology,14.35,3684292,0.63,3491040620.0
OOMA,65.2,2026-10-01,"Ooma, Inc.",Communications,20.76,385005,0.39,570377325.0
CTGO,65.2,2026-10-01,"Contango ORE, Inc.",Non-energy minerals,16.85,275851,0.42,544917205.0
FMX,65.2,2026-10-01,Fomento Economico Mexicano S.A.B. de C.V.,Consumer non-durables,115.19,696859,-1.94,39243044390.0
ELCV,65.2,2026-10-01,Strategy Shares Eventide High Dividend ETF,Equity,30.45,40012,0.5,174876399.0
FGDL,65.2,2026-10-01,Franklin Responsibly Sourced Gold ETF,Commodities,55.58,29735,0.34,444888916.0
BGSI,65.2,2026-10-01,Boyd Group Services Inc.,Consumer services,78.67,31436,0.09,2189386100.0
KCE,65.2,2026-10-01,State Street SPDR S&P Capital Markets ETF,Equity,154.89,36853,0.32,472868848.0
HEI.A,65.2,2026-10-01,Heico Corporation,Electronic technology,230.82,341236,0.79,44454520536.0
EWBC,65.2,2026-10-01,"East West Bancorp, Inc.",Finance,125.02,836266,1.58,17127272675.0
WASH,65.2,2026-10-01,"Washington Trust Bancorp, Inc.",Finance,37.78,110854,1.67,720298368.0
POWR,65.2,2026-10-01,iShares U.S. Power Infrastructure ETF,Equity,24.56,248144,1.49,158015559.0
IONS,65.2,2026-10-01,"Ionis Pharmaceuticals, Inc.",Health technology,44.0,2030177,-1.41,7312096000.0
ONDS,65.2,2026-10-01,Ondas Inc,Electronic technology,7.12,40785442,-3.13,4057250889.0
SPYT,65.2,2026-10-01,Defiance S&P 500 Target Income ETF,Equity,16.96,239065,-0.18,155300502.0
SFST,65.2,2026-10-01,"Southern First Bancshares, Inc.",Finance,59.88,60417,1.65,566174981.0
JHMM,65.2,2026-10-01,John Hancock Multifactor Mid Cap ETF,Equity,72.05,237863,0.73,5894440052.0
RGLD,65.2,2026-10-01,"Royal Gold, Inc.",Non-energy minerals,232.33,536882,-1.22,19717057643.0
IVOO,65.2,2026-10-01,Vanguard S&P Mid-Cap 400 ETF,Equity,123.07,108185,1.04,6013634835.0
NPCE,65.2,2026-10-01,"Neuropace, Inc.",Health technology,13.15,197399,-4.78,448332747.0
ESN,65.1,2026-10-01,Essential 40 Stock ETF,Equity,20.32,64508,-0.1,189953875.0
IRE,65.1,2026-10-01,Defiance Daily Target 2X Long IREN ETF,Equity,9.04,10697333,-0.55,255303116.0
AUNA,65.1,2026-10-01,Auna SA,Health services,4.98,76559,0.0,368632608.0
REAX,65.1,2026-10-01,"The Real Brokerage, Inc.",Commercial services,16.08,520527,-2.13,350454177.0
SCHC,65.1,2026-10-01,Schwab International Small-Cap Equity ETF,Equity,49.41,487739,-0.56,5570182064.0
FHB,65.1,2026-10-01,"First Hawaiian, Inc.",Finance,24.9,2174274,0.81,3029732400.0
NAK,65.1,2026-10-01,"Northern Dynasty Minerals, Ltd.",Non-energy minerals,1.34,3743614,-2.9,750816954.0
NRDS,65.1,2026-10-01,"NerdWallet, Inc.",Technology services,8.57,1051355,-2.39,623913620.0
VIPS,65.1,2026-10-01,Vipshop Holdings Limited,Retail trade,12.44,2385360,-1.19,6121004607.0
JBL,65.1,2026-10-01,Jabil Inc.,Producer manufacturing,299.79,2455938,2.0,31417265024.0
RJF,65.1,2026-10-01,"Raymond James Financial, Inc.",Finance,159.76,975604,1.88,30689896000.0
HAP,65.1,2026-10-01,VanEck Natural Resources ETF,Equity,72.81,26000,0.25,218524769.0
LBRT,65.1,2026-10-01,Liberty Energy Inc.,Industrial services,18.47,3892398,1.65,3014145454.0
SPOT,65.1,2026-10-01,Spotify Technology S.A.,Technology services,491.4,1302741,0.69,101024078337.0
NCLH,65.1,2026-10-01,Norwegian Cruise Line Holdings Ltd.,Consumer services,14.64,26171543,0.27,6721370400.0
FLIA,65.1,2026-10-01,Franklin International Aggregate Bond ETF,Fixed income,19.96,452901,-0.05,766058253.0
TCMD,65.1,2026-10-01,"Tactile Systems Technology, Inc.",Health technology,21.71,205874,-2.6,489697273.0
SIL,65.1,2026-10-01,Global X Silver Miners ETF,Equity,85.63,967684,-0.44,4994106953.0
GRFS,65.1,2026-10-01,"Grifols, S.A.",Health technology,7.3,623126,0.14,6175602878.0
FRST,65.1,2026-10-01,Primis Financial Corp.,Finance,15.39,138935,1.18,382881654.0
IMXI,65.1,2026-10-01,"International Money Express, Inc.",Commercial services,11.49,882705,-1.2,345785713.0
GVAL,65.1,2026-10-01,Cambria Global Value ETF,Equity,37.66,254538,-0.21,531340162.0
SYY,65.1,2026-10-01,Sysco Corporation,Distribution services,77.77,4104689,-0.4,37188291910.0
ASIX,65.1,2026-10-01,AdvanSix Inc.,Process industries,15.98,332136,1.08,430805395.0
GXC,65.1,2026-10-01,State Street SPDR S&P China ETF,Equity,86.44,25146,-0.07,432136308.0
KALU,65.1,2026-10-01,Kaiser Aluminum Corporation,Non-energy minerals,148.39,243531,4.08,2426041762.0
HEFA,65.1,2026-10-01,iShares Currency Hedged MSCI EAFE ETF,Equity,46.15,952745,-0.3,7423378658.0
HEZU,65.1,2026-10-01,iShares Currency Hedged MSCI Eurozone ETF,Equity,47.96,43424,0.71,590896885.0
BCPC,65.1,2026-10-01,Balchem Corporation,Consumer non-durables,163.69,173377,-0.05,5259332855.0
COPX,65.1,2026-10-01,Global X Copper Miners ETF,Equity,83.4,2668112,0.24,7926562255.0
PLMR,65.1,2026-10-01,"Palomar Holdings, Inc.",Finance,125.93,249891,1.96,3337636127.0
TSBK,65.1,2026-10-01,"Timberland Bancorp, Inc.",Finance,44.63,20762,0.56,349361409.0
CHRD,65.1,2026-10-01,Chord Energy Corporation,Energy minerals,136.85,786077,2.66,7704545520.0
HMY,65.1,2026-10-01,Harmony Gold Mining Company Limited,Non-energy minerals,17.52,3025383,-0.85,10947207522.0
ALK,65.1,2026-10-01,"Alaska Air Group, Inc.",Transportation,39.49,2861100,2.41,4400331210.0
SVV,65.1,2026-10-01,"Savers Value Village, Inc.",Retail trade,9.25,1600756,0.33,1424371980.0
BHF,65.1,2026-10-01,"Brighthouse Financial, Inc.",Finance,50.05,818352,0.26,2875161539.0
EGO,65.0,2026-10-01,Eldorado Gold Corporation,Non-energy minerals,37.61,3979733,-2.06,9809076587.0
AVNM,65.0,2026-10-01,Avantis All International Markets Equity ETF,Equity,82.41,114098,-0.29,685379326.0
AMLX,65.0,2026-10-01,"Amylyx Pharmaceuticals, Inc.",Health technology,28.08,1354101,-1.89,3122111866.0
JUCY,65.0,2026-10-01,Aptus Enhanced Yield ETF,Fixed income,21.72,77026,0.18,252588472.0
PSCI,65.0,2026-10-01,Invesco S&P SmallCap Industrials ETF,Equity,161.36,8434,1.62,187689491.0
NUS,65.0,2026-10-01,"Nu Skin Enterprises, Inc.",Consumer non-durables,4.55,693329,0.89,220904775.0
SPMD,65.0,2026-10-01,State Street SPDR Portfolio S&P 400 Mid Cap ETF,Equity,63.68,2749959,1.06,18880692754.0
IFV,65.0,2026-10-01,First Trust Dorsey Wright International Focus 5 ETF,Equity,24.63,12989,-0.77,262135688.0
SYBT,65.0,2026-10-01,"Stock Yards Bancorp, Inc.",Finance,77.42,215910,0.43,2285066784.0
SGDM,65.0,2026-10-01,Sprott Gold Miners ETF,Equity,73.06,18492,-1.19,669932825.0
BL,65.0,2026-10-01,"BlackLine, Inc.",Technology services,27.48,920184,0.88,1612001999.0
ASND,65.0,2026-10-01,Ascendis Pharma A/S,Health technology,227.31,805893,-0.32,14118586659.0
CEFS,65.0,2026-10-01,Saba Closed-End Funds ETF,Asset allocation,24.63,96758,0.16,442634214.0
TTAM,65.0,2026-10-01,Titan America SA,Non-energy minerals,13.67,260908,0.37,2520234897.0
PRVA,65.0,2026-10-01,"Privia Health Group, Inc.",Finance,20.03,1406255,1.52,2524027851.0
CSIQ,65.0,2026-10-01,Canadian Solar Inc.,Electronic technology,11.27,1497493,-1.05,765195809.0
GNR,65.0,2026-10-01,State Street SPDR S&P Global Natural Resources ETF,Equity,73.76,207757,0.33,4662948288.0
ABVX,65.0,2026-10-01,Abivax SA,Health technology,95.1,1244142,-1.55,6983462609.0
PAX,65.0,2026-10-01,Patria Investments Limited,Finance,10.14,915737,-0.39,1636245146.0
PBDC,65.0,2026-10-01,Putnam BDC Income ETF,Equity,27.03,72203,0.26,297995935.0
EFG,65.0,2026-10-01,iShares MSCI EAFE Growth ETF,Equity,119.23,1787347,-0.67,11243192593.0
FXN,65.0,2026-10-01,First Trust Energy AlphaDEX Fund,Equity,22.38,742725,2.61,349618188.0
CIB,65.0,2026-10-01,Grupo Cibest S.A.,Finance,91.08,270644,-1.04,21610117968.0
CHRS,65.0,2026-10-01,"Coherus Oncology, Inc.",Health technology,1.16,709105,-3.33,179221112.0
PACS,65.0,2026-10-01,"PACS Group, Inc.",Health services,41.03,865191,-0.17,6496510160.0
USMV,65.0,2026-10-01,iShares MSCI USA Min Vol Factor ETF,Equity,98.04,1970339,0.28,23549802882.0
DECK,65.0,2026-10-01,Deckers Outdoor Corporation,Consumer non-durables,79.57,2987552,1.12,10836001740.0
BMY,65.0,2026-10-01,Bristol-Myers Squibb Company,Health technology,61.46,10675357,-1.19,125544956600.0
LGIH,65.0,2026-10-01,"LGI Homes, Inc.",Consumer durables,47.71,254063,3.67,1108413033.0
DRS,65.0,2026-10-01,"Leonardo DRS, Inc.",Electronic technology,36.76,568213,-0.11,9810932018.0
NSP,65.0,2026-10-01,"Insperity, Inc.",Commercial services,48.63,444977,4.58,1857437439.0
AROW,65.0,2026-10-01,Arrow Financial Corporation,Finance,37.27,91416,1.36,616036538.0
VGUS,65.0,2026-10-01,Vanguard Ultra-Short Treasury ETF,Fixed income,75.43,279312,0.03,1000926763.0
KBWP,65.0,2026-10-01,Invesco KBW Property & Casualty Insurance ETF,Equity,124.26,5019,0.77,263600963.0
KBR,65.0,2026-10-01,"KBR, Inc.",Technology services,35.05,1652011,-1.63,4418683400.0
MCRI,65.0,2026-10-01,"Monarch Casino & Resort, Inc.",Consumer services,116.18,136183,0.32,2082236050.0
NGG,65.0,2026-10-01,"National Grid Transco, PLC National Grid PLC (NEW)",Utilities,75.33,1105678,-0.32,75733657312.0
HBNC,64.9,2026-10-01,"Horizon Bancorp, Inc.",Finance,19.08,682835,1.87,979372584.0
SFIX,64.9,2026-10-01,"Stitch Fix, Inc.",Retail trade,2.6,4224332,1.96,346907220.0
HLNE,64.9,2026-10-01,Hamilton Lane Incorporated,Finance,88.57,686182,2.27,4918630260.0
FFBC,64.9,2026-10-01,First Financial Bancorp.,Finance,31.51,894102,1.38,3307163560.0
DORM,64.9,2026-10-01,"Dorman Products, Inc.",Consumer durables,122.89,274192,0.55,3672297292.0
CATY,64.9,2026-10-01,Cathay General Bancorp,Finance,60.08,459490,1.4,4027492840.0
AVBH,64.9,2026-10-01,"Avidbank Holdings, Inc.",Finance,30.94,71156,-0.03,338953888.0
MJ,64.9,2026-10-01,ETFMG Alternative Harvest ETF,Equity,24.59,30232,0.12,119927235.0
ISEP,64.9,2026-10-01,Innovator International Developed Power Buffer ETF September,Alternatives,34.7,82339,0.09,63857127.0
GDE,64.9,2026-10-01,WisdomTree Efficient Gold Plus Equity Strategy Fund,Asset allocation,63.84,59043,0.06,474419528.0
DEM,64.9,2026-10-01,WisdomTree Emerging Markets High Dividend Fund,Equity,54.9,341836,-0.15,3902018425.0
ISCF,64.9,2026-10-01,iShares International Small-Cap Equity Factor ETF,Equity,44.16,33411,-0.61,652095985.0
SGDJ,64.9,2026-10-01,Sprott Junior Gold Miners ETF,Equity,87.35,60705,-0.86,321306335.0
CSGP,64.9,2026-10-01,"CoStar Group, Inc.",Technology services,27.72,4610981,-0.68,11232088560.0
HTB,64.9,2026-10-01,"HomeTrust Bancshares, Inc.",Finance,46.09,199241,0.46,774560886.0
CARR,64.9,2026-10-01,Carrier Global Corporation,Producer manufacturing,55.22,7339917,0.73,45519229648.0
ESOA,64.9,2026-10-01,Energy Services of America Corporation,Industrial services,10.96,102735,-1.44,204510082.0
TMFG,64.9,2026-10-01,Motley Fool Global Opportunities ETF,Equity,29.85,8373,0.03,350174244.0
GOAU,64.9,2026-10-01,US Global GO Gold and Precious Metal Miners ETF,Equity,42.64,11720,-0.98,195488535.0
GSY,64.9,2026-10-01,Invesco Ultra Short Duration ETF,Fixed income,49.97,763812,0.04,3644816349.0
ATMU,64.9,2026-10-01,Atmus Filtration Technologies Inc.,Producer manufacturing,44.59,782400,2.98,3641773565.0
XMHQ,64.9,2026-10-01,Invesco S&P MidCap Quality ETF,Equity,113.11,213144,0.95,5601829334.0
VEU,64.9,2026-10-01,Vanguard FTSE All World Ex US ETF,Equity,82.48,2572925,-0.33,96170019700.0
WRN,64.9,2026-10-01,Western Copper and Gold Corporation,Non-energy minerals,2.15,1415580,-2.71,485111918.0
FELE,64.9,2026-10-01,"Franklin Electric Co., Inc.",Producer manufacturing,96.47,179448,0.86,4265079836.0
DNLI,64.9,2026-10-01,Denali Therapeutics Inc.,Health technology,20.53,1939709,-0.1,3258310901.0
UVSP,64.9,2026-10-01,Univest Financial Corporation,Finance,41.22,305988,1.05,1136880576.0
IAUI,64.9,2026-10-01,NEOS Gold High Income ETF,Commodities,48.41,154001,0.08,111117498.0
ERIE,64.9,2026-10-01,Erie Indemnity Company,Finance,222.11,134783,0.41,10259061001.0
OBE,64.8,2026-10-01,Obsidian Energy Ltd.,Energy minerals,10.44,634135,0.97,697149458.0
TPL,64.8,2026-10-01,Texas Pacific Land Corporation,Miscellaneous,336.46,348835,3.21,23207126624.0
RICK,64.8,2026-10-01,"RCI Hospitality Holdings, Inc.",Consumer services,26.98,42493,-0.04,206248610.0
IAPR,64.8,2026-10-01,Innovator International Developed Power Buffer ETF April,Alternatives,33.28,5842,0.12,201497596.0
MAC,64.8,2026-10-01,Macerich Company (The),Finance,22.54,4137986,0.94,6706988313.0
SHBI,64.8,2026-10-01,"Shore Bancshares, Inc.",Finance,22.7,270411,1.43,759448930.0
ELE,64.8,2026-10-01,Elemental Royalty Corporation,Non-energy minerals,18.37,322349,-3.82,1182716261.0
FMNB,64.8,2026-10-01,Farmers National Banc Corp.,Finance,15.15,376782,1.0,673687670.0
AEM,64.8,2026-10-01,Agnico Eagle Mines Limited,Non-energy minerals,180.59,1804403,-1.49,91444430790.0
HEDJ,64.8,2026-10-01,WisdomTree Europe Hedged Equity Fund,Equity,54.95,22962,-0.45,1852277078.0
CI,64.8,2026-10-01,The Cigna Group,Health services,267.96,1970355,-2.9,70805880629.0
BUSE,64.8,2026-10-01,First Busey Corporation,Finance,29.46,1022243,1.34,2491644312.0
FMDE,64.8,2026-10-01,Fidelity Enhanced Mid Cap ETF,Equity,40.7,1000640,0.49,7604072503.0
WYFI,64.8,2026-10-01,"WhiteFiber, Inc.",Technology services,17.48,1609502,-3.69,674976496.0
V,64.8,2026-10-01,Visa Inc.,Finance,359.85,5219864,0.42,671856938878.0
IAU,64.8,2026-10-01,iShares Gold Trust Shares,Commodities,78.47,4341425,0.23,64469895484.0
FSS,64.8,2026-10-01,Federal Signal Corporation,Consumer durables,112.17,531322,1.63,6847036272.0
UMH,64.8,2026-10-01,"UMH Properties, Inc.",Finance,15.33,709642,-0.39,1305597769.0
STRZ,64.8,2026-10-01,Starz Entertainment Corp.,Consumer services,22.85,431035,-3.51,383636990.0
NMR,64.8,2026-10-01,Nomura Holdings Inc,Finance,9.74,762800,0.1,28466048505.0
DBD,64.8,2026-10-01,Diebold Nixdorf Incorporated,Electronic technology,63.18,333335,2.68,2144745430.0
MDB,64.8,2026-10-01,"MongoDB, Inc.",Technology services,351.73,2616825,-0.21,28290321684.0
PFLT,64.8,2026-10-01,PennantPark Floating Rate Capital Ltd.,Miscellaneous,6.97,1267896,1.01,691548735.0
FRBA,64.8,2026-10-01,First Bank,Finance,17.51,183123,1.98,440103344.0
CCS,64.8,2026-10-01,"Century Communities, Inc.",Consumer durables,60.16,243333,0.35,1710523264.0
VMSB,64.8,2026-10-01,Voya Multi-Sector Income ETF,Fixed income,47.52,169,0.44,5375568474.0
SIVR,64.8,2026-10-01,abrdn Physical Silver Shares ETF,Commodities,57.86,2570793,-0.14,5563221673.0
CLW,64.8,2026-10-01,Clearwater Paper Corporation,Process industries,19.45,132888,1.51,313685010.0
SW,64.8,2026-10-01,Smurfit WestRock plc,Process industries,43.04,5184218,-1.44,22575465616.0
SILJ,64.8,2026-10-01,Amplify Junior Silver Miners ETF,Equity,27.11,3194869,-0.62,4053650989.0
EBC,64.8,2026-10-01,"Eastern Bankshares, Inc.",Finance,21.08,2282288,1.49,4872494440.0
FNY,64.8,2026-10-01,First Trust Mid Cap Growth AlphaDEX Fund,Equity,99.22,61767,0.34,634371937.0
PAVE,64.8,2026-10-01,Global X U.S. Infrastructure Development ETF,Equity,53.04,1333911,1.22,14825842028.0
AU,64.7,2026-10-01,AngloGold Ashanti PLC,Non-energy minerals,94.2,1727796,-0.36,47641287142.0
BJRI,64.7,2026-10-01,"BJ's Restaurants, Inc.",Consumer services,59.25,470426,1.18,1245252747.0
MO,64.7,2026-10-01,"Altria Group, Inc.",Consumer non-durables,66.95,5932095,-0.79,111789358189.0
ONB,64.7,2026-10-01,Old National Bancorp,Finance,24.98,8308155,2.34,9556598600.0
CVIE,64.7,2026-10-01,Calvert International Responsible Index ETF,Equity,82.46,38654,-0.53,429454618.0
WLKP,64.7,2026-10-01,Westlake Chemical Partners LP,Process industries,21.26,47669,0.52,749327388.0
HYMC,64.7,2026-10-01,Hycroft Mining Holding Corporation,Non-energy minerals,18.93,1569744,-0.32,1763929221.0
NXST,64.7,2026-10-01,"Nexstar Media Group, Inc.",Consumer services,158.61,339132,-2.45,4843785239.0
FLTR,64.7,2026-10-01,VanEck IG Floating Rate ETF,Fixed income,25.51,2328903,0.0,2828437701.0
DGNX,64.7,2026-10-01,Diginex Limited,Technology services,1.2,145537,2.56,34921128.0
IHS,64.7,2026-10-01,IHS Holding Limited,Industrial services,8.35,2892975,-0.12,2811202850.0
IIIV,64.7,2026-10-01,"i3 Verticals, Inc.",Technology services,14.46,631976,4.1,345431106.0
ACIW,64.7,2026-10-01,"ACI Worldwide, Inc.",Technology services,49.69,723938,0.83,5051563413.0
SVM,64.7,2026-10-01,Silvercorp Metals Inc.,Non-energy minerals,10.63,1679026,-0.09,2351387890.0
ULTY,64.7,2026-10-01,YieldMax Ultra Option Income Strategy ETF,Equity,25.37,480639,-0.2,1753970177.0
CNC,64.7,2026-10-01,Centene Corporation,Health services,60.99,5302651,-1.34,30113935200.0
ROIV,64.7,2026-10-01,Roivant Sciences Ltd.,Health technology,35.5,3258237,-2.34,25645413000.0
ADM,64.7,2026-10-01,Archer-Daniels-Midland Company,Process industries,79.52,2225417,0.51,38325220640.0
PPG,64.7,2026-10-01,"PPG Industries, Inc.",Process industries,104.67,1895463,1.2,23269697414.0
VYX,64.7,2026-10-01,NCR Voyix Corporation,Technology services,6.84,2712352,-1.58,942601077.0
CIGI,64.7,2026-10-01,Colliers International Group Inc. - Subordinate Voting Shares,Finance,91.47,290333,1.48,4553202807.0
SNDR,64.7,2026-10-01,"Schneider National, Inc.",Transportation,32.31,674251,2.05,5659112429.0
DRIV,64.7,2026-10-01,Global X Autonomous & Electric Vehicles ETF,Equity,33.05,21852,-0.12,329336020.0
AEP,64.7,2026-10-01,"American Electric Power Company, Inc.",Utilities,119.75,4138620,1.28,65191540750.0
REI,64.7,2026-10-01,"Ring Energy, Inc.",Energy minerals,1.32,1660335,1.54,343912281.0
FEMS,64.7,2026-10-01,First Trust Emerging Markets Small Cap AlphaDEX Fund,Equity,43.97,11648,-0.72,262945673.0
BBW,64.7,2026-10-01,"Build-A-Bear Workshop, Inc.",Retail trade,25.41,452538,0.91,318575334.0
CAVA,64.7,2026-10-01,"CAVA Group, Inc.",Consumer services,54.4,3846979,0.15,6333265811.0
CAIE,64.7,2026-10-01,Calamos Autocallable Income ETF,Alternatives,26.41,1485046,0.04,1192961855.0
XE,64.7,2026-10-01,"X-Energy, Inc. Class A Common Stock",Producer manufacturing,13.95,5037446,-1.55,306186011.0
BEAG,64.7,2026-10-01,Bold Eagle Acquisition Corp.,Finance,10.68,648488,0.0,334476251.0
BUYW,64.7,2026-10-01,Main BuyWrite ETF,Equity,14.46,323860,-0.07,1255608734.0
MXI,64.7,2026-10-01,iShares Global Materials ETF,Equity,106.12,9175,-0.24,240210557.0
VFQY,64.7,2026-10-01,Vanguard U.S. Quality Factor ETF,Equity,171.6,7132,0.36,489204928.0
PSMT,64.7,2026-10-01,"PriceSmart, Inc.",Retail trade,167.64,209557,-0.4,5173458243.0
BHB,64.7,2026-10-01,"Bar Harbor Bankshares, Inc.",Finance,38.87,99822,0.99,650765427.0
XHB,64.7,2026-10-01,State Street SPDR S&P Homebuilders ETF,Equity,96.78,2472153,1.29,1467418095.0
BORR,64.7,2026-10-01,Borr Drilling Limited,Industrial services,4.05,6093395,3.32,1246189374.0
BOIL,64.7,2026-10-01,ProShares Ultra Bloomberg Natural Gas,Commodities,18.84,7840971,-3.43,240160650.0
OFRM,64.7,2026-10-01,"Once Upon a Farm, PBC",Consumer non-durables,16.05,723435,2.75,673949981.0
SMR,64.6,2026-10-01,NuScale Power Corporation,Producer manufacturing,7.79,30394900,-1.64,2322806137.0
JMEE,64.6,2026-10-01,JPMorgan Small & Mid Cap Enhanced Equity ETF,Equity,74.32,131279,1.09,2964606938.0
BNS,64.6,2026-10-01,Bank Nova Scotia Halifax Pfd 3,Finance,90.67,2074568,0.13,110535206194.0
RWT,64.6,2026-10-01,"Redwood Trust, Inc.",Finance,3.65,4272034,-6.17,458465532.0
NXT,64.6,2026-10-01,Nextpower Inc.,Electronic technology,79.48,2249219,0.88,12053401105.0
SWK,64.6,2026-10-01,"Stanley Black & Decker, Inc.",Consumer durables,89.59,1636309,1.81,13529613030.0
FANG,64.6,2026-10-01,"Diamondback Energy, Inc.",Energy minerals,185.51,1864179,1.26,52186374630.0
SGOL,64.6,2026-10-01,abrdn Physical Gold Shares ETF,Commodities,39.74,3258173,0.2,7275281118.0
CTNM,64.6,2026-10-01,"Contineum Therapeutics, Inc.",Health technology,12.99,773990,-2.33,488698466.0
ROKU,64.6,2026-10-01,"Roku, Inc.",Technology services,151.26,1893643,-0.62,22438235273.0
ORRF,64.6,2026-10-01,"Orrstown Financial Services, Inc.",Finance,41.03,111804,1.11,806149726.0
MAPS,64.6,2026-10-01,"WM Technology, Inc.",Technology services,0.3452,55510,-4.11,38447096.0
BWA,64.6,2026-10-01,BorgWarner Inc.,Producer manufacturing,60.38,1876631,0.75,12384843700.0
BBAI,64.6,2026-10-01,"BigBear.ai, Inc.",Technology services,2.74,22332035,2.62,1313814842.0
KRP,64.6,2026-10-01,Kimbell Royalty Partners,Miscellaneous,14.46,969761,0.98,1426511795.0
MAGN,64.6,2026-10-01,Magnera Corporation,Process industries,11.32,357846,-0.44,402992000.0
PFGC,64.6,2026-10-01,Performance Food Group Company,Transportation,91.84,1164148,0.78,14427145600.0
BABX,64.6,2026-10-01,GraniteShares 2x Long BABA Daily ETF,Equity,16.22,502768,-0.67,109153577.0
KJAN,64.6,2026-10-01,Innovator U.S. Small Cap Power Buffer ETF - January,Alternatives,45.62,7654,0.68,337372954.0
SDRL,64.6,2026-10-01,Seadrill Limited,Industrial services,45.06,555284,0.81,2817624690.0
THD,64.5,2026-10-01,iShares MSCI Thailand ETF,Equity,70.69,100786,0.13,272531084.0
BKUI,64.5,2026-10-01,BNY Mellon Ultra Short Income ETF,Fixed income,49.52,32676,0.04,234767041.0
VFMF,64.5,2026-10-01,Vanguard U.S. Multifactor ETF,Equity,180.48,80846,0.75,720393097.0
RAA,64.5,2026-10-01,SMI 3Fourteen REAL Asset Allocation ETF,Asset allocation,30.01,99901,0.44,610009520.0
GRO,64.5,2026-10-01,Brazil Potash Corp.,Non-energy minerals,2.11,116863,-3.21,129332269.0
LEVI,64.5,2026-10-01,Levi Strauss & Co,Consumer non-durables,19.92,3456993,2.68,7794172980.0
THO,64.5,2026-10-01,"Thor Industries, Inc.",Consumer durables,69.05,834062,0.25,3594561606.0
SCUS,64.5,2026-10-01,Schwab Ultra-Short Income ETF,Fixed income,25.04,152829,0.04,249174241.0
TRST,64.5,2026-10-01,TrustCo Bank Corp NY,Finance,54.75,111962,1.22,932283000.0
EZPW,64.5,2026-10-01,"EZCORP, Inc.",Finance,30.06,623888,2.14,1760488158.0
LH,64.5,2026-10-01,Labcorp Holdings Inc.,Health services,304.6,558645,-0.46,24977200000.0
TAP,64.5,2026-10-01,Molson Coors Beverage Company,Consumer non-durables,37.11,3133549,2.09,6960031044.0
AS,64.5,2026-10-01,"Amer Sports, Inc.",Consumer durables,27.08,4303195,-0.44,15659600344.0
BDC,64.5,2026-10-01,Belden Inc,Producer manufacturing,108.28,384765,0.19,4231386521.0
MTDR,64.5,2026-10-01,Matador Resources Company,Energy minerals,52.96,1592204,1.61,6576478902.0
ALV,64.5,2026-10-01,"Autoliv, Inc.",Producer manufacturing,113.07,654772,1.29,8280932126.0
PHM,64.5,2026-10-01,"PulteGroup, Inc.",Consumer durables,116.35,2354803,1.42,22456806231.0
NAMM,64.5,2026-10-01,Namib Minerals,Non-energy minerals,1.3,26881099,25.0,70827454.0
MA,64.5,2026-10-01,Mastercard Incorporated,Finance,550.0,2875699,-0.18,482369800000.0
JBI,64.5,2026-10-01,"Janus International Group, Inc.",Producer manufacturing,4.17,1872844,1.96,568756554.0
YUM,64.5,2026-10-01,"Yum! Brands, Inc.",Consumer services,136.69,1744043,-0.15,37696684170.0
BBLU,64.5,2026-10-01,EA Bridgeway Blue Chip ETF,Equity,17.09,111034,-0.35,459918935.0
MAMA,64.5,2026-10-01,"Mama's Creations, Inc.",Consumer non-durables,12.81,651082,-0.62,595630285.0
AAAU,64.5,2026-10-01,Goldman Sachs Physical Gold ETF Shares,Commodities,41.15,2016392,0.27,2589615368.0
KRYS,64.5,2026-10-01,"Krystal Biotech, Inc.",Health technology,325.31,225686,-2.17,9590073738.0
SUPX,64.5,2026-10-01,SuperX AI Technology Limited,Commercial services,6.79,275226,1.34,213984385.0
LZM,64.4,2026-10-01,Lifezone Metals Limited,Non-energy minerals,3.75,356629,0.81,337179593.0
HOLA,64.4,2026-10-01,JPMorgan International Hedged Equity Laddered Overlay ETF,Equity,54.91,17092,-0.18,281346292.0
VAL,64.4,2026-10-01,Valaris Limited,Industrial services,79.56,1461779,1.18,5509671617.0
AGYS,64.4,2026-10-01,"Agilysys, Inc.",Technology services,100.31,377080,1.56,2829322594.0
FMBH,64.4,2026-10-01,"First Mid Bancshares, Inc.",Finance,49.28,151837,1.29,1311626624.0
FPAG,64.4,2026-10-01,FPA Global Equity ETF,Equity,40.54,23624,-0.54,470473939.0
COLD,64.4,2026-10-01,"Americold Realty Trust, Inc.",Finance,13.81,3182763,-1.15,3940075860.0
MSCI,64.4,2026-10-01,MSCI Inc.,Commercial services,545.39,550373,0.58,39649853000.0
AVDS,64.4,2026-10-01,Avantis International Small Cap Equity ETF,Equity,77.39,24168,0.03,176653429.0
UAA,64.4,2026-10-01,"Under Armour, Inc.",Consumer non-durables,4.64,16388046,5.22,1979381191.0
MGNX,64.4,2026-10-01,"MacroGenics, Inc.",Health technology,3.6,656624,-6.49,228827160.0
RDVY,64.4,2026-10-01,First Trust Rising Dividend Achievers ETF,Equity,79.19,1455592,0.52,25011978774.0
BFST,64.4,2026-10-01,"Business First Bancshares, Inc.",Finance,30.46,305959,1.91,995370905.0
AVGE,64.4,2026-10-01,Avantis All Equity Markets ETF,Equity,98.54,100639,-0.02,1066088064.0
ARGX,64.4,2026-10-01,argenx SE,Health technology,936.0,302243,-2.22,58207753656.0
PACK,64.4,2026-10-01,Ranpak Holdings Corp,Process industries,4.07,507273,-1.69,349036228.0
DOV,64.4,2026-10-01,Dover Corporation,Producer manufacturing,188.06,1234201,0.97,25327920800.0
MNDY,64.4,2026-10-01,monday.com Ltd.,Technology services,80.31,1108289,-1.3,3395034497.0
EVTC,64.4,2026-10-01,"Evertec, Inc.",Commercial services,27.39,366656,0.74,1687780017.0
DRVN,64.4,2026-10-01,Driven Brands Holdings Inc.,Consumer services,11.61,1155307,-2.11,1915138742.0
GMED,64.4,2026-10-01,"Globus Medical, Inc.",Health technology,74.41,1440930,-0.27,10035249140.0
MVBF,64.4,2026-10-01,MVB Financial Corp.,Finance,29.79,96321,2.16,382798521.0
XPRO,64.3,2026-10-01,Expro Group Holdings N.V.,Energy minerals,16.3,818696,3.36,1831291129.0
SEZL,64.3,2026-10-01,Sezzle Inc.,Technology services,109.72,369208,1.55,3689388280.0
PEJ,64.3,2026-10-01,Invesco Leisure and Entertainment ETF,Equity,61.82,19459,-0.08,336877241.0
CIVB,64.3,2026-10-01,"Civista Bancshares, Inc.",Finance,26.57,76635,1.14,552212281.0
SOUN,64.3,2026-10-01,"SoundHound AI, Inc.",Technology services,6.05,13696750,0.0,2635828765.0
EWH,64.3,2026-10-01,iShares MSCI Hong Kong Index Fund,Equity,22.16,2847593,0.09,904692158.0
TD,64.3,2026-10-01,Toronto Dominion Bank (The),Finance,117.61,1559022,0.36,198702095000.0
TILE,64.3,2026-10-01,"Interface, Inc.",Producer manufacturing,34.45,467488,0.73,2000035814.0
ENIC,64.3,2026-10-01,Enel Chile S.A.,Utilities,4.13,515452,-1.67,5713157625.0
OXSQ,64.3,2026-10-01,Oxford Square Capital Corp.,Miscellaneous,1.29,1220889,0.78,135524820.0
BABA,64.3,2026-10-01,Alibaba Group Holding Limited,Retail trade,107.45,6962909,-0.52,257543908972.0
VFMV,64.3,2026-10-01,Vanguard U.S. Minimum Volatility ETF,Equity,141.95,15425,0.39,354663184.0
OKLO,64.3,2026-10-01,Oklo Inc.,Producer manufacturing,36.14,8446282,-1.66,6288034270.0
TRMK,64.3,2026-10-01,Trustmark Corporation,Finance,45.08,335983,1.05,2641940448.0
HEI,64.3,2026-10-01,Heico Corporation,Electronic technology,306.39,347899,1.34,42686153691.0
LMND,64.3,2026-10-01,"Lemonade, Inc.",Finance,46.76,996637,2.81,3592140608.0
MBX,64.3,2026-10-01,"MBX Biosciences, Inc.",Health technology,56.55,434069,-3.28,2691640548.0
WDS,64.3,2026-10-01,Woodside Energy Group Limited,Energy minerals,21.8,790804,0.93,41328800790.0
LIVN,64.3,2026-10-01,LivaNova PLC,Health technology,74.7,751825,-2.28,4103535289.0
FCCO,64.3,2026-10-01,First Community Corporation,Finance,32.47,26380,1.31,305151761.0
ZECP,64.3,2026-10-01,Zacks Earnings Consistent Portfolio ETF,Equity,37.12,89738,-0.43,359823776.0
FXNC,64.3,2026-10-01,First National Corporation,Finance,29.63,14205,1.75,267883941.0
IDA,64.3,2026-10-01,"IDACORP, Inc.",Utilities,131.86,926067,1.27,7627046120.0
SAMT,64.3,2026-10-01,Strategas Macro Thematic Opportunities ETF,Equity,41.81,141273,0.14,274949414.0
CTBI,64.3,2026-10-01,"Community Trust Bancorp, Inc.",Finance,75.25,143879,1.66,1366818425.0
FUTU,64.3,2026-10-01,Futu Holdings Limited,Finance,106.43,916531,-3.77,14853189550.0
GLTR,64.3,2026-10-01,abrdn Physical Precious Metals Basket Shares ETF,Commodities,187.48,59978,0.09,2091591406.0
AAUC,64.3,2026-10-01,Allied Gold Corporation,Non-energy minerals,20.29,558920,-2.69,2567656688.0
ANPA,64.2,2026-10-01,Rich Sparkle Holdings Limited,Commercial services,2.06,14221,0.98,31109615.0
BY,64.2,2026-10-01,"Byline Bancorp, Inc.",Finance,37.19,359914,2.17,1688771867.0
HL,64.2,2026-10-01,Hecla Mining Company,Non-energy minerals,17.0,23712993,0.41,11402104000.0
FND,64.2,2026-10-01,"Floor & Decor Holdings, Inc.",Retail trade,46.03,3310077,0.81,4901734700.0
SEIV,64.2,2026-10-01,SEI Enhanced U.S. Large Cap Value Factor ETF,Equity,49.46,120525,0.26,971082034.0
HOPE,64.2,2026-10-01,"Hope Bancorp, Inc.",Finance,13.5,1151992,1.81,1725826500.0
STBA,64.2,2026-10-01,"S&T Bancorp, Inc.",Finance,49.01,263677,1.96,1728334562.0
MUSA,64.2,2026-10-01,Murphy USA Inc.,Retail trade,511.37,177573,1.43,9445361859.0
RGP,64.2,2026-10-01,"Resources Connection, Inc.",Commercial services,3.83,325813,1.59,131918988.0
LIFE,64.2,2026-10-01,Ethos Technologies Inc.,Technology services,32.57,3546628,-0.97,2067175722.0
PKG,64.2,2026-10-01,Packaging Corporation of America,Process industries,229.71,610978,0.96,20469523162.0
WEAT,64.2,2026-10-01,Teucrium Wheat Fund ETV,Commodities,24.72,503581,0.0,150867325.0
FFLC,64.2,2026-10-01,Fidelity Fundamental Large Cap Core ETF,Equity,59.06,571280,-0.2,1219955837.0
BSX,64.2,2026-10-01,Boston Scientific Corporation,Health technology,43.23,17645162,-0.64,64255342800.0
FAN,64.2,2026-10-01,First Trust Global Wind Energy ETF,Equity,22.49,36958,-0.22,308605653.0
EPOL,64.2,2026-10-01,iShares MSCI Poland ETF,Equity,43.25,710143,-0.98,690725247.0
WSO,64.2,2026-10-01,"Watsco, Inc.",Producer manufacturing,301.15,354225,-0.51,12403850221.0
CELH,64.2,2026-10-01,"Celsius Holdings, Inc.",Consumer non-durables,27.41,5560507,-0.15,7007102268.0
T,64.2,2026-10-01,AT&T Inc.,Communications,24.3,26826987,-0.41,166581600900.0
PAGS,64.2,2026-10-01,PagSeguro Digital Ltd.,Commercial services,8.87,2769801,-1.0,2564204626.0
CURE,64.2,2026-10-01,Direxion Daily Healthcare Bull 3X Shares,Equity,124.04,80251,-3.47,190326350.0
IBTG,64.2,2026-10-01,iShares iBonds Dec 2026 Term Treasury ETF,Fixed income,22.82,796276,0.04,2310827720.0
FNDC,64.2,2026-10-01,Schwab Fundamental International Small Equity ETF,Equity,49.48,67281,-0.42,3064036661.0
GDMN,64.2,2026-10-01,WisdomTree Efficient Gold Plus Gold Miners Strategy Fund,Asset allocation,82.3,25166,-1.03,173076763.0
EW,64.2,2026-10-01,Edwards Lifesciences Corporation,Health technology,85.19,3084423,-0.93,49052402000.0
SLVP,64.2,2026-10-01,iShares MSCI Global Silver Miners Fund,Equity,34.85,125014,-0.17,981514251.0
BEN,64.2,2026-10-01,"Franklin Resources, Inc.",Finance,32.5,5293212,1.4,16888202468.0
ACI,64.2,2026-10-01,"Albertsons Companies, Inc.",Retail trade,11.72,5978246,1.3,5688020720.0
ARKX,64.1,2026-10-01,ARK Space & Defense Innovation ETF,Equity,31.97,718106,-0.22,525772778.0
SII,64.1,2026-10-01,Sprott Inc.,Finance,115.67,157359,-3.0,2982271144.0
NWBI,64.1,2026-10-01,"Northwest Bancshares, Inc.",Finance,14.99,1097779,1.63,2194483700.0
BUXX,64.1,2026-10-01,Strive Enhanced Income Short Maturity ETF,Fixed income,20.17,291004,0.15,321054328.0
CLOV,64.1,2026-10-01,"Clover Health Investments, Corp.",Finance,4.23,3575829,-0.47,2192226958.0
CLNE,64.1,2026-10-01,Clean Energy Fuels Corp.,Utilities,1.57,776613,0.0,345752675.0
MSA,64.1,2026-10-01,MSA Safety Incorporated,Consumer durables,179.03,178047,0.37,6911292023.0
NWS,64.1,2026-10-01,News Corporation,Consumer services,31.45,1250531,-1.01,17215651973.0
FSM,64.1,2026-10-01,Fortuna Mining Corp.,Non-energy minerals,11.17,5354823,-0.36,3384034013.0
NNOX,64.1,2026-10-01,NANO-X IMAGING LTD,Health technology,0.6623,713537,-5.39,46096599.0
AIOT,64.1,2026-10-01,"PowerFleet, Inc.",Electronic technology,2.8,1447424,-1.41,375832570.0
OSBC,64.1,2026-10-01,"Old Second Bancorp, Inc.",Finance,24.63,711117,1.03,1266780012.0
SHV,64.1,2026-10-01,iShares 0-1 Year Treasury Bond ETF,Fixed income,110.05,6011036,0.01,20982644493.0
NANR,64.1,2026-10-01,State Street SPDR S&P North American Natural Resources ETF,Equity,84.28,17271,0.66,795731162.0
CSWC,64.1,2026-10-01,Capital Southwest Corporation,Miscellaneous,23.3,478280,1.08,1447878310.0
DRD,64.1,2026-10-01,DRDGOLD Limited,Non-energy minerals,24.24,232797,0.17,2094730361.0
QCRH,64.1,2026-10-01,"QCR Holdings, Inc.",Finance,99.26,143076,1.86,1638762649.0
AMCX,64.1,2026-10-01,AMC Networks Inc.,Consumer services,11.22,943343,-3.44,364013871.0
CVLG,64.1,2026-10-01,"Covenant Logistics Group, Inc.",Transportation,33.08,150256,2.07,832180295.0
USCB,64.1,2026-10-01,"USCB Financial Holdings, Inc.",Finance,22.07,55471,1.56,403084273.0
IMO,64.1,2026-10-01,Imperial Oil Limited,Energy minerals,124.53,696176,2.06,61007705146.0
RYAN,64.1,2026-10-01,"Ryan Specialty Holdings, Inc.",Finance,38.39,2039919,3.59,4970276482.0
VXUS,64.1,2026-10-01,Vanguard Total International Stock ETF,Equity,84.46,6354476,-0.33,664383889071.0
ACTG,64.1,2026-10-01,Acacia Research Corporation,Commercial services,4.36,254252,1.4,421128476.0
NN,64.1,2026-10-01,NextNav Inc.,Technology services,13.76,2389562,-4.64,1877372281.0
ANDE,64.1,2026-10-01,"The Andersons, Inc.",Commercial services,65.49,248191,0.15,2230203009.0
TROO,64.1,2026-10-01,"TROOPS, Inc.",Finance,1.78,241049,-2.73,217444800.0
CCCC,64.1,2026-10-01,"C4 Therapeutics, Inc.",Health technology,3.14,1891628,-5.14,347180380.0
AGX,64.0,2026-10-01,"Argan, Inc.",Industrial services,379.58,293134,0.51,5321425776.0
MTA,64.0,2026-10-01,Metalla Royalty & Streaming Ltd.,Finance,9.27,342171,-1.7,866214756.0
FBNC,64.0,2026-10-01,First Bancorp,Finance,61.57,214372,1.38,2547483378.0
NTWO,64.0,2026-10-01,Newbury Street II Acquisition Corp,Finance,10.83,1218269,-0.09,194882805.0
UAN,64.0,2026-10-01,"CVR Partners, LP",Process industries,124.58,59191,-0.33,1316760768.0
DAR,64.0,2026-10-01,Darling Ingredients Inc.,Consumer non-durables,61.64,2584288,2.6,9799438820.0
IVZ,64.0,2026-10-01,Invesco Ltd,Finance,30.42,5073396,0.93,13485094740.0
CNM,64.0,2026-10-01,"Core & Main, Inc.",Distribution services,41.38,1899673,0.19,7746039347.0
ORMP,64.0,2026-10-01,Oramed Pharmaceuticals Inc.,Health technology,4.48,272600,-3.66,183348843.0
IBM,64.0,2026-10-01,International Business Machines Corporation,Technology services,225.62,8752095,-2.23,212564273080.0
APLD,64.0,2026-10-01,Applied Digital Corporation,Technology services,24.16,17210382,-1.15,6955267848.0
CMCO,64.0,2026-10-01,Columbus McKinnon Corporation,Producer manufacturing,15.94,356243,0.89,459444278.0
KEP,64.0,2026-10-01,Korea Electric Power Corporation,Utilities,10.97,767555,-0.09,14084690160.0
OSIS,64.0,2026-10-01,"OSI Systems, Inc.",Electronic technology,196.62,174917,0.83,3240865832.0
STLD,64.0,2026-10-01,"Steel Dynamics, Inc.",Non-energy minerals,226.17,1065799,1.88,32416515698.0
NOG,64.0,2026-10-01,"Northern Oil and Gas, Inc.",Energy minerals,23.52,2526772,3.48,2558603302.0
HUT,64.0,2026-10-01,Hut 8 Corp.,Technology services,86.36,4715806,0.47,9723627253.0
GAIN,64.0,2026-10-01,Gladstone Investment Corporation - Business Development Company,Miscellaneous,15.74,114242,1.48,626798280.0
DFAW,64.0,2026-10-01,Dimensional World Equity ETF,Equity,83.08,87975,0.1,1483141337.0
ECVT,64.0,2026-10-01,Ecovyst Inc.,Process industries,9.96,1183031,2.05,1090156701.0
MSI,64.0,2026-10-01,"Motorola Solutions, Inc.",Electronic technology,448.03,695933,0.23,74396917260.0
WMS,64.0,2026-10-01,"Advanced Drainage Systems, Inc.",Producer manufacturing,126.86,538730,0.34,9723233161.0
VET,64.0,2026-10-01,Vermilion Energy Inc.,Energy minerals,11.6,998907,2.56,1772480000.0
LEE,64.0,2026-10-01,"Lee Enterprises, Incorporated",Consumer services,6.84,24166,-1.58,152052516.0
SFLO,64.0,2026-10-01,VictoryShares Small Cap Free Cash Flow ETF,Equity,37.66,249720,0.97,629510235.0
SLV,64.0,2026-10-01,iShares Silver Trust,Commodities,55.02,11953834,-0.16,30911996100.0
FSUN,64.0,2026-10-01,FirstSun Capital Bancorp,Finance,38.8,414269,1.02,1814498839.0
PATH,64.0,2026-10-01,"UiPath, Inc.",Technology services,13.32,42452426,1.91,7085062139.0
VIRT,64.0,2026-10-01,"Virtu Financial, Inc.",Finance,55.62,1576726,2.3,11840905202.0
IDMO,64.0,2026-10-01,Invesco S&P International Developed Momentum ETF,Equity,60.6,289208,-0.35,4254108387.0
ESEA,64.0,2026-10-01,Euroseas Ltd.,Transportation,70.51,41396,-1.14,497474914.0
GTN,64.0,2026-10-01,"Gray Media, Inc.",Consumer services,4.51,1045452,-0.44,440456256.0
DLX,64.0,2026-10-01,Deluxe Corporation,Commercial services,22.94,351414,-2.47,1050286359.0
GANX,64.0,2026-10-01,"Gain Therapeutics, Inc.",Health technology,1.72,493027,-0.58,73364945.0
XTN,64.0,2026-10-01,State Street SPDR S&P Transportation ETF,Equity,99.15,31622,1.29,165946625.0
NTB,64.0,2026-10-01,Bank of N.T. Butterfield & Son Limited (The) Voting,Finance,58.32,217349,1.25,2310089084.0
FCNCA,64.0,2026-10-01,"First Citizens BancShares, Inc.",Finance,2073.5,79620,0.85,23618006841.0
TWFG,64.0,2026-10-01,"TWFG, Inc.",Finance,24.75,242258,3.6,321678522.0
TFPM,64.0,2026-10-01,Triple Flag Precious Metals Corp.,Non-energy minerals,30.44,357005,-1.01,6289023081.0
AG,64.0,2026-10-01,First Majestic Silver Corp.,Non-energy minerals,17.66,8254454,0.0,8706874480.0
FVAL,63.9,2026-10-01,Fidelity Value Factor ETF,Equity,81.08,36959,-0.02,1286216378.0
HTHT,63.9,2026-10-01,H World Group Limited,Consumer services,42.04,828973,-1.31,12912677984.0
ZIP,63.9,2026-10-01,"ZipRecruiter, Inc.",Technology services,3.56,569165,0.85,307112072.0
TSME,63.9,2026-10-01,Thrivent Small-Mid Cap ESG ETF,Equity,45.97,87608,1.26,648135142.0
OSEA,63.9,2026-10-01,Harbor International Compounders ETF,Equity,29.11,64509,-0.95,490185247.0
PAAS,63.9,2026-10-01,Pan American Silver Corp.,Non-energy minerals,44.98,2928487,-0.86,18952323000.0
TR,63.9,2026-10-01,"Tootsie Roll Industries, Inc.",Consumer non-durables,37.84,176600,0.91,2840645130.0
USAS,63.9,2026-10-01,Americas Gold and Silver Corporation,Non-energy minerals,4.4,2684849,0.69,1485188263.0
NOMD,63.9,2026-10-01,Nomad Foods Limited,Consumer non-durables,10.81,2046240,5.46,1511140710.0
IYJ,63.9,2026-10-01,iShares U.S. Industrials ETF,Equity,155.03,157872,0.78,1977541684.0
AHCO,63.9,2026-10-01,AdaptHealth Corp.,Health services,5.68,2027931,0.53,772786720.0
SGMT,63.9,2026-10-01,Sagimet Biosciences Inc. - Series A,Health technology,9.37,2008385,-2.7,305291438.0
SSNC,63.9,2026-10-01,"SS&C Technologies Holdings, Inc.",Technology services,78.44,1137404,0.56,18406338357.0
KSTR,63.9,2026-10-01,KraneShares SSE STAR Market 50 Index ETF,Equity,22.19,581940,0.05,59434291.0
LASR,63.9,2026-10-01,"nLIGHT, Inc.",Electronic technology,39.93,581421,1.01,2252399391.0
APIE,63.9,2026-10-01,ActivePassive International Equity ETF,Equity,38.23,45304,-0.65,1071585564.0
SLVR,63.9,2026-10-01,Sprott Silver Miners & Physical Silver ETF,Equity,54.35,89038,-0.4,924418561.0
AVDV,63.9,2026-10-01,Avantis International Small Cap Value ETF,Equity,108.06,577103,-0.42,19830594884.0
ASTE,63.9,2026-10-01,"Astec Industries, Inc.",Producer manufacturing,40.68,180732,1.7,935340188.0
ARBE,63.8,2026-10-01,Arbe Robotics Ltd.,Producer manufacturing,0.592,1321603,-4.52,72608648.0
RBCAA,63.8,2026-10-01,"Republic Bancorp, Inc.",Finance,92.21,103600,0.93,1611921903.0
MFUS,63.8,2026-10-01,PIMCO RAFI Dynamic Multi-Factor U.S. Equity ETF,Equity,64.87,8869,0.62,298244141.0
MED,63.8,2026-10-01,MEDIFAST INC,Commercial services,11.43,123170,-0.09,127091473.0
GSBC,63.8,2026-10-01,"Great Southern Bancorp, Inc.",Finance,78.11,157634,1.17,850867852.0
SSD,63.8,2026-10-01,"Simpson Manufacturing Company, Inc.",Producer manufacturing,172.59,294949,1.52,7100059197.0
BFAM,63.8,2026-10-01,Bright Horizons Family Solutions Inc.,Commercial services,64.83,639080,0.68,3410492361.0
NWFL,63.8,2026-10-01,Norwood Financial Corp.,Finance,33.22,27452,1.1,361789054.0
PLOW,63.8,2026-10-01,"Douglas Dynamics, Inc.",Producer manufacturing,39.7,194524,1.85,918070122.0
LNN,63.8,2026-10-01,Lindsay Corporation,Producer manufacturing,112.38,155279,0.66,1142780982.0
DIS,63.8,2026-10-01,Walt Disney Company (The),Consumer services,101.33,9209442,-3.03,176012653600.0
STIP,63.8,2026-10-01,iShares 0-5 Year TIPS Bond ETF,Fixed income,100.03,961530,0.27,15931495515.0
ARIS,63.8,2026-10-01,Aris Mining Corporation,Non-energy minerals,17.32,2382913,-0.4,3574848000.0
AVAV,63.8,2026-10-01,"AeroVironment, Inc.",Electronic technology,140.31,1261276,-1.73,7100808480.0
FXI,63.8,2026-10-01,iShares China Large-Cap ETF,Equity,33.92,17629183,-0.21,4180414370.0
GPGI,63.8,2026-10-01,"GPGI, Inc.",Commercial services,12.05,1526699,2.29,3492825050.0
NU,63.8,2026-10-01,Nu Holdings Ltd.,Finance,13.29,128249818,0.38,64365064800.0
IJH,63.8,2026-10-01,iShares Core S&P Mid-Cap ETF,Equity,72.7,13572364,1.0,125664274256.0
ATHM,63.8,2026-10-01,Autohome Inc.,Technology services,20.86,287577,-2.3,603687232.0
IMTM,63.8,2026-10-01,iShares MSCI Intl Momentum Factor ETF,Equity,52.36,435860,-0.13,4269728196.0
RUM,63.8,2026-10-01,Rumble Inc.,Technology services,7.64,4578420,0.92,3318995739.0
OTEX,63.8,2026-10-01,Open Text Corporation,Technology services,22.4,1463820,-2.4,5435636864.0
SNDA,63.8,2026-10-01,"Sonida Senior Living, Inc.",Health services,37.77,488032,0.94,1789846346.0
PBD,63.7,2026-10-01,Invesco Global Clean Energy ETF,Equity,16.75,38469,-0.12,92808147.0
FIG,63.7,2026-10-01,FIGMA INC,Technology services,21.57,10729376,-0.6,10514531678.0
SD,63.7,2026-10-01,"SandRidge Energy, Inc.",Energy minerals,13.56,309104,1.12,500611592.0
DVLT,63.7,2026-10-01,Datavault AI Inc.,Electronic technology,0.1557,16578631,-0.7,133211003.0
RZLT,63.7,2026-10-01,"Rezolute, Inc.",Health technology,4.07,981218,-1.69,391909661.0
BRK.A,63.7,2026-10-01,Berkshire Hathaway Inc.,Finance,751745.0,92,0.64,1081158155510.0
TUA,63.7,2026-10-01,Simplify Short Term Treasury Futures Strategy ETF,Fixed income,19.24,323777,0.94,762003938.0
HWM,63.7,2026-10-01,Howmet Aerospace Inc.,Electronic technology,228.38,2632144,1.21,91428560940.0
GOEX,63.7,2026-10-01,Global X Gold Explorers ETF,Equity,81.72,5110,-2.64,127299601.0
EYLD,63.7,2026-10-01,Cambria Emerging Shareholder Yield ETF,Equity,47.46,77035,-0.08,844888494.0
DGRW,63.7,2026-10-01,WisdomTree U.S. Quality Dividend Growth Fund,Equity,97.42,557707,-0.01,17057781753.0
RSPG,63.7,2026-10-01,Invesco S&P 500 Equal Weight Energy ETF,Equity,110.05,77564,2.76,576636787.0
USAU,63.7,2026-10-01,U.S. Gold Corp.,Non-energy minerals,14.65,96511,-1.28,241742038.0
BSRR,63.7,2026-10-01,Sierra Bancorp,Finance,39.2,39820,0.75,512704640.0
LLYVA,63.7,2026-10-01,"Liberty Live Holdings, Inc. - Series A Liberty Live Group",Technology services,93.61,142196,-0.72,8907159343.0
SSRM,63.7,2026-10-01,SSR Mining Inc.,Non-energy minerals,33.42,2365031,0.36,6934349220.0
AVGO,63.7,2026-10-01,Broadcom Inc.,Electronic technology,343.64,22172521,-2.42,1634894791200.0
RCUS,63.7,2026-10-01,"Arcus Biosciences, Inc.",Health technology,25.23,1361591,-2.44,3173256877.0
EVUS,63.7,2026-10-01,iShares ESG Aware MSCI USA Value ETF,Equity,36.35,30008,0.44,170575255.0
ULS,63.7,2026-10-01,UL Solutions Inc.,Commercial services,66.5,1403041,1.76,13366278489.0
CIFR,63.7,2026-10-01,Cipher Mining Inc.,Technology services,15.46,39433755,-1.72,6323897540.0
TDSC,63.7,2026-10-01,ETC Cabana Target Drawdown 10 ETF,Asset allocation,28.15,2763,0.36,104072559.0
FNDB,63.7,2026-10-01,Schwab Fundamental U.S. Broad Market ETF,Equity,30.68,134600,0.16,1393858601.0
FIVE,63.7,2026-10-01,"Five Below, Inc.",Retail trade,221.17,726971,0.53,12229672781.0
PAY,63.7,2026-10-01,"Paymentus Holdings, Inc.",Commercial services,30.81,1113308,-0.36,3869731348.0
FVCB,63.7,2026-10-01,"FVCBankcorp, Inc.",Finance,17.6,53893,1.09,316743539.0
ELMD,63.7,2026-10-01,"Electromed, Inc.",Health technology,28.5,86531,1.39,235981824.0
EVTL,63.7,2026-10-01,Vertical Aerospace Ltd.,Electronic technology,0.6118,3336246,0.3,77899270.0
DKL,63.7,2026-10-01,"Delek Logistics Partners, L.P.",Industrial services,54.47,340359,2.52,2896072072.0
MSIF,63.7,2026-10-01,"MSC Income Fund, Inc.",Miscellaneous,12.03,228084,1.69,545503117.0
OBK,63.7,2026-10-01,"Origin Bancorp, Inc.",Finance,52.62,173636,1.33,1626173742.0
MCFT,63.7,2026-10-01,"MasterCraft Boat Holdings, Inc.",Consumer durables,19.86,211401,0.3,481054282.0
ELFY,63.7,2026-10-01,ALPS Electrification Infrastructure ETF,Equity,38.9,24066,1.46,197808010.0
GDRX,63.7,2026-10-01,"GoodRx Holdings, Inc.",Health services,3.27,1109253,-0.91,1133478710.0
AROC,63.7,2026-10-01,"Archrock, Inc.",Industrial services,30.42,1269980,0.83,5331457750.0
TSCO,63.6,2026-10-01,Tractor Supply Company,Retail trade,31.73,11659826,1.21,16640798500.0
NTSX,63.6,2026-10-01,WisdomTree U.S. Efficient Core Fund,Asset allocation,58.7,77440,0.32,1404366977.0
ADNT,63.6,2026-10-01,Adient plc,Producer manufacturing,17.57,1266223,4.65,1377723210.0
ADP,63.6,2026-10-01,"Automatic Data Processing, Inc.",Technology services,263.96,1516015,0.18,105513786640.0
IRM,63.6,2026-10-01,Iron Mountain Incorporated (Delaware),Finance,111.13,1707683,0.37,33078794034.0
RES,63.6,2026-10-01,"RPC, Inc.",Industrial services,5.72,2157873,2.33,1267878040.0
BARK,63.6,2026-10-01,"BARK, Inc.",Process industries,8.52,34323,1.43,76965054.0
ATAT,63.6,2026-10-01,Atour Lifestyle Holdings Limited,Consumer services,32.29,940764,-1.1,4462540384.0
SPGM,63.6,2026-10-01,State Street SPDR Portfolio MSCI Global Stock Market ETF,Equity,86.48,200696,-0.1,1883597840.0
PTGX,63.6,2026-10-01,"Protagonist Therapeutics, Inc.",Health technology,139.19,886233,-0.03,8951500008.0
TNC,63.6,2026-10-01,Tennant Company,Producer manufacturing,66.7,193347,-0.73,1136494830.0
ALGT,63.6,2026-10-01,Allegiant Travel Company,Transportation,75.46,519212,-0.04,2028038586.0
ACHC,63.6,2026-10-01,"Acadia Healthcare Company, Inc.",Health services,26.93,1179498,-1.72,2507190406.0
ENSG,63.6,2026-10-01,"The Ensign Group, Inc.",Health services,169.63,432522,-1.57,9886449279.0
GILT,63.6,2026-10-01,Gilat Satellite Networks Ltd.,Electronic technology,9.84,408129,0.0,742634128.0
EL,63.6,2026-10-01,"Estee Lauder Companies, Inc. (The)",Consumer non-durables,90.19,3506914,-1.67,32619435962.0
CYH,63.6,2026-10-01,"Community Health Systems, Inc.",Health services,2.75,1577980,-3.85,387774750.0
NEXN,63.6,2026-10-01,Nexxen International Ltd.,Technology services,9.07,589255,0.67,505387656.0
HNST,63.6,2026-10-01,"The Honest Company, Inc.",Retail trade,5.02,1634443,-2.14,552594647.0
DHC,63.6,2026-10-01,Diversified Healthcare Trust,Finance,7.74,1740148,-1.02,1873908180.0
LCID,63.6,2026-10-01,"Lucid Group, Inc.",Consumer durables,4.19,7979647,1.7,1331909595.0
FCFS,63.6,2026-10-01,"FirstCash Holdings, Inc.",Finance,208.15,386522,-1.46,9027840170.0
PLTK,63.6,2026-10-01,Playtika Holding Corp.,Technology services,2.17,1168868,0.93,825423613.0
AVGX,63.6,2026-10-01,Defiance Daily Target 2X Long AVGO ETF,Equity,36.08,760269,-4.75,101836327.0
GABC,63.6,2026-10-01,"German American Bancorp, Inc.",Finance,48.8,203598,1.14,1833137840.0
AMR,63.6,2026-10-01,"Alpha Metallurgical Resources, Inc.",Energy minerals,170.29,304075,2.15,2165169234.0
SPEM,63.6,2026-10-01,State Street SPDR Portfolio Emerging Markets ETF,Equity,51.5,1638702,-0.1,17509182373.0
XPEL,63.6,2026-10-01,"XPEL, Inc.",Consumer durables,44.56,148203,0.86,1228117492.0
WELL,63.6,2026-10-01,Welltower Inc.,Finance,226.94,2858186,-0.87,163713960899.0
OUNZ,63.6,2026-10-01,VanEck Merk Gold ETF,Commodities,40.11,668378,0.2,2720936720.0
VTS,63.6,2026-10-01,Vitesse Energy Inc.,Energy minerals,16.77,473739,-3.12,706089363.0
TILT,63.6,2026-10-01,FlexShares Mornigstar US Market Factors Tilt Index Fund ETF,Equity,277.85,1327,0.68,2265420624.0
OMC,63.6,2026-10-01,Omnicom Group Inc.,Commercial services,74.7,3021682,-0.89,20493646200.0
CLF,63.6,2026-10-01,Cleveland-Cliffs Inc.,Non-energy minerals,11.47,14781857,5.71,6544093800.0
TNET,63.5,2026-10-01,"TriNet Group, Inc.",Commercial services,64.86,339741,2.08,2977381307.0
CVSA,63.5,2026-10-01,Adtalem Global Education Inc.,Consumer services,123.32,363478,-0.07,4196690588.0
COFS,63.5,2026-10-01,"ChoiceOne Financial Services, Inc.",Finance,32.87,59448,1.73,491422935.0
KMI,63.5,2026-10-01,"Kinder Morgan, Inc.",Industrial services,30.53,11131407,1.6,67984204000.0
XLC,63.5,2026-10-01,State Street Communication Services Select Sector SPDR ETF,Equity,109.94,6646491,-1.61,22728929093.0
ICLN,63.5,2026-10-01,iShares Global Clean Energy ETF,Equity,16.84,6356592,-0.82,2321599331.0
PKB,63.5,2026-10-01,Invesco Building & Construction ETF,Equity,91.59,19822,0.75,366957400.0
SKE,63.5,2026-10-01,Skeena Resources Limited,Non-energy minerals,29.82,902660,0.4,3700196361.0
OBT,63.5,2026-10-01,"Orange County Bancorp, Inc.",Finance,37.19,58633,0.95,498639801.0
ARDT,63.5,2026-10-01,"Ardent Health, Inc.",Health services,10.25,333125,0.29,1469337818.0
PTCT,63.5,2026-10-01,"PTC Therapeutics, Inc.",Health technology,64.13,1197750,-0.88,5352341104.0
FNGD,63.5,2026-10-01,"MicroSectors FANG Index -3X Inverse Leveraged ETNs due January 8, 2038",Equity,24.82,322255,2.1,1859136900.0
DFSU,63.5,2026-10-01,Dimensional US Sustainability Core 1 ETF,Equity,47.25,122094,-0.13,2262885147.0
ACWX,63.5,2026-10-01,iShares MSCI ACWI ex U.S. ETF,Equity,75.16,2950671,-0.42,11764481923.0
ECHO,63.5,2026-10-01,EchoStar Corporation,Communications,88.25,3560399,-1.3,13984536250.0
UNG,63.5,2026-10-01,United States Natural Gas Fund LP,Commodities,10.16,32565420,-1.84,422603028.0
PTL,63.5,2026-10-01,Inspire 500 ETF,Equity,273.4,18955,0.45,947989286.0
BILZ,63.5,2026-10-01,PIMCO Ultra Short Government Active Exchange-Traded Fund,Fixed income,100.62,219616,0.02,1028037847.0
GDXJ,63.5,2026-10-01,VanEck Junior Gold Miners ETF,Equity,112.46,4854017,-0.98,8523489299.0
ILF,63.5,2026-10-01,iShares Latin America 40 ETF,Equity,34.27,11197881,-0.75,2256760953.0
BEAM,63.5,2026-10-01,Beam Therapeutics Inc.,Health technology,24.39,1693106,0.62,2509218810.0
AGIG,63.5,2026-10-01,Abundia Global Impact Group Inc.,Energy minerals,0.9636,255262,-13.96,42420370.0
FTDR,63.5,2026-10-01,"Frontdoor, Inc.",Consumer durables,75.45,579606,2.76,5299223205.0
TPLC,63.5,2026-10-01,Timothy Plan US Large/Mid Cap Core ETF,Equity,48.74,17752,0.76,310142014.0
BSMQ,63.5,2026-10-01,Invesco BulletShares 2026 Municipal Bond ETF,Fixed income,23.44,51947,0.04,285232135.0
TRGP,63.4,2026-10-01,"Targa Resources, Inc.",Utilities,279.31,1335874,3.88,59952215640.0
DAKT,63.4,2026-10-01,"Daktronics, Inc.",Producer manufacturing,17.61,363878,1.38,850296103.0
FATE,63.4,2026-10-01,"Fate Therapeutics, Inc.",Health technology,2.3,811722,-2.95,268085700.0
KMPR,63.4,2026-10-01,Kemper Corporation,Finance,25.94,807842,3.64,1527197578.0
SGOV,63.4,2026-10-01,iShares 0-3 Month Treasury Bond ETF,Fixed income,100.41,39696985,0.0,96038084690.0
BH.A,63.4,2026-10-01,Biglari Holdings Inc.,Consumer services,1785.49,42543,2.85,1122580415.0
ALEC,63.4,2026-10-01,"Alector, Inc.",Health technology,1.86,774391,2.2,206506500.0
EIS,63.4,2026-10-01,iShares MSCI Israel ETF,Equity,121.2,66102,0.51,898564151.0
BTU,63.4,2026-10-01,Peabody Energy Corporation,Energy minerals,24.74,1850993,1.35,3013332000.0
FDIG,63.4,2026-10-01,Fidelity Crypto Industry and Digital Payments ETF,Equity,42.01,17481,-0.05,260231284.0
BYRN,63.4,2026-10-01,"Byrna Technologies, Inc.",Electronic technology,3.48,337166,5.14,78972879.0
PROF,63.4,2026-10-01,Profound Medical Corp.,Health technology,5.85,156425,0.34,212574960.0
BDTX,63.4,2026-10-01,"Black Diamond Therapeutics, Inc.",Health technology,1.88,399115,0.0,107727335.0
GRBK,63.4,2026-10-01,"Green Brick Partners, Inc.",Consumer durables,66.44,293499,0.59,2857630908.0
LSPD,63.4,2026-10-01,Lightspeed Commerce Inc. Subordinate Voting Shares,Technology services,9.68,854203,-1.73,1333662000.0
DWAS,63.4,2026-10-01,Invesco Dorsey Wright SmallCap Momentum ETF,Equity,108.2,11818,0.1,898607460.0
DVA,63.4,2026-10-01,DaVita Inc.,Health services,176.35,653486,0.93,11321670000.0
DQ,63.4,2026-10-01,DAQO New Energy Corp.,Process industries,11.15,437966,-3.3,754477416.0
SKYX,63.4,2026-10-01,SKYX Platforms Corp.,Producer manufacturing,1.14,661414,-0.87,153311856.0
TMC,63.4,2026-10-01,TMC the metals company Inc.,Non-energy minerals,3.76,3953892,-1.57,1628911479.0
ESRT,63.4,2026-10-01,"Empire State Realty Trust, Inc.",Finance,4.13,4623725,2.23,708129800.0
ETD,63.4,2026-10-01,Ethan Allen Interiors Inc.,Consumer durables,21.16,580006,1.54,538444533.0
UBSI,63.4,2026-10-01,"United Bankshares, Inc.",Finance,46.4,1175531,1.24,6393873600.0
OMDA,63.4,2026-10-01,"Omada Health, Inc.",Technology services,20.41,1437499,-2.34,1213343987.0
LABU,63.3,2026-10-01,Direxion Daily S&P Biotech Bull 3X Shares,Equity,249.65,439305,-4.63,1547869743.0
NVS,63.3,2026-10-01,Novartis AG,Health technology,141.05,1959274,-0.82,268095828182.0
GPI,63.3,2026-10-01,"Group 1 Automotive, Inc.",Retail trade,256.7,320320,6.14,3060428740.0
RPRX,63.3,2026-10-01,Royalty Pharma plc,Health technology,57.63,3236543,-1.25,25545880620.0
AZO,63.3,2026-10-01,"AutoZone, Inc.",Retail trade,2819.03,300691,-0.56,46021789543.0
PSTL,63.3,2026-10-01,"Postal Realty Trust, Inc.",Finance,22.53,282796,-0.71,849522421.0
CODI,63.3,2026-10-01,D/B/A Compass Diversified Holdings Shares of Beneficial Interest,Finance,11.01,706460,0.64,828347986.0
SMPL,63.3,2026-10-01,The Simply Good Foods Company,Consumer non-durables,9.88,2221308,3.78,873799125.0
SVOL,63.3,2026-10-01,Simplify Volatility Premium ETF,Alternatives,16.37,405867,0.0,562101527.0
RING,63.3,2026-10-01,iShares MSCI Global Gold Miners ETF,Equity,75.93,493575,-0.87,2486370940.0
TAK,63.3,2026-10-01,Takeda Pharmaceutical Company Limited,Health technology,17.86,2382106,-1.16,56833132811.0
EPAC,63.3,2026-10-01,Enerpac Tool Group Corp.,Producer manufacturing,34.97,378192,0.4,1802464620.0
PBI,63.3,2026-10-01,Pitney Bowes Inc.,Technology services,16.61,3315218,0.91,2277068421.0
HAFC,63.3,2026-10-01,Hanmi Financial Corporation,Finance,31.21,227663,1.43,929009344.0
HSAI,63.3,2026-10-01,Hesai Group,Producer manufacturing,15.93,921529,-0.62,2315178888.0
QAI,63.3,2026-10-01,NYLI Hedge Multi-Strategy Tracker ETF,Alternatives,36.1,36127,0.42,779064273.0
ISVL,63.3,2026-10-01,iShares International Developed Small Cap Value Factor ETF,Equity,53.05,17955,-0.84,333628831.0
IFS,63.3,2026-10-01,Intercorp Financial Services Inc.,Finance,54.2,148710,0.2,6020137034.0
OPER,63.3,2026-10-01,ClearShares Ultra-Short Maturity ETF,Fixed income,100.09,6695,-0.03,117822452.0
ODFL,63.3,2026-10-01,"Old Dominion Freight Line, Inc.",Transportation,178.1,1891295,2.96,37039151202.0
MET,63.3,2026-10-01,"MetLife, Inc.",Finance,94.35,2817477,0.68,60708260099.0
EWX,63.3,2026-10-01,State Street SPDR S&P Emerging Markets Small Cap ETF,Equity,70.66,13895,-0.08,776297723.0
AKBA,63.3,2026-10-01,"Akebia Therapeutics, Inc.",Health technology,0.871,4512981,-4.8,233652717.0
VRTX,63.3,2026-10-01,Vertex Pharmaceuticals Incorporated,Health technology,506.74,1148372,-3.0,128613145700.0
BF.B,63.3,2026-10-01,Brown Forman Inc,Consumer non-durables,25.97,2032247,-0.54,12110905843.0
SAM,63.2,2026-10-01,"Boston Beer Company, Inc. (The)",Consumer non-durables,165.89,163936,0.67,1727485893.0
LUNR,63.2,2026-10-01,"Intuitive Machines, Inc.",Electronic technology,14.05,8229353,-1.82,2239184566.0
BBDC,63.2,2026-10-01,"Barings BDC, Inc.",Miscellaneous,8.7,582510,0.69,910949891.0
PEN,63.2,2026-10-01,"Penumbra, Inc.",Health technology,318.0,348170,-0.12,12525829200.0
VWO,63.2,2026-10-01,Vanguard FTSE Emerging Markets ETF,Equity,59.03,9653252,-0.07,166506743136.0
DOX,63.2,2026-10-01,Amdocs Limited,Technology services,58.36,1425486,-2.24,6277843560.0
OXY,63.2,2026-10-01,Occidental Petroleum Corporation,Energy minerals,57.84,11612148,3.84,57529671106.0
INVX,63.2,2026-10-01,"Innovex International, Inc.",Industrial services,27.52,494654,2.38,1921457408.0
YMM,63.2,2026-10-01,Full Truck Alliance Co. Ltd.,Technology services,8.17,4153524,-0.85,8544955426.0
ROUS,63.2,2026-10-01,Hartford Multifactor U.S. Equity ETF,Equity,66.96,56392,0.33,685128284.0
GBIL,63.2,2026-10-01,Goldman Sachs Access Treasury 0-1 Year ETF,Fixed income,99.83,1124651,0.0,7695045359.0
FISI,63.2,2026-10-01,"Financial Institutions, Inc.",Finance,39.48,136035,1.83,777217888.0
VERA,63.2,2026-10-01,"Vera Therapeutics, Inc.",Health technology,30.99,1009417,-3.58,2224552071.0
MDYG,63.2,2026-10-01,State Street SPDR S&P 400 Mid Cap Growth ETF,Equity,105.76,99056,0.96,3050512134.0
AMPY,63.2,2026-10-01,Amplify Energy Corp.,Energy minerals,4.38,492944,3.79,180838812.0
BKH,63.2,2026-10-01,Black Hills Corporation,Utilities,70.14,901720,0.75,5339626197.0
PSCE,63.2,2026-10-01,Invesco S&P SmallCap Energy ETF,Equity,58.79,10592,2.21,77741254.0
KEX,63.2,2026-10-01,Kirby Corporation,Transportation,133.46,395237,1.82,7140110000.0
FC,63.2,2026-10-01,Franklin Covey Company,Commercial services,17.44,52742,1.87,196965616.0
ETSY,63.2,2026-10-01,"Etsy, Inc.",Retail trade,72.84,2749978,0.86,6912241466.0
IDR,63.2,2026-10-01,"Idaho Strategic Resources, Inc.",Non-energy minerals,28.25,157805,1.04,446628517.0
TSLW,63.2,2026-10-01,Roundhill TSLA WeeklyPay ETF,Equity,17.0,70890,-0.64,70545852.0
LFST,63.2,2026-10-01,"LifeStance Health Group, Inc.",Health services,11.91,3605804,-1.08,4619102940.0
PPLT,63.2,2026-10-01,abrdn Physical Platinum Shares ETF,Commodities,15.51,1659218,0.39,2480885186.0
BIL,63.2,2026-10-01,State Street SPDR Bloomberg 1-3 Month T-Bill ETF,Fixed income,91.41,20531686,0.0,47015990872.0
TBLL,63.2,2026-10-01,Invesco Short Term Treasury ETF,Fixed income,105.58,297203,0.0,2596538779.0
ALMU,63.2,2026-10-01,"Aeluma, Inc.",Commercial services,12.58,298632,1.04,230281102.0
EMMF,63.2,2026-10-01,WisdomTree Emerging Markets Multifactor Fund,Equity,37.64,28998,0.35,183601538.0
BIPC,63.2,2026-10-01,Brookfield Infrastructure Corporation,Utilities,35.92,1226608,1.55,4417824795.0
TPVG,63.2,2026-10-01,TriplePoint Venture Growth BDC Corp.,Miscellaneous,4.88,224492,0.83,198123027.0
IAUM,63.2,2026-10-01,iShares Gold Trust Micro Shares,Commodities,41.59,3076037,0.22,6843287804.0
MORN,63.1,2026-10-01,"Morningstar, Inc.",Commercial services,191.21,186352,-1.4,7172969911.0
ABFL,63.1,2026-10-01,Abacus FCF Leaders ETF,Equity,80.48,7169,0.64,926119914.0
PTEN,63.1,2026-10-01,"Patterson-UTI Energy, Inc.",Industrial services,11.3,8365895,3.48,4289679479.0
DFAC,63.1,2026-10-01,Dimensional U.S. Core Equity 2 ETF,Equity,44.66,2321142,0.38,48645538085.0
EG,63.1,2026-10-01,"Everest Group, Ltd.",Finance,368.72,427895,1.57,14590840352.0
LE,63.1,2026-10-01,"Lands' End, Inc.",Retail trade,10.49,152426,2.44,322471695.0
FHLC,63.1,2026-10-01,Fidelity MSCI Health Care Index ETF,Equity,80.58,308674,-1.29,3362712418.0
INBX,63.1,2026-10-01,"Inhibrx Biosciences, Inc.",Health technology,97.93,216539,-2.76,1436749245.0
SCHE,63.1,2026-10-01,Schwab Emerging Markets Equity ETF,Equity,36.27,3248445,-0.08,12613129392.0
UVIX,63.1,2026-10-01,2x Long VIX Futures ETF,Alternatives,37.28,1942364,0.7,76708962.0
KYMR,63.1,2026-10-01,"Kymera Therapeutics, Inc.",Health technology,110.12,1051064,-1.49,9058205591.0
EQPT,63.1,2026-10-01,EquipmentShare.com Inc,Technology services,17.48,2681213,1.45,4411516643.0
CCOI,63.1,2026-10-01,"Cogent Communications Holdings, Inc.",Communications,8.23,3038674,5.11,412139471.0
HII,63.1,2026-10-01,"Huntington Ingalls Industries, Inc.",Electronic technology,274.33,807215,1.95,10809863369.0
BSM,63.1,2026-10-01,"Black Stone Minerals, L.P.",Miscellaneous,14.48,655038,0.07,3076985520.0
FTHI,63.1,2026-10-01,First Trust BuyWrite Income ETF,Equity,23.6,531243,-0.17,2411394994.0
EDIT,63.1,2026-10-01,"Editas Medicine, Inc.",Health technology,2.52,1543978,-3.45,386724240.0
NAVN,63.1,2026-10-01,"Navan, Inc.",Technology services,21.5,2929476,0.47,5139071169.0
VFLO,63.1,2026-10-01,VictoryShares Free Cash Flow ETF,Equity,52.11,3235681,0.5,8375997226.0
ADTN,63.1,2026-10-01,"ADTRAN Holdings, Inc.",Electronic technology,7.07,1353942,2.32,572656567.0
MAIN,63.1,2026-10-01,Main Street Capital Corporation,Finance,55.66,595710,1.2,5175812268.0
WGMI,63.1,2026-10-01,CoinShares Bitcoin Mining ETF,Equity,44.44,635542,-1.51,190278248.0
ICUI,63.1,2026-10-01,"ICU Medical, Inc.",Health technology,157.18,248202,-1.81,3928491690.0
DFVX,63.1,2026-10-01,Dimensional US Large Cap Vector ETF,Equity,83.67,15910,-0.29,524744300.0
AVL,63.1,2026-10-01,Direxion Daily AVGO Bull 2X Shares,Equity,34.23,1377047,-4.86,193229916.0
HSIC,63.0,2026-10-01,"Henry Schein, Inc.",Distribution services,84.93,1025567,1.16,9674970810.0
WAGN,63.0,2026-10-01,Pabrai Wagons ETF,Equity,15.07,126045,1.14,222246404.0
IXJ,63.0,2026-10-01,iShares Global Healthcare ETF,Equity,100.93,119216,-1.1,4244743866.0
THIR,63.0,2026-10-01,THOR Index Rotation ETF,Equity,33.6,47668,0.54,80013789.0
QNC,63.0,2026-10-01,QUANTUM EMOTION CORP,Electronic technology,1.74,1409708,10.83,381703226.0
USLM,63.0,2026-10-01,"United States Lime & Minerals, Inc.",Non-energy minerals,111.36,168414,-1.88,3194736104.0
BILI,63.0,2026-10-01,Bilibili Inc.,Technology services,14.78,2101739,-2.12,6199628850.0
RHP,63.0,2026-10-01,"Ryman Hospitality Properties, Inc. (REIT)",Finance,120.94,894234,2.01,7632435356.0
IDXX,63.0,2026-10-01,"IDEXX Laboratories, Inc.",Health technology,517.75,319343,-0.73,40841673250.0
ITRN,63.0,2026-10-01,Ituran Location and Control Ltd.,Communications,51.32,108991,0.2,1020939552.0
PNW,63.0,2026-10-01,Pinnacle West Capital Corporation,Utilities,94.63,2060385,2.3,11466108005.0
DNL,63.0,2026-10-01,WisdomTree Global ex-U.S. Quality Growth Fund,Equity,44.57,9852,-0.11,499467794.0
PINK,63.0,2026-10-01,Simplify Health Care ETF,Equity,38.18,44824,-0.86,383382640.0
SNEX,63.0,2026-10-01,StoneX Group Inc.,Finance,65.4,886952,1.81,7774555800.0
CLOI,63.0,2026-10-01,VanEck CLO ETF,Fixed income,52.78,372213,-0.04,1421328806.0
QXO,63.0,2026-10-01,"QXO, Inc.",Distribution services,12.05,21832133,3.88,12501634000.0
SUNC,63.0,2026-10-01,SunocoCorp LLC,Industrial services,75.7,455612,3.97,3251542100.0
BKSY,63.0,2026-10-01,BlackSky Technology Inc.,Technology services,21.15,997558,-1.58,865491840.0
OR,63.0,2026-10-01,OR Royalties Inc.,Non-energy minerals,33.98,837997,-1.02,6371109459.0
ADSK,63.0,2026-10-01,"Autodesk, Inc.",Technology services,211.31,2282660,-1.22,44617102989.0
ORCX,63.0,2026-10-01,Defiance Daily Target 2X Long ORCL ETF,Equity,18.59,1727049,-1.95,291059934.0
IAG,63.0,2026-10-01,Iamgold Corporation,Non-energy minerals,18.34,4486793,-0.05,10600520000.0
PIZ,62.9,2026-10-01,Invesco Dorsey Wright Developed Markets Momentum ETF,Equity,51.92,42945,-1.31,799215778.0
IJK,62.9,2026-10-01,iShares S&P Mid-Cap 400 Growth ETF,Equity,110.85,1924539,0.95,11154022762.0
GOOY,62.9,2026-10-01,YieldMax GOOGL Option Income Strategy ETF,Equity,11.83,335433,-2.79,231419926.0
HLIO,62.9,2026-10-01,"Helios Technologies, Inc.",Producer manufacturing,68.89,445855,1.62,2276563603.0
HAS,62.9,2026-10-01,"Hasbro, Inc.",Consumer durables,89.98,3380500,2.62,12691181141.0
BIP,62.9,2026-10-01,Brookfield Infrastructure Partners LP Limited Partnership,Utilities,35.79,1634166,0.73,16480901310.0
GHM,62.9,2026-10-01,Graham Corporation,Producer manufacturing,86.9,158090,0.14,1015960066.0
NECB,62.9,2026-10-01,"NorthEast Community Bancorp, Inc.",Finance,26.34,47081,1.19,363897636.0
STPZ,62.9,2026-10-01,PIMCO 1-5 Year U.S. TIPS Index Exchange-Traded Fund,Fixed income,52.01,25376,0.41,523955859.0
GLXY,62.9,2026-10-01,Galaxy Digital Inc.,Finance,23.02,5833155,0.44,7635435868.0
FLOT,62.9,2026-10-01,iShares Floating Rate Bond ETF,Fixed income,50.86,3308871,-0.02,9989859900.0
XLV,62.9,2026-10-01,State Street Health Care Select Sector SPDR ETF,Equity,166.2,9998137,-1.16,43596696910.0
RBLX,62.9,2026-10-01,Roblox Corporation,Technology services,43.0,9423717,-0.02,30718162883.0
CANC,62.9,2026-10-01,Tema Oncology ETF,Equity,41.3,59248,-1.36,139021176.0
TRV,62.9,2026-10-01,"The Travelers Companies, Inc.",Finance,361.64,1181663,1.58,75429070956.0
RBB,62.9,2026-10-01,RBB Bancorp,Finance,26.22,81863,1.2,444059298.0
ECL,62.9,2026-10-01,Ecolab Inc.,Process industries,271.26,1767685,-0.52,76269698000.0
GKOS,62.8,2026-10-01,Glaukos Corporation,Health technology,163.17,737007,-0.51,9624402963.0
BGC,62.8,2026-10-01,"BGC Group, Inc.",Finance,11.62,1817717,1.57,5508008668.0
SVRA,62.8,2026-10-01,"Savara, Inc.",Health technology,5.05,2549525,-1.94,1033856715.0
CVBF,62.8,2026-10-01,CVB Financial Corporation,Finance,22.01,1731861,1.85,3157158244.0
AMZY,62.8,2026-10-01,YieldMax AMZN Option Income Strategy ETF,Equity,10.25,162543,-0.39,186079428.0
GRDN,62.8,2026-10-01,"Guardian Pharmacy Services, Inc.",Retail trade,40.84,498137,0.44,2586014611.0
NKTX,62.8,2026-10-01,"Nkarta, Inc.",Health technology,2.56,402276,-1.16,183156116.0
MBWM,62.8,2026-10-01,Mercantile Bank Corporation,Finance,58.9,139120,1.03,1017462160.0
SEIQ,62.8,2026-10-01,SEI Enhanced U.S. Large Cap Quality Factor ETF,Equity,40.94,35293,-0.49,412675817.0
BAX,62.8,2026-10-01,Baxter International Inc.,Health technology,23.64,7380987,-1.29,12221785251.0
BINT,62.8,2026-10-01,Bluemonte Global Equity ETF,Equity,32.32,43877,0.03,414173557.0
MCBS,62.8,2026-10-01,"MetroCity Bankshares, Inc.",Finance,34.68,101759,1.17,993930257.0
TLX,62.8,2026-10-01,Telix Pharmaceuticals Limited,Health technology,10.72,200836,-1.65,3631689965.0
SFTX,62.8,2026-10-01,Horizon International Managed Risk ETF,Asset allocation,30.55,38446,0.07,79074306.0
HDB,62.8,2026-10-01,HDFC Bank Limited,Finance,22.95,18205021,-0.26,117718318093.0
TMDX,62.8,2026-10-01,"TransMedics Group, Inc.",Health technology,78.64,879658,-6.29,2717869176.0
NNE,62.8,2026-10-01,Nano Nuclear Energy Inc.,Producer manufacturing,15.73,1844391,-0.76,844671774.0
INTL,62.8,2026-10-01,Main International ETF,Equity,30.36,7574,0.46,237500459.0
ATLC,62.8,2026-10-01,Atlanticus Holdings Corporation,Finance,89.29,80580,2.62,1349885952.0
TSLL,62.8,2026-10-01,Direxion Daily TSLA Bull 2X Shares,Equity,8.97,57242153,-1.54,3954346137.0
NCNO,62.8,2026-10-01,"nCino, Inc.",Technology services,19.35,2023730,4.76,2119849583.0
HTLD,62.8,2026-10-01,"Heartland Express, Inc.",Transportation,11.64,653355,0.69,901980061.0
ITRG,62.8,2026-10-01,Integra Resources Corp.,Non-energy minerals,2.57,1634272,0.0,521126433.0
WWR,62.8,2026-10-01,"Westwater Resources, Inc.",Non-energy minerals,0.5158,626708,-1.4,65572985.0
DBB,62.7,2026-10-01,Invesco DB Base Metals Fund,Commodities,25.0,233191,-0.24,363463381.0
HFXI,62.7,2026-10-01,NYLI FTSE International Equity Currency Neutral ETF,Equity,37.07,304886,-0.3,1921944687.0
IMTX,62.7,2026-10-01,Immatics N.V.,Health technology,8.44,639356,-3.21,1131778680.0
ISPY,62.7,2026-10-01,ProShares S&P 500 High Income ETF,Equity,47.62,180713,-0.08,1273689879.0
CGON,62.7,2026-10-01,"CG Oncology, Inc.",Health technology,68.35,984704,-2.88,6028639030.0
VBK,62.7,2026-10-01,Vanguard Small-Cap Growth ETF,Equity,340.36,231186,0.53,49499217673.0
SGRY,62.7,2026-10-01,"Surgery Partners, Inc.",Health services,13.23,1874279,-4.2,1730325240.0
KOP,62.7,2026-10-01,Koppers Holdings Inc.,Process industries,45.19,196273,-0.02,869086217.0
SHC,62.7,2026-10-01,Sotera Health Company,Health technology,18.12,1641110,-1.52,5167225931.0
BLOK,62.7,2026-10-01,Amplify Blockchain Technology ETF,Equity,61.36,475431,-0.2,1161855745.0
GLD,62.7,2026-10-01,SPDR Gold Shares,Commodities,382.76,5769214,0.22,140606638155.0
VSGX,62.7,2026-10-01,Vanguard ESG International Stock ETF,Equity,80.42,338307,-0.63,6867270850.0
PRAA,62.7,2026-10-01,"PRA Group, Inc.",Commercial services,18.86,553468,-2.63,719337148.0
SKWD,62.7,2026-10-01,"Skyward Specialty Insurance Group, Inc.",Finance,54.78,400811,4.01,2220949101.0
GAU,62.7,2026-10-01,Galiano Gold Inc.,Non-energy minerals,1.95,1762844,0.0,509366840.0
MNSO,62.7,2026-10-01,MINISO Group Holding Limited,Retail trade,9.13,1056953,-1.72,2785864016.0
ANNX,62.7,2026-10-01,"Annexon, Inc.",Health technology,4.12,3917873,-1.44,675031257.0
XDTE,62.7,2026-10-01,Roundhill S&P 500 0DTE Covered Call Strategy ETF,Equity,38.2,207408,0.03,344691556.0
PDLB,62.7,2026-10-01,"Ponce Financial Group, Inc.",Finance,20.08,90831,0.85,485693032.0
PCYO,62.7,2026-10-01,Pure Cycle Corporation,Utilities,10.89,48285,-1.0,262420359.0
ALNY,62.7,2026-10-01,"Alnylam Pharmaceuticals, Inc.",Health technology,231.18,2010160,-6.86,30933964620.0
NDAQ,62.7,2026-10-01,"Nasdaq, Inc.",Finance,91.67,3111873,-0.7,51241455691.0
AGIO,62.7,2026-10-01,"Agios Pharmaceuticals, Inc.",Health technology,32.48,1248772,-2.32,1939117095.0
XTL,62.7,2026-10-01,State Street SPDR S&P Telecom ETF,Equity,205.93,84724,1.32,538600000.0
ABAT,62.7,2026-10-01,American Battery Technology Company,Non-energy minerals,2.28,21449858,-3.39,311023920.0
ORLY,62.7,2026-10-01,"O'Reilly Automotive, Inc.",Retail trade,85.03,4296136,-0.34,70465636450.0
TOYO,62.7,2026-10-01,"TOYO Co., Ltd",Electronic technology,4.26,174522,-1.39,181982727.0
ASTL,62.6,2026-10-01,Algoma Steel Group Inc.,Producer manufacturing,4.11,407553,-0.96,433147224.0
VEXC,62.6,2026-10-01,Vanguard Emerging Markets Ex-China ETF,Equity,94.79,23632,-0.22,257224673.0
BMRC,62.6,2026-10-01,Bank of Marin Bancorp,Finance,27.26,144023,1.23,441331195.0
GGLL,62.6,2026-10-01,Direxion Daily GOOGL Bull 2X Shares,Equity,96.11,2825395,-6.95,905664000.0
PLTM,62.6,2026-10-01,GraniteShares Platinum Shares ETF,Commodities,16.44,32083,0.37,179417967.0
CLIP,62.6,2026-10-01,Global X 1-3 Month T-Bill ETF,Fixed income,100.05,384658,0.0,1716800857.0
AIN,62.6,2026-10-01,Albany International Corporation,Process industries,59.05,188966,-1.06,1675316230.0
TFLO,62.6,2026-10-01,iShares Treasury Floating Rate Bond ETF,Fixed income,50.51,3275029,-0.02,6598235657.0
EPU,62.6,2026-10-01,iShares MSCI Peru and Global Exposure ETF,Equity,88.75,57117,0.0,538054576.0
CBC,62.6,2026-10-01,"Central Bancompany, Inc.",Finance,31.54,1228922,1.09,7562287829.0
KNX,62.6,2026-10-01,Knight-Swift Transportation Holdings Inc.,Transportation,65.41,3303354,3.01,10645869895.0
PRME,62.6,2026-10-01,"Prime Medicine, Inc.",Health technology,2.99,2825119,-1.97,540046176.0
TPR,62.6,2026-10-01,"Tapestry, Inc.",Retail trade,119.24,3297186,3.3,24098917375.0
EQTY,62.6,2026-10-01,Kovitz Core Equity ETF,Equity,29.0,274814,0.31,1413172891.0
PCOR,62.6,2026-10-01,"Procore Technologies, Inc.",Technology services,51.66,2375699,-2.77,7794977400.0
EQX,62.6,2026-10-01,Equinox Gold Corp.,Non-energy minerals,10.82,13167186,-2.43,8540091096.0
TROW,62.6,2026-10-01,"T. Rowe Price Group, Inc.",Finance,105.83,2122113,1.71,22675876610.0
FCX,62.6,2026-10-01,"Freeport-McMoRan, Inc.",Non-energy minerals,69.28,12051443,1.01,99622908000.0
RPM,62.6,2026-10-01,RPM International Inc.,Process industries,99.22,987120,1.09,12674462020.0
ADUS,62.6,2026-10-01,Addus HomeCare Corporation,Health services,111.7,205128,0.76,2084858160.0
AAL,62.5,2026-10-01,"American Airlines Group, Inc.",Transportation,13.13,54661635,-1.06,8691665457.0
DHI,62.5,2026-10-01,"D.R. Horton, Inc.",Consumer durables,137.06,4001124,1.35,38335855655.0
HECA,62.5,2026-10-01,Hedgeye Capital Allocation ETF,Asset allocation,27.35,266191,0.29,15562637.0
CDW,62.5,2026-10-01,CDW Corporation,Technology services,135.83,1654322,4.37,17352689990.0
AVAH,62.5,2026-10-01,Aveanna Healthcare Holdings Inc.,Health services,12.43,2276520,0.32,2706697173.0
TKR,62.5,2026-10-01,Timken Company (The),Producer manufacturing,118.99,1128371,2.58,8269150555.0
DNOW,62.5,2026-10-01,DNOW Inc.,Distribution services,15.28,2345121,-0.46,2789302880.0
WW,62.5,2026-10-01,"WW International, Inc.",Consumer services,13.72,511972,-11.48,137182987.0
ABNB,62.5,2026-10-01,"Airbnb, Inc.",Consumer services,160.47,4800033,-0.42,95241132046.0
MLR,62.5,2026-10-01,"Miller Industries, Inc.",Consumer durables,53.19,46256,1.26,606137283.0
PR,62.5,2026-10-01,Permian Resources Corporation,Energy minerals,21.93,9655382,4.73,18361728559.0
CATX,62.5,2026-10-01,"Perspective Therapeutics, Inc.",Health technology,2.72,1542408,0.37,310205120.0
NVR,62.5,2026-10-01,"NVR, Inc.",Consumer durables,6126.38,49024,-0.06,16536876270.0
FLS,62.5,2026-10-01,Flowserve Corporation,Producer manufacturing,73.06,1187202,-0.95,9365303279.0
QMOM,62.5,2026-10-01,Alpha Architect U.S. Quantitative Momentum ETF,Equity,72.86,22103,1.19,376187259.0
BCC,62.5,2026-10-01,"Boise Cascade, L.L.C.",Distribution services,74.7,277609,0.84,2628673279.0
AMZU,62.5,2026-10-01,Direxion Daily AMZN Bull 2X Shares,Equity,33.73,2142742,-2.82,344071000.0
GFF,62.5,2026-10-01,Griffon Corporation,Producer manufacturing,93.15,348174,0.29,4272476678.0
FENC,62.5,2026-10-01,Fennec Pharmaceuticals Inc.,Health technology,10.33,130149,-2.36,358833520.0
PDS,62.5,2026-10-01,Precision Drilling Corporation,Industrial services,83.8,122788,2.72,1077051567.0
AESI,62.5,2026-10-01,Atlas Energy Solutions Inc.,Industrial services,11.69,2854981,-4.96,1460146277.0
RELX,62.5,2026-10-01,RELX PLC PLC,Commercial services,33.49,2541807,-0.33,58470013838.0
TRPA,62.4,2026-10-01,Hartford AAA CLO ETF,Fixed income,38.93,68188,0.0,111091929.0
ASAN,62.4,2026-10-01,"Asana, Inc.",Technology services,8.93,7386293,2.06,2121981034.0
COKE,62.4,2026-10-01,"Coca-Cola Consolidated, Inc.",Consumer non-durables,187.11,525076,-0.76,14697752267.0
SEIC,62.4,2026-10-01,SEI Investments Company,Finance,103.87,660854,1.47,12466373530.0
NODK,62.4,2026-10-01,"NI Holdings, Inc.",Finance,14.99,24363,0.07,307016741.0
RDW,62.4,2026-10-01,Redwire Corporation,Electronic technology,10.57,12497679,-0.94,2524380250.0
GOLD,62.4,2026-10-01,"Gold.com, Inc.",Finance,42.09,462268,-1.15,1220794102.0
CCNE,62.4,2026-10-01,CNB Financial Corporation,Finance,33.68,142603,1.38,997730224.0
IYH,62.4,2026-10-01,iShares U.S. Healthcare ETF,Equity,70.4,923146,-1.37,3737792538.0
ASTH,62.4,2026-10-01,Astrana Health Inc.,Health services,34.91,266794,-1.97,1730957122.0
WTPI,62.4,2026-10-01,WisdomTree Equity Premium Income Fund,Equity,32.78,89015,-0.3,498164975.0
TPC,62.4,2026-10-01,Tutor Perini Corporation,Industrial services,83.26,408132,0.9,4391349376.0
BDYN,62.4,2026-10-01,iShares Dynamic Equity Active ETF,Equity,27.78,392298,-0.04,3075913213.0
HSCZ,62.4,2026-10-01,iShares Currency Hedged MSCI EAFE Small-Cap ETF,Equity,43.13,24494,-0.85,226674040.0
HOV,62.4,2026-10-01,"Hovnanian Enterprises, Inc.",Consumer durables,115.01,116240,4.86,583295067.0
BF.A,62.4,2026-10-01,Brown Forman Inc,Consumer non-durables,26.59,141635,-0.11,12192097560.0
BIO,62.4,2026-10-01,"Bio-Rad Laboratories, Inc.",Health technology,355.57,264577,-4.89,9570749329.0
GPRK,62.4,2026-10-01,Geopark Ltd,Energy minerals,10.41,613055,0.39,675564789.0
COO,62.4,2026-10-01,"The Cooper Companies, Inc.",Health technology,57.41,4538821,1.68,11196729710.0
EWTX,62.4,2026-10-01,"Edgewise Therapeutics, Inc.",Health technology,40.48,1078775,0.22,4355364640.0
SOLS,62.4,2026-10-01,Solstice Advanced Materials Inc.,Process industries,56.98,1842384,1.75,9051122915.0
ICOP,62.4,2026-10-01,iShares Copper and Metals Mining ETF,Equity,52.54,43497,-0.1,458815162.0
NWE,62.4,2026-10-01,"NorthWestern Energy Group, Inc.",Utilities,68.53,446458,0.6,4215817986.0
DG,62.4,2026-10-01,Dollar General Corporation,Retail trade,118.93,1864191,-0.91,26234369928.0
IAUX,62.3,2026-10-01,i-80 Gold Corp.,Non-energy minerals,1.62,5789583,-1.82,1396522857.0
WINA,62.3,2026-10-01,Winmark Corporation,Retail trade,299.46,57889,-0.03,1075710929.0
MTCH,62.3,2026-10-01,"Match Group, Inc.",Technology services,40.13,2948217,-0.94,9361004710.0
ARLO,62.3,2026-10-01,"Arlo Technologies, Inc.",Electronic technology,12.77,1337370,1.51,1386947363.0
HTGC,62.3,2026-10-01,"Hercules Capital, Inc.",Finance,16.94,1747597,1.5,3170558160.0
NEM,62.3,2026-10-01,Newmont Corporation,Non-energy minerals,114.67,5612423,-0.12,120826892716.0
PBPH,62.3,2026-10-01,Portfolio Building Block World Pharma and Biotech Index ETF,Equity,27.92,152235,-1.27,12492726.0
IBDR,62.3,2026-10-01,iShares iBonds Dec 2026 Term Corporate ETF,Fixed income,24.16,794577,0.0,3509690895.0
DKS,62.3,2026-10-01,Dick's Sporting Goods Inc,Retail trade,132.85,2938642,-0.4,11349846188.0
QQQJ,62.3,2026-10-01,Invesco NASDAQ Next Gen 100 ETF,Equity,44.15,294134,0.27,1160955727.0
ABEV,62.3,2026-10-01,Ambev S.A.,Consumer non-durables,2.9,19063362,-0.68,44813207000.0
BTDR,62.3,2026-10-01,Bitdeer Technologies Group,Technology services,10.64,7876930,1.82,2484117225.0
GBUG,62.3,2026-10-01,Sprott Active Gold & Silver Miners ETF,Equity,45.85,34970,-2.8,67682569.0
J,62.3,2026-10-01,Jacobs Solutions Inc.,Technology services,139.79,997225,2.49,16506542990.0
LILAK,62.3,2026-10-01,Liberty Latin America Ltd.,Communications,8.3,1032769,0.36,2478182477.0
LSTR,62.3,2026-10-01,"Landstar System, Inc.",Transportation,170.14,483474,1.29,5774024166.0
CSW,62.3,2026-10-01,"CSW Industrials, Inc.",Process industries,292.38,120805,1.91,4763893530.0
QUS,62.3,2026-10-01,State Street SPDR MSCI USA StrategicFactors ETF,Equity,190.82,11954,0.37,1566062134.0
CSR,62.3,2026-10-01,D/B/A Centerspace,Finance,54.35,246322,0.57,913251094.0
AGCO,62.3,2026-10-01,AGCO Corporation,Producer manufacturing,111.81,984008,-1.44,7830247843.0
ECPG,62.3,2026-10-01,Encore Capital Group Inc,Finance,94.3,204821,-0.02,2021829720.0
IBHF,62.3,2026-10-01,iShares iBonds 2026 Term High Yield and Income ETF,Fixed income,22.46,928304,-0.13,858236963.0
APLY,62.3,2026-10-01,YieldMax AAPL Option Income Strategy ETF,Equity,11.6,58138,0.17,116858938.0
DBA,62.3,2026-10-01,Invesco DB Agriculture Fund,Commodities,28.13,1271879,0.21,773627944.0
HOOD,62.3,2026-10-01,"Robinhood Markets, Inc.",Finance,111.15,18011080,-0.82,99932999312.0
XPO,62.2,2026-10-01,"XPO, Inc.",Transportation,179.73,1007856,3.42,21043950354.0
ACIC,62.2,2026-10-01,American Coastal Insurance Corporation,Finance,9.25,250415,2.32,448292000.0
BTSG,62.2,2026-10-01,"BrightSpring Health Services, Inc.",Health services,57.26,2880276,1.31,11237755984.0
SGI,62.2,2026-10-01,Somnigroup International Inc.,Consumer durables,62.75,3581048,1.21,13205693698.0
FRD,62.2,2026-10-01,"Friedman Industries, Incorporated",Non-energy minerals,39.63,57088,3.42,285842868.0
NWSA,62.2,2026-10-01,News Corporation,Consumer services,28.64,3385527,-0.21,16076545244.0
NVCR,62.2,2026-10-01,NovoCure Limited,Health technology,15.92,1207966,0.7,1853817773.0
WFG,62.2,2026-10-01,West Fraser Timber Co. Ltd,Non-energy minerals,66.99,176094,-3.07,5092736825.0
SNTH,62.2,2026-10-01,MRP SynthEquity ETF,Equity,29.48,221365,-0.03,55463206.0
CLSK,62.2,2026-10-01,"CleanSpark, Inc.",Technology services,12.52,18615883,-2.49,3212739747.0
CLBT,62.2,2026-10-01,Cellebrite DI Ltd.,Technology services,11.14,1662030,-1.76,2778759561.0
ASTS,62.2,2026-10-01,"AST SpaceMobile, Inc.",Communications,57.04,12312647,-3.84,23209122646.0
COP,62.2,2026-10-01,ConocoPhillips,Energy minerals,127.06,5978638,2.18,154796436529.0
IRTC,62.2,2026-10-01,"iRhythm Holdings, Inc.",Health technology,111.05,373966,-3.04,3649370408.0
RHI,62.2,2026-10-01,Robert Half Inc.,Commercial services,37.79,1530179,2.22,3865690260.0
BCBP,62.2,2026-10-01,"BCB Bancorp, Inc. (NJ)",Finance,8.63,314213,0.47,149844416.0
HLI,62.2,2026-10-01,"Houlihan Lokey, Inc.",Finance,128.38,801650,2.12,8972028100.0
STVN,62.2,2026-10-01,Stevanato Group S.p.A.,Health technology,19.98,202847,-3.48,5454798421.0
CZNC,62.2,2026-10-01,Citizens & Northern Corp,Finance,25.19,55738,0.68,451319154.0
RELY,62.2,2026-10-01,"Remitly Global, Inc.",Commercial services,21.48,2123917,0.94,4522851998.0
DEFT,62.2,2026-10-01,"Defi Technologies, Inc.",Finance,0.509,2225058,6.04,197439064.0
EOLS,62.2,2026-10-01,"Evolus, Inc. Common Stock",Health technology,7.69,922567,-2.53,506423035.0
ZAP,62.2,2026-10-01,Global X U.S. Electrification ETF,Equity,30.71,58924,0.49,290869833.0
OFLX,62.2,2026-10-01,"Omega Flex, Inc.",Producer manufacturing,25.87,28690,-0.42,261140110.0
SMFG,62.2,2026-10-01,Sumitomo Mitsui Financial Group Inc Unsponsored,Finance,25.28,2452290,-0.9,97941393920.0
XMMO,62.2,2026-10-01,Invesco S&P MidCap Momentum ETF,Equity,149.34,241556,1.77,8277837428.0
PFXF,62.1,2026-10-01,VanEck Preferred Securities ex Financials ETF,Fixed income,17.54,792760,0.52,2682295650.0
SHOE,62.1,2026-10-01,"Shoe Carnival, Inc.",Retail trade,12.69,1068698,-1.32,344550099.0
HUM,62.1,2026-10-01,Humana Inc.,Health services,379.68,891923,-0.08,45572761600.0
QBTS,62.1,2026-10-01,D-Wave Quantum Inc.,Electronic technology,16.56,11199681,-0.72,6081975865.0
EPC,62.1,2026-10-01,Edgewell Personal Care Company,Consumer non-durables,26.67,464523,-0.3,1228988964.0
AKAM,62.1,2026-10-01,"Akamai Technologies, Inc.",Technology services,106.93,5514813,-0.21,15546066275.0
HTH,62.1,2026-10-01,Hilltop Holdings Inc.,Finance,37.93,345563,1.58,2172873797.0
GTX,62.1,2026-10-01,Garrett Motion Inc.,Producer manufacturing,26.25,2131829,0.85,4895452118.0
DSAC,62.1,2026-10-01,Daedalus Special Acquisition Corp.,Finance,10.12,60896,-0.08,345923388.0
VIXY,62.1,2026-10-01,VIX Short-Term Futures ETF,Alternatives,17.08,2449389,0.59,176206773.0
STNE,62.1,2026-10-01,StoneCo Ltd.,Commercial services,9.42,6247893,0.43,2291209785.0
VINP,62.1,2026-10-01,Vinci Compass Investments Ltd.,Finance,9.3,45401,-1.06,593557936.0
COR,62.1,2026-10-01,"Cencora, Inc.",Distribution services,309.78,1889571,2.18,60271125167.0
PERI,62.1,2026-10-01,Perion Network Ltd,Technology services,8.76,274816,0.46,361813308.0
COM,62.1,2026-10-01,Direxion Auspice Broad Commodity Strategy ETF,Commodities,34.82,47904,0.03,199735951.0
SWIM,62.1,2026-10-01,"Latham Group, Inc.",Producer manufacturing,6.27,768973,1.79,736170663.0
KDP,62.1,2026-10-01,Keurig Dr Pepper Inc.,Consumer non-durables,30.69,17706631,0.36,41755570165.0
LZ,62.1,2026-10-01,"LegalZoom.com, Inc.",Technology services,5.73,2836925,0.17,983543040.0
MLP,62.1,2026-10-01,"Maui Land & Pineapple Company, Inc.",Finance,15.78,13962,-0.5,313463483.0
UPWK,62.1,2026-10-01,Upwork Inc.,Commercial services,8.34,2703069,0.85,1030141263.0
VMI,62.1,2026-10-01,"Valmont Industries, Inc.",Producer manufacturing,468.28,235305,0.92,9040098572.0
XMAG,62.1,2026-10-01,Defiance Large Cap ex-Mag 7 ETF,Equity,25.54,47301,0.55,176531200.0
KOS,62.1,2026-10-01,Kosmos Energy Ltd.,Energy minerals,2.58,13715817,1.18,1251995522.0
SLS,62.0,2026-10-01,"SELLAS Life Sciences Group, Inc.",Health technology,11.33,6209963,-6.75,2107753890.0
NWPX,62.0,2026-10-01,"NWPX Infrastructure, Inc.",Non-energy minerals,104.77,133875,2.17,1009669538.0
GBDC,62.0,2026-10-01,"Golub Capital BDC, Inc.",Finance,12.65,1829250,0.64,3295264040.0
MAN,62.0,2026-10-01,ManpowerGroup,Commercial services,56.28,1693848,8.06,2617433208.0
MTH,62.0,2026-10-01,Meritage Homes Corporation,Finance,64.37,973557,3.27,4293633488.0
LU,62.0,2026-10-01,Lufax Holding Ltd,Finance,1.19,1244664,-2.46,1031359781.0
GEF.B,62.0,2026-10-01,"Greif, Inc. Corporation",Process industries,106.33,60076,3.99,3988963570.0
VST,62.0,2026-10-01,Vistra Corp.,Utilities,139.75,4744277,0.42,47121249903.0
STEX,62.0,2026-10-01,Streamex Corp.,Finance,0.6123,681006,-4.03,63781250.0
CWB,62.0,2026-10-01,State Street SPDR Bloomberg Convertible Securities ETF,Fixed income,101.06,846867,-0.23,6362328277.0
SHW,62.0,2026-10-01,Sherwin-Williams Company (The),Process industries,320.78,1615260,0.04,77871959678.0
KEEL,62.0,2026-10-01,Keel Infrastructure Corp.,Technology services,3.44,25216624,-2.82,2089247132.0
GOOGL,62.0,2026-10-01,Alphabet Inc.,Technology services,338.24,33000872,-3.58,4093418121377.0
MRCY,62.0,2026-10-01,Mercury Systems Inc,Electronic technology,84.07,480430,0.8,5047838802.0
ICFI,62.0,2026-10-01,"ICF International, Inc.",Commercial services,84.97,184464,0.68,1538312175.0
NMAX,62.0,2026-10-01,"Newsmax, Inc.",Consumer services,9.87,1360389,-9.12,887523705.0
JETS,62.0,2026-10-01,U.S. Global Jets ETF,Equity,28.09,3313020,-0.21,928128582.0
VACI,62.0,2026-10-01,Viking Acquisition Corp. I,Finance,7.72,16430,-1.15,240681392.0
UROY,62.0,2026-10-01,Uranium Royalty Corp.,Non-energy minerals,3.88,2976568,-3.96,568778927.0
FFOX,62.0,2026-10-01,FundX Future Fund Opportunities ETF,Equity,28.43,24503,1.03,252401246.0
CME,62.0,2026-10-01,CME Group Inc.,Finance,265.1,2212307,0.44,95324466863.0
HCI,62.0,2026-10-01,"HCI Group, Inc.",Finance,181.39,201519,4.7,2315408523.0
HBM,61.9,2026-10-01,Hudbay Minerals Inc.,Non-energy minerals,26.18,4105754,-0.76,11627061600.0
INBK,61.9,2026-10-01,First Internet Bancorp,Finance,27.11,32707,3.08,236308707.0
KD,61.9,2026-10-01,"Kyndryl Holdings, Inc.",Technology services,12.12,10544739,2.89,2672668561.0
SUN,61.9,2026-10-01,Sunoco LP,Distribution services,74.54,1032920,2.56,10194316480.0
VLTO,61.9,2026-10-01,Veralto Corp,Producer manufacturing,94.6,1367781,-0.04,23062850910.0
HRMY,61.9,2026-10-01,"Harmony Biosciences Holdings, Inc.",Health technology,39.57,1203017,-0.03,2290813189.0
QDEF,61.9,2026-10-01,FlexShares Quality Dividend Defensive Index Fund,Equity,89.37,3321,0.35,548116416.0
IBMO,61.9,2026-10-01,iShares iBonds Dec 2026 Term Muni Bond ETF,Fixed income,25.59,48346,-0.16,584978431.0
ARCB,61.9,2026-10-01,ArcBest Corporation,Transportation,129.61,150482,2.41,2896958992.0
KRO,61.9,2026-10-01,Kronos Worldwide Inc,Process industries,7.63,289980,0.26,877855275.0
SAIC,61.9,2026-10-01,Science Applications International Corporation,Technology services,126.3,494802,-2.45,5339562240.0
WTI,61.9,2026-10-01,"W&T Offshore, Inc.",Energy minerals,3.63,3023547,1.68,540063044.0
USNA,61.9,2026-10-01,"USANA Health Sciences, Inc.",Health technology,14.37,140073,-1.1,265313468.0
PCVX,61.9,2026-10-01,"Vaxcyte, Inc.",Health technology,56.05,1166111,-1.2,8093490076.0
DD,61.9,2026-10-01,"DuPont de Nemours, Inc.",Process industries,129.2,911289,0.19,17444454800.0
CSD,61.9,2026-10-01,Invesco S&P Spin-Off ETF,Equity,127.8,3410,1.0,110721157.0
GFL,61.9,2026-10-01,"GFL Environmental Inc. Subordinate voting shares, no par value",Industrial services,40.43,4914870,-3.16,14113197746.0
HOOW,61.9,2026-10-01,Roundhill HOOD WeeklyPay ETF,Equity,26.49,173888,-1.27,60054543.0
DAVE,61.9,2026-10-01,Dave Inc.,Finance,339.59,279635,4.05,4565143348.0
CHKP,61.9,2026-10-01,Check Point Software Technologies Ltd.,Technology services,130.73,730460,0.56,13347663730.0
TX,61.9,2026-10-01,Ternium S.A.,Non-energy minerals,55.3,389309,2.79,10855814538.0
ISBA,61.9,2026-10-01,Isabella Bank Corporation,Finance,37.68,27852,1.07,276290861.0
PRDO,61.9,2026-10-01,Perdoceo Education Corporation,Consumer services,31.82,597480,1.95,1995212642.0
IFF,61.9,2026-10-01,"International Flavors & Fragrances, Inc.",Consumer non-durables,83.12,1816097,0.14,21220785360.0
IQ,61.9,2026-10-01,"iQIYI, Inc.",Technology services,0.9833,10611819,-1.67,948210381.0
PMTS,61.9,2026-10-01,CPI Card Group Inc.,Finance,24.64,110030,0.53,282758981.0
CAE,61.9,2026-10-01,CAE Inc.,Commercial services,24.04,1097787,0.63,7730775651.0
AVIR,61.9,2026-10-01,"Atea Pharmaceuticals, Inc.",Health technology,5.1,408661,-1.16,408138205.0
DGP,61.9,2026-10-01,"DB Gold Double Long ETN due February 15, 2038",Commodities,148.85,195719,0.76,173617323.0
DMXF,61.9,2026-10-01,iShares ESG Advanced MSCI EAFE ETF,Equity,84.19,29562,-0.61,1243126698.0
NULV,61.9,2026-10-01,Nuveen ESG Large-Cap Value ETF,Equity,52.85,554495,-0.04,2165720662.0
ARKQ,61.9,2026-10-01,ARK Autonomous Technology & Robotics ETF,Equity,121.43,110929,-0.32,1882576142.0
TUSB,61.9,2026-10-01,Thrivent Ultra Short Bond ETF,Fixed income,50.37,23203,0.02,221174333.0
SUPN,61.9,2026-10-01,"Supernus Pharmaceuticals, Inc.",Health technology,42.18,420000,-2.38,2448114546.0
CNQ,61.9,2026-10-01,Canadian Natural Resources Limited,Energy minerals,47.79,5142391,1.96,99676080900.0
GORO,61.9,2026-10-01,Gold Resource Corporation,Non-energy minerals,3.19,845518,0.0,240462200.0
ORCL,61.8,2026-10-01,Oracle Corporation,Technology services,138.08,22956709,-1.09,397735297600.0
PINS,61.8,2026-10-01,"Pinterest, Inc.",Technology services,19.46,13202446,1.94,12380158485.0
TSLT,61.8,2026-10-01,T-REX 2X Long Tesla Daily Target ETF,Equity,12.55,1411302,-1.41,125178445.0
CGXU,61.8,2026-10-01,Capital Group International Focus Equity ETF,Equity,34.21,1410730,-0.2,6376313085.0
GWX,61.8,2026-10-01,State Street SPDR S&P International Small Cap ETF,Equity,45.39,50398,-0.29,918166538.0
VELO,61.8,2026-10-01,"Velo3D, Inc.",Producer manufacturing,10.47,1112228,-2.51,312016470.0
OPTU,61.8,2026-10-01,"Optimum Communications, Inc.",Communications,0.9424,2151020,-3.84,442626256.0
H,61.8,2026-10-01,Hyatt Hotels Corporation,Consumer services,160.94,876323,0.7,15258520869.0
VHT,61.8,2026-10-01,Vanguard Health Care ETF,Equity,311.72,193610,-1.33,21335135875.0
JGLO,61.8,2026-10-01,JPMorgan Global Select Equity ETF,Equity,72.23,753858,-0.39,7005782264.0
CTAS,61.8,2026-10-01,Cintas Corporation,Commercial services,195.6,1819451,0.05,78273166132.0
VXX,61.8,2026-10-01,iPath Series B S&P 500 VIX Short-Term Futures ETN,Alternatives,17.79,8986982,0.79,438825529.0
EYE,61.8,2026-10-01,"National Vision Holdings, Inc.",Retail trade,16.4,1707006,-0.49,1313913880.0
CLBK,61.8,2026-10-01,"Columbia Financial, Inc.",Finance,11.16,4794510,1.36,2493532167.0
BXC,61.8,2026-10-01,Bluelinx Holdings Inc.,Distribution services,73.79,161531,3.75,574263296.0
IYZ,61.8,2026-10-01,iShares U.S. Telecommunications ETF,Equity,41.61,1802179,0.43,809050062.0
PYPL,61.8,2026-10-01,"PayPal Holdings, Inc.",Commercial services,53.06,10507467,-0.02,45390760660.0
ELVA,61.8,2026-10-01,Electrovaya Inc.,Producer manufacturing,6.43,274999,-1.23,318085688.0
RLX,61.8,2026-10-01,RLX Technology Inc.,Producer manufacturing,1.69,1420561,-0.59,2065610337.0
CE,61.8,2026-10-01,Celanese Corporation,Process industries,44.2,1390719,-0.47,4847084224.0
FBIZ,61.8,2026-10-01,"First Business Financial Services, Inc.",Finance,69.49,44279,1.19,581086915.0
TGTX,61.8,2026-10-01,"TG Therapeutics, Inc.",Health technology,53.62,2117056,-3.53,8208341560.0
MD,61.8,2026-10-01,"Pediatrix Medical Group, Inc.",Health services,25.76,1528690,-0.16,2115460144.0
BZ,61.8,2026-10-01,KANZHUN LIMITED - American Depository Shares,Commercial services,14.95,4035788,0.61,6841166315.0
LLY,61.8,2026-10-01,Eli Lilly and Company,Health technology,1149.85,2172962,-0.45,1084339422220.0
PKX,61.8,2026-10-01,POSCO HOLDINGS INC.,Non-energy minerals,56.13,174818,0.09,16978377301.0
IVOG,61.8,2026-10-01,Vanguard S&P Mid-Cap 400 Growth ETF,Equity,138.23,15417,0.97,1952648769.0
NRP,61.8,2026-10-01,Natural Resource Partners LP Limited Partnership,Energy minerals,106.42,77068,-1.59,1410107568.0
COPP,61.8,2026-10-01,Sprott Copper Miners ETF,Equity,41.23,38817,-0.19,49784049.0
ADBE,61.7,2026-10-01,Adobe Inc.,Technology services,241.28,4490841,-1.89,95908800000.0
NFGC,61.7,2026-10-01,New Found Gold Corp,Non-energy minerals,1.61,493584,-2.42,394822362.0
GOLF,61.7,2026-10-01,Acushnet Holdings Corp.,Consumer durables,83.41,304766,1.15,4883997481.0
NIQ,61.7,2026-10-01,NIQ Global Intelligence plc,Technology services,17.24,1210471,-0.75,5088150674.0
VT,61.7,2026-10-01,Vanguard Total World Stock Index ETF,Equity,157.8,3974268,-0.14,99324713925.0
IREN,61.7,2026-10-01,IREN Limited,Technology services,40.65,36631757,-0.27,14506255505.0
FNDE,61.7,2026-10-01,Schwab Fundamental Emerging Markets Equity ETF,Equity,41.66,2529306,-0.22,9144560249.0
CHA,61.7,2026-10-01,Chagee Holdings Limited,Consumer non-durables,11.14,584821,-5.27,2125103429.0
TRIN,61.7,2026-10-01,Trinity Capital Inc.,Miscellaneous,17.55,868201,0.23,1577528100.0
APTV,61.7,2026-10-01,Aptiv PLC,Producer manufacturing,43.97,2582556,2.26,9304975370.0
BNTX,61.7,2026-10-01,BioNTech SE,Health technology,96.85,788126,-0.76,24329142847.0
AUGO,61.7,2026-10-01,Aura Minerals Inc.,Non-energy minerals,78.85,618432,0.64,6606779997.0
ANGO,61.7,2026-10-01,"AngioDynamics, Inc.",Health technology,15.12,685130,-1.56,624945722.0
AARD,61.7,2026-10-01,"Aardvark Therapeutics, Inc.",Health technology,5.27,47824,-0.38,115329513.0
JHML,61.7,2026-10-01,John Hancock Multifactor Large Cap ETF,Equity,89.44,16751,0.15,1188152425.0
AZ,61.7,2026-10-01,A2Z Cust2Mate Solutions Corp.,Finance,5.64,265863,-0.88,251161394.0
TSLR,61.7,2026-10-01,GraniteShares 2x Long TSLA Daily ETF,Equity,15.58,1148465,-1.08,74878830.0
SPDN,61.7,2026-10-01,Direxion Daily S&P 500 Bear 1X Shares,Equity,8.47,74920598,0.12,208674839.0
RRX,61.7,2026-10-01,Regal Rexnord Corporation,Producer manufacturing,156.57,872648,1.45,10422798045.0
LILA,61.7,2026-10-01,Liberty Latin America Ltd.,Communications,8.36,282507,0.97,2463680204.0
XRX,61.7,2026-10-01,Xerox Holdings Corporation,Electronic technology,3.14,1515227,-0.95,410649200.0
UMAC,61.7,2026-10-01,"Unusual Machines, Inc.",Electronic technology,21.78,5436687,-11.82,1040951599.0
BSY,61.7,2026-10-01,"Bentley Systems, Incorporated",Technology services,32.75,1959090,0.21,9572220664.0
TDS,61.6,2026-10-01,"Telephone and Data Systems, Inc.",Communications,35.2,1782342,3.59,3741760000.0
WHF,61.6,2026-10-01,"WhiteHorse Finance, Inc.",Miscellaneous,6.86,76754,-1.29,147328790.0
STRA,61.6,2026-10-01,"Strategic Education, Inc.",Consumer services,78.79,225731,0.77,1790927507.0
MCY,61.6,2026-10-01,Mercury General Corporation,Finance,100.27,245506,1.23,5553814922.0
MATV,61.6,2026-10-01,"Mativ Holdings, Inc.",Process industries,11.65,462834,0.43,642117710.0
MAS,61.6,2026-10-01,Masco Corporation,Producer manufacturing,68.28,1959250,1.67,13463957720.0
SABR,61.6,2026-10-01,Sabre Corporation,Technology services,1.99,8633510,-7.44,786672870.0
VSAT,61.6,2026-10-01,"ViaSat, Inc.",Electronic technology,70.35,1271396,0.69,9691098722.0
VRT,61.6,2026-10-01,"Vertiv Holdings, LLC",Electronic technology,246.12,3464259,1.32,94753246560.0
VRSN,61.6,2026-10-01,"VeriSign, Inc.",Technology services,286.9,628345,0.89,25935760000.0
SHG,61.6,2026-10-01,Shinhan Financial Group Co Ltd,Finance,76.6,135974,0.68,36199934323.0
KOMP,61.6,2026-10-01,State Street SPDR S&P Kensho New Economies Composite ETF,Equity,66.68,45147,0.15,3005709238.0
GPIX,61.6,2026-10-01,Goldman Sachs S&P 500 Premium Income ETF,Equity,55.52,1471676,-0.05,1173341403.0
USMF,61.6,2026-10-01,WisdomTree U.S. Multifactor Fund,Equity,52.4,14056,0.79,316296964.0
HFGM,61.6,2026-10-01,Unlimited HFGM Global Macro ETF,Alternatives,31.53,67268,0.22,25865130.0
IMCG,61.6,2026-10-01,iShares Morningstar Mid-Cap Growth ETF,Equity,94.74,261508,0.79,4083238682.0
OAIM,61.6,2026-10-01,OneAscent International Equity ETF,Equity,47.46,23410,-0.42,386203868.0
ICVT,61.6,2026-10-01,iShares Convertible Bond ETF,Fixed income,112.85,471034,0.01,7503279827.0
DCI,61.6,2026-10-01,"Donaldson Company, Inc.",Producer manufacturing,87.76,706254,0.91,10172349360.0
WMG,61.6,2026-10-01,Warner Music Group Corp.,Commercial services,27.05,2846017,-3.43,14116056512.0
VOD,61.5,2026-10-01,Vodafone Group Plc,Communications,16.38,5921342,0.74,37720605179.0
AIG,61.5,2026-10-01,"American International Group, Inc. New",Finance,75.43,5279600,1.19,39993438580.0
EOG,61.5,2026-10-01,"EOG Resources, Inc.",Energy minerals,141.31,3137736,2.41,75265803990.0
AQST,61.5,2026-10-01,"Aquestive Therapeutics, Inc.",Health technology,4.44,2682426,-3.48,557073480.0
ICE,61.5,2026-10-01,Intercontinental Exchange Inc.,Finance,151.47,2696768,-0.77,85034500650.0
PRTA,61.5,2026-10-01,Prothena Corporation plc,Health technology,8.54,457083,0.0,447096644.0
VTHR,61.5,2026-10-01,Vanguard Russell 3000 ETF,Equity,335.81,85794,-0.26,6283136159.0
AMZN,61.5,2026-10-01,"Amazon.com, Inc.",Retail trade,248.23,32553800,-1.34,2670234933000.0
TSPY,61.5,2026-10-01,TappAlpha SPY Growth & Daily Income ETF,Equity,25.38,272494,-0.2,120551585.0
AERO,61.5,2026-10-01,"Grupo Aeromexico, S.A.B. de C.V.",Transportation,14.92,558768,-5.21,2176878728.0
FWRD,61.5,2026-10-01,Forward Air Corporation,Transportation,15.5,625841,1.64,490188213.0
KB,61.5,2026-10-01,KB Financial Group Inc,Finance,122.08,155215,0.24,42863034641.0
NYT,61.5,2026-10-01,New York Times Company (The),Consumer services,63.71,1602550,-0.39,10346567009.0
DFTX,61.5,2026-10-01,"Definium Therapeutics, Inc.",Health technology,37.6,2120480,-0.9,4991146350.0
SHAK,61.5,2026-10-01,"Shake Shack, Inc.",Consumer services,60.19,1465965,2.35,2428708633.0
RYAAY,61.5,2026-10-01,Ryanair Holdings plc,Transportation,54.18,2743170,-1.17,28141904646.0
EDGI,61.5,2026-10-01,3EDGE Dynamic International Equity ETF,Equity,31.16,14587,-0.51,122832652.0
AVES,61.5,2026-10-01,Avantis Emerging Markets Value ETF,Equity,64.8,66189,0.02,920446033.0
BLKB,61.5,2026-10-01,"Blackbaud, Inc.",Technology services,42.55,340591,0.4,1931348755.0
BLK,61.5,2026-10-01,"BlackRock, Inc.",Finance,1064.36,511119,0.36,164970478200.0
HDSN,61.5,2026-10-01,"Hudson Technologies, Inc.",Distribution services,5.25,320015,1.35,220861137.0
OSCR,61.5,2026-10-01,"Oscar Health, Inc.",Health services,29.9,3716404,-2.61,7752265451.0
SKM,61.4,2026-10-01,"SK Telecom Co., Ltd.",Communications,35.59,1867003,1.86,13662578903.0
MARA,61.4,2026-10-01,"MARA Holdings, Inc.",Technology services,11.21,30241566,-0.62,4274042339.0
ATI,61.4,2026-10-01,ATI Inc.,Non-energy minerals,191.14,1283078,1.92,26084957417.0
AVUS,61.4,2026-10-01,Avantis U.S. Equity ETF,Equity,128.71,349900,0.31,14195159348.0
DGX,61.4,2026-10-01,Quest Diagnostics Incorporated,Health services,231.09,992163,-0.71,25506096570.0
HIVE,61.4,2026-10-01,HIVE Digital Technologies Ltd,Technology services,2.92,8345588,-2.01,799024554.0
NUMG,61.4,2026-10-01,Nuveen ESG Mid-Cap Growth ETF,Equity,45.98,23695,1.19,482782184.0
RHLD,61.4,2026-10-01,Resolute Holdings Management,Commercial services,118.0,109144,-1.68,974378156.0
FENY,61.4,2026-10-01,Fidelity MSCI Energy Index ETF,Equity,34.56,1990762,2.37,1862209662.0
NRGV,61.4,2026-10-01,"Energy Vault Holdings, Inc.",Producer manufacturing,3.89,2820599,-2.26,705019710.0
CGGE,61.4,2026-10-01,Capital Group Global Equity ETF,Equity,34.74,525615,-0.34,3082163806.0
GSWO,61.4,2026-10-01,Goldman Sachs ActiveBeta World Equity ETF,Equity,64.55,64702,0.02,1669099669.0
IZRL,61.4,2026-10-01,ARK Israel Innovative Technology ETF,Equity,28.56,5685,-0.21,140130463.0
UVXY,61.4,2026-10-01,ProShares Ultra VIX Short Term Futures ETF,Alternatives,17.47,7349689,0.87,122532703.0
CARE,61.4,2026-10-01,"Carter Bankshares, Inc.",Finance,30.36,273803,2.12,672844787.0
PG,61.4,2026-10-01,Procter & Gamble Company (The),Consumer non-durables,143.95,7302938,-0.42,342199226481.0
SMP,61.4,2026-10-01,"Standard Motor Products, Inc.",Consumer durables,37.29,102622,0.92,830198457.0
VERX,61.4,2026-10-01,"Vertex, Inc.",Technology services,12.3,2335775,2.16,1995281252.0
JVAL,61.4,2026-10-01,JPMorgan U.S. Value Factor ETF,Equity,58.4,33810,0.5,847623867.0
CTRI,61.4,2026-10-01,"Centuri Holdings, Inc.",Utilities,20.54,1648201,2.24,2073781047.0
KVYO,61.4,2026-10-01,"Klaviyo, Inc. Series A",Technology services,16.19,3912031,0.31,4845340108.0
BKKT,61.4,2026-10-01,"Bakkt, Inc.",Commercial services,7.71,1106492,-0.77,343960833.0
BHC,61.4,2026-10-01,Bausch Health Companies Inc.,Health technology,5.73,1453350,-1.88,2142965840.0
AMPX,61.4,2026-10-01,"Amprius Technologies, Inc.",Producer manufacturing,9.61,5309557,-0.1,1361037104.0
MUFG,61.4,2026-10-01,"Mitsubishi UFJ Financial Group, Inc.",Finance,22.62,4880204,0.13,255082858664.0
CXDO,61.4,2026-10-01,"Crexendo, Inc.",Technology services,5.93,104782,0.51,192223322.0
BAP,61.4,2026-10-01,Credicorp Ltd.,Finance,378.35,491782,0.07,30059270737.0
VZLA,61.4,2026-10-01,Vizsla Silver Corp.,Non-energy minerals,3.75,6604546,-1.06,1316317988.0
BRNY,61.3,2026-10-01,Burney U.S. Factor Rotation ETF,Equity,57.79,39649,0.54,602480100.0
ACNB,61.3,2026-10-01,ACNB Corporation,Finance,62.89,56032,1.44,642232680.0
APPF,61.3,2026-10-01,"AppFolio, Inc.",Technology services,204.24,187581,1.09,7297471508.0
BH,61.3,2026-10-01,Biglari Holdings Inc.,Consumer services,357.19,70145,5.02,1121226554.0
BIBL,61.3,2026-10-01,Inspire 100 ETF,Equity,54.64,57847,0.89,530579541.0
CGAU,61.3,2026-10-01,Centerra Gold Inc.,Non-energy minerals,21.54,1200487,-0.74,4213396320.0
CNXC,61.3,2026-10-01,Concentrix Corporation,Technology services,27.01,2197858,4.0,1648104283.0
COPJ,61.3,2026-10-01,Sprott Junior Copper Miners ETF,Equity,43.07,63464,-1.35,24827010.0
DCOR,61.3,2026-10-01,Dimensional US Core Equity 1 ETF,Equity,83.02,151702,0.05,3320622260.0
DCTH,61.3,2026-10-01,"Delcath Systems, Inc.",Health technology,15.41,321416,-3.08,531978580.0
DFSE,61.3,2026-10-01,Dimensional Emerging Markets Sustainability Core 1 ETF,Equity,48.25,39177,-0.08,630958142.0
DMLP,61.3,2026-10-01,"Dorchester Minerals, L.P.",Miscellaneous,28.6,148689,1.56,1380105870.0
EEMV,61.3,2026-10-01,iShares MSCI Emerging Markets Min Vol Factor ETF,Equity,74.15,186457,0.24,3580484374.0
EROC,61.3,2026-10-01,"ERock, Inc.",Industrial services,12.15,2575303,-1.62,3320872324.0
ESQ,61.3,2026-10-01,"Esquire Financial Holdings, Inc.",Finance,118.19,142706,1.53,1021094232.0
EXTR,61.3,2026-10-01,"Extreme Networks, Inc.",Electronic technology,21.97,1420852,0.32,2873194593.0
FLYW,61.3,2026-10-01,Flywire Corporation - Voting,Commercial services,17.56,1314776,0.34,2134330200.0
GLRY,61.3,2026-10-01,Inspire Growth ETF,Equity,38.3,12018,0.68,165773481.0
GOOD,61.3,2026-10-01,Gladstone Commercial Corporation - Real Estate Investment Trust,Finance,12.72,615171,1.11,615736951.0
GXO,61.3,2026-10-01,"GXO Logistics, Inc.",Transportation,45.96,1557699,3.49,5287633150.0
LST,61.3,2026-10-01,Leuthold Select Industries ETF,Equity,47.11,60950,0.13,19957121.0
NBTB,61.3,2026-10-01,NBT Bancorp Inc.,Finance,50.74,466807,1.62,2638999172.0
OLED,61.3,2026-10-01,Universal Display Corporation,Electronic technology,77.39,439755,0.39,3557373515.0
OVBC,61.3,2026-10-01,Ohio Valley Banc Corp.,Finance,44.3,11064,1.19,208673789.0
SYRE,61.3,2026-10-01,"Spyre Therapeutics, Inc.",Health technology,89.93,1662567,0.9,7809638109.0
TYL,61.3,2026-10-01,"Tyler Technologies, Inc.",Technology services,330.18,525246,1.41,13521630414.0
VCEL,61.3,2026-10-01,Vericel Corporation,Health technology,39.44,497285,-2.06,2019588304.0
WF,61.3,2026-10-01,Woori Financial Group Inc.,Finance,73.1,100493,-0.64,17739811874.0
XLE,61.3,2026-10-01,State Street Energy Select Sector SPDR ETF,Equity,62.7,41368714,2.52,41942655988.0
ZD,61.3,2026-10-01,"Ziff Davis, Inc.",Technology services,54.42,618879,-4.19,2004582468.0
AZZ,61.2,2026-10-01,AZZ Inc.,Process industries,135.41,193921,1.19,4069273615.0
TSLX,61.2,2026-10-01,"Sixth Street Specialty Lending, Inc.",Miscellaneous,18.09,709692,0.11,1718904564.0
VBIL,61.2,2026-10-01,Vanguard 0-3 Month Treasury Bill ETF,Fixed income,75.51,4868812,0.0,9407464207.0
MVST,61.2,2026-10-01,"Microvast Holdings, Inc.",Producer manufacturing,0.66,3957987,1.35,219883620.0
ITIC,61.2,2026-10-01,Investors Title Company,Finance,285.75,40034,0.49,539494857.0
BFC,61.2,2026-10-01,Bank First Corporation,Finance,149.5,58164,0.84,1677823550.0
DLB,61.2,2026-10-01,Dolby Laboratories,Technology services,59.06,788614,-0.44,5618727376.0
MCS,61.2,2026-10-01,Marcus Corporation (The),Consumer services,27.11,218841,-2.52,836314926.0
SGVT,61.2,2026-10-01,Schwab Government Money Market ETF,Fixed income,100.49,252769,-0.01,870613743.0
GRAB,61.2,2026-10-01,Grab Holdings Limited,Transportation,3.12,59136757,0.32,12394917600.0
CHE,61.2,2026-10-01,Chemed Corp,Health services,502.9,201684,-0.4,6572903000.0
DPC,61.2,2026-10-01,DPC Holdings Ltd.,Producer manufacturing,42.17,1976533,-0.35,6121051364.0
XSOE,61.2,2026-10-01,WisdomTree Emerging Markets Ex-State Owned Enterprises Fund,Equity,46.81,74922,0.11,2204307865.0
WING,61.2,2026-10-01,Wingstop Inc.,Consumer services,104.36,873659,-1.23,2843027300.0
CAC,61.2,2026-10-01,Camden National Corporation,Finance,56.42,123641,2.38,954327374.0
RYZ,61.2,2026-10-01,Ryerson Holding Corporation,Non-energy minerals,24.51,618719,4.7,1272035985.0
PFG,61.2,2026-10-01,Principal Financial Group Inc,Finance,112.24,1230463,0.36,24031145200.0
MANU,61.2,2026-10-01,Manchester,Consumer services,20.62,830733,-1.72,3559432566.0
SPCE,61.1,2026-10-01,"Virgin Galactic Holdings, Inc.",Electronic technology,2.99,4984420,0.34,384326452.0
LYFT,61.1,2026-10-01,"Lyft, Inc.",Transportation,15.21,7699134,1.33,5774978430.0
GEME,61.1,2026-10-01,Pacific North of South EM Equity Active ETF,Equity,41.24,31216,0.29,63802672.0
GOOS,61.1,2026-10-01,Canada Goose Holdings Inc. Subordinate Voting Shares,Consumer non-durables,7.76,632565,-0.51,753911113.0
BBNX,61.1,2026-10-01,"Beta Bionics, Inc.",Health technology,18.87,1137528,-2.48,848955413.0
JOUT,61.1,2026-10-01,Johnson Outdoors Inc.,Consumer durables,44.51,31946,2.77,466228541.0
HAWX,61.1,2026-10-01,iShares Currency Hedged MSCI ACWI ex U.S. ETF,Equity,45.32,14177,-0.13,356989448.0
EDC,61.1,2026-10-01,Direxion Emerging Markets Bull 3X Shares,Equity,76.63,153485,0.29,157674230.0
THM,61.1,2026-10-01,"International Tower Hill Mines, Ltd.",Non-energy minerals,2.52,503282,-1.56,659325240.0
MMSI,61.1,2026-10-01,"Merit Medical Systems, Inc.",Health technology,86.15,664049,0.17,5144050960.0
AVBC,61.1,2026-10-01,"Avidia Bancorp, Inc.",Finance,21.66,140145,0.28,434851575.0
TFX,61.1,2026-10-01,Teleflex Incorporated,Health technology,126.11,712264,0.84,5582914922.0
SCHL,61.1,2026-10-01,Scholastic Corporation,Consumer services,35.85,505271,2.02,676223350.0
FLRN,61.1,2026-10-01,State Street SPDR Bloomberg Investment Grade Floating Rate ETF,Fixed income,30.72,1103502,-0.03,2961164722.0
TUYA,61.1,2026-10-01,Tuya Inc.,Technology services,1.72,154668,0.58,1054550364.0
BSCQ,61.1,2026-10-01,Invesco BulletShares 2026 Corporate Bond ETF,Fixed income,19.52,1074568,0.0,3711640074.0
STCE,61.1,2026-10-01,Schwab Crypto Thematic ETF,Equity,66.1,229692,0.18,148897698.0
HCAT,61.0,2026-10-01,"Health Catalyst, Inc",Technology services,1.7,348955,-1.73,125619800.0
SEPN,61.0,2026-10-01,"Septerna, Inc.",Health technology,38.05,545104,-2.19,1715124031.0
IPAR,61.0,2026-10-01,"Interparfums, Inc.",Consumer non-durables,111.85,391996,0.95,3582083605.0
LION,61.0,2026-10-01,Lionsgate Studios Corp,Consumer services,11.25,3835491,0.63,3346773075.0
HVT.A,61.0,2026-10-01,"Haverty Furniture Companies, Inc.",Retail trade,27.56,16,-0.54,405460240.0
HUBS,61.0,2026-10-01,"HubSpot, Inc.",Technology services,217.45,1357682,1.99,11141386281.0
GSM,61.0,2026-10-01,Ferroglobe PLC,Non-energy minerals,4.08,1204889,3.55,768349431.0
CRGY,61.0,2026-10-01,Crescent Energy Company,Energy minerals,13.27,5074036,3.51,4382773229.0
MTN,61.0,2026-10-01,"Vail Resorts, Inc.",Consumer services,138.99,714653,0.35,4952703779.0
TMP,61.0,2026-10-01,Tompkins Financial Corporation,Finance,97.01,84083,1.1,1395285129.0
ANIP,61.0,2026-10-01,"ANI Pharmaceuticals, Inc.",Health technology,72.96,262958,0.58,1658717729.0
TMCI,61.0,2026-10-01,"Treace Medical Concepts, Inc.",Health technology,4.33,183056,-2.04,280899986.0
IGHG,61.0,2026-10-01,ProShares Investment Grade-Interest Rate Hedged,Fixed income,77.5,20474,-0.03,317642551.0
VOT,61.0,2026-10-01,Vanguard Mid-Cap Growth ETF,Equity,294.94,210851,0.45,36074316599.0
FCEL,61.0,2026-10-01,"FuelCell Energy, Inc.",Electronic technology,16.57,3698223,0.55,1324840995.0
COCO,61.0,2026-10-01,"The Vita Coco Company, Inc.",Consumer non-durables,57.01,1183296,-1.91,3272207702.0
AUPH,61.0,2026-10-01,Aurinia Pharmaceuticals Inc,Health technology,15.95,933066,-1.48,2051201900.0
NAVI,61.0,2026-10-01,Navient Corporation,Finance,9.11,1240686,0.11,856243589.0
CVLC,61.0,2026-10-01,Calvert US Large-Cap Core Responsible Index ETF,Equity,94.8,29203,0.53,879452666.0
SM,61.0,2026-10-01,SM Energy Company,Energy minerals,35.06,2608086,4.25,8405599940.0
QLC,61.0,2026-10-01,FlexShares US Quality Large Cap Index Fund,Equity,91.21,12472,-0.11,1000426543.0
ATEX,60.9,2026-10-01,Anterix Inc.,Communications,82.48,267716,4.79,1608233888.0
EGY,60.9,2026-10-01,"VAALCO Energy, Inc.",Energy minerals,5.8,903742,2.47,604696400.0
EHC,60.9,2026-10-01,Encompass Health Corporation,Health services,119.06,847635,-1.71,11810642465.0
IOO,60.9,2026-10-01,iShares Global 100 ETF,Equity,143.45,216608,-0.63,8522182963.0
NZAC,60.9,2026-10-01,State Street SPDR MSCI ACWI Climate Paris Aligned ETF,Equity,46.28,17762,-0.47,196712642.0
TREX,60.9,2026-10-01,"Trex Company, Inc.",Non-energy minerals,43.5,1962989,0.37,4519606500.0
KIDS,60.9,2026-10-01,OrthoPediatrics Corp.,Health technology,21.69,188762,-2.95,557107520.0
EQIX,60.9,2026-10-01,"Equinix, Inc.",Finance,1012.33,555268,0.56,99888307888.0
UDIV,60.9,2026-10-01,Franklin U.S. Core Dividend Tilt Index ETF,Equity,61.28,5312,-0.29,148044517.0
XPAY,60.9,2026-10-01,Roundhill S&P 500 Target 20 Managed Distribution ETF,Equity,51.89,40348,-0.08,165956527.0
CLH,60.9,2026-10-01,"Clean Harbors, Inc.",Industrial services,312.51,325853,0.81,16496542872.0
XBI,60.9,2026-10-01,State Street SPDR S&P Biotech ETF,Equity,154.51,11527431,-1.58,8371418756.0
CAH,60.9,2026-10-01,"Cardinal Health, Inc.",Distribution services,230.09,1713333,1.12,53888458540.0
PLYX,60.9,2026-10-01,"Polaryx Therapeutics, Inc.",Commercial services,2.02,58969,-1.46,100688906.0
BTG,60.9,2026-10-01,B2Gold Corp,Non-energy minerals,5.17,22510329,-1.15,6888611400.0
FERG,60.9,2026-10-01,Ferguson Enterprises Inc.,Distribution services,221.49,2017361,-0.35,42955287752.0
BTE,60.9,2026-10-01,Baytex Energy Corp,Energy minerals,4.56,13290767,1.33,3425349920.0
VKTX,60.9,2026-10-01,"Viking Therapeutics, Inc.",Health technology,30.51,6752952,-4.42,3559080986.0
MGA,60.9,2026-10-01,"Magna International, Inc.",Producer manufacturing,64.46,1361204,1.43,17547623500.0
PBOG,60.9,2026-10-01,Portfolio Building Block Integrated Oil and Gas and Exploration and Production Index ETF,Equity,34.83,40489,1.49,1258525.0
BMI,60.9,2026-10-01,"Badger Meter, Inc.",Producer manufacturing,128.37,378651,3.31,3721041549.0
FXH,60.9,2026-10-01,First Trust Health Care AlphaDEX,Equity,129.1,51906,-1.02,997438580.0
CZR,60.8,2026-10-01,"Caesars Entertainment, Inc.",Consumer services,29.62,3213346,-0.03,6034197152.0
UNFI,60.8,2026-10-01,"United Natural Foods, Inc.",Distribution services,44.78,398453,0.13,2710047089.0
OGE,60.8,2026-10-01,OGE Energy Corp,Utilities,45.67,2089061,0.55,9434554270.0
WIX,60.8,2026-10-01,Wix.com Ltd.,Technology services,73.35,821271,0.19,3847916501.0
FTGS,60.8,2026-10-01,First Trust Growth Strength ETF,Equity,38.19,101737,0.29,1285816416.0
NX,60.8,2026-10-01,Quanex Building Products Corporation,Producer manufacturing,19.2,419533,2.02,881817600.0
TLTE,60.8,2026-10-01,FlexShares Morningstar Emerging Markets Factor Tilt Index Fund,Equity,76.06,3574,-0.04,356815520.0
INDV,60.8,2026-10-01,"Indivior Pharmaceuticals, Inc.",Health technology,35.38,894926,-1.31,4414362600.0
INVA,60.8,2026-10-01,"Innoviva, Inc.",Health technology,20.55,927088,-3.43,1516769792.0
GMF,60.8,2026-10-01,State Street SPDR S&P Emerging Asia Pacific ETF,Equity,155.74,2393,0.03,446796830.0
DXPE,60.8,2026-10-01,"DXP Enterprises, Inc.",Distribution services,182.31,139889,0.33,2826773431.0
BIDD,60.8,2026-10-01,iShares International Dividend Active ETF,Equity,30.08,17008,-0.27,416977825.0
SI,60.8,2026-10-01,"Shoulder Innovations, Inc.",Health technology,18.75,213362,-0.79,388841738.0
DAPP,60.8,2026-10-01,VanEck Digital Transformation ETF,Equity,19.1,758087,0.63,249609141.0
FCN,60.8,2026-10-01,"FTI Consulting, Inc.",Commercial services,141.72,731707,4.34,3913115952.0
SMIZ,60.8,2026-10-01,Zacks Small/Mid Cap ETF,Equity,41.39,116698,1.12,201242860.0
CGGO,60.8,2026-10-01,Capital Group Global Growth Equity ETF,Equity,39.7,1068665,-0.33,12212019321.0
APEI,60.8,2026-10-01,"American Public Education, Inc.",Consumer services,43.36,405606,1.88,795374160.0
CCSI,60.8,2026-10-01,"Consensus Cloud Solutions, Inc.",Technology services,35.73,94141,2.2,657358754.0
FDEM,60.8,2026-10-01,Fidelity Emerging Markets Multifactor ETF,Equity,35.6,49228,0.17,277606616.0
TDY,60.8,2026-10-01,Teledyne Technologies Incorporated,Electronic technology,612.7,260101,1.04,28401154007.0
XHR,60.8,2026-10-01,"Xenia Hotels & Resorts, Inc.",Finance,18.07,860423,0.56,1666882238.0
CSL,60.8,2026-10-01,Carlisle Companies Incorporated,Producer manufacturing,325.21,413321,1.39,13159655171.0
VONE,60.8,2026-10-01,Vanguard Russell 1000 ETF,Equity,344.93,119435,0.08,11798916497.0
ACWI,60.8,2026-10-01,iShares MSCI ACWI ETF,Equity,158.74,2640886,-0.11,33610399521.0
LPL,60.7,2026-10-01,"LG Display Co, Ltd AMERICAN DEPOSITORY SHARES",Electronic technology,3.03,2106886,0.66,3030000000.0
SPXL,60.7,2026-10-01,Direxion Daily S&P 500 Bull 3X Shares,Equity,282.7,2197199,-0.13,7439715992.0
VDE,60.7,2026-10-01,Vanguard Energy ETF,Equity,175.58,766099,2.36,11817791803.0
CNMD,60.7,2026-10-01,CONMED Corporation,Health technology,45.93,222398,-0.54,1375660821.0
OFIX,60.7,2026-10-01,Orthofix Medical Inc.,Health technology,9.21,525345,-2.44,372283415.0
VFS,60.7,2026-10-01,VinFast Auto Ltd.,Consumer durables,3.06,459602,-4.38,7158980160.0
WNC,60.7,2026-10-01,Wabash National Corporation,Producer manufacturing,12.46,2910143,1.71,507585163.0
BBY,60.7,2026-10-01,"Best Buy Co., Inc.",Retail trade,87.7,3420915,0.56,18484265900.0
PTON,60.7,2026-10-01,"Peloton Interactive, Inc.",Consumer services,4.97,8452640,-0.2,2073261349.0
MENS,60.7,2026-10-01,Jyong Biotech Ltd.,Health technology,2.03,31272,1.0,154336158.0
TECK,60.7,2026-10-01,Teck Resources Ltd,Non-energy minerals,65.22,2801172,1.05,31501260000.0
RPAY,60.7,2026-10-01,Repay Holdings Corporation,Commercial services,3.73,301840,2.47,328563883.0
NBCR,60.7,2026-10-01,Neuberger Core Equity ETF,Equity,34.13,150348,0.47,448827158.0
GVA,60.7,2026-10-01,Granite Construction Incorporated,Industrial services,116.85,744135,-0.06,5113882994.0
ATRO,60.7,2026-10-01,Astronics Corporation,Electronic technology,68.38,340972,1.35,2629102139.0
ADCT,60.7,2026-10-01,ADC Therapeutics SA,Health technology,1.08,859260,-10.0,137366280.0
GLOF,60.7,2026-10-01,iShares Global Equity Factor ETF,Equity,60.65,14792,-0.1,214907825.0
BKCH,60.7,2026-10-01,Global X Blockchain ETF,Equity,69.78,44684,0.5,164908266.0
YMAG,60.7,2026-10-01,YieldMax Magnificent 7 Fund of Option Income ETFs,Equity,11.23,1518784,-1.14,291467829.0
MODL,60.7,2026-10-01,VictoryShares WestEnd U.S. Sector ETF,Equity,52.24,27303,-0.48,1055267121.0
SMRT,60.7,2026-10-01,"SmartRent, Inc.",Electronic technology,1.2,489149,0.84,231405683.0
BHVN,60.7,2026-10-01,Biohaven Ltd.,Health technology,13.14,1507225,-1.28,1978371409.0
VTIX,60.7,2026-10-01,Virtuix Holdings Inc.,Electronic technology,1.21,200186,0.0,36127606.0
PRE,60.7,2026-10-01,Prenetics Global Limited,Finance,21.95,89420,-5.71,373158604.0
FCVT,60.7,2026-10-01,First Trust SSI Strategic Convertible Securities ETF,Fixed income,48.98,94025,-0.37,103670930.0
CHCO,60.7,2026-10-01,City Holding Company,Finance,141.39,151770,1.63,1995177761.0
HIPO,60.6,2026-10-01,Hippo Holdings Inc.,Finance,31.51,130803,2.47,831529395.0
ORN,60.6,2026-10-01,"Orion Group Holdings, Inc.",Industrial services,9.19,822938,7.23,372151706.0
FTV,60.6,2026-10-01,Fortive Corporation,Electronic technology,55.84,2154206,1.88,16864632184.0
PEBK,60.6,2026-10-01,"Peoples Bancorp of North Carolina, Inc.",Finance,43.15,18219,1.34,235663294.0
VTI,60.6,2026-10-01,Vanguard Total Stock Market ETF,Equity,375.18,4265923,-0.05,2290271903131.0
BEKE,60.6,2026-10-01,KE Holdings Inc,Finance,16.64,4056987,-1.6,18382897944.0
SOLV,60.6,2026-10-01,Solventum Corporation,Health services,87.77,723282,-0.06,15199544472.0
HMC,60.6,2026-10-01,"Honda Motor Company, Ltd.",Consumer durables,31.62,1732312,-0.91,41032395976.0
PMMF,60.6,2026-10-01,iShares Prime Money Market ETF,Fixed income,100.25,159074,-0.01,665263933.0
CBOE,60.6,2026-10-01,CBOE Global Markets,Finance,277.19,1467590,1.19,29009042260.0
USOI,60.6,2026-10-01,"ETRACS Crude Oil Shares Covered Call ETNs due April 24, 2037",Commodities,45.05,77422,1.28,315890150.0
LIN,60.6,2026-10-01,Linde plc,Process industries,469.45,2117232,-0.54,217167570000.0
RSPH,60.6,2026-10-01,Invesco S&P 500 Equal Weight Health Care ETF,Equity,36.58,784126,-1.22,729527868.0
CRBG,60.6,2026-10-01,Corebridge Financial Inc.,Finance,33.66,5437845,1.78,15004571749.0
QDF,60.6,2026-10-01,FlexShares Quality Dividend Index Fund,Equity,90.65,17723,0.18,2252677326.0
QDPL,60.6,2026-10-01,Pacer Metaurus US Large Cap Dividend Multiplier 400 ETF,Equity,45.91,151107,0.02,1712670817.0
INSG,60.6,2026-10-01,Inseego Corp.,Electronic technology,4.37,2164499,8.98,71129179.0
TSAT,60.6,2026-10-01,Telesat Corporation,Communications,46.43,87880,-0.83,686699561.0
TS,60.6,2026-10-01,Tenaris S.A.,Non-energy minerals,55.65,1078058,1.68,29859821214.0
RNR,60.6,2026-10-01,RenaissanceRe Holdings Ltd.,Finance,322.99,385789,1.33,13420848181.0
RDDT,60.6,2026-10-01,"Reddit, Inc.",Technology services,149.53,4088514,3.74,28785877349.0
CLOB,60.5,2026-10-01,VanEck AA-BB CLO ETF,Fixed income,50.21,14086,0.14,176323221.0
PGR,60.5,2026-10-01,Progressive Corporation (The),Finance,210.96,2432106,1.48,122652144000.0
TDI,60.5,2026-10-01,Touchstone Dynamic International ETF,Equity,46.63,204053,-0.19,84146283.0
EWN,60.5,2026-10-01,iShares MSCI Netherlands Index Fund,Equity,66.62,66956,-0.58,717654517.0
CZWI,60.5,2026-10-01,"Citizens Community Bancorp, Inc.",Finance,21.2,32520,0.62,204455132.0
MSMR,60.5,2026-10-01,McElhenny Sheffield Managed Risk ETF,Asset allocation,34.22,5202,-0.12,186150502.0
LNG,60.5,2026-10-01,"Cheniere Energy, Inc.",Industrial services,272.4,2235321,1.72,57081964800.0
EWS,60.5,2026-10-01,iShares MSCI Singapore ETF,Equity,33.2,1699430,0.15,1089530937.0
AIFC,60.5,2026-10-01,ALT5 Sigma Corporation,Industrial services,0.4966,529538,2.41,69442811.0
CCEP,60.5,2026-10-01,Coca-Cola Europacific Partners plc,Consumer non-durables,100.79,1465339,-0.35,44671942220.0
CXT,60.5,2026-10-01,"Crane NXT, Co.",Producer manufacturing,48.06,479784,2.15,2765486158.0
IYE,60.5,2026-10-01,iShares U.S. Energy ETF,Equity,65.98,2106477,2.39,1871104717.0
SLDE,60.5,2026-10-01,"Slide Insurance Holdings, Inc.",Technology services,23.63,2320541,5.77,2760260920.0
OMCL,60.5,2026-10-01,"Omnicell, Inc.",Technology services,33.44,449405,-1.7,1520814416.0
QCLN,60.5,2026-10-01,First Trust NASDAQ Clean Edge Green Energy Index Fund,Equity,48.55,117668,0.21,605532954.0
SCHK,60.5,2026-10-01,Schwab 1000 Index ETF,Equity,36.76,1612183,0.0,5868180380.0
ESE,60.5,2026-10-01,ESCO Technologies Inc.,Electronic technology,269.92,176499,2.09,6992871424.0
FQAL,60.5,2026-10-01,Fidelity Quality Factor ETF,Equity,83.43,24595,0.23,1450884354.0
BLCO,60.4,2026-10-01,Bausch + Lomb Corporation,Health technology,16.94,579822,0.24,6050379250.0
DERM,60.4,2026-10-01,Journey Medical Corporation,Health technology,6.72,103833,-1.61,184946086.0
TGB,60.4,2026-10-01,"Taseko Mines, Ltd.",Non-energy minerals,8.31,6502332,-6.21,3038410230.0
GLOB,60.4,2026-10-01,Globant S.A.,Technology services,36.98,2087956,-2.35,1596779981.0
YETI,60.4,2026-10-01,"YETI Holdings, Inc.",Producer manufacturing,41.37,1287715,0.73,3134120871.0
ICLR,60.4,2026-10-01,ICON plc,Commercial services,161.85,677174,-4.79,12392417505.0
HELE,60.4,2026-10-01,Helen of Troy Limited,Consumer durables,26.85,352686,-2.01,625391838.0
TLS,60.4,2026-10-01,Telos Corporation,Technology services,4.23,784747,2.67,316485216.0
BACC,60.4,2026-09-30,Blue Acquisition Corp.,Finance,10.5,743,0.19,293323069.0
GEO,60.4,2026-10-01,"The GEO Group, Inc.",Commercial services,30.79,1717948,1.99,4114098220.0
URTH,60.4,2026-10-01,iShares MSCI World ETF,Equity,205.84,335328,-0.14,8203641895.0
IWB,60.4,2026-10-01,iShares Russell 1000 ETF,Equity,416.97,395579,-0.06,48989443838.0
SID,60.4,2026-10-01,Companhia Siderurgica Nacional S.A.,Non-energy minerals,1.12,9670014,4.67,1485220800.0
JIG,60.4,2026-10-01,JPMorgan International Growth ETF,Equity,83.84,22472,-0.15,327854760.0
CRBN,60.4,2026-10-01,iShares Low Carbon Optimized MSCI ACWI ETF,Equity,255.64,5143,0.11,1152732078.0
CALX,60.4,2026-10-01,"Calix, Inc",Electronic technology,34.9,1300564,1.07,2197443600.0
RGTI,60.4,2026-10-01,"Rigetti Computing, Inc.",Electronic technology,15.62,12746126,-0.89,5192069365.0
FRAF,60.4,2026-10-01,Franklin Financial Services Corporation,Finance,62.3,34177,0.71,279915769.0
EQNR,60.4,2026-10-01,Equinor ASA,Energy minerals,42.17,3280327,2.35,100817927500.0
DFAU,60.4,2026-10-01,Dimensional US Core Equity Market ETF,Equity,52.51,807006,0.08,12637214215.0
EPM,60.4,2026-10-01,"Evolution Petroleum Corporation, Inc.",Energy minerals,3.57,289442,0.56,127882434.0
YOU,60.3,2026-10-01,"Clear Secure, Inc.",Technology services,41.74,1561970,-0.81,4199564414.0
FYEE,60.3,2026-10-01,Fidelity Yield Enhanced Equity ETF,Equity,29.79,95403,-0.03,202570916.0
VNT,60.3,2026-10-01,Vontier Corporation,Transportation,31.69,1132078,1.18,4461952000.0
TTAN,60.3,2026-10-01,"ServiceTitan, Inc.",Technology services,67.34,1641775,1.29,6423602129.0
CVX,60.3,2026-10-01,Chevron Corporation,Energy minerals,207.1,5989471,1.85,412460360000.0
UPRO,60.3,2026-10-01,ProShares UltraPro S&P 500,Equity,147.75,2466866,-0.14,4731206964.0
MANH,60.3,2026-10-01,"Manhattan Associates, Inc.",Technology services,204.15,501782,0.86,11902965750.0
CRON,60.3,2026-10-01,Cronos Group Inc. Common Share,Health technology,3.21,1317941,-1.83,1199455145.0
IA,60.3,2026-10-01,"Innovative Solutions and Support, Inc.",Electronic technology,18.61,190397,-0.59,333119000.0
SNDX,60.3,2026-10-01,"Syndax Pharmaceuticals, Inc.",Health technology,18.22,1431512,-1.83,1614474200.0
SGP,60.3,2026-10-01,"SpyGlass Pharma, Inc.",Health technology,26.5,101101,0.76,885983828.0
WLY,60.3,2026-10-01,"John Wiley & Sons, Inc.",Consumer services,48.9,718820,1.68,2565552143.0
XOP,60.3,2026-10-01,State Street SPDR S&P Oil & Gas Exploration & Production ETF,Equity,184.3,3310860,2.98,3043986183.0
JXN,60.3,2026-10-01,Jackson Financial Inc.,Finance,129.48,519913,0.94,9030337106.0
STDN,60.2,2026-10-01,Standard Nuclear Inc.,Process industries,12.45,321662,5.6,1856235663.0
PROK,60.2,2026-10-01,ProKidney Corp.,Health technology,1.71,1502512,3.01,574994131.0
LMB,60.2,2026-10-01,"Limbach Holdings, Inc.",Miscellaneous,49.69,445560,0.87,592359459.0
BELFA,60.2,2026-10-01,Bel Fuse Inc.,Electronic technology,203.75,66898,3.2,3006859370.0
AVLC,60.2,2026-10-01,Avantis U.S. Large Cap Equity ETF,Equity,90.64,82896,0.23,1370452156.0
DJT,60.2,2026-10-01,Trump Media & Technology Group Corp.,Commercial services,8.79,4326797,-3.72,2434424148.0
BITQ,60.2,2026-10-01,Bitwise Crypto Industry Innovators ETF,Equity,25.44,186815,0.04,402049306.0
IPO,60.2,2026-10-01,Renaissance IPO ETF,Equity,52.87,21993,0.46,193625965.0
GWRE,60.2,2026-10-01,"Guidewire Software, Inc.",Technology services,155.32,1571488,4.24,12931384048.0
GVIP,60.2,2026-10-01,Goldman Sachs Hedge Industry VIP ETF,Equity,170.51,13746,0.18,615173590.0
DFEM,60.2,2026-10-01,Dimensional Emerging Markets Core Equity 2 ETF,Equity,39.73,732143,0.08,9472318955.0
BCHP,60.2,2026-10-01,Principal Focused Blue Chip ETF,Equity,37.47,22204,-0.5,220530793.0
INTR,60.2,2026-10-01,Inter & Co. Inc.,Finance,5.3,5531657,-0.93,2339859428.0
TRS,60.2,2026-10-01,TriMas Corporation,Process industries,38.57,215308,0.42,1381874389.0
WK,60.2,2026-10-01,Workiva Inc.,Technology services,69.63,886202,1.63,3789019781.0
WKC,60.2,2026-10-01,World Kinect Corporation,Distribution services,35.68,895134,1.94,1825089802.0
ROE,60.2,2026-10-01,Astoria US Equal Weight Quality Kings ETF,Equity,42.88,24505,0.54,205339715.0
GLAD,60.2,2026-10-01,Gladstone Capital Corporation,Miscellaneous,19.41,175425,0.94,438531469.0
ASIC,60.2,2026-10-01,Ategrity Specialty Insurance Company Holdings,Finance,26.75,85034,4.33,1284873495.0
CROX,60.2,2026-10-01,"Crocs, Inc.",Consumer non-durables,119.24,1035738,2.07,5716973724.0
CRNC,60.2,2026-10-01,Cerence Inc.,Technology services,8.1,508264,2.92,366021180.0
OVLY,60.2,2026-10-01,Oak Valley Bancorp (CA),Finance,33.92,14493,0.68,285384495.0
LEGN,60.2,2026-10-01,Legend Biotech Corporation,Health technology,19.32,2220575,-1.48,3573102315.0
WABC,60.2,2026-10-01,Westamerica Bancorporation,Finance,59.12,217450,1.55,1388610560.0
SPYU,60.2,2026-10-01,"MAX S&P 500 4X Leveraged ETNs due October 30, 2043",Equity,33.76,950171,-0.12,601231863.0
IDGT,60.2,2026-10-01,iShares U.S. Digital Infrastructure and Real Estate ETF,Equity,113.51,19227,0.79,164067554.0
VAC,60.1,2026-10-01,Marriott Vacations Worldwide Corporation,Consumer services,103.12,230416,0.77,3541456760.0
PPHC,60.1,2026-10-01,"Public Policy Holding Company, Inc.",Commercial services,10.52,177687,3.04,264904856.0
FDS,60.1,2026-10-01,FactSet Research Systems Inc.,Commercial services,277.61,1344862,0.21,9873350392.0
PHR,60.1,2026-10-01,"Phreesia, Inc.",Technology services,10.36,604673,-1.05,640371170.0
JUST,60.1,2026-10-01,Goldman Sachs JUST U.S. Large Cap Equity ETF,Equity,108.99,3224,-0.12,568959148.0
OMFL,60.1,2026-10-01,Invesco Russell 1000 Dynamic Multifactor ETF,Equity,69.85,223192,-0.19,4838817469.0
BWFG,60.1,2026-10-01,"Bankwell Financial Group, Inc.",Finance,65.62,73332,1.72,523200072.0
NTLA,60.1,2026-10-01,"Intellia Therapeutics, Inc.",Health technology,12.12,7441885,1.17,1693433912.0
EPS,60.1,2026-10-01,WisdomTree U.S. LargeCap Fund,Equity,80.06,29986,-0.17,1623584512.0
SLDP,60.1,2026-10-01,"Solid Power, Inc.",Producer manufacturing,2.36,2745373,0.43,530962240.0
RRBI,60.1,2026-10-01,"Red River Bancshares, Inc.",Finance,101.42,66029,1.65,667819868.0
KCCA,60.1,2026-10-01,KraneShares California Carbon Allowance Strategy ETF,Commodities,16.67,23383,-0.3,119964230.0
SPTM,60.1,2026-10-01,State Street SPDR Portfolio S&P 1500 Composite Stock Market ETF,Equity,92.29,1237971,-0.04,13955664200.0
SAIA,60.1,2026-10-01,"Saia, Inc.",Transportation,344.38,444072,4.13,9186198748.0
JHEM,60.1,2026-10-01,John Hancock Multifactor Emerging Markets ETF,Equity,39.6,77528,0.1,1022957100.0
GRMN,60.1,2026-10-01,Garmin Ltd.,Electronic technology,282.46,633235,-1.46,54484829560.0
FNKO,60.1,2026-10-01,"Funko, Inc.",Consumer durables,5.6,1813420,3.9,312701670.0
RLAY,60.1,2026-10-01,"Relay Therapeutics, Inc.",Health technology,18.49,2823704,2.61,4051928757.0
BLOX,60.1,2026-10-01,Nicholas Crypto Income ETF,Asset allocation,13.8,351015,1.69,14727770.0
MYRG,60.0,2026-10-01,"MYR Group, Inc.",Industrial services,297.92,149028,2.03,4638405856.0
ZM,60.0,2026-10-01,"Zoom Communications, Inc.",Technology services,93.8,3654066,1.81,27505182517.0
MFEM,60.0,2026-10-01,PIMCO RAFI Dynamic Multi-Factor Emerging Markets Equity ETF,Equity,28.33,10007,0.35,157835689.0
DXCM,60.0,2026-10-01,"DexCom, Inc.",Health technology,86.23,3034541,-0.27,32539839030.0
YMAX,60.0,2026-10-01,YieldMax Universe Fund of Option Income ETFs,Equity,7.55,1029457,-0.53,438545441.0
SDS,60.0,2026-10-01,ProShares UltraShort S&P500,Equity,54.32,4411991,0.06,280723497.0
DEHP,60.0,2026-10-01,Dimensional Emerging Markets High Profitability ETF,Equity,41.27,22149,0.34,452125331.0
ABTC,60.0,2026-10-01,American Bitcoin Corp.,Technology services,8.18,995625,-2.39,596458328.0
JANX,60.0,2026-10-01,"Janux Therapeutics, Inc.",Health technology,16.96,837346,-1.4,1034294644.0
SCHB,60.0,2026-10-01,Schwab U.S. Broad Market ETF,Equity,29.39,18932979,0.0,44503595389.0
DC,59.9,2026-10-01,Dakota Gold Corp.,Non-energy minerals,5.98,1011131,-1.48,800890020.0
EGAN,59.9,2026-10-01,eGain Corporation,Technology services,5.95,248056,1.88,163327982.0
G,59.9,2026-10-01,Genpact Limited,Commercial services,34.7,2285103,2.85,5881892900.0
LOVE,59.9,2026-10-01,The Lovesac Company,Consumer durables,14.97,149611,-0.53,219137117.0
RTAC,59.9,2026-10-01,Renatus Tactical Acquisition Corp I,Finance,10.44,63483,0.1,325323847.0
PNQI,59.9,2026-10-01,Invesco Nasdaq Internet ETF,Equity,50.57,33609,-0.9,512727891.0
THC,59.9,2026-10-01,Tenet Healthcare Corporation,Health services,253.97,439222,-0.68,20449411446.0
ERX,59.9,2026-10-01,Direxion Energy Bull 2X Shares,Equity,103.93,293208,4.74,239072094.0
BLTE,59.9,2026-10-01,"Belite Bio, Inc",Health technology,162.98,149706,-3.55,6533068131.0
IDYA,59.9,2026-10-01,"IDEAYA Biosciences, Inc.",Health technology,37.81,711965,-1.38,3595092011.0
AMSC,59.9,2026-10-01,American Superconductor Corporation,Producer manufacturing,29.5,664975,0.85,1429637850.0
DFIN,59.9,2026-10-01,"Donnelley Financial Solutions, Inc.",Technology services,47.49,208313,0.13,1167560646.0
ESP,59.9,2026-10-01,Espey Mfg. & Electronics Corp.,Electronic technology,62.26,70872,0.42,186525979.0
GASS,59.9,2026-10-01,"StealthGas, Inc.",Transportation,9.14,170306,2.12,339877170.0
EU,59.9,2026-10-01,enCore Energy Corp.,Non-energy minerals,1.04,2412519,-1.89,201993321.0
SHIP,59.9,2026-10-01,Seanergy Maritime Holdings Corp.,Transportation,17.33,389318,5.61,365907353.0
SMA,59.9,2026-10-01,"SmartStop Self Storage REIT, Inc.",Finance,32.24,878956,0.12,1784977111.0
CCC,59.9,2026-10-01,CCC Intelligent Solutions Holdings Inc.,Technology services,6.62,8350548,-2.07,3899144940.0
LMAT,59.9,2026-10-01,"LeMaitre Vascular, Inc.",Health technology,80.19,302170,-3.15,1832397633.0
FAD,59.9,2026-10-01,First Trust Multi Cap Growth AlphaDEX Fund,Equity,182.47,9861,0.44,600743030.0
AVEM,59.9,2026-10-01,Avantis Emerging Markets Equity ETF,Equity,94.06,1963657,0.13,26907620457.0
GRPN,59.9,2026-10-01,"Groupon, Inc.",Retail trade,19.53,660660,-1.31,741827520.0
RECS,59.9,2026-10-01,Columbia Research Enhanced Core ETF,Equity,45.24,439758,0.24,6053767594.0
MEOH,59.9,2026-10-01,Methanex Corporation,Process industries,58.55,432570,0.29,4529677599.0
ABM,59.9,2026-10-01,ABM Industries Incorporated,Commercial services,48.46,346561,1.06,2838830414.0
DRLL,59.9,2026-10-01,Strive U.S. Energy ETF,Equity,40.96,14758,2.53,277113982.0
MEI,59.9,2026-10-01,"Methode Electronics, Inc.",Electronic technology,14.29,653474,3.63,506892022.0
BTAL,59.9,2026-10-01,AGF U.S. Market Neutral Anti-Beta Fund,Alternatives,12.02,1065417,-0.66,279228583.0
KGEI,59.9,2026-10-01,Kolibri Global Energy Inc.,Energy minerals,6.12,145561,-2.7,218060875.0
RMD,59.9,2026-10-01,ResMed Inc.,Health technology,221.15,902533,0.18,32079219322.0
FRDM,59.8,2026-10-01,Freedom 100 Emerging Markets ETF,Equity,69.99,240717,-0.17,2102447235.0
GWW,59.8,2026-10-01,"W.W. Grainger, Inc.",Distribution services,1281.68,298539,3.36,60512086008.0
GOOG,59.8,2026-10-01,Alphabet Inc.,Technology services,334.93,19510440,-3.69,4064677808248.0
MHK,59.8,2026-10-01,"Mohawk Industries, Inc.",Producer manufacturing,125.12,960020,0.86,7626451872.0
SLNZ,59.8,2026-09-30,TCW Senior Loan ETF,Fixed income,45.47,1907,-0.2,298430502.0
WNEB,59.8,2026-10-01,"Western New England Bancorp, Inc.",Finance,13.75,57592,0.73,276721500.0
WWW,59.8,2026-10-01,"Wolverine World Wide, Inc.",Consumer non-durables,19.25,971696,-0.47,1578297875.0
CGNG,59.8,2026-10-01,Capital Group New Geography Equity ETF,Equity,36.41,440510,0.05,2880309048.0
FCPI,59.8,2026-10-01,Fidelity Stocks for Inflation ETF,Equity,56.3,30783,0.41,286067985.0
ALGM,59.8,2026-10-01,"Allegro MicroSystems, Inc.",Electronic technology,36.38,2791848,0.08,6777921420.0
COST,59.8,2026-10-01,Costco Wholesale Corporation,Retail trade,914.94,2107763,0.45,405756676260.0
STGW,59.8,2026-10-01,Stagwell Inc.,Commercial services,8.46,1412222,3.42,2096844840.0
AFRM,59.8,2026-10-01,"Affirm Holdings, Inc.",Finance,70.43,4012407,1.51,23586905299.0
KORU,59.8,2026-10-01,Direxion Daily South Korea Bull 3X Shares,Equity,21.09,21013682,3.28,1329944901.0
RGA,59.8,2026-10-01,"Reinsurance Group of America, Incorporated",Finance,244.62,433505,-0.16,16025829933.0
QUBT,59.8,2026-10-01,Quantum Computing Inc.,Technology services,8.39,4427331,-1.53,1883875951.0
RDCM,59.8,2026-10-01,Radcom Ltd.,Technology services,10.16,58807,-0.88,170061910.0
BALI,59.8,2026-10-01,iShares U.S. Large Cap Premium Income Active ETF,Equity,34.33,203280,0.12,1364763558.0
BBEM,59.8,2026-10-01,JPMorgan BetaBuilders Emerging Markets Equity ETF,Equity,76.55,830,0.64,830372673.0
ICLO,59.7,2026-10-01,Invesco AAA CLO Floating Rate Note ETF,Fixed income,25.61,187405,0.23,505006594.0
TALO,59.7,2026-10-01,"Talos Energy, Inc.",Energy minerals,16.64,1919521,2.84,2777645612.0
BBUS,59.7,2026-10-01,JPMorgan BetaBuilders U.S. Equity ETF,Equity,137.89,359795,-0.17,8792228885.0
AAOI,59.7,2026-10-01,"Applied Optoelectronics, Inc.",Electronic technology,107.32,11234726,7.68,8611653754.0
ZGN,59.7,2026-10-01,Ermenegildo Zegna N.V.,Consumer non-durables,12.62,825563,1.94,3386097440.0
GSIT,59.7,2026-10-01,"GSI Technology, Inc.",Electronic technology,5.46,389138,-0.55,209511508.0
FDUS,59.7,2026-10-01,Fidus Investment Corporation,Miscellaneous,19.36,262288,0.47,734796487.0
EPSN,59.7,2026-10-01,Epsilon Energy Ltd.,Energy minerals,5.87,131933,-2.49,177508683.0
SPWR,59.7,2026-10-01,SunPower Inc.,Industrial services,0.3069,1493043,-0.07,52045393.0
BTGO,59.7,2026-10-01,"BitGo Holdings, Inc.",Technology services,7.36,760677,-0.14,788285639.0
RVLV,59.7,2026-10-01,"Revolve Group, Inc.",Retail trade,21.23,585501,-0.98,1514860982.0
RJET,59.7,2026-10-01,Republic Airways Holdings Inc.,Transportation,17.99,57919,0.06,842462273.0
LEA,59.7,2026-10-01,Lear Corporation,Producer manufacturing,121.37,616446,3.37,6080042287.0
CINT,59.7,2026-10-01,CI&T Inc,Technology services,3.14,40954,4.32,403979840.0
QVMT,59.7,2026-10-01,Invesco S&P 500 Concentrated QVM ETF,Equity,65.43,4829,0.99,184977960.0
WDFC,59.7,2026-10-01,WD-40 Company,Process industries,202.33,93366,0.18,2715490354.0
CPER,59.7,2026-10-01,United States Copper Index Fund ETV,Commodities,39.51,434020,0.23,248241306.0
LOWV,59.7,2026-10-01,AB US Low Volatility Equity ETF,Equity,82.34,758,0.37,202706115.0
AWI,59.7,2026-10-01,Armstrong World Industries Inc,Producer manufacturing,162.68,254568,0.66,6875316534.0
URI,59.7,2026-10-01,"United Rentals, Inc.",Finance,1034.11,529446,3.01,64365591675.0
ILCB,59.7,2026-10-01,iShares Morningstar Large-Cap ETF,Equity,105.98,13004,0.05,1283208381.0
TJX,59.7,2026-10-01,"TJX Companies, Inc. (The)",Retail trade,133.59,5686807,0.72,147577466941.0
PFDE,59.7,2026-10-01,Pathfinder Disciplined US Equity ETF,Equity,28.23,33901,0.39,74390983.0
IVVD,59.6,2026-10-01,"Invivyd, Inc.",Health technology,0.8165,5367598,-5.64,240546616.0
SPNT,59.6,2026-10-01,SiriusPoint Ltd.,Finance,24.41,552707,0.74,2835588065.0
SNWV,59.6,2026-10-01,"SANUWAVE Health, Inc.",Health technology,4.62,46856,1.54,39727269.0
SSO,59.6,2026-10-01,ProShares Ultra S&P500,Equity,69.59,3914017,-0.1,8392448842.0
TSLA,59.6,2026-10-01,"Tesla, Inc.",Consumer durables,354.11,30181665,-0.76,1398574227689.0
UVE,59.6,2026-10-01,UNIVERSAL INSURANCE HOLDINGS INC,Finance,43.13,124085,2.74,1200325152.0
AER,59.6,2026-10-01,AerCap Holdings N.V.,Finance,143.93,950720,0.85,22695602050.0
SH,59.6,2026-10-01,ProShares Short S&P500,Equity,32.33,16176583,0.0,904786118.0
TCAF,59.6,2026-10-01,T. Rowe Price Capital Appreciation Equity ETF,Equity,42.28,574266,-0.33,7539387525.0
CATH,59.6,2026-10-01,Global X S&P 500 Catholic Values ETF,Equity,90.84,96836,0.0,1300350451.0
IXP,59.6,2026-10-01,iShares Global Comm Services ETF,Equity,117.33,21150,-1.45,560497165.0
ZYME,59.6,2026-10-01,Zymeworks Inc.,Health technology,25.96,391073,-1.82,1909979638.0
DE,59.6,2026-10-01,Deere & Company,Producer manufacturing,667.26,1593059,0.42,180118446206.0
TGT,59.6,2026-10-01,Target Corporation,Retail trade,156.7,4743863,0.07,71139936330.0
BRCC,59.6,2026-10-01,BRC Inc.,Consumer non-durables,8.94,95137,-1.87,284438884.0
EEMA,59.6,2026-10-01,iShares MSCI Emerging Markets Asia ETF,Equity,116.02,13187,0.47,2240244985.0
PNRG,59.6,2026-10-01,PrimeEnergy Resources Corporation,Energy minerals,201.42,45207,1.67,325897560.0
IE,59.6,2026-10-01,Ivanhoe Electric Inc.,Non-energy minerals,10.0,1994364,0.81,1582915930.0
STRL,59.6,2026-10-01,"Sterling Infrastructure, Inc.",Industrial services,505.12,370711,2.7,15500112320.0
PM,59.6,2026-10-01,Philip Morris International Inc,Consumer non-durables,188.18,3563611,-2.56,293299229800.0
FELC,59.5,2026-10-01,Fidelity Enhanced Large Cap Core ETF,Equity,43.42,713296,-0.02,8088836377.0
SBH,59.5,2026-10-01,"Sally Beauty Holdings, Inc. (Name to be changed from Sally Holdings, Inc.)",Retail trade,16.07,2087364,-1.83,1533214595.0
BRZE,59.5,2026-10-01,"Braze, Inc.",Technology services,25.65,2511156,-2.43,2889002310.0
FLNG,59.5,2026-10-01,FLEX LNG Ltd.,Transportation,31.32,308161,2.02,1694173216.0
GPRE,59.5,2026-10-01,"Green Plains, Inc.",Process industries,14.93,1048291,-0.8,1045550498.0
EDU,59.5,2026-10-01,"New Oriental Education & Technology Group, Inc. Sponsored",Consumer services,55.63,216211,-0.11,8781201397.0
DBX,59.5,2026-10-01,"Dropbox, Inc.",Technology services,34.08,4821606,-0.15,8673847412.0
SONY,59.5,2026-10-01,Sony Group Corporation,Electronic technology,23.49,4953595,-1.18,137944220327.0
SPYX,59.5,2026-10-01,State Street SPDR S&P 500 Fossil Fuel Reserves Free ETF,Equity,62.58,476235,-0.02,2814974634.0
CECO,59.5,2026-10-01,CECO Environmental Corp.,Producer manufacturing,71.87,467059,3.41,4197208000.0
SIBN,59.5,2026-10-01,"SI-BONE, Inc.",Health technology,18.41,652985,-2.44,816470613.0
MYE,59.5,2026-10-01,"Myers Industries, Inc.",Producer manufacturing,31.29,307413,2.29,1177069410.0
EWJV,59.5,2026-10-01,iShares MSCI Japan Value ETF,Equity,48.02,76385,-0.37,756894753.0
SUSA,59.5,2026-10-01,iShares ESG Optimized MSCI USA ETF,Equity,156.16,45218,-0.04,4122852504.0
ESUM,59.5,2026-10-01,Eventide US Market ETF,Equity,30.46,23903,0.36,182744491.0
SFNC,59.5,2026-10-01,Simmons First National Corporation,Finance,22.73,1573035,1.29,3297304720.0
IMPP,59.5,2026-10-01,Imperial Petroleum Inc.,Transportation,5.27,563192,2.73,198106768.0
SPXU,59.5,2026-10-01,ProShares UltraPro Short S&P500,Equity,34.61,9401694,0.12,393799150.0
MSBI,59.5,2026-10-01,"Midland States Bancorp, Inc.",Finance,32.74,140044,2.38,679423754.0
GUSH,59.5,2026-10-01,Direxion Daily S&P Oil & Gas Exp. & Prod. Bull 2X Shares,Equity,42.72,637392,6.03,265945385.0
IWV,59.5,2026-10-01,iShares Russell 3000 Fund,Equity,432.59,129898,-0.01,19742759983.0
RANI,59.5,2026-10-01,"Rani Therapeutics Holdings, Inc.",Health technology,0.7955,483872,-2.87,51962060.0
SPUU,59.5,2026-10-01,Direxion Daily S&P 500 Bull 2X Shares,Equity,222.76,11093,-0.06,268146960.0
OSW,59.5,2026-10-01,OneSpaWorld Holdings Limited,Consumer services,22.73,894518,1.2,2307072270.0
DGXX,59.4,2026-10-01,Digi Power X Inc.,Technology services,3.97,2457057,-3.64,391217119.0
PLBC,59.4,2026-10-01,Plumas Bancorp,Finance,61.62,101961,0.52,429121680.0
QGEN,59.4,2026-10-01,Qiagen N.V.,Health technology,42.04,2617360,-4.13,8670750000.0
GREK,59.4,2026-10-01,Global X MSCI Greece ETF,Equity,83.89,70909,-1.78,439294811.0
BVS,59.4,2026-10-01,Bioventus Inc.,Health technology,13.45,509282,-1.68,911211246.0
SCL,59.4,2026-10-01,Stepan Company,Process industries,61.53,172905,-0.76,1397549349.0
NOK,59.4,2026-10-01,Nokia Corporation Sponsored,Electronic technology,10.37,60735577,2.47,56007250040.0
DFEV,59.4,2026-10-01,Dimensional Emerging Markets Value ETF,Equity,42.38,226067,0.21,2054054057.0
IXC,59.4,2026-10-01,iShares Global Energy ETF,Equity,57.7,338923,1.75,2990358100.0
CNH,59.4,2026-10-01,CNH Industrial N.V.,Producer manufacturing,12.85,16909670,0.78,15933364400.0
CONY,59.4,2026-10-01,YieldMax COIN Option Income Strategy ETF,Equity,20.15,421610,1.31,306534130.0
DUBS,59.4,2026-10-01,Aptus Large Cap Enhanced Yield ETF,Equity,42.86,30470,0.14,391070324.0
WTTR,59.4,2026-10-01,"Select Water Solutions, Inc.",Energy minerals,20.03,1906410,2.4,2195640929.0
HEEM,59.4,2026-10-01,iShares Currency Hedged MSCI Emerging Markets ETF,Equity,42.27,121248,0.21,293923036.0
OPLN,59.4,2026-10-01,"OPENLANE, Inc.",Technology services,34.87,1360777,1.96,3694337020.0
ACOG,59.4,2026-10-01,Alpha Cognition Inc.,Finance,8.7,88392,-5.23,135122310.0
EIG,59.4,2026-10-01,Employers Holdings Inc,Finance,48.65,154517,2.1,1005508514.0
GGB,59.4,2026-10-01,Gerdau S.A.,Non-energy minerals,4.81,12153657,1.91,9508126158.0
CMCL,59.3,2026-10-01,Caledonia Mining Corporation Plc,Non-energy minerals,23.77,188645,1.24,459070676.0
ZWS,59.3,2026-10-01,Zurn Elkay Water Solutions Corporation,Producer manufacturing,47.2,746199,1.92,7828785709.0
SRCE,59.3,2026-10-01,1st Source Corporation,Finance,85.94,222377,2.04,2068480493.0
ST,59.3,2026-10-01,Sensata Technologies Holding plc,Electronic technology,42.35,1524563,2.2,6163443756.0
HVT,59.3,2026-10-01,"Haverty Furniture Companies, Inc.",Retail trade,27.42,141097,-0.9,454279945.0
NOVT,59.3,2026-10-01,Novanta Inc.,Electronic technology,143.58,246318,0.9,5113156602.0
BCAL,59.3,2026-10-01,California BanCorp,Finance,21.55,190650,1.08,693151440.0
UAE,59.3,2026-10-01,iShares MSCI UAE ETF,Equity,19.81,478235,-0.45,318858455.0
CBL,59.3,2026-10-01,"CBL & Associates Properties, Inc.",Finance,54.37,251583,1.99,1682466438.0
CRD.A,59.3,2026-10-01,Crawford & Company,Finance,12.57,35704,1.86,616243119.0
KNSA,59.3,2026-10-01,"Kiniksa Pharmaceuticals International, plc",Health technology,75.22,701241,1.83,5732153865.0
EQH,59.3,2026-10-01,"Equitable Holdings, Inc.",Finance,51.95,2241852,1.29,14180175477.0
CTAP,59.3,2026-10-01,Simplify US Equity PLUS Managed Futures Strategy ETF,Alternatives,29.83,12290,1.81,73172056.0
ADEA,59.3,2026-10-01,Adeia Inc.,Technology services,25.34,1334575,-0.74,2794849960.0
BP,59.3,2026-10-01,BP p.l.c.,Energy minerals,44.5,11630515,2.13,116701472500.0
AVSU,59.3,2026-10-01,Avantis Responsible U.S. Equity ETF,Equity,88.36,38390,0.3,488349466.0
GTM,59.3,2026-10-01,ZoomInfo Technologies Inc.,Technology services,3.85,4743240,0.0,1134664431.0
JOET,59.3,2026-10-01,Virtus Terranova U.S. Quality Momentum ETF,Equity,45.39,9152,0.4,251907279.0
ACCO,59.3,2026-10-01,Acco Brands Corporation,Producer manufacturing,4.24,463288,1.19,391173072.0
JEMA,59.3,2026-10-01,JPMorgan ActiveBuilders Emerging Markets Equity ETF,Equity,61.98,129600,-0.06,1765412866.0
IRD,59.3,2026-10-01,"Opus Genetics, Inc.",Health technology,4.51,1868170,-7.77,372371916.0
DVN,59.3,2026-10-01,Devon Energy Corporation,Energy minerals,47.16,7537791,2.45,51876000000.0
E,59.3,2026-10-01,ENI S.p.A.,Energy minerals,54.39,483214,0.97,78797875499.0
GRID,59.3,2026-10-01,First Trust NASDAQ Clean Edge Smart Grid Infrastructure Index Fund,Equity,178.8,457563,0.53,12018180191.0
NEWP,59.2,2026-10-01,New Pacific Metals Corp.,Non-energy minerals,6.28,753987,0.64,1155664440.0
COTY,59.2,2026-10-01,Coty Inc.,Consumer non-durables,2.65,7312157,1.92,2333234900.0
BIRK,59.2,2026-10-01,Birkenstock Holding plc,Consumer non-durables,32.97,1822903,2.23,6063382666.0
IART,59.2,2026-10-01,Integra LifeSciences Holdings Corporation,Health technology,16.09,652924,-0.74,1251359622.0
AVY,59.2,2026-10-01,Avery Dennison Corporation,Process industries,171.62,787750,1.2,13127282448.0
BOTZ,59.2,2026-10-01,Global X Robotics & Artificial Intelligence ETF,Equity,35.43,557982,-0.25,3396156043.0
DFAE,59.2,2026-10-01,Dimensional Emerging Core Equity Market ETF,Equity,39.34,806872,0.05,9832830589.0
AIPO,59.2,2026-10-01,Defiance AI & Power Infrastructure ETF,Equity,28.46,1614085,0.67,234725796.0
AVNW,59.2,2026-10-01,"Aviat Networks, Inc.",Electronic technology,20.13,70769,0.4,260471390.0
OTTR,59.2,2026-10-01,Otter Tail Corporation,Utilities,88.46,166862,0.55,3713913486.0
NUEM,59.2,2026-10-01,Nuveen ESG Emerging Markets Equity ETF,Equity,42.56,44789,0.09,392298565.0
CPRI,59.2,2026-10-01,Capri Holdings Limited,Retail trade,14.48,3996347,3.13,1662247615.0
SMWB,59.2,2026-10-01,Similarweb Ltd.,Technology services,8.16,578504,3.55,714820080.0
NNNN,59.2,2026-10-01,Anbio Biotechnology,Health technology,6.29,12643,-0.79,276075648.0
POWI,59.2,2026-10-01,"Power Integrations, Inc.",Electronic technology,51.5,843699,-0.58,2869579176.0
MNSB,59.1,2026-10-01,"MainStreet Bancshares, Inc.",Finance,24.9,29622,0.89,177224256.0
WRB,59.1,2026-10-01,W.R. Berkley Corporation,Finance,68.9,1804855,2.32,25649885300.0
AAXJ,59.1,2026-10-01,iShares MSCI All Country Asia ex Japan ETF,Equity,116.92,731431,0.23,4007805388.0
DJP,59.1,2026-10-01,iPath Bloomberg Commodity Index Total Return ETN,Commodities,51.8,41456,0.88,1104644491.0
ORIC,59.1,2026-10-01,"Oric Pharmaceuticals, Inc.",Health technology,12.52,1770655,-6.71,1296039876.0
OALC,59.1,2026-10-01,OneAscent Large Cap Core ETF,Equity,41.26,22932,-0.07,251379381.0
TOL,59.1,2026-10-01,"Toll Brothers, Inc.",Consumer durables,136.36,1023409,0.9,12745705560.0
MFG,59.1,2026-10-01,"Mizuho Financial Group, Inc. Sponosred",Finance,10.76,5588082,-0.74,131080396077.0
AFOS,59.1,2026-10-01,ARS Focused Opportunity Strategy ETF,Equity,45.32,7627,1.16,317659746.0
ITOT,59.1,2026-10-01,iShares Core S&P Total U.S. Stock Market ETF,Equity,166.67,1724655,0.02,95449323397.0
BRZU,59.1,2026-10-01,Direxion Daily Brazil Bull 2X Shares,Equity,100.2,44448,-0.77,88459039.0
GRRR,59.1,2026-10-01,Gorilla Technology Group Inc.,Technology services,13.58,297425,-2.02,336687568.0
PLPC,59.1,2026-10-01,Preformed Line Products Company,Producer manufacturing,407.03,71628,-0.83,1989566710.0
BCD,59.1,2026-10-01,abrdn Bloomberg All Commodity Longer Dated Strategy K-1 Free ETF,Commodities,38.49,323074,0.5,399946761.0
SCJ,59.1,2026-10-01,iShares MSCI Japan Sm Cap,Equity,108.84,28302,-0.48,194283000.0
BRBS,59.1,2026-10-01,"Blue Ridge Bankshares, Inc.",Finance,3.87,2036125,0.78,347958279.0
DCO,59.1,2026-10-01,Ducommun Incorporated,Electronic technology,171.94,167068,1.21,2593818064.0
KELYB,59.1,2026-10-01,"Kelly Services, Inc.",Commercial services,22.33,2,0.63,509869800.0
SPYI,59.1,2026-10-01,NEOS S&P 500 High Income ETF,Equity,53.28,2888355,-0.08,10638179894.0
INVZ,59.1,2026-10-01,Innoviz Technologies Ltd.,Producer manufacturing,0.3577,1241005,-0.64,103029042.0
IGBH,59.1,2026-10-01,iShares Interest Rate Hedged Long-Term Corporate Bond ETF,Fixed income,24.54,104752,-0.16,221526928.0
UHS,59.1,2026-10-01,"Universal Health Services, Inc.",Health services,175.07,590079,0.52,10598099145.0
HNI,59.1,2026-10-01,HNI Corporation,Producer manufacturing,46.73,532205,3.2,3373055234.0
SXT,59.1,2026-10-01,Sensient Technologies Corporation,Consumer non-durables,128.42,267299,-1.46,5466705843.0
MLI,59.1,2026-10-01,"Mueller Industries, Inc.",Producer manufacturing,61.32,1826266,-0.02,13562818920.0
VSLU,59.0,2026-10-01,Applied Finance Valuation Large Cap ETF,Equity,48.55,15478,-0.25,353498904.0
EMKT,59.0,2026-10-01,Lazard Emerging Markets Opportunities ETF,Equity,31.32,15252,0.35,168993782.0
HON,59.0,2026-10-01,Honeywell International Inc.,Electronic technology,213.8,2390364,1.36,67761772000.0
GALT,59.0,2026-10-01,Galectin Therapeutics Inc.,Health technology,3.76,327410,-2.84,247621936.0
SNPE,59.0,2026-10-01,Xtrackers S&P 500 Scored & Screened ETF,Equity,70.14,209096,-0.1,2696732235.0
ECG,59.0,2026-10-01,"Everus Construction Group, Inc.",Industrial services,119.63,210372,1.64,6106107326.0
AFLG,59.0,2026-10-01,First Trust Active Factor Large Cap ETF,Equity,44.44,86990,0.18,673091748.0
BBCP,59.0,2026-10-01,"Concrete Pumping Holdings, Inc.",Industrial services,9.88,120064,1.96,497886990.0
IPAC,59.0,2026-10-01,iShares Core MSCI Pacific ETF,Equity,84.75,60226,-0.29,2635769908.0
PH,59.0,2026-10-01,Parker-Hannifin Corporation,Producer manufacturing,965.88,443342,1.48,121784321407.0
POLE,59.0,2026-10-01,Andretti Acquisition Corp. II,Finance,10.74,775,0.0,316937389.0
WEST,59.0,2026-10-01,Westrock Coffee Company,Consumer non-durables,8.0,349050,-0.12,780463680.0
TDIV,59.0,2026-10-01,First Trust NASDAQ Technology Dividend Index Fund,Equity,113.7,198862,-0.4,4580145859.0
CIG,59.0,2026-10-01,Comp En De Mn Cemig,Utilities,2.1,3842822,0.0,6007265300.0
LQDH,59.0,2026-10-01,iShares Interest Rate Hedged Corporate Bond ETF,Fixed income,92.66,40828,0.17,518656898.0
BDX,59.0,2026-10-01,"Becton, Dickinson and Company",Health technology,178.07,1283951,-0.58,49065407800.0
BAFE,59.0,2026-10-01,Brown Advisory Flexible Equity ETF,Equity,29.55,18745,-0.4,1716008597.0
VLOS,59.0,2026-10-01,M3-Brigade Acquisition V Corp.,Finance,10.72,2891,0.19,308056250.0
NBJP,59.0,2026-10-01,Neuberger Japan Equity ETF,Equity,35.71,493,-0.14,43453073.0
CGUS,58.9,2026-10-01,Capital Group Core Equity ETF,Equity,44.58,1088161,-0.27,11296391875.0
AVBP,58.9,2026-10-01,"ArriVent BioPharma, Inc.",Health technology,28.93,591715,-3.53,1347412725.0
MTUS,58.9,2026-10-01,Metallus Inc.,Non-energy minerals,19.42,308234,3.13,808411876.0
VV,58.9,2026-10-01,Vanguard Large-Cap ETF,Equity,352.41,311104,-0.09,74828659052.0
VOTE,58.9,2026-10-01,TCW Transform 500 ETF,Equity,90.11,19364,-0.14,1109550544.0
LWLG,58.9,2026-10-01,"Lightwave Logic, Inc.",Process industries,5.44,4196374,8.37,838195200.0
KOID,58.9,2026-10-01,KraneShares Global Humanoid and Embodied Intelligence Index ETF,Equity,35.96,115202,0.76,308105710.0
KDEF,58.9,2026-10-01,PLUS Korea Defense Industry Index ETF,Equity,42.39,50131,0.66,42696760.0
DFUS,58.9,2026-10-01,Dimensional U.S. Equity Market ETF,Equity,83.26,720766,0.02,21632408521.0
ITT,58.9,2026-10-01,ITT Inc.,Producer manufacturing,202.13,966302,0.67,18071384341.0
FCOM,58.9,2026-10-01,Fidelity MSCI Communication Services Index ETF,Equity,71.33,153258,-1.55,1723936320.0
SPHQ,58.9,2026-10-01,Invesco S&P 500 Quality ETF,Equity,84.92,901252,0.86,20733922627.0
HELO,58.9,2026-10-01,JPMorgan Hedged Equity Laddered Overlay ETF,Equity,69.19,441726,-0.09,3986361578.0
FTGC,58.9,2026-10-01,First Trust Global Tactical Commodity Strategy Fund,Commodities,30.76,914939,0.95,2799862413.0
GSEE,58.9,2026-10-01,Goldman Sachs MarketBeta Emerging Markets Equity ETF,Equity,68.82,5160,0.34,143099058.0
PRN,58.8,2026-10-01,Invesco Dorsey Wright Industrials Momentum ETF,Equity,200.58,15821,1.21,420255688.0
CVE,58.8,2026-10-01,Cenovus Energy Inc,Energy minerals,31.65,14714267,2.06,58370354250.0
TRX,58.8,2026-10-01,TRX Gold Corporation,Non-energy minerals,1.17,2465951,-3.31,382989512.0
WTBA,58.8,2026-10-01,West Bancorporation,Finance,28.88,46206,1.3,492222056.0
GEM,58.8,2026-10-01,Goldman Sachs ActiveBeta Emerging Markets Equity ETF,Equity,50.93,311298,-0.04,1694730686.0
POET,58.8,2026-10-01,POET Technologies Inc.,Producer manufacturing,7.64,7674150,1.06,1008577517.0
WWD,58.8,2026-10-01,"Woodward, Inc.",Producer manufacturing,336.19,662437,2.61,20031175151.0
STLN,58.8,2026-10-01,"The Oncology Institute, Inc.",Health services,6.22,994173,-1.27,621393929.0
PCB,58.8,2026-10-01,PCB Bancorp,Finance,27.82,50738,1.2,396009354.0
FDN,58.8,2026-10-01,First Trust DJ Internet Index Fund,Equity,289.33,113259,-0.58,5139690966.0
IRDM,58.8,2026-10-01,Iridium Communications Inc,Communications,47.87,673322,-0.13,5072305200.0
VOX,58.8,2026-10-01,Vanguard Communication Services ETF,Equity,188.93,295089,-1.54,6014324844.0
PBUS,58.8,2026-10-01,Invesco MSCI USA ETF,Equity,76.57,11743807,-0.12,11681851673.0
TRI,58.8,2026-10-01,Thomson Reuters Corp,Technology services,99.36,1388796,-0.54,43374498844.0
VLUE,58.7,2026-10-01,iShares MSCI USA Value Factor ETF,Equity,200.36,990557,1.16,11009769871.0
VFMO,58.7,2026-10-01,Vanguard U.S. Momentum Factor ETF,Equity,228.99,20642,0.88,2065884835.0
GCMG,58.7,2026-10-01,GCM Grosvenor Inc.,Finance,13.08,442471,1.4,799531599.0
SPY,58.7,2026-10-01,SPDR S&P 500 ETF TRUST,Equity,763.99,46192230,-0.05,817517076544.0
DSX,58.7,2026-10-01,Diana Shipping inc.,Transportation,2.82,974089,2.17,348382800.0
WIT,58.7,2026-10-01,Wipro Limited,Technology services,1.76,32397510,0.57,17410538452.0
IMMR,58.7,2026-10-01,Immersion Corporation,Electronic technology,7.31,342368,0.83,242632782.0
EMEQ,58.7,2026-10-01,Nomura Focused Emerging Markets Equity ETF,Equity,66.11,68555,0.73,75689082.0
FXY,58.7,2026-10-01,Invesco CurrencyShares Japanese Yen Trust,Currency,57.97,299709,-0.07,439748211.0
KEMX,58.7,2026-10-01,KraneShares MSCI Emerging Markets ex China Index ETF,Equity,51.24,1041,0.2,135098801.0
INO,58.7,2026-10-01,"Inovio Pharmaceuticals, Inc.",Health technology,1.21,1910805,-2.42,83601267.0
IYY,58.7,2026-10-01,iShares Dow Jones U.S. ETF,Equity,185.8,8846,-0.04,3021443626.0
PDEX,58.7,2026-10-01,"Pro-Dex, Inc.",Health technology,65.36,42756,-4.92,208678728.0
GGG,58.7,2026-10-01,Graco Inc.,Producer manufacturing,77.76,1047880,1.18,12593529354.0
EMXC,58.7,2026-10-01,iShares MSCI Emerging Markets ex China ETF,Equity,99.34,1556268,0.15,26462142539.0
POWL,58.7,2026-10-01,"Powell Industries, Inc.",Producer manufacturing,190.6,466151,2.54,6943862960.0
MTRX,58.7,2026-10-01,Matrix Service Company,Industrial services,10.46,815314,9.53,294279548.0
TW,58.7,2026-10-01,Tradeweb Markets Inc.,Finance,103.3,1087986,1.65,21991148282.0
IR,58.7,2026-10-01,Ingersoll Rand Inc.,Producer manufacturing,75.25,5424820,0.45,29440282510.0
GSLC,58.7,2026-10-01,Goldman Sachs ActiveBeta U.S. Large Cap Equity ETF,Equity,145.51,469439,0.11,15823353415.0
MOD,58.7,2026-10-01,Modine Manufacturing Company,Producer manufacturing,189.21,1197782,0.83,10049453967.0
CRWG,58.7,2026-10-01,Leverage Shares 2X Long CRWV Daily ETF,Equity,18.79,1774732,2.45,11546379.0
ASO,58.7,2026-10-01,"Academy Sports and Outdoors, Inc.",Retail trade,47.85,903851,0.5,2967579052.0
DUOT,58.7,2026-10-01,"Duos Technologies Group, Inc.",Technology services,8.9,755494,-0.45,262931454.0
IRMD,58.6,2026-10-01,iRadimed Corporation,Health technology,85.3,112634,-1.04,1090389900.0
WDAY,58.6,2026-10-01,"Workday, Inc.",Technology services,186.75,2451859,-4.38,48917688482.0
RS,58.6,2026-10-01,"Reliance, Inc.",Non-energy minerals,393.04,264401,2.57,20066482297.0
PVH,58.6,2026-10-01,PVH Corp.,Consumer non-durables,75.85,740459,2.78,3497299385.0
DH,58.6,2026-10-01,Definitive Healthcare Corp.,Technology services,0.9361,358662,0.66,98781239.0
FLEX,58.6,2026-10-01,Flex Ltd.,Electronic technology,112.78,2032719,1.23,41661267859.0
BTBT,58.6,2026-10-01,"Bit Digital, Inc.",Commercial services,1.62,14937929,-1.82,565687800.0
FCRS,58.6,2026-10-01,FutureCrest Acquisition Corp.,Finance,10.24,42033,-0.1,367999969.0
DCBO,58.6,2026-10-01,Docebo Inc.,Technology services,23.44,32229,1.78,594969339.0
SCZM,58.6,2026-10-01,Santacruz Silver Mining Ltd.,Non-energy minerals,8.71,281519,-1.58,807771488.0
BLSH,58.6,2026-10-01,Bullish,Technology services,34.79,737676,-0.88,5275845957.0
CHRW,58.6,2026-10-01,"C.H. Robinson Worldwide, Inc.",Transportation,153.14,1487878,3.35,18051077652.0
CION,58.6,2026-10-01,CION Investment Corporation,Miscellaneous,7.15,385110,0.56,355992852.0
ECON,58.6,2026-10-01,Columbia Research Enhanced Emerging Economies ETF,Equity,35.48,6423,0.17,353145450.0
INFY,58.6,2026-10-01,Infosys Limited,Technology services,11.35,38319619,-0.87,46053533000.0
CRNT,58.6,2026-10-01,Ceragon Networks Ltd.,Electronic technology,2.1,338579,0.48,190876760.0
GDDY,58.6,2026-10-01,GoDaddy Inc.,Technology services,96.98,1303308,-0.53,12841106962.0
MRX,58.5,2026-10-01,Marex Group plc,Technology services,70.96,672485,2.25,5104214535.0
NXTG,58.5,2026-10-01,First Trust Indxx NextG ETF,Equity,154.57,6947,0.1,452392472.0
LRGC,58.5,2026-10-01,AB US Large Cap Strategic Equities ETF,Equity,85.85,50159,-0.48,1040788274.0
CNTN,58.5,2026-10-01,"Canton Strategic Holdings, Inc.",Health technology,2.19,716883,-5.6,168512837.0
KRUS,58.5,2026-10-01,"Kura Sushi USA, Inc.",Consumer services,41.39,257441,1.12,502881712.0
WPP,58.5,2026-10-01,WPP plc,Commercial services,25.22,496690,-2.59,5441479583.0
HPK,58.5,2026-10-01,"HighPeak Energy, Inc.",Energy minerals,7.94,387718,-2.58,1003282520.0
APUE,58.5,2026-10-01,ActivePassive U.S. Equity ETF,Equity,47.08,93694,-0.06,2616069949.0
PLSE,58.5,2026-10-01,"Pulse Biosciences, Inc",Health technology,49.83,450329,0.69,3448719351.0
VTVT,58.5,2026-10-01,vTv Therapeutics Inc.,Health technology,31.85,34271,2.78,83358298.0
FCBC,58.5,2026-10-01,"First Community Bankshares, Inc.",Finance,47.57,100529,1.23,897490299.0
HALO,58.5,2026-10-01,"Halozyme Therapeutics, Inc.",Health technology,106.94,2315479,-2.72,12684474220.0
KFRC,58.5,2026-10-01,"Kforce, Inc.",Commercial services,54.05,203542,1.83,967981450.0
LYTS,58.5,2026-10-01,LSI Industries Inc.,Producer manufacturing,20.94,281437,0.87,768757656.0
EMBJ,58.5,2026-10-01,Embraer S.A.,Electronic technology,74.09,1169525,-1.07,13596639093.0
BLLN,58.4,2026-10-01,"BillionToOne, Inc.",Health services,105.76,586944,0.09,4864482494.0
GLSI,58.4,2026-10-01,"Greenwich LifeSciences, Inc.",Health technology,17.35,121452,-4.25,254666909.0
ARCT,58.4,2026-10-01,Arcturus Therapeutics Holdings Inc.,Health technology,13.21,497310,-2.08,375468741.0
NHC,58.4,2026-10-01,National HealthCare Corporation,Health services,223.35,98365,1.4,3488637660.0
TNGX,58.4,2026-10-01,"Tango Therapeutics, Inc.",Health technology,24.45,2908221,-1.81,3980818168.0
TBI,58.4,2026-10-01,"TrueBlue, Inc.",Commercial services,9.48,173588,1.83,288230868.0
ACHV,58.4,2026-10-01,"Achieve Life Sciences, Inc.",Health technology,7.53,1150816,-4.56,773022270.0
TAC,58.4,2026-10-01,TransAlta Corporation,Utilities,12.22,1225951,1.16,3647809039.0
KMDA,58.4,2026-10-01,Kamada Ltd.,Health technology,8.2,93653,-2.26,473093030.0
CSMD,58.4,2026-10-01,Congress SMid Growth ETF,Equity,33.99,28259,0.09,517411840.0
SFLR,58.4,2026-10-01,Innovator Equity Managed Floor ETF,Alternatives,39.04,275984,0.21,2151282032.0
QCOM,58.4,2026-10-01,QUALCOMM Incorporated,Electronic technology,182.09,9268009,-1.67,191194500000.0
EEMS,58.4,2026-10-01,iShares MSCI Emerging Markets Small Cap ETF,Equity,75.06,13413,0.0,393602977.0
CRDF,58.4,2026-10-01,"Cardiff Oncology, Inc.",Health technology,1.18,298424,-3.28,90946848.0
AAPU,58.4,2026-10-01,Direxion Daily AAPL Bull 2X Shares,Equity,43.48,856466,0.25,189974500.0
LAES,58.3,2026-10-01,SEALSQ Corp,Electronic technology,2.36,3022583,1.72,336521250.0
SPT,58.3,2026-10-01,"Sprout Social, Inc",Technology services,10.38,765350,4.01,623895453.0
RPD,58.3,2026-10-01,"Rapid7, Inc.",Technology services,12.06,1308647,-2.9,805977036.0
SXI,58.3,2026-10-01,Standex International Corporation,Electronic technology,285.12,140050,5.06,3454206561.0
VOO,58.3,2026-10-01,Vanguard S&P 500 ETF,Equity,702.35,8161503,-0.03,1717533597265.0
BKLC,58.3,2026-10-01,BNY Mellon US Large Cap Core Equity ETF,Equity,48.87,627937,-0.04,5607853881.0
SSUS,58.3,2026-10-01,Day Hagan Smart Sector ETF,Equity,56.17,135982,0.02,600271565.0
CNDT,58.3,2026-10-01,Conduent Incorporated,Commercial services,1.64,2193440,5.13,254358775.0
AVEE,58.3,2026-10-01,Avantis Emerging Markets Small Cap Equity ETF,Equity,68.52,11429,0.06,121046436.0
LSGR,58.3,2026-10-01,Natixis Loomis Sayles Focused Growth ETF,Equity,44.85,190819,-0.6,703545829.0
EMPD,58.3,2026-10-01,Empery Digital Inc.,Consumer durables,3.06,75216,1.32,86016940.0
GUSE,58.3,2026-10-01,Goldman Sachs Enhanced U.S. Equity ETF,Equity,45.78,5798,-0.24,363423557.0
TARS,58.3,2026-10-01,"Tarsus Pharmaceuticals, Inc.",Health technology,75.46,851247,-3.81,3246591040.0
RKLX,58.3,2026-10-01,Defiance Daily Target 2X Long RKLB ETF,Equity,17.44,3607857,-4.91,53762471.0
JPXN,58.3,2026-10-01,iShares JPX-Nikkei 400 ETF,Equity,103.05,1623,-0.45,136629977.0
GSUS,58.3,2026-10-01,Goldman Sachs MarketBeta U.S. Equity ETF,Equity,105.69,84338,-0.16,1410660676.0
WTS,58.3,2026-10-01,"Watts Water Technologies, Inc.",Producer manufacturing,359.49,270749,1.75,12003689968.0
AIP,58.3,2026-10-01,"Arteris, Inc.",Electronic technology,24.01,693966,0.38,1108589288.0
HST,58.3,2026-10-01,"Host Hotels & Resorts, Inc.",Finance,22.51,13255992,0.31,15416626290.0
PWRD,58.3,2026-10-01,TCW Transform Systems ETF,Equity,105.95,80488,0.9,778684085.0
DK,58.2,2026-10-01,"Delek US Holdings, Inc.",Energy minerals,74.34,1769936,5.81,4556112750.0
BCI,58.2,2026-10-01,abrdn Bloomberg All Commodity Strategy K-1 Free ETF,Commodities,25.97,1382567,0.66,2366365974.0
ESPO,58.2,2026-10-01,VanEck Video Gaming and eSports ETF,Equity,97.17,11150,0.06,253987748.0
BETA,58.2,2026-10-01,"Beta Technologies, Inc.",Electronic technology,21.73,1309075,-1.05,4829590937.0
FPX,58.2,2026-10-01,First Trust US Equity Opportunities ETF,Equity,180.09,47631,1.29,1753234328.0
LKFT,58.2,2026-10-01,Galapagos NV,Health technology,28.86,341546,-1.54,1901790277.0
MOV,58.2,2026-10-01,Movado Group Inc.,Consumer durables,33.95,142578,2.48,535445820.0
SCHX,58.2,2026-10-01,Schwab U.S. Large-Cap ETF,Equity,30.09,17200507,0.03,73686319391.0
XSW,58.2,2026-10-01,State Street SPDR S&P Software & Services ETF,Equity,199.58,53414,0.66,433434341.0
IEO,58.2,2026-10-01,iShares U.S. Oil & Gas Exploration & Production ETF,Equity,136.4,597682,3.62,558906471.0
CRML,58.2,2026-10-01,Critical Metals Corp.,Non-energy minerals,7.2,4690772,-0.83,1057598986.0
ALLE,58.2,2026-10-01,Allegion plc,Consumer durables,154.28,1084307,0.61,13123729344.0
CRSP,58.2,2026-10-01,CRISPR Therapeutics AG,Health technology,55.44,1050265,-0.02,5347121472.0
REPL,58.2,2026-10-01,"Replimune Group, Inc.",Health technology,13.45,2516701,1.43,1130150642.0
NAMS,58.2,2026-10-01,NewAmsterdam Pharma Company N.V.,Commercial services,24.16,1627662,-0.29,2824400133.0
VOLT,58.2,2026-10-01,Tema Electrification ETF,Equity,36.16,77185,1.74,421745027.0
ENR,58.2,2026-10-01,"Energizer Holdings, Inc.",Consumer non-durables,21.21,810504,-1.03,1452322935.0
AMAL,58.2,2026-10-01,Amalgamated Financial Corp.,Finance,47.84,307917,1.31,1430420784.0
EBAY,58.2,2026-10-01,eBay Inc.,Retail trade,105.89,3603498,-1.14,47015160000.0
EEM,58.2,2026-10-01,iShares MSCI Emerging Index Fund,Equity,66.81,18836706,0.13,30574041906.0
CSCO,58.1,2026-10-01,"Cisco Systems, Inc.",Electronic technology,108.76,12607479,0.67,428670434165.0
NRC,58.1,2026-10-01,National Research Corporation,Health services,21.32,176196,0.8,480482444.0
XCEM,58.1,2026-10-01,Columbia EM Core ex-China ETF,Equity,51.42,114704,0.23,2112877387.0
EFIV,58.1,2026-10-01,State Street SPDR S&P 500 ESG ETF,Equity,74.31,19786,-0.04,1132019019.0
OWLT,58.1,2026-10-01,"Owlet, Inc.",Consumer durables,5.03,126977,-4.55,91015275.0
DEXC,58.1,2026-10-01,Dimensional Emerging Markets ex China Core Equity ETF,Equity,79.94,19346,0.58,344125549.0
CWCO,58.1,2026-10-01,Consolidated Water Co. Ltd.,Utilities,28.81,176581,3.82,460965474.0
IESC,58.1,2026-10-01,"IES Holdings, Inc.",Industrial services,330.16,174229,2.82,13156149648.0
CMDY,58.1,2026-10-01,iShares Bloomberg Roll Select Commodity Strategy ETF,Commodities,63.85,502110,0.77,336434163.0
SGLC,58.1,2026-10-01,SGI U.S. Large Cap Core ETF,Equity,45.51,165421,0.62,147254170.0
LRGF,58.1,2026-10-01,iShares U.S. Equity Factor ETF,Equity,78.02,408800,0.04,3570647875.0
CGNX,58.1,2026-10-01,Cognex Corporation,Electronic technology,62.22,1681974,2.34,10354618241.0
CAPR,58.1,2026-10-01,"Capricor Therapeutics, Inc.",Health technology,8.94,3831440,-4.49,514145077.0
MDWD,58.1,2026-10-01,MediWound Ltd.,Health technology,13.6,81539,-0.44,174701520.0
AESR,58.1,2026-10-01,Anfield U.S. Equity Sector Rotation ETF,Equity,19.97,42642,0.55,171705846.0
ISMCF,58.1,2026-10-01,IShares VII PLC,Equity,794.06,387,0.22,5145336828.0
MITK,58.1,2026-10-01,"Mitek Systems, Inc.",Technology services,17.95,710615,4.12,810601375.0
HEQT,58.1,2026-10-01,Simplify Hedged Equity ETF,Equity,34.34,41012,0.18,320345997.0
MRSK,58.1,2026-10-01,Toews Agility Shares Managed Risk ETF,Asset allocation,39.47,26274,0.23,307183659.0
HEGD,58.1,2026-10-01,Swan Hedged Equity US Large Cap ETF,Equity,26.9,56037,0.15,544717717.0
ACLC,58.1,2026-10-01,American Century Large Cap Equity ETF,Equity,85.61,3988,0.23,318243518.0
PCTY,58.1,2026-10-01,Paylocity Holding Corporation,Technology services,146.6,768651,0.66,7849565060.0
FTQI,58.1,2026-10-01,First Trust Nasdaq BuyWrite Income ETF,Equity,22.2,424709,0.0,950820553.0
SECT,58.0,2026-10-01,Main Sector Rotation ETF,Equity,71.87,153409,0.01,2914827294.0
SCCO,58.0,2026-10-01,Southern Copper Corporation,Non-energy minerals,199.22,970999,-1.84,166215562469.0
PNTG,58.0,2026-10-01,"The Pennant Group, Inc.",Health services,38.79,292888,0.13,1348633536.0
NEOG,58.0,2026-10-01,Neogen Corporation,Health technology,12.24,2964508,-3.47,2669005440.0
ARQT,58.0,2026-10-01,"Arcutis Biotherapeutics, Inc.",Health technology,25.29,1335824,-3.1,3163349070.0
LECO,58.0,2026-10-01,"Lincoln Electric Holdings, Inc.",Producer manufacturing,269.4,351220,2.03,14683862520.0
ONOF,58.0,2026-10-01,Global X Adaptive U.S. Risk Management ETF,Asset allocation,40.89,387,-0.17,143127426.0
RLJ,58.0,2026-10-01,RLJ Lodging Trust,Finance,11.04,1630123,0.73,1677304175.0
VMD,58.0,2026-10-01,"Viemed Healthcare, Inc.",Health services,9.08,265009,0.0,345841110.0
INTA,58.0,2026-10-01,"Intapp, Inc.",Technology services,37.59,408429,2.23,2896745544.0
WH,58.0,2026-10-01,"Wyndham Hotels & Resorts, Inc.",Consumer services,71.49,976266,-1.73,5305353112.0
DGII,58.0,2026-10-01,Digi International Inc.,Electronic technology,73.39,400126,-5.05,2766964385.0
CGNT,58.0,2026-10-01,Cognyte Software Ltd.,Technology services,8.66,456753,-1.37,638293155.0
NSSC,58.0,2026-10-01,"NAPCO Security Technologies, Inc.",Commercial services,36.19,345689,1.4,1292970987.0
CTOS,58.0,2026-10-01,"Custom Truck One Source, Inc.",Finance,9.48,761243,3.72,2156063143.0
KOPN,58.0,2026-10-01,Kopin Corporation,Electronic technology,4.61,2779632,0.0,854237610.0
KROS,58.0,2026-10-01,"Keros Therapeutics, Inc.",Health technology,11.26,140168,-1.05,223254137.0
ESGE,58.0,2026-10-01,iShares ESG Aware MSCI EM ETF,Equity,54.2,757017,0.13,6963531314.0
USPX,58.0,2026-10-01,Franklin U.S. Equity Index ETF,Equity,66.86,44677,0.04,2058895664.0
ESGV,58.0,2026-10-01,Vanguard ESG U.S. Stock ETF,Equity,135.65,164604,-0.23,13540859848.0
PEGA,58.0,2026-10-01,Pegasystems Inc.,Technology services,34.43,1391120,0.82,5660464150.0
VUSE,58.0,2026-10-01,Vident Core US Equity ETF,Equity,72.84,15680,0.05,705614607.0
FORR,58.0,2026-10-01,"Forrester Research, Inc.",Commercial services,11.61,94397,0.78,225373320.0
OPPJ,57.9,2026-10-01,WisdomTree Japan Opportunities Fund,Equity,59.06,34734,-0.47,161289779.0
IBTA,57.9,2026-10-01,"Ibotta, Inc.",Technology services,39.92,237444,1.55,1014402569.0
RBC,57.9,2026-10-01,RBC Bearings Incorporated,Producer manufacturing,508.49,201905,2.21,16086263698.0
IEMG,57.9,2026-10-01,iShares Core MSCI Emerging Markets ETF,Equity,81.22,14262157,0.16,162941925490.0
CONL,57.9,2026-10-01,GraniteShares 2x Long COIN Daily ETF,Equity,5.91,13789601,3.32,144095258.0
PTLC,57.9,2026-10-01,Pacer Trendpilot US Large Cap ETF,Equity,59.62,97223,-0.07,3381755840.0
BFRZ,57.9,2026-10-01,Innovator Equity Managed 100 Buffer ETF,Alternatives,27.08,73710,-0.22,42595107.0
HEDG,57.9,2026-10-01,Equable Shares Hedged Equity ETF,Equity,30.73,10894,0.03,419961825.0
UAL,57.9,2026-10-01,"United Airlines Holdings, Inc.",Transportation,111.78,4341543,0.74,36280404196.0
WBS,57.9,2026-08-19,Webster Financial Corporation,Finance,77.57,91317276,-0.59,12568899810.0
ESGU,57.9,2026-10-01,iShares ESG Aware MSCI USA ETF,Equity,167.3,472968,-0.09,17961895507.0
IWP,57.9,2026-10-01,iShares Russell Midcap Growth ETF,Equity,139.64,681628,0.76,20782219008.0
CV,57.9,2026-10-01,"CapsoVision, Inc.",Health technology,6.32,159424,-1.25,315769864.0
JPEF,57.9,2026-10-01,JPMorgan Equity Focus ETF,Equity,81.18,111925,-0.17,2033106855.0
RAMP,57.9,2026-10-01,"LiveRamp Holdings, Inc.",Technology services,37.7,789115,-0.05,2291644076.0
CAL,57.9,2026-10-01,"Caleres, Inc.",Retail trade,12.3,482470,1.23,413153851.0
AEAQ,57.9,2026-10-01,Activate Energy Acquisition Corp.,Finance,10.0852,1,-0.19,238464554.0
CDZI,57.9,2026-10-01,"Cadiz, Inc.",Finance,3.7,1206923,-4.88,311119258.0
SXC,57.8,2026-10-01,"SunCoke Energy, Inc.",Non-energy minerals,9.74,1177303,4.06,826680990.0
FBOT,57.8,2026-10-01,Fidelity Disruptive Automation ETF,Equity,38.93,6735,0.21,226009847.0
RCL,57.8,2026-10-01,Royal Caribbean Cruises Ltd.,Consumer services,269.99,3092498,1.45,72409968050.0
JOE,57.8,2026-10-01,St. Joe Company (The),Finance,65.16,233363,-0.63,3709588187.0
NASA,57.8,2026-10-01,Tema Space Innovators ETF,Equity,23.87,1756650,-0.67,40317600.0
CBLL,57.8,2026-10-01,"CeriBell, Inc.",Health technology,23.61,313132,-3.16,895827147.0
HBT,57.8,2026-10-01,"HBT Financial, Inc.",Finance,35.8,176606,1.73,1301888910.0
GRC,57.8,2026-10-01,Gorman-Rupp Company (The),Producer manufacturing,75.13,228011,1.53,1984198326.0
DXJ,57.8,2026-10-01,WisdomTree Japan Hedged Equity Fund,Equity,179.73,215942,-0.45,7232089259.0
AGOX,57.8,2026-10-01,Adaptive Alpha Opportunities ETF,Asset allocation,33.47,36196,1.27,406742033.0
BLX,57.8,2026-10-01,"Banco Latinoamericano de Comercio Exterior, S.A.",Finance,55.21,229809,0.38,1586547686.0
EXPD,57.8,2026-10-01,"Expeditors International of Washington, Inc.",Transportation,187.74,1438418,0.18,24554702340.0
FDMT,57.8,2026-10-01,"4D Molecular Therapeutics, Inc.",Health technology,13.84,655462,-2.74,723503355.0
DSP,57.8,2026-10-01,Viant Technology Inc.,Technology services,12.73,282300,2.0,835000719.0
CON,57.8,2026-10-01,"Concentra Group Holdings Parent, Inc.",Health services,34.97,868348,2.07,4474823447.0
NVTS,57.8,2026-10-01,Navitas Semiconductor Corporation,Electronic technology,12.12,16308584,4.94,3164447160.0
UFCS,57.8,2026-10-01,"United Fire Group, Inc",Finance,53.94,100226,2.76,1383895428.0
MEDP,57.8,2026-10-01,"Medpace Holdings, Inc.",Commercial services,598.08,232754,-4.68,16693429536.0
FLY,57.8,2026-10-01,Firefly Aerospace Inc.,Electronic technology,22.85,3898633,-2.14,3752774549.0
EMOP,57.8,2026-10-01,AB Emerging Markets Opportunities ETF,Equity,51.07,32659,0.26,2057341710.0
PSNL,57.8,2026-10-01,"Personalis, Inc.",Health services,16.17,1659762,-0.31,1726163670.0
QQQY,57.8,2026-10-01,Defiance Nasdaq 100 Weekly Distribution ETF,Equity,22.53,102401,-0.31,199418645.0
NBCM,57.7,2026-10-01,Neuberger Berman Commodity Strategy ETF,Commodities,31.12,373298,1.17,418492767.0
COMB,57.7,2026-10-01,GraniteShares Bloomberg Commodity Broad Strategy No K-1 ETF,Commodities,28.0,49183,0.76,126196016.0
MDLN,57.7,2026-10-01,Medline Inc.,Health technology,34.94,11732747,0.26,29545480174.0
FAUG,57.7,2026-10-01,FT Vest U.S. Equity Buffer ETF - August,Alternatives,57.67,33523,-0.14,1177141495.0
ULCC,57.7,2026-10-01,"Frontier Group Holdings, Inc.",Transportation,5.97,1819757,0.0,1374388153.0
TSLQ,57.7,2026-10-01,Tradr 2X Short TSLA Daily ETF,Equity,19.45,3459997,0.93,1422226591.0
SKYW,57.7,2026-10-01,"SkyWest, Inc.",Transportation,97.69,240612,0.91,3874412851.0
FBT,57.7,2026-10-01,First Trust Amex Biotech Index Fund,Equity,265.79,95867,-2.16,1623157638.0
IVV,57.7,2026-10-01,iShares Core S&P 500 ETF,Equity,767.38,6520688,-0.04,893371378844.0
KWR,57.7,2026-10-01,Quaker Houghton,Process industries,158.39,99790,1.28,2736791825.0
ATLO,57.7,2026-10-01,Ames National Corporation,Finance,31.73,18535,2.19,281039591.0
EMGF,57.7,2026-10-01,iShares Emerging Markets Equity Factor ETF,Equity,71.5,75385,0.32,1989740765.0
CHH,57.7,2026-10-01,"Choice Hotels International, Inc.",Consumer services,102.31,466718,0.19,4654644605.0
NEO,57.7,2026-10-01,"NeoGenomics, Inc.",Health services,17.78,2469677,-2.2,456857100.0
MEVO,57.7,2026-10-01,M Evo Global Acquisition Corp II,Finance,10.01,26481,0.1,55439885.0
GTE,57.7,2026-10-01,Gran Tierra Energy Inc.,Energy minerals,10.01,601365,2.14,353952599.0
HGTY,57.7,2026-10-01,"Hagerty, Inc.",Finance,13.46,597602,-0.52,4621550372.0
LCTU,57.7,2026-10-01,iShares U.S. Carbon Transition Readiness Aware Active ETF,Equity,81.78,34032,0.2,1508592372.0
SKY,57.6,2026-10-01,"Champion Homes, Inc.",Consumer durables,87.48,540616,3.38,4802151439.0
DUOL,57.6,2026-10-01,"Duolingo, Inc.",Technology services,146.57,835687,0.61,6829152866.0
JELD,57.6,2026-10-01,"JELD-WEN Holding, Inc.",Non-energy minerals,1.96,1913597,4.81,168856548.0
TSPA,57.6,2026-10-01,T. Rowe Price U.S. Equity Research ETF,Equity,48.39,369793,-0.06,2219000034.0
LAB,57.6,2026-10-01,Standard BioTools Inc.,Health technology,0.7283,1083127,-1.57,285102447.0
LGH,57.6,2026-10-01,HCM Defender 500 Index ETF,Equity,65.85,60007,0.15,601882800.0
UMMA,57.6,2026-10-01,Wahed Dow Jones Islamic World ETF,Equity,37.13,34204,0.3,303288782.0
RXT,57.6,2026-10-01,"Rackspace Technology, Inc.",Technology services,3.86,3181625,2.39,980087196.0
SAP,57.6,2026-10-01,SAP SE,Technology services,210.79,1961750,-1.53,245619920220.0
MGC,57.6,2026-10-01,Vanguard Mega Cap ETF,Equity,282.64,94409,-0.24,10887193535.0
SND,57.6,2026-10-01,"Smart Sand, Inc.",Non-energy minerals,5.16,206338,0.78,221806114.0
SMCY,57.6,2026-10-01,YieldMax SMCI Option Income Strategy ETF,Equity,5.35,805975,2.88,70483268.0
WDC,57.6,2026-10-01,Western Digital Corporation,Electronic technology,462.56,6128764,2.38,159436105920.0
AVSE,57.6,2026-10-01,Avantis Responsible Emerging Markets Equity ETF,Equity,79.14,16397,0.13,234058377.0
OMER,57.6,2026-10-01,Omeros Corporation,Health technology,18.47,1236242,-2.12,1336772807.0
IWL,57.6,2026-10-01,iShares Russell Top 200 ETF,Equity,190.32,50174,-0.17,2221140203.0
SEPZ,57.6,2026-10-01,TrueShares Structured Outcome (September) ETF,Alternatives,46.19,23584,0.3,129055113.0
AMTB,57.6,2026-10-01,Amerant Bancorp Inc.,Finance,29.36,425730,3.16,1150405657.0
GIB,57.6,2026-10-01,CGI Inc.,Technology services,70.98,789827,-1.29,15173898487.0
XVV,57.6,2026-10-01,iShares ESG Select Screened S&P 500 ETF,Equity,58.35,7020,-0.05,540449186.0
WEEK,57.5,2026-10-01,Roundhill Weekly T-Bill ETF,Fixed income,100.02,37800,0.02,171967395.0
MPTI,57.5,2026-10-01,"M-tron Industries, Inc.",Electronic technology,76.96,80833,-1.66,274371481.0
FMAY,57.5,2026-10-01,FT Vest U.S. Equity Buffer ETF - May,Alternatives,57.41,22543,-0.35,1414285477.0
FJUN,57.5,2026-10-01,FT Vest U.S. Equity Buffer ETF - June,Alternatives,61.21,34512,0.36,1352605904.0
DFDV,57.5,2026-10-01,DeFi Development Corp.,Finance,5.37,1404222,0.94,161734755.0
BURL,57.5,2026-10-01,"Burlington Stores, Inc.",Retail trade,275.32,1867498,2.03,17329246504.0
MATX,57.5,2026-10-01,"Matson, Inc.",Transportation,225.5,246884,2.54,6824374150.0
PRIM,57.5,2026-10-01,Primoris Services Corporation,Industrial services,76.25,1347978,2.05,4136936125.0
EBS,57.5,2026-10-01,Emergent BioSolutions Inc.,Health technology,6.37,811171,-2.9,328668431.0
LAW,57.5,2026-10-01,"CS Disco, Inc.",Technology services,4.26,167488,2.9,273212570.0
INFO,57.5,2026-10-01,Harbor PanAgora Dynamic Large Cap Core ETF,Equity,28.12,5977,0.72,887080343.0
GHC,57.5,2026-10-01,Graham Holdings Company,Consumer services,1151.29,27402,0.76,4969543285.0
OPK,57.4,2026-10-01,"Opko Health, Inc.",Health services,1.57,2493300,-2.48,1171735313.0
PABU,57.4,2026-10-01,iShares Paris-Aligned Climate Optimized MSCI USA ETF,Equity,78.45,4046,0.33,2489738504.0
LEN.B,57.4,2026-10-01,Lennar Corporation,Consumer durables,81.0,119295,1.82,20523127140.0
HWKN,57.4,2026-10-01,"Hawkins, Inc.",Process industries,127.19,164492,1.52,2655106131.0
GYRE,57.4,2026-10-01,"Gyre Therapeutics, Inc.",Health technology,7.0,139996,-4.76,780421943.0
GPAT,57.4,2026-10-01,GP-Act III Acquisition Corp.,Finance,11.115,109,0.32,399445313.0
SPBU,57.4,2026-10-01,AllianzIM Buffer15 Uncapped Allocation ETF,Alternatives,30.6,83553,-0.2,168116949.0
SPRO,57.4,2026-10-01,"Spero Therapeutics, Inc.",Health technology,1.26,1039159,3.28,72955881.0
SPYM,57.4,2026-10-01,State Street SPDR Portfolio S&P 500 ETF,Equity,89.92,8932872,-0.03,159541781097.0
EWZ,57.4,2026-10-01,iShares MSCI Brazil ETF,Equity,37.14,34623515,-0.16,6758534629.0
ERO,57.4,2026-10-01,Ero Copper Corp.,Non-energy minerals,35.75,1414943,-1.89,3727937356.0
DSI,57.4,2026-10-01,iShares ESG MSCI KLD 400 ETF,Equity,146.71,91645,-0.24,5435430910.0
CNNE,57.4,2026-10-01,"Cannae Holdings, Inc.",Consumer services,15.46,368726,0.65,679320223.0
WSHP,57.4,2026-10-01,WeShop Holdings Limited,Technology services,5.41,98175,-0.92,138766500.0
APA,57.4,2026-10-01,APA Corporation,Energy minerals,43.34,6922139,4.79,15319389800.0
CRWV,57.3,2026-10-01,"CoreWeave, Inc.",Technology services,88.57,20335557,1.13,48321169265.0
FJP,57.3,2026-10-01,First Trust Japan AlphaDEX Fund,Equity,77.73,10595,0.26,259320124.0
FITE,57.3,2026-10-01,State Street SPDR S&P Kensho Future Security ETF,Equity,111.4,5671,-0.03,120797645.0
LWAC,57.3,2026-10-01,LightWave Acquisition Corp.,Finance,10.35,148704,-0.1,311276240.0
HCKT,57.3,2026-10-01,"The Hackett Group, Inc.",Commercial services,10.97,333709,8.83,276322233.0
NBIS,57.3,2026-10-01,Nebius Group N.V.,Technology services,232.28,12231492,-1.65,55747200000.0
MUR,57.3,2026-10-01,Murphy Oil Corporation,Energy minerals,37.47,2050887,1.65,5371324500.0
CRI,57.3,2026-10-01,"Carter's, Inc.",Retail trade,31.71,1129556,1.57,1168516671.0
CPA,57.3,2026-10-01,"Copa Holdings, S.A.",Transportation,132.52,462598,0.42,5463923904.0
HLF,57.3,2026-10-01,Herbalife Ltd.,Consumer non-durables,12.28,1065766,0.66,1273060428.0
VBNK,57.3,2026-10-01,VersaBank,Finance,22.11,113020,-0.67,711846861.0
HUBB,57.3,2026-10-01,Hubbell Inc,Producer manufacturing,466.98,536682,2.64,24671754006.0
FAST,57.3,2026-10-01,Fastenal Company,Distribution services,50.23,6198598,1.64,57633187500.0
PURR,57.2,2026-10-01,Hyperliquid Strategies Inc,Finance,12.03,11459200,-0.74,1619238000.0
CRDO,57.2,2026-10-01,Credo Technology Group Holding Ltd,Technology services,210.17,9353657,6.61,39192059823.0
TRMB,57.2,2026-10-01,Trimble Inc.,Technology services,57.53,3712441,-0.67,13410905688.0
DYNF,57.2,2026-10-01,iShares U.S. Equity Factor Rotation Active ETF,Equity,69.49,2447327,0.03,39865188333.0
VPL,57.2,2026-10-01,Vanguard FTSE Pacific ETF,Equity,116.27,611053,0.09,14213158548.0
REPX,57.2,2026-10-01,"Riley Exploration Permian, Inc.",Energy minerals,41.06,162286,3.22,890835584.0
LOGI,57.2,2026-10-01,Logitech International S.A. - Registered Shares,Electronic technology,103.32,869418,0.09,14832499697.0
MAZE,57.2,2026-10-01,"Maze Therapeutics, Inc.",Health technology,26.65,589346,-1.48,1474951179.0
FMAO,57.2,2026-10-01,"Farmers & Merchants Bancorp, Inc.",Finance,34.91,37442,1.57,480647443.0
GFS,57.2,2026-10-01,GlobalFoundries Inc.,Electronic technology,48.68,2327930,1.59,26710756550.0
MRK,57.2,2026-10-01,"Merck & Company, Inc.",Health technology,143.81,7856922,-0.62,355147766900.0
BLZE,57.2,2026-10-01,"Backblaze, Inc.",Electronic technology,14.18,1381633,-0.77,851008886.0
JQUA,57.2,2026-10-01,JPMorgan U.S. Quality Factor ETF,Equity,74.35,866186,0.35,8422241784.0
AVO,57.2,2026-10-01,"Mission Produce, Inc.",Process industries,12.82,1157509,-2.14,1132259836.0
W,57.2,2026-10-01,Wayfair Inc.,Retail trade,101.37,1776947,-0.79,13884452242.0
RR,57.1,2026-10-01,Richtech Robotics Inc.,Consumer durables,1.75,8091058,12.18,321406972.0
QDVO,57.1,2026-10-01,Amplify CWP Growth & Income ETF,Equity,29.99,186382,0.3,743918174.0
AVXC,57.1,2026-10-01,Avantis Emerging Markets ex-China Equity ETF,Equity,82.22,33326,-0.01,402183725.0
WAY,57.1,2026-10-01,Waystar Holding Corp.,Technology services,25.35,1929754,-2.01,4860822346.0
CMRE,57.1,2026-10-01,Costamare Inc.,Transportation,15.23,315790,4.53,1838845208.0
DBI,57.1,2026-10-01,Designer Brands Inc.,Retail trade,6.06,701957,0.0,307709099.0
SYM,57.1,2026-10-01,Symbotic Inc.,Producer manufacturing,43.17,1783707,2.32,27702059145.0
QLTY,57.1,2026-10-01,GMO U.S. Quality ETF,Equity,42.87,429713,-0.53,4804266589.0
QGRO,57.1,2026-10-01,American Century U.S. Quality Growth ETF,Equity,117.92,66328,0.37,2143112834.0
XPOF,57.1,2026-10-01,"Xponential Fitness, Inc.",Consumer services,4.66,775492,3.1,173873920.0
VCYT,57.1,2026-10-01,"Veracyte, Inc.",Health technology,44.19,1426561,-3.22,3526034994.0
VTEX,57.1,2026-10-01,VTEX,Technology services,3.7,1064689,0.27,654783380.0
EGBN,57.1,2026-10-01,"Eagle Bancorp, Inc.",Finance,28.21,337923,2.25,860280876.0
HRTG,57.1,2026-10-01,"Heritage Insurance Holdings, Inc.",Finance,33.83,328084,1.56,1024153351.0
SPOK,57.1,2026-10-01,"Spok Holdings, Inc.",Communications,10.67,122013,1.72,222864290.0
ARKF,57.1,2026-10-01,ARK Blockchain & Fintech Innovation ETF,Equity,45.55,100262,0.11,774296824.0
RKLB,57.1,2026-10-01,Rocket Lab Corporation,Electronic technology,70.46,23139791,-2.56,40787002289.0
NTES,57.1,2026-10-01,"NetEase, Inc.",Technology services,120.61,548109,-0.68,76999997094.0
LPTH,57.1,2026-10-01,"LightPath Technologies, Inc.",Electronic technology,10.85,2939233,4.63,681265066.0
MSGE,57.1,2026-10-01,Madison Square Garden Entertainment Corp.,Consumer services,80.05,592310,-0.2,3786783742.0
CBUS,57.1,2026-10-01,"Cibus, Inc.",Technology services,1.63,106401,0.0,124420508.0
GCO,57.1,2026-10-01,Genesco Inc.,Retail trade,34.81,113047,2.14,386633730.0
BUFG,57.1,2026-10-01,FT Vest Buffered Allocation Growth ETF,Alternatives,29.91,87440,0.27,331900524.0
RXO,57.1,2026-10-01,"RXO, Inc.",Technology services,21.36,1878521,4.4,3522697864.0
NGVT,57.0,2026-10-01,Ingevity Corporation,Process industries,71.09,274327,1.8,2443926475.0
VVV,57.0,2026-10-01,Valvoline Inc.,Consumer services,30.78,3570069,2.19,3925558080.0
TRC,57.0,2026-10-01,Tejon Ranch Co,Finance,16.49,161461,2.04,445299258.0
PCRX,57.0,2026-10-01,"Pacira BioSciences, Inc.",Health technology,25.01,510596,-0.16,983768350.0
SNAP,57.0,2026-10-01,Snap Inc.,Technology services,5.65,46873599,3.1,9529160395.0
SBLK,57.0,2026-10-01,Star Bulk Carriers Corp.,Transportation,30.43,1590270,2.77,3393886078.0
HLT,57.0,2026-10-01,Hilton Worldwide Holdings Inc.,Consumer services,315.44,1509947,-0.79,71011383475.0
GMAY,57.0,2026-10-01,FT Vest U.S. Equity Moderate Buffer ETF - May,Alternatives,43.9,26251,0.27,297485817.0
APPN,57.0,2026-10-01,Appian Corporation,Technology services,37.77,881117,3.56,2794338854.0
SPXS,57.0,2026-10-01,Direxion Daily S&P 500 Bear 3X,Equity,24.62,16379296,0.04,351008027.0
INGM,57.0,2026-10-01,Ingram Micro Holding Corporation,Technology services,27.79,2175413,3.39,6410094479.0
IBB,56.9,2026-10-01,iShares Biotechnology ETF,Equity,205.96,1540213,-1.97,10055827359.0
ACB,56.9,2026-10-01,Aurora Cannabis Inc.,Process industries,3.9,594800,0.78,241574190.0
GRNY,56.9,2026-10-01,Fundstrat Granny Shots US Large Cap ETF,Equity,28.03,1892842,0.57,3962355261.0
PBP,56.9,2026-10-01,Invesco S&P 500 BuyWrite ETF,Equity,23.32,62244,-0.26,346093625.0
BIXI,56.9,2026-10-01,Bitcoin Infrastructure Acquisition Corp Ltd.,Finance,10.13,25115,-0.1,230660100.0
SUSL,56.9,2026-10-01,iShares ESG MSCI USA Leaders ETF,Equity,136.4,15808,-0.39,1173848574.0
GNK,56.9,2026-10-01,Genco Shipping & Trading Limited,Transportation,27.22,463248,3.18,1186167328.0
ALRM,56.9,2026-10-01,"Alarm.com Holdings, Inc.",Technology services,54.86,365601,-0.05,2713408516.0
ACIO,56.9,2026-10-01,Aptus Collared Income Opportunity ETF,Equity,46.96,136190,0.0,2421554230.0
CWBC,56.9,2026-10-01,Community West Bancshares,Finance,26.24,244283,0.81,552470211.0
OGG,56.9,2026-10-01,Osisko Development Corp.,Non-energy minerals,2.79,2319194,-1.41,850172645.0
CIEN,56.9,2026-10-01,Ciena Corporation,Electronic technology,379.14,2559636,6.74,53668374847.0
AMBA,56.9,2026-10-01,"Ambarella, Inc.",Electronic technology,70.3,580679,1.14,3083933406.0
BMNR,56.9,2026-10-01,"BitMine Immersion Technologies, Inc.",Finance,26.73,29316250,1.06,15224788024.0
FLJP,56.9,2026-10-01,Franklin FTSE Japan ETF,Equity,41.33,852377,-0.39,3096240679.0
FLJH,56.9,2026-10-01,Franklin FTSE Japan Hedged ETF,Equity,46.38,12363,-0.32,183320000.0
BWMX,56.9,2026-10-01,"Betterware de Mexico, S.A.P.I. de C.V.",Retail trade,16.4,40734,-0.67,610800288.0
CVEO,56.8,2026-10-01,Civeo Corporation (Canada),Consumer services,33.75,177407,0.87,369336240.0
BFLY,56.8,2026-10-01,"Butterfly Network, Inc.",Health technology,8.53,5531378,-4.8,2271412645.0
USSG,56.8,2026-10-01,Xtrackers MSCI USA Selection Equity ETF,Equity,71.55,13272,-0.31,588126203.0
GQI,56.8,2026-10-01,Natixis Gateway Quality Income ETF,Equity,60.4,37991,0.13,201649251.0
FJUL,56.8,2026-10-01,FT Vest U.S. Equity Buffer ETF - July,Alternatives,61.27,16627,0.33,1206754213.0
TDV,56.8,2026-10-01,ProShares S&P Technology Dividend Aristocrats ETF,Equity,101.44,10924,0.38,291369785.0
DFJ,56.8,2026-10-01,WisdomTree Japan SmallCap Fund,Equity,115.08,29047,-0.59,390389048.0
CACI,56.8,2026-10-01,"CACI International, Inc.",Technology services,627.06,305134,1.92,13852573713.0
EWY,56.8,2026-10-01,iShares MSCI South Korea ETF,Equity,186.11,11989332,0.99,12855779150.0
WMK,56.8,2026-10-01,"Weis Markets, Inc.",Retail trade,72.62,164747,-0.21,1796952852.0
ON,56.8,2026-10-01,ON Semiconductor Corporation,Electronic technology,80.08,10102244,4.6,31176104960.0
ENTA,56.8,2026-10-01,"Enanta Pharmaceuticals, Inc.",Health technology,12.84,331486,-1.83,373366656.0
EME,56.8,2026-10-01,"EMCOR Group, Inc.",Industrial services,769.03,319714,1.93,33921837166.0
SNX,56.7,2026-10-01,TD SYNNEX Corporation,Distribution services,271.76,1188537,5.31,21736000192.0
SAC,56.7,2026-10-01,Safeguard Acquisition Corp.,Finance,10.1,47758,0.0,316803347.0
LEN,56.7,2026-10-01,Lennar Corporation,Consumer durables,82.11,8880719,1.77,20387524702.0
TASK,56.7,2026-10-01,"TaskUs, Inc.",Commercial services,8.26,437532,3.25,745165112.0
SOPH,56.7,2026-10-01,SOPHiA GENETICS SA,Technology services,8.03,700737,-5.53,673678970.0
ALTG,56.7,2026-10-01,Alta Equipment Group Inc.,Distribution services,6.32,204435,4.98,205624613.0
PAYO,56.7,2026-10-01,Payoneer Global Inc.,Commercial services,7.14,2889547,0.0,2414705160.0
BFEB,56.7,2026-10-01,Innovator U.S. Equity Buffer ETF - February,Alternatives,54.01,7409,0.32,256705988.0
CCO,56.7,2026-10-01,"Clear Channel Outdoor Holdings, Inc.",Commercial services,2.4,7880149,0.84,1221561600.0
FTC,56.7,2026-10-01,First Trust Large Cap Growth AlphaDEX Fund,Equity,178.84,53077,0.82,1481871043.0
LPCV,56.7,2026-10-01,Launchpad Cadenza Acquisition Corp I,Finance,10.08,49104,0.0,231840000.0
SPCX,56.7,2026-10-01,Space Exploration Technologies Corp. Class A,Electronic technology,148.07,67225633,-1.65,1951826156456.0
ANF,56.7,2026-10-01,Abercrombie & Fitch Company,Retail trade,136.36,1136027,1.28,6058707976.0
GJUN,56.7,2026-10-01,FT Vest U.S. Equity Moderate Buffer ETF - June,Alternatives,41.97,32246,0.14,376254047.0
CLMT,56.6,2026-10-01,"Calumet, Inc",Energy minerals,53.72,2014939,2.81,4681544737.0
FLQL,56.6,2026-10-01,Franklin U.S. Large Cap Multifactor Index ETF,Equity,78.56,156148,0.08,2117280518.0
COLM,56.6,2026-10-01,Columbia Sportswear Company,Consumer non-durables,57.69,1006109,0.73,2950312752.0
KULR,56.6,2026-10-01,"KULR Technology Group, Inc.",Producer manufacturing,2.58,842491,1.18,119343486.0
ATRC,56.6,2026-10-01,"AtriCure, Inc.",Health technology,53.59,1970853,-5.18,2725924695.0
MKSI,56.6,2026-10-01,MKS Inc.,Producer manufacturing,271.24,1336719,2.14,18320661684.0
CBRL,56.6,2026-10-01,"Cracker Barrel Old Country Store, Inc.",Consumer services,51.72,763760,-0.92,1156017511.0
PSO,56.6,2026-10-01,"Pearson, Plc",Consumer services,16.16,603976,-0.86,9702713979.0
CR,56.6,2026-10-01,Crane Company,Electronic technology,206.32,240608,1.38,11914089936.0
CAIQ,56.6,2026-10-01,Calamos Nasdaq Autocallable Income ETF,Alternatives,25.87,260071,-0.5,16378851.0
DRTS,56.6,2026-10-01,Alpha Tau Medical Ltd.,Health technology,14.51,379865,-1.56,1310628461.0
CLSE,56.6,2026-10-01,Convergence Long/Short Equity ETF,Alternatives,34.01,374929,-0.21,391027096.0
DUHP,56.6,2026-10-01,Dimensional US High Profitability ETF,Equity,42.14,931933,0.43,12671982497.0
TTMI,56.5,2026-10-01,"TTM Technologies, Inc.",Electronic technology,126.5,1782828,4.14,13137025000.0
AMGN,56.5,2026-10-01,Amgen Inc.,Health technology,407.27,2490382,-3.43,219806877160.0
CRL,56.5,2026-10-01,"Charles River Laboratories International, Inc.",Commercial services,286.83,647156,-1.72,13815941391.0
QTUM,56.5,2026-10-01,Defiance Quantum ETF,Equity,153.25,277094,0.37,4006709226.0
LDRX,56.5,2026-10-01,SGI Enhanced Market Leaders ETF,Equity,36.84,2153,0.16,248707593.0
CAT,56.5,2026-10-01,"Caterpillar, Inc.",Producer manufacturing,826.35,2116227,1.95,380647384950.0
GTES,56.5,2026-10-01,Gates Industrial Corporation plc,Producer manufacturing,26.5,1408433,1.57,6731000000.0
GAUG,56.5,2026-10-01,FT Vest U.S. Equity Moderate Buffer ETF - August,Alternatives,42.09,14431,0.26,292859608.0
PRCH,56.5,2026-10-01,"Porch Group, Inc.",Finance,16.75,1344752,0.72,1901457253.0
BELFB,56.5,2026-10-01,Bel Fuse Inc.,Electronic technology,252.09,161132,3.11,3052165558.0
U,56.5,2026-10-01,Unity Software Inc.,Technology services,43.61,10209735,3.93,19037291219.0
FPS,56.5,2026-10-01,"Forgent Power Solutions, Inc.",Producer manufacturing,37.33,7427645,-1.74,9704723739.0
CAOS,56.5,2026-10-01,Alpha Architect Tail Risk ETF,Asset allocation,90.51,83249,-0.06,423746624.0
GNRC,56.5,2026-10-01,Generac Holdings Inc.,Producer manufacturing,207.91,982647,0.93,12239391417.0
BLUC,56.4,2026-10-01,Bluemonte Large Cap Core ETF,Equity,32.05,31587,0.25,342897965.0
CSHI,56.4,2026-10-01,NEOS Enhanced Income Cash Alternative ETF,Fixed income,49.71,645167,0.0,1095580425.0
CTA,56.4,2026-10-01,Simplify Managed Futures Strategy ETF,Alternatives,29.24,2019318,1.39,1538354236.0
SN,56.4,2026-10-01,"SharkNinja, Inc.",Consumer durables,179.78,1061457,0.94,25442535714.0
ABBV,56.4,2026-10-01,AbbVie Inc.,Health technology,260.03,3826213,-0.18,459419137245.0
PFBC,56.4,2026-10-01,Preferred Bank,Finance,105.99,201207,1.36,1255128069.0
VSTS,56.4,2026-10-01,Vestis Corporation,Consumer non-durables,13.78,1521880,2.91,1820408030.0
DHR,56.4,2026-10-01,Danaher Corporation,Health technology,211.76,5302583,-4.32,148850267074.0
FAPR,56.4,2026-10-01,FT Vest U.S. Equity Buffer ETF - April,Alternatives,47.81,12874,-0.4,1270368213.0
ARM,56.4,2026-10-01,Arm Holdings plc,Electronic technology,292.34,3250121,-0.63,312218701661.0
PAHC,56.4,2026-10-01,Phibro Animal Health Corporation,Health technology,35.87,274956,0.82,1454112982.0
PJUN,56.4,2026-10-01,Innovator U.S. Equity Power Buffer ETF - June,Alternatives,44.03,20723,-0.34,644960932.0
FIX,56.4,2026-10-01,"Comfort Systems USA, Inc.",Industrial services,1685.29,286418,1.65,59312601847.0
COIN,56.4,2026-10-01,"Coinbase Global, Inc. - 3",Finance,189.29,5808571,1.76,49941162089.0
PJUL,56.4,2026-10-01,Innovator U.S. Equity Power Buffer ETF - July,Alternatives,49.75,47652,0.24,1013034224.0
LXFR,56.4,2026-10-01,Luxfer Holdings PLC,Non-energy minerals,17.24,348589,-0.23,461329315.0
XNCR,56.4,2026-10-01,"Xencor, Inc.",Health technology,24.77,1094972,0.81,1836487333.0
IQQQ,56.3,2026-10-01,ProShares Nasdaq-100 High Income ETF,Equity,48.71,25577,-0.18,405001304.0
OEF,56.3,2026-10-01,iShares S&P 100 Fund,Equity,381.55,339159,-0.41,20257484276.0
QQQE,56.3,2026-10-01,Direxion NASDAQ-100 Equal Weighted Index Shares,Equity,120.66,260360,0.18,1469810180.0
GCC,56.3,2026-10-01,WisdomTree EnhancedContinuous Commodity Index Fund,Commodities,26.65,15321,0.64,204964836.0
MDXG,56.3,2026-10-01,"MiMedx Group, Inc",Health technology,4.64,1189162,-0.22,676328572.0
COHR,56.3,2026-10-01,Coherent Corp.,Electronic technology,319.19,11284364,10.07,62446114870.0
ZIM,56.3,2026-10-01,ZIM Integrated Shipping Services Ltd.,Transportation,29.75,1491410,2.23,3585460064.0
SERV,56.3,2026-10-01,Serve Robotics Inc.,Producer manufacturing,4.75,1966109,1.93,367523175.0
AAON,56.3,2026-10-01,"AAON, Inc.",Producer manufacturing,82.28,1052200,0.59,6739694676.0
GLW,56.3,2026-10-01,Corning Incorporated,Electronic technology,160.42,7879267,4.24,138244160120.0
HPQ,56.3,2026-10-01,HP Inc.,Technology services,32.15,13670948,1.71,29401914450.0
BBJP,56.3,2026-10-01,JPMorgan BetaBuilders Japan ETF,Equity,78.41,1239635,-0.34,18191314388.0
CRUS,56.3,2026-10-01,"Cirrus Logic, Inc.",Electronic technology,120.17,509262,0.15,6062903122.0
GILD,56.3,2026-10-01,"Gilead Sciences, Inc.",Health technology,147.5,4326189,-1.3,182893385363.0
IOT,56.3,2026-10-01,Samsara Inc.,Technology services,40.04,4503678,2.69,23105375613.0
ROBO,56.3,2026-10-01,ROBO Global Robotics and Automation Index ETF,Equity,81.01,105408,0.4,2101373814.0
AAPL,56.3,2026-10-01,Apple Inc.,Electronic technology,330.32,34960817,0.1,4851527433920.0
INFQ,56.3,2026-10-01,"Infleqtion, Inc.",Electronic technology,13.36,4452191,-0.45,2915110317.0
OGN,56.3,2026-10-01,Organon & Co.,Health technology,13.71,2104989,0.0,3600369376.0
ZALT,56.3,2026-10-01,Innovator U.S. Equity 10 Buffer ETF - Quarterly,Alternatives,34.58,576746,0.23,786011205.0
CAAP,56.2,2026-10-01,Corporacion America Airports SA,Transportation,24.28,521237,-4.33,3963047326.0
MSGS,56.2,2026-10-01,Madison Square Garden Sports Corp.,Consumer services,399.19,563701,-1.17,9610638168.0
DMAY,56.2,2026-10-01,FT Vest U.S. Equity Deep Buffer ETF - May,Alternatives,48.0,18647,0.29,304473814.0
ULTA,56.2,2026-10-01,"Ulta Beauty, Inc.",Retail trade,537.73,439187,-1.52,23116642204.0
DJUN,56.2,2026-10-01,FT Vest U.S. Equity Deep Buffer ETF - June,Alternatives,50.13,5912,0.1,329602321.0
VFF,56.2,2026-10-01,"Village Farms International, Inc.",Process industries,2.85,771958,-2.4,347161721.0
ROST,56.2,2026-10-01,"Ross Stores, Inc.",Retail trade,234.1,1726707,-0.11,75094849892.0
BMAR,56.2,2026-10-01,Innovator U.S. Equity Buffer ETF - March,Alternatives,59.125,60,-0.17,186437564.0
ONC,56.2,2026-10-01,BeOne Medicines Ltd.,Health technology,358.77,347934,-2.49,38337613999.0
WBTN,56.2,2026-10-01,WEBTOON Entertainment Inc.,Technology services,10.86,226314,-0.46,1468649168.0
DJCO,56.2,2026-10-01,Daily Journal Corp. (S.C.),Consumer services,653.04,68281,0.5,899707575.0
CPAI,56.2,2026-10-01,Counterpoint Quantitative Equity ETF,Equity,52.45,61451,1.02,397669992.0
SATL,56.2,2026-10-01,Satellogic Inc.,Electronic technology,5.42,4659570,-2.34,746122620.0
BNED,56.2,2026-10-01,"Barnes & Noble Education, Inc",Retail trade,11.68,177368,0.34,404634585.0
BKTI,56.2,2026-10-01,BK Technologies Corporation,Electronic technology,75.0,39218,0.13,280814850.0
AIA,56.2,2026-10-01,iShares Asia 50 ETF,Equity,143.06,52433,0.27,4928530786.0
XLSR,56.1,2026-10-01,State Street US Sector Rotation ETF,Equity,66.42,75209,-0.4,1015368916.0
SU,56.1,2026-10-01,Suncor Energy Inc.,Energy minerals,69.1,4804875,1.98,81589825000.0
FLKR,56.1,2026-10-01,Franklin FTSE South Korea ETF,Equity,61.03,845437,1.14,1504631125.0
WTMF,56.1,2026-10-01,WisdomTree Managed Futures Strategy Fund,Alternatives,42.43,71150,0.71,238647318.0
UFOX,56.1,2026-10-01,Defiance Connective Technologies ETF,Equity,85.85,10589,0.79,797127151.0
SVIX,56.1,2026-10-01,-1x Short VIX Futures ETF,Alternatives,28.33,2517422,-0.87,220368142.0
WSM,56.1,2026-10-01,"Williams-Sonoma, Inc.",Retail trade,233.39,1479942,1.68,27480881541.0
TCPC,56.1,2026-10-01,BlackRock TCP Capital Corp.,Finance,4.03,642238,0.5,338128284.0
GEMI,56.1,2026-10-01,"Gemini Space Station, Inc.",Finance,5.07,1459696,-1.55,619454856.0
OPY,56.1,2026-10-01,"Oppenheimer Holdings, Inc.",Finance,119.47,74237,1.62,1267373601.0
PRGO,56.1,2026-10-01,Perrigo Company plc,Health technology,14.02,2635627,-4.76,1939916135.0
RWAY,56.1,2026-10-01,Runway Growth Finance Corp.,Finance,6.62,266200,0.0,281115295.0
CHAR,56.1,2026-10-01,Charlton Aria Acquisition Corporation,Finance,10.97,37722,-0.18,117068582.0
AII,56.1,2026-10-01,"American Integrity Insurance Group, Inc.",Finance,25.84,91772,4.45,506226685.0
IDCC,56.0,2026-10-01,"InterDigital, Inc.",Technology services,339.93,159061,3.62,8772236639.0
BUFP,56.0,2026-10-01,PGIM Laddered S&P 500 Buffer 12 ETF,Alternatives,32.91,56537,0.18,140510478.0
HITI,56.0,2026-10-01,High Tide Inc.,Retail trade,2.67,425520,-2.2,234613370.0
GJUL,56.0,2026-10-01,FT Vest U.S. Equity Moderate Buffer ETF - July,Alternatives,44.53,15962,0.16,651178076.0
ATEC,56.0,2026-10-01,"Alphatec Holdings, Inc.",Health technology,9.9,2282529,-3.6,1522511100.0
HIMS,56.0,2026-10-01,"Hims & Hers Health, Inc.",Health services,29.3,7897497,-1.21,6536244000.0
HGER,56.0,2026-10-01,Harbor All-Weather Inflation Focus ETF,Commodities,35.3,1935560,0.31,4085631631.0
FDEC,56.0,2026-10-01,FT Vest U.S. Equity Buffer ETF - December,Alternatives,56.01,6761,-0.27,1328214048.0
PENG,56.0,2026-10-01,"Penguin Solutions, Inc.",Electronic technology,54.98,1155705,0.9,2817323646.0
LOUP,56.0,2026-10-01,Innovator Deepwater Frontier Tech ETF,Equity,90.44,18914,1.02,217714270.0
NVDY,56.0,2026-10-01,YieldMax NVDA Option Income Strategy ETF,Equity,12.74,1229839,0.24,1463211266.0
EPAM,55.9,2026-10-01,"EPAM Systems, Inc.",Technology services,114.35,1513571,-2.61,5974152972.0
TACO,55.9,2026-10-01,Berto Acquisition Corp.,Finance,10.47,62097,0.1,392821313.0
VSH,55.9,2026-10-01,"Vishay Intertechnology, Inc.",Electronic technology,34.27,3455435,3.72,4841691508.0
APPS,55.9,2026-10-01,"Digital Turbine, Inc.",Technology services,11.55,3852204,-0.77,1396810800.0
IMAX,55.9,2026-10-01,Imax Corporation,Consumer durables,52.52,1939941,-3.84,2880307827.0
CTS,55.9,2026-10-01,CTS Corporation,Electronic technology,59.81,183877,1.82,1707946322.0
CORT,55.9,2026-10-01,Corcept Therapeutics Incorporated,Health technology,114.03,844771,-0.23,12325874450.0
GRNJ,55.9,2026-10-01,Fundstrat Granny Shots US Small- & Mid-Cap ETF,Equity,29.77,133204,0.98,491972998.0
HCA,55.8,2026-10-01,"HCA Healthcare, Inc.",Health services,423.39,1098134,-0.9,91664570932.0
HEWJ,55.8,2026-10-01,iShares Currency Hedged MSCI Japan ETF,Equity,65.5,22523,-0.29,746331986.0
WOR,55.8,2026-10-01,"Worthington Enterprises, Inc.",Producer manufacturing,59.14,238364,0.49,2893981362.0
SPWO,55.8,2026-10-01,SP Funds S&P World (ex-US) ETF,Equity,33.6,44222,0.09,91605926.0
JULW,55.8,2026-10-01,AllianzIM U.S. Large Cap Buffer20 Jul ETF,Alternatives,41.52,4741,0.12,321732110.0
NXDR,55.8,2026-10-01,"Nextdoor Holdings, Inc.",Technology services,2.48,1768349,0.81,959440142.0
WCLD,55.8,2026-10-01,WisdomTree Cloud Computing Fund,Equity,41.49,789834,0.92,278019298.0
PAUG,55.8,2026-10-01,Innovator U.S. Equity Power Buffer ETF - August,Alternatives,46.73,14958,-0.11,892293538.0
AMKR,55.8,2026-10-01,"Amkor Technology, Inc.",Electronic technology,52.9,3562357,0.4,13143110800.0
DELL,55.7,2026-10-01,Dell Technologies Inc.,Electronic technology,541.51,6609768,0.09,359698528144.0
RUSHB,55.7,2026-10-01,"Rush Enterprises, Inc.",Retail trade,54.33,77221,1.53,6467467649.0
HTLM,55.7,2026-10-01,HomesToLife Ltd,Distribution services,1.83,3116,-0.54,164128125.0
FSEP,55.7,2026-10-01,FT Vest U.S. Equity Buffer ETF - September,Alternatives,57.19,73079,-0.23,1227179175.0
TH,55.7,2026-10-01,Target Hospitality Corp.,Consumer services,20.48,1811217,4.28,2039511040.0
SNXX,55.7,2026-10-01,Tradr 2X Long SNDK Daily ETF,Equity,17.68,56673754,6.12,2256449400.0
STAA,55.7,2026-10-01,STAAR Surgical Company,Health technology,22.38,775362,-1.1,1114266518.0
LRGG,55.7,2026-10-01,Nomura Focused Large Growth ETF,Equity,29.81,11958,-0.53,355377640.0
CURI,55.7,2026-10-01,CuriosityStream Inc.,Consumer services,2.93,488254,0.0,173712668.0
NUAI,55.7,2026-10-01,"New Era Energy & Digital, Inc.",Finance,6.37,8026397,-4.5,364827488.0
FJAN,55.7,2026-10-01,FT Vest U.S. Equity Buffer ETF - January,Alternatives,56.63,17327,-0.32,1426665747.0
CRM,55.6,2026-10-01,"Salesforce, Inc.",Technology services,236.69,9559373,0.6,193849110000.0
AMC,55.6,2026-10-01,"AMC Entertainment Holdings, Inc.",Consumer services,2.76,33852689,-7.38,2463588801.0
TRFM,55.6,2026-10-01,AAM Transformers ETF,Equity,59.86,814480,0.88,154009744.0
GLBE,55.6,2026-10-01,Global-E Online Ltd.,Retail trade,40.21,1568879,1.21,6753968792.0
WAB,55.6,2026-10-01,Westinghouse Air Brake Technologies Corporation,Producer manufacturing,287.84,850072,1.0,48619342240.0
PFEB,55.6,2026-10-01,Innovator U.S. Equity Power Buffer ETF - February,Alternatives,44.09,33383,0.05,768618387.0
XOVR,55.6,2026-10-01,ERShares Private-Public Crossover ETF,Equity,21.29,827424,-0.05,388326147.0
PANL,55.6,2026-10-01,Pangaea Logistics Solutions Ltd.,Miscellaneous,8.41,447874,4.86,550139309.0
DBO,55.6,2026-10-01,Invesco DB Oil Fund,Commodities,24.5,817221,2.9,350062191.0
BKE,55.6,2026-10-01,"Buckle, Inc. (The)",Retail trade,42.69,434822,0.0,2199307689.0
ESI,55.6,2026-10-01,Element Solutions Inc.,Process industries,36.33,2537586,0.75,8853290906.0
SEIM,55.6,2026-10-01,SEI Enhanced U.S. Large Cap Momentum Factor ETF,Equity,54.31,63217,0.67,919104777.0
USO,55.6,2026-10-01,United States Oil Fund,Commodities,150.02,5855514,2.86,15561605085.0
EPRX,55.6,2026-10-01,Eupraxia Pharmaceuticals Inc.,Health technology,7.83,3645067,-12.12,262148400.0
MCK,55.6,2026-10-01,McKesson Corporation,Distribution services,898.82,1210050,1.39,105232047960.0
HVMC,55.6,2026-10-01,Highview Merger Corp.,Finance,10.3,60891,0.19,302922979.0
BCML,55.5,2026-10-01,BayCom Corp,Finance,30.9,54753,1.81,337097895.0
BUFC,55.5,2026-10-01,AB Conservative Buffer ETF,Alternatives,43.36,33884,0.18,1056565518.0
GSL,55.5,2026-10-01,Global Ship Lease Inc New,Transportation,45.44,242543,3.53,1632123008.0
AEIS,55.5,2026-10-01,"Advanced Energy Industries, Inc.",Electronic technology,294.11,452246,4.2,11779223144.0
XOM,55.5,2026-10-01,Exxon Mobil Corporation,Energy minerals,163.87,11691412,1.47,679152660200.0
ONON,55.5,2026-10-01,On Holding AG,Consumer non-durables,30.2,11756506,0.87,10066557937.0
RLGT,55.5,2026-10-01,"Radiant Logistics, Inc.",Transportation,9.01,163284,3.33,421953311.0
TENB,55.5,2026-10-01,"Tenable Holdings, Inc.",Technology services,36.11,2905122,-2.67,3981921920.0
EAF,55.5,2026-10-01,GrafTech International Ltd.,Producer manufacturing,9.07,578301,10.48,236254308.0
KELYA,55.5,2026-10-01,"Kelly Services, Inc.",Commercial services,16.43,378747,0.06,569614808.0
BBD,55.5,2026-10-01,Banco Bradesco Sa,Finance,3.51,41732913,-0.28,37120982310.0
BBH,55.5,2026-10-01,VanEck Biotech ETF,Equity,238.74,14000,-2.24,432235150.0
KR,55.5,2026-10-01,Kroger Company (The),Retail trade,59.48,7941302,1.43,36440243560.0
USMC,55.4,2026-10-01,Principal U.S. Mega-Cap ETF,Equity,76.65,118182,-0.14,3618807225.0
MFIN,55.4,2026-10-01,Medallion Financial Corp.,Finance,11.92,44446,0.25,275503384.0
PWR,55.4,2026-10-01,"Quanta Services, Inc.",Industrial services,662.6,901470,3.16,99617271800.0
XXRP,55.4,2026-10-01,Teucrium 2x Long Daily XRP ETF,Currency,35.23,338875,2.56,75045296.0
HIMX,55.4,2026-10-01,"Himax Technologies, Inc.",Electronic technology,14.45,963964,1.76,2520080000.0
XYLD,55.4,2026-10-01,Global X S&P 500 Covered Call ETF,Equity,41.57,767231,-0.14,3235879339.0
RGEN,55.4,2026-10-01,Repligen Corporation,Health technology,177.23,1945680,-8.64,10002081388.0
Q,55.4,2026-10-01,"Qnity Electronics, Inc.",Electronic technology,128.45,1303104,2.74,26889620240.0
FTRE,55.4,2026-10-01,Fortrea Holdings Inc.,Commercial services,19.4,1762359,-2.41,1844940000.0
FMAG,55.4,2026-10-01,Fidelity Magellan ETF,Equity,36.25,34156,-0.17,263129784.0
CMDB,55.4,2026-10-01,Costamare Bulkers Holdings Limited,Transportation,23.0,46461,5.8,557542563.0
EXLS,55.4,2026-10-01,"ExlService Holdings, Inc.",Technology services,36.48,3017747,3.11,5530842240.0
LUV,55.4,2026-10-01,Southwest Airlines Company,Transportation,41.84,5114139,0.65,20468462720.0
SEPW,55.4,2026-10-01,AllianzIM U.S. Large Cap Buffer20 Sep ETF,Alternatives,33.94,14699,0.12,293126002.0
CSAN,55.4,2026-09-28,Cosan S.A.,Utilities,2.96,202364,5.71,2694279217.0
NOW,55.3,2026-10-01,"ServiceNow, Inc.",Technology services,137.76,10118321,-0.93,142424829120.0
SNOW,55.3,2026-10-01,Snowflake Inc.,Technology services,341.99,3601242,0.12,118533734000.0
TDAQ,55.3,2026-10-01,TappAlpha Innovation 100 Growth & Daily Income ETF,Equity,27.4,553000,-0.36,10513899.0
CGGR,55.3,2026-10-01,Capital Group Growth ETF,Equity,47.45,2725271,-0.25,25589061528.0
URBN,55.3,2026-10-01,"Urban Outfitters, Inc.",Retail trade,78.77,1211221,2.3,6745476827.0
RL,55.3,2026-10-01,Ralph Lauren Corporation,Consumer non-durables,362.66,619622,2.34,22140491764.0
UFEB,55.3,2026-10-01,Innovator U.S. Equity Ultra Buffer ETF - February,Alternatives,39.54,9885,-0.1,160441591.0
ROBT,55.3,2026-10-01,First Trust Nasdaq Artificial Intelligence and Robotics ETF,Equity,59.67,28242,-0.07,774088487.0
BJ,55.3,2026-10-01,"BJ's Wholesale Club Holdings, Inc.",Retail trade,94.36,3640009,2.38,12049843083.0
WLTH,55.3,2026-10-01,Wealthfront Corporation,Technology services,10.37,2575714,-0.48,1548875851.0
AEHR,55.2,2026-10-01,Aehr Test Systems,Electronic technology,101.6,1619446,1.99,3314237720.0
CHPY,55.2,2026-10-01,YieldMax Semiconductor Portfolio Option Income ETF,Equity,70.4,641368,0.57,1072866107.0
FLNA,55.2,2026-10-01,"Cassava Sciences, Inc.",Health technology,0.965,2789111,-3.5,46617120.0
CAML,55.2,2026-10-01,Congress Large Cap Growth ETF,Equity,40.67,43858,0.25,390951275.0
PIE,55.2,2026-10-01,Invesco Dorsey Wright Emerging Markets Momentum ETF,Equity,34.05,90772,0.35,165401422.0
SWKS,55.2,2026-10-01,"Skyworks Solutions, Inc.",Electronic technology,83.16,5026385,-3.54,12513316551.0
QDTE,55.2,2026-10-01,Roundhill Innovation-100 0DTE Covered Call Strategy ETF,Equity,29.21,349621,-0.14,958363696.0
IEX,55.2,2026-10-01,IDEX Corporation,Producer manufacturing,229.85,677074,1.38,16944519015.0
TBCH,55.2,2026-10-01,Turtle Beach Corporation,Consumer durables,12.79,267086,0.24,253848246.0
POWW,55.2,2026-10-01,Outdoor Holding Company,Electronic technology,2.28,489185,1.33,264852766.0
BAMG,55.2,2026-10-01,Brookstone Growth Stock ETF,Equity,44.99,9455,0.54,144128937.0
PLX,55.2,2026-10-01,"Protalix BioTherapeutics, Inc. (DE)",Health technology,2.68,1589272,-3.25,215932001.0
DDS,55.2,2026-10-01,"Dillard's, Inc.",Retail trade,646.35,403954,-3.33,10093394490.0
EWJ,55.2,2026-10-01,iShares MSCI Japan Index Fund,Equity,97.38,4368268,-0.38,22487825132.0
RVMD,55.2,2026-10-01,"Revolution Medicines, Inc.",Health technology,205.89,1709275,0.93,43771390440.0
TDC,55.2,2026-10-01,Teradata Corporation,Technology services,29.92,1643381,1.66,2815472000.0
FSLY,55.2,2026-10-01,"Fastly, Inc.",Technology services,26.39,3614118,1.31,4130035000.0
DOCN,55.2,2026-10-01,"DigitalOcean Holdings, Inc.",Technology services,139.8,1472838,2.84,16343738400.0
MAGY,55.1,2026-10-01,Roundhill Magnificent Seven Covered Call ETF,Equity,42.79,28572,-0.83,82484534.0
TITN,55.1,2026-10-01,Titan Machinery Inc.,Distribution services,23.38,178320,2.32,544804968.0
MH,55.1,2026-10-01,"McGraw Hill, Inc.",Commercial services,13.06,611903,-1.88,2498066754.0
SBET,55.1,2026-10-01,"Sharplink, Inc.",Commercial services,9.58,5334502,3.01,1888783220.0
DDD,55.1,2026-10-01,3D Systems Corporation,Technology services,3.54,2652216,-0.28,578225356.0
CEPO,55.1,2026-10-01,"Cantor Equity Partners I, Inc.",Finance,10.76,604259,-0.09,220580000.0
IVOL,55.1,2026-10-01,Quadratic Interest Rate Volatility and Inflation Hedge ETF,Fixed income,16.98,751088,0.77,457124824.0
LTC,55.1,2026-10-01,"LTC Properties, Inc.",Finance,42.67,628716,-0.33,2183912728.0
DJAN,55.1,2026-10-01,FT Vest U.S. Equity Deep Buffer ETF - January,Alternatives,46.6,10643,0.11,372582085.0
ARKW,55.1,2026-10-01,ARK Next Generation Internet ETF,Equity,160.5,68344,-0.56,1822439138.0
IQV,55.1,2026-10-01,"IQVIA Holdings, Inc.",Health technology,260.72,1476469,-2.72,42926363200.0
PAYC,55.0,2026-10-01,"Paycom Software, Inc.",Technology services,227.47,517805,0.83,10252441629.0
CRAQ,55.0,2026-10-01,Cal Redwood Acquisition Corp.,Finance,10.41,58509,0.24,246300600.0
TXNM,55.0,2026-10-01,"TXNM Energy, Inc.",Utilities,58.53,940945,0.27,6479680710.0
BE,55.0,2026-10-01,Bloom Energy Corporation,Electronic technology,277.58,11382614,-2.47,81754804660.0
TSEM,55.0,2026-10-01,Tower Semiconductor Ltd.,Electronic technology,241.3,2067337,2.12,27224658022.0
AIQ,55.0,2026-10-01,Global X Artificial Intelligence & Technology ETF,Equity,65.67,1211910,-0.29,10868829785.0
AVTR,55.0,2026-10-01,"Avantor, Inc.",Health technology,15.03,10567381,0.6,10165675770.0
QUIK,55.0,2026-10-01,QuickLogic Corporation,Electronic technology,11.66,233677,2.1,206661840.0
PLTW,55.0,2026-10-01,Roundhill PLTR WeeklyPay ETF,Equity,25.22,84388,0.68,145540944.0
FRHC,55.0,2026-10-01,Freedom Holding Corp.,Finance,173.41,65033,3.83,10628749766.0
BPRN,55.0,2026-10-01,"Princeton Bancorp, Inc.",Finance,43.16,57439,0.35,293969234.0
VCTR,55.0,2026-10-01,"Victory Capital Holdings, Inc. Class A Common Stock",Finance,111.74,683626,2.61,6987225784.0
NPK,55.0,2026-10-01,"National Presto Industries, Inc.",Electronic technology,150.12,116030,2.46,1075766375.0
FNGG,55.0,2026-10-01,Direxion Daily NYSE FANG+ Bull 2X Shares,Equity,274.79,1090,1.16,130112286.0
INTW,54.9,2026-10-01,GraniteShares 2x Long INTC Daily ETF,Equity,31.17,3201100,2.2,314150875.0
BLFS,54.9,2026-10-01,"BioLife Solutions, Inc.",Health technology,36.78,919352,-5.45,1796975724.0
MKOR,54.9,2026-10-01,Matthews Korea Active ETF,Equity,63.88,2762,0.88,110364723.0
DYNC,54.9,2026-10-01,Dynamix Corporation,Finance,10.91,43621,-0.09,241474652.0
SHLS,54.9,2026-10-01,"Shoals Technologies Group, Inc.",Electronic technology,8.13,3941703,0.62,1363986360.0
ODC,54.9,2026-10-01,Oil-Dri Corporation Of America,Process industries,91.41,82629,1.87,1272181124.0
GPIQ,54.9,2026-10-01,Goldman Sachs Nasdaq-100 Premium Income ETF,Equity,57.61,1710914,-0.05,1216064138.0
FV,54.9,2026-10-01,First Trust Dorsey Wright Focus 5 ETF,Equity,73.77,241763,0.6,4147607268.0
SKHY,54.9,2026-10-01,SK hynix Inc.,Electronic technology,193.5,16600421,4.31,1373569214085.0
IMKTA,54.9,2026-10-01,"Ingles Markets, Incorporated",Retail trade,84.72,94186,-0.12,1609203535.0
GPRO,54.9,2026-10-01,"GoPro, Inc.",Consumer durables,1.33,8569009,3.1,227569706.0
EXEL,54.9,2026-10-01,"Exelixis, Inc.",Health technology,57.94,1354225,-1.02,14563513509.0
NTGR,54.9,2026-10-01,"NETGEAR, Inc.",Technology services,22.9,285078,2.83,614633779.0
EXFY,54.9,2026-10-01,"Expensify, Inc.",Technology services,2.37,587688,4.87,228558337.0
CMRC,54.8,2026-10-01,"Commerce.com, Inc. - Series 1",Technology services,3.24,488668,1.89,267339671.0
USDX,54.8,2026-10-01,SGI Enhanced Core ETF,Fixed income,25.63,57534,0.12,305422998.0
ELPC,54.8,2026-10-01,Companhia Paranaense de Energia (COPEL),Utilities,12.37,1021070,-0.16,2295880189.0
RDAG,54.8,2026-09-30,Republic Digital Acquisition Company,Finance,10.44,17257,-0.19,391500021.0
DBJP,54.8,2026-10-01,Xtrackers MSCI Japan Hedged Equity ETF,Equity,117.11,67327,-0.43,493033952.0
PMAY,54.8,2026-10-01,Innovator U.S. Equity Power Buffer ETF - May,Alternatives,42.23,27215,-0.02,604323680.0
TTC,54.8,2026-10-01,Toro Company (The),Producer manufacturing,97.79,599748,1.54,9312492805.0
TTEC,54.8,2026-10-01,"TTEC Holdings, Inc.",Technology services,1.49,1286075,12.88,72257696.0
MSTY,54.8,2026-10-01,YieldMax MSTR Option Income Strategy ETF,Equity,16.45,2240369,3.85,682684541.0
SHOP,54.8,2026-10-01,Shopify Inc.,Commercial services,149.09,4826924,-0.72,193467336688.0
SHEL,54.7,2026-10-01,Shell PLC,Energy minerals,95.61,9469180,1.31,266569762950.0
EFSI,54.7,2026-10-01,Eagle Financial Services Inc,Finance,45.31,50849,0.02,245234757.0
EWZS,54.7,2026-10-01,iShares MSCI Brazil Small-Cap ETF,Equity,13.31,672226,0.38,129483818.0
TECH,54.7,2026-10-01,Bio-Techne Corp,Health technology,72.4,2711395,-0.14,11335595600.0
PFE,54.7,2026-10-01,"Pfizer, Inc.",Health technology,28.12,29516064,-1.16,160268252800.0
OUST,54.7,2026-10-01,"Ouster, Inc.",Electronic technology,40.87,1896498,1.16,2947231050.0
HSHP,54.7,2026-10-01,Himalaya Shipping Ltd.,Transportation,18.05,849843,3.8,850967250.0
SIMO,54.7,2026-10-01,Silicon Motion Technology Corporation,Electronic technology,275.24,491306,-1.5,9235767103.0
BATRK,54.7,2026-10-01,"Atlanta Braves Holdings, Inc. - Series C",Consumer services,52.25,569866,-0.82,3322517726.0
FLGT,54.7,2026-10-01,"Fulgent Genetics, Inc.",Health services,21.3,338223,-3.14,604933270.0
CAI,54.7,2026-10-01,"Caris Life Sciences, Inc.",Health technology,28.35,4404467,-7.35,8013997703.0
TAL,54.7,2026-10-01,TAL Education Group,Commercial services,12.16,1375135,0.91,7399624140.0
SNDK,54.7,2026-10-01,Sandisk Corporation,Electronic technology,1787.69,9122622,3.02,264738565178.0
FLBR,54.6,2026-10-01,Franklin FTSE Brazil ETF,Equity,23.29,43806,-0.04,232590261.0
MAT,54.6,2026-10-01,"Mattel, Inc.",Consumer durables,15.04,35624752,19.37,4370624000.0
AIT,54.6,2026-10-01,"Applied Industrial Technologies, Inc.",Distribution services,339.39,187770,2.45,12543684705.0
BDSX,54.6,2026-10-01,"Biodesix, Inc.",Health services,27.33,178886,-7.2,222473825.0
SYNA,54.6,2026-10-01,Synaptics Incorporated,Electronic technology,106.15,660333,4.97,4146503057.0
SBS,54.6,2026-10-01,Companhia de saneamento Basico Do Estado De Sao Paulo - Sabesp,Utilities,5.26,6096947,-0.38,17976309555.0
FMTM,54.6,2026-10-01,MarketDesk Focused U.S. Momentum ETF,Financial Services,39.02,151297,-0.26,
PKOH,54.6,2026-10-01,Park-Ohio Holdings Corp.,Producer manufacturing,46.54,113561,1.06,670092228.0
STM,54.6,2026-10-01,STMicroelectronics N.V.,Electronic technology,53.5,7605259,1.48,47751167505.0
TEAM,54.6,2026-10-01,Atlassian Corporation,Technology services,189.91,2476430,3.37,49884479162.0
SAIL,54.6,2026-10-01,"SailPoint, Inc.",Technology services,20.58,8550476,-0.05,11672626078.0
TONX,54.6,2026-10-01,TON Strategy Company,Technology services,3.63,134967,-3.71,205206140.0
MCHP,54.6,2026-10-01,Microchip Technology Incorporated,Electronic technology,78.5,6723924,0.63,42626128000.0
FBY,54.6,2026-10-01,YieldMax META Option Income Strategy ETF,Equity,9.48,84029,-0.42,86889559.0
TAYD,54.6,2026-10-01,"Taylor Devices, Inc.",Producer manufacturing,61.11,58187,-0.52,196719934.0
MNA,54.5,2026-10-01,NYLI Merger Arbitrage ETF,Alternatives,36.83,40347,0.14,253698085.0
WT,54.5,2026-10-01,"WisdomTree, Inc.",Miscellaneous,24.03,2841790,-2.16,3675172230.0
CODA,54.5,2026-10-01,"Coda Octopus Group, Inc.",Electronic technology,10.7,52243,-0.19,120704068.0
BOX,54.5,2026-10-01,"Box, Inc.",Technology services,34.6,2841298,1.76,4793241800.0
QLYS,54.5,2026-10-01,"Qualys, Inc.",Technology services,187.43,653865,-0.79,6600722310.0
BUFR,54.5,2026-10-01,FT Vest Laddered Buffer ETF,Alternatives,37.52,1718935,0.13,10077892853.0
RIGL,54.5,2026-10-01,"Rigel Pharmaceuticals, Inc.",Health technology,46.97,234897,-2.25,869043637.0
M,54.5,2026-10-01,Macy's Inc,Retail trade,22.76,7483296,0.35,5986743833.0
XRPI,54.5,2026-10-01,Volatility Shares Trust XRP ETF,Currency,8.09,152341,1.38,95239018.0
UGP,54.4,2026-10-01,Ultrapar Participacoes S.A. (New),Retail trade,7.34,4317278,0.82,7844753054.0
FET,54.4,2026-10-01,"Forum Energy Technologies, Inc.",Industrial services,82.3,253416,2.01,930343890.0
JAJL,54.4,2026-10-01,Innovator Equity Defined Protection ETF - 6 Mo Jan/Jul,Alternatives,30.31,14612,0.1,250348657.0
CAMT,54.4,2026-10-01,Camtek Ltd.,Electronic technology,153.79,374795,-1.76,7175303135.0
DFEB,54.4,2026-10-01,FT Vest U.S. Equity Deep Buffer ETF - February,Alternatives,51.67,8415,0.19,465320626.0
QQEW,54.4,2026-10-01,First Trust Nasdaq-100 Select Equal Weight ETF,Equity,163.27,28717,0.02,1910805121.0
FEPI,54.4,2026-10-01,REX FANG & Innovation Equity Premium Income ETF,Equity,42.85,276380,-0.37,689700000.0
ACIU,54.4,2026-10-01,AC Immune SA,Health technology,2.81,352695,6.44,285983740.0
ODD,54.4,2026-10-01,ODDITY Tech Ltd.,Technology services,18.92,744927,0.21,1078384640.0
PLUS,54.4,2026-10-01,ePlus inc.,Technology services,92.89,190424,2.31,2423538928.0
CTSH,54.4,2026-10-01,Cognizant Technology Solutions Corporation,Technology services,60.88,13252563,-1.65,27423043444.0
SDCI,54.4,2026-10-01,USCF SummerHaven Dynamic Commodity Strategy No K-1 Fund,Commodities,31.39,252843,0.8,604159149.0
PTC,54.4,2026-10-01,PTC Inc.,Technology services,146.47,1910597,2.13,16918163820.0
NULG,54.4,2026-10-01,Nuveen ESG Large-Cap Growth ETF,Equity,114.21,85839,-0.05,2755371438.0
IVVW,54.4,2026-10-01,iShares S&P 500 BuyWrite ETF,Equity,45.55,18048,0.04,321817122.0
CHEC,54.4,2026-10-01,Chenghe Acquisition III Co.,Finance,10.29,48955,0.0,177756334.0
TCHP,54.4,2026-10-01,T. Rowe Price Blue Chip Growth ETF,Equity,51.44,164483,-0.45,2232048784.0
ITHA,54.4,2026-10-01,ITHAX Acquisition Corp III,Finance,10.12,24357,0.3,232760000.0
NXPI,54.4,2026-10-01,NXP Semiconductors N.V.,Electronic technology,239.19,2345764,0.23,60315148779.0
MRVI,54.3,2026-10-01,"Maravai LifeSciences Holdings, Inc.",Health technology,7.5,2774618,-2.22,2071661558.0
QUAL,54.3,2026-10-01,iShares MSCI USA Quality Factor ETF,Equity,223.44,1846384,0.07,47564143133.0
INSP,54.3,2026-10-01,"Inspire Medical Systems, Inc.",Health technology,70.78,2018372,0.4,2046276343.0
ONEQ,54.3,2026-10-01,Fidelity Nasdaq Composite Index ETF,Equity,105.9,198942,-0.49,11077132842.0
FFEB,54.3,2026-10-01,FT Vest U.S. Equity Buffer ETF - February,Alternatives,62.64,11127,0.16,1389931460.0
ETN,54.3,2026-10-01,"Eaton Corporation, PLC",Producer manufacturing,437.28,1605443,1.78,169795824000.0
DPRO,54.3,2026-10-01,Draganfly Inc.,Consumer durables,5.5,1699630,-8.33,200544971.0
ZLAB,54.3,2026-10-01,Zai Lab Limited,Health technology,25.5,544896,-3.04,2879524617.0
KOLD,54.3,2026-10-01,ProShares UltraShort Bloomberg Natural Gas,Commodities,29.38,2363353,3.45,133436772.0
SMMT,54.3,2026-10-01,Summit Therapeutics Inc.,Health technology,16.69,7869734,-0.77,13314440857.0
AOSL,54.2,2026-10-01,Alpha and Omega Semiconductor Limited,Electronic technology,28.84,464127,4.76,863169030.0
TEVA,54.2,2026-10-01,Teva Pharmaceutical Industries Limited,Health technology,39.31,5952297,-0.48,45781998400.0
WS,54.2,2026-10-01,"Worthington Steel, Inc.",Non-energy minerals,36.33,360473,3.36,1850945926.0
NAKA,54.2,2026-10-01,Nakamoto Inc.,Health services,9.11,142890,-3.5,158533495.0
BJAN,54.2,2026-10-01,Innovator U.S. Equity Buffer ETF - January,Alternatives,60.57,22275,0.26,310226931.0
FWD,54.2,2026-10-01,AB Disruptors ETF,Equity,132.51,162209,0.39,1467690125.0
NVMI,54.2,2026-10-01,Nova Ltd.,Electronic technology,386.6,167589,0.26,12287307800.0
JENA,54.2,2026-09-30,Jena Acquisition Corporation II,Finance,10.43,832,0.0,301629771.0
SSL,54.2,2026-10-01,Sasol Ltd.,Process industries,13.96,1698451,1.97,8901388104.0
DUST,54.2,2026-10-01,Direxion Daily Gold Miners Index Bear 2X Shares,Equity,40.89,847498,2.07,68026349.0
BUFF,54.2,2026-10-01,Innovator Laddered Allocation Power Buffer ETF,Alternatives,53.94,159029,-0.15,889949103.0
DHX,54.2,2026-10-01,"DHI Group, Inc.",Commercial services,4.77,194689,0.85,206056878.0
LFUS,54.2,2026-10-01,"Littelfuse, Inc.",Electronic technology,435.55,136039,2.79,11062403785.0
FLSP,54.2,2026-10-01,Franklin Systematic Style Premia ETF,Alternatives,28.81,181938,0.1,1058154597.0
REX,54.2,2026-10-01,REX American Resources Corporation,Process industries,43.75,344296,0.69,1441025163.0
SKYY,54.2,2026-10-01,First Trust Cloud Computing ETF,Equity,166.96,168439,0.41,2574073061.0
PDEC,54.2,2026-10-01,Innovator U.S. Equity Power Buffer ETF - December,Alternatives,47.1,55528,0.15,995964531.0
HAE,54.2,2026-10-01,Haemonetics Corporation,Health technology,104.37,454252,-1.27,4743199020.0
AGCC,54.2,2026-10-01,Agencia Comercial Spirits Ltd,Distribution services,15.1,7977,-2.14,344076150.0
IPGP,54.1,2026-10-01,IPG Photonics Corporation,Electronic technology,83.66,433970,6.63,3550831576.0
RGC,54.1,2026-10-01,Regencell Bioscience Holdings Limited,Health technology,6.33,67663,0.48,3136350420.0
MBVI,54.1,2026-09-30,M3-Brigade Acquisition VI Corp.,Finance,10.25,113237,0.0,353625000.0
THRO,54.1,2026-10-01,iShares U.S. Thematic Rotation Active ETF,Equity,44.12,13005370,0.07,6592757689.0
SOCA,54.1,2026-09-29,Solarius Capital Acquisition Corp.,Finance,10.39,3,0.48,183018000.0
CNEQ,54.1,2026-10-01,Alger Concentrated Equity ETF,Equity,40.68,127467,-0.46,104678843.0
FNGU,54.1,2026-10-01,MicroSectors FANG+ 3X Leveraged ETNs,Equity,34.4,2421896,-1.69,2276683384.0
TRAK,54.1,2026-10-01,"ReposiTrak, Inc.",Technology services,8.35,113348,-0.6,151749268.0
BASG,54.1,2026-10-01,Brown Advisory Sustainable Growth ETF,Equity,28.29,43912,-0.46,511941962.0
TT,54.1,2026-10-01,Trane Technologies plc,Producer manufacturing,458.94,1069496,1.41,100977439606.0
BUFD,54.1,2026-10-01,FT Vest Laddered Deep Buffer ETF,Alternatives,30.4,265197,-0.07,1926623362.0
SIGA,54.1,2026-10-01,SIGA Technologies Inc.,Health technology,3.35,619731,-1.76,240275725.0
PAPR,54.1,2026-10-01,Innovator U.S. Equity Power Buffer ETF - April,Alternatives,43.15,18806,0.14,783848108.0
BRKR,54.0,2026-10-01,Bruker Corporation,Health technology,61.94,2378003,-3.67,9428855151.0
ILDR,54.0,2026-10-01,First Trust Innovation Leaders ETF,Equity,39.61,107388,-0.68,314997359.0
TMFC,54.0,2026-10-01,Motley Fool 100 Index ETF,Equity,80.13,85149,-0.3,2061591309.0
MSTR,54.0,2026-10-01,Strategy Inc,Technology services,160.5,19061032,4.34,53094684000.0
XT,54.0,2026-10-01,iShares Future Exponential Technologies ETF,Equity,83.35,45974,-0.22,4049816910.0
OPTX,54.0,2026-10-01,"Syntec Optics Holdings, Inc.",Electronic technology,8.11,325637,-1.1,326669811.0
PLTY,54.0,2026-10-01,YieldMax PLTR Option Income Strategy ETF,Equity,36.84,109481,0.38,396510829.0
GO,54.0,2026-10-01,Grocery Outlet Holding Corp.,Retail trade,11.77,4514972,4.53,1164320179.0
SMCX,54.0,2026-10-01,Defiance Daily Target 2X Long SMCI ETF,Equity,14.25,2803514,4.63,43250997.0
SCHG,54.0,2026-10-01,Schwab U.S. Large-Cap Growth ETF,Equity,36.0,9979637,-0.25,60972187824.0
CHEF,54.0,2026-10-01,"The Chefs' Warehouse, Inc.",Distribution services,112.56,575473,1.33,4592007102.0
LCAP,54.0,2026-10-01,Principal Capital Appreciation Select ETF,Equity,33.83,45365,0.15,37016899.0
DSGX,54.0,2026-10-01,The Descartes Systems Group Inc.,Technology services,81.19,458702,-1.74,6957238244.0
DXC,53.9,2026-10-01,DXC Technology Company,Technology services,11.64,4068563,2.83,1886614261.0
XLG,53.9,2026-10-01,Invesco S&P 500 Top 50 ETF,Equity,63.62,954520,-0.28,10348156633.0
LBRDK,53.9,2026-08-19,Liberty Broadband Corporation,Communications,36.02,22345718,2.88,5162866655.0
HTFL,53.9,2026-10-01,"Heartflow, Inc.",Technology services,48.91,1151131,-1.81,4218038897.0
ATOM,53.9,2026-10-01,Atomera Incorporated,Commercial services,4.69,947593,7.08,181580385.0
SMCI,53.9,2026-10-01,"Super Micro Computer, Inc.",Electronic technology,41.92,26380128,2.52,27116916160.0
AAMI,53.9,2026-10-01,Acadian Asset Management Inc.,Finance,94.06,519486,2.11,3351263740.0
CAKE,53.9,2026-10-01,The Cheesecake Factory Incorporated,Consumer services,107.95,862133,2.8,5363538930.0
METU,53.9,2026-10-01,Direxion Daily META Bull 2X Shares,Equity,30.66,2340336,-0.74,385495000.0
FDMO,53.8,2026-10-01,Fidelity Momentum Factor ETF,Equity,95.75,68257,0.55,994920983.0
WAT,53.8,2026-10-01,Waters Corporation,Health technology,425.53,810722,-2.67,41798700332.0
METV,53.8,2026-10-01,Roundhill Ball Metaverse ETF,Equity,20.94,28299,-0.19,218234295.0
SFY,53.8,2026-10-01,SoFi Select 500 ETF,Equity,153.98,18704,0.01,699309418.0
AMG,53.8,2026-10-01,"Affiliated Managers Group, Inc.",Finance,371.95,176135,1.85,9823980595.0
NMM,53.8,2026-10-01,Navios Maritime Partners LP,Transportation,91.65,344826,2.65,2605116331.0
TLN,53.8,2026-10-01,Talen Energy Corporation,Utilities,323.09,1125591,3.07,14666673135.0
ALLT,53.8,2026-10-01,Allot Ltd.,Electronic technology,8.4,228016,-1.64,410954040.0
APG,53.8,2026-10-01,APi Group Corporation,Industrial services,40.01,3533689,3.49,17290733483.0
FN,53.8,2026-10-01,Fabrinet,Electronic technology,451.44,959136,7.38,16174959768.0
GFEB,53.8,2026-10-01,FT Vest U.S. Equity Moderate Buffer ETF - February,Alternatives,45.01,24141,0.18,382582279.0
FBL,53.7,2026-10-01,GraniteShares 2x Long META Daily ETF,Equity,31.83,491697,-0.78,155465732.0
UI,53.7,2026-10-01,Ubiquiti Inc.,Electronic technology,609.64,112130,6.58,36896683899.0
RCKY,53.7,2026-10-01,"Rocky Brands, Inc.",Consumer non-durables,46.0,35523,2.93,346902560.0
ADPT,53.7,2026-10-01,Adaptive Biotechnologies Corporation,Health technology,27.37,5844518,-5.26,4380404280.0
CNK,53.7,2026-10-01,"Cinemark Holdings, Inc.",Consumer services,36.18,2129485,-2.64,4193696160.0
NVT,53.7,2026-10-01,nVent Electric plc,Electronic technology,165.77,1652381,3.35,26808324400.0
ICHR,53.7,2026-10-01,Ichor Holdings,Producer manufacturing,62.48,649524,0.9,2178496408.0
UFPT,53.7,2026-10-01,"UFP Technologies, Inc.",Process industries,294.99,102027,-0.49,2282319636.0
FTLS,53.7,2026-10-01,First Trust Long/Short Equity,Alternatives,76.9,175644,0.23,2448487904.0
RDY,53.7,2026-10-01,Dr. Reddy's Laboratories Ltd,Health technology,12.25,3174719,-1.05,10203580415.0
LOPE,53.7,2026-10-01,"Grand Canyon Education, Inc.",Commercial services,153.71,317499,0.64,4006456837.0
IWLG,53.7,2026-10-01,IQ Winslow Large Cap Growth ETF,Equity,57.67,9292,0.02,319396343.0
IOSP,53.7,2026-10-01,Innospec Inc.,Process industries,95.17,267607,0.36,2344136743.0
TSSI,53.7,2026-10-01,"TSS, Inc.",Technology services,9.84,692911,0.2,276247727.0
SPHB,53.7,2026-10-01,Invesco S&P 500 High Beta ETF,Equity,152.91,548130,1.24,1019554579.0
FIGS,53.7,2026-10-01,"FIGS, Inc.",Consumer non-durables,14.08,2553168,1.66,2352025181.0
AMBQ,53.7,2026-10-01,"Ambiq Micro, Inc.",Electronic technology,69.15,489642,0.32,1669657038.0
MPWR,53.6,2026-10-01,"Monolithic Power Systems, Inc.",Electronic technology,1360.97,482488,0.07,66864456100.0
CERY,53.6,2026-10-01,SPDR Bloomberg Enhanced Roll Yield Commodity Strategy No K-1 ETF,Commodities,39.52,106764,0.64,752931551.0
GEV,53.6,2026-10-01,GE Vernova Inc.,Producer manufacturing,987.45,2940215,4.23,262991113320.0
CARK,53.6,2026-10-01,CastleArk Large Growth ETF,Equity,48.53,20,-0.12,333148366.0
GSAT,53.6,2026-10-01,"Globalstar, Inc.",Communications,82.88,602629,-0.14,10674026601.0
IONX,53.6,2026-10-01,Defiance Daily Target 2X Long IONQ ETF,Equity,27.52,822286,0.33,13190033.0
XRP,53.6,2026-10-01,Bitwise XRP ETF,Currency,16.77,797950,1.51,2027109523.0
RDWR,53.6,2026-10-01,Radware Ltd.,Electronic technology,30.12,256335,-0.33,1299557520.0
HRTX,53.6,2026-10-01,"Heron Therapeutics, Inc.",Health technology,0.3559,3137633,12.95,67364527.0
USXF,53.6,2026-10-01,iShares ESG Advanced MSCI USA ETF,Equity,68.56,85604,0.34,1505983977.0
IT,53.6,2026-10-01,"Gartner, Inc.",Technology services,192.8,1093452,-1.73,12908326127.0
USCI,53.6,2026-10-01,United States Commodity Index Fund ETV,Commodities,109.96,14776,0.78,349152958.0
JMOM,53.6,2026-10-01,JPMorgan U.S. Momentum Factor ETF,Equity,84.09,105536,0.71,2666578242.0
PJAN,53.5,2026-10-01,Innovator U.S. Equity Power Buffer ETF - January,Alternatives,50.77,57393,-0.18,1266774751.0
RPG,53.5,2026-10-01,Invesco S&P 500 Pure Growth ETF,Equity,59.06,376461,0.94,2401836250.0
BUFZ,53.5,2026-10-01,FT Vest Laddered Moderate Buffer ETF,Alternatives,28.56,114321,-0.1,994626123.0
SPMO,53.5,2026-10-01,Invesco S&P 500 Momentum ETF,Equity,152.75,1962713,0.95,15626770163.0
PMAR,53.5,2026-10-01,Innovator U.S. Equity Power Buffer ETF - March,Alternatives,48.91,7283,-0.14,766529414.0
DRAM,53.5,2026-10-01,Roundhill Memory ETF,Equity,62.03,32752134,2.29,2047833872.0
VSTM,53.5,2026-10-01,"Verastem, Inc.",Health technology,7.9,1762118,-1.25,694201440.0
AIPI,53.5,2026-10-01,REX AI Equity Premium Income ETF,Equity,37.58,236323,0.03,433602000.0
LQDT,53.5,2026-10-01,"Liquidity Services, Inc.",Retail trade,43.64,289726,2.08,1360748921.0
MSTU,53.5,2026-10-01,T-Rex 2X Long MSTR Daily Target ETF,Equity,43.47,8656716,8.57,35053356.0
QQQI,53.5,2026-10-01,NEOS Nasdaq 100 High Income ETF,Equity,55.67,3226658,-0.07,13881644801.0
DBC,53.5,2026-10-01,Invesco DB Commodity Index Tracking Fund,Commodities,32.75,2240970,1.17,2150043198.0
FTK,53.5,2026-10-01,"Flotek Industries, Inc.",Industrial services,29.79,785831,4.45,1077727725.0
PDBC,53.4,2026-10-01,Invesco Optimum Yield Diversified Commodity Strategy No K-1 ETF,Commodities,19.56,8588375,1.35,5529082195.0
PSCT,53.4,2026-10-01,Invesco S&P SmallCap Information Technology ETF,Equity,82.06,15444,1.02,419427614.0
ATEN,53.4,2026-10-01,"A10 Networks, Inc.",Technology services,27.6,1051791,0.66,1987149630.0
STTK,53.4,2026-10-01,"Shattuck Labs, Inc.",Health technology,6.84,2022328,-1.58,618147148.0
HAVA,53.4,2026-10-01,Harvard Ave Acquisition Corporation,Finance,10.24,3,0.1,162404925.0
GTLB,53.4,2026-10-01,GitLab Inc.,Technology services,49.95,4578979,3.67,8436555050.0
PBR,53.4,2026-10-01,Petroleo Brasileiro S.A. Petrobras,Energy minerals,20.98,20380113,0.67,135202801282.0
CLOU,53.4,2026-10-01,Global X Cloud Computing ETF,Equity,29.0,385393,0.1,252166276.0
CWEN.A,53.4,2026-04-30,"Clearway Energy, Inc.",Utilities,40.43,1295933,6.23,8307674092.0
GDEC,53.4,2026-10-01,FT Vest U.S. Equity Moderate Buffer ETF - December,Alternatives,40.78,260521,-0.1,292055139.0
DAL,53.3,2026-10-01,"Delta Air Lines, Inc.",Transportation,84.13,6408427,0.43,55325822990.0
IGV,53.3,2026-10-01,iShares Expanded Tech-Software Sector ETF,Equity,108.23,10443072,0.07,14330120528.0
GQGU,53.3,2026-10-01,GQG US Equity ETF,Equity,26.47,4428209,0.08,247297992.0
EMR,53.3,2026-10-01,Emerson Electric Company,Electronic technology,158.57,3341454,3.4,88798254000.0
VSXY,53.3,2026-10-01,Victorias Secret & Co.,Retail trade,88.51,876534,0.5,7035810367.0
TEL,53.3,2026-10-01,TE Connectivity plc,Electronic technology,217.76,1577835,4.39,63143279548.0
VPG,53.3,2026-10-01,"Vishay Precision Group, Inc.",Electronic technology,75.09,336400,2.22,1000257445.0
EXPO,53.3,2026-10-01,"Exponent, Inc.",Industrial services,69.9,860191,5.88,3390962867.0
SPRX,53.3,2026-10-01,Spear Alpha ETF,Equity,49.71,44749,2.71,106502451.0
JEPQ,53.3,2026-10-01,JPMorgan Nasdaq Equity Premium Income ETF,Equity,60.81,5725982,0.02,41862540803.0
MGRC,53.2,2026-10-01,McGrath RentCorp,Finance,114.99,135030,1.1,2808711243.0
GSEP,53.2,2026-10-01,FT Vest U.S. Equity Moderate Buffer ETF - September,Alternatives,42.15,327798,0.24,344822042.0
FBCG,53.2,2026-10-01,Fidelity Blue Chip Growth ETF,Equity,63.4,668939,-0.33,7204614348.0
TJUL,53.2,2026-10-01,Innovator Equity Defined Protection ETF - 2 Yr to July 2027,Alternatives,30.68,6443,0.2,130613811.0
PDP,53.2,2026-10-01,Invesco Dorsey Wright Momentum ETF,Equity,138.99,10891,0.73,1536578292.0
CHAT,53.2,2026-10-01,Roundhill Generative AI & Technology ETF,Equity,93.39,238443,0.57,1864472303.0
CVCO,53.2,2026-10-01,"Cavco Industries, Inc.",Consumer durables,577.2,85164,3.95,4448786316.0
ENGN,53.2,2026-10-01,enGene Holdings Inc.,Commercial services,1.98,903044,-1.49,132639129.0
GSG,53.2,2026-10-01,iShares GSCI Commodity-Indexed Trust Fund,Commodities,36.04,1213044,1.49,1210053557.0
BNC,53.2,2026-10-01,CEA Industries Inc.,Producer manufacturing,5.98,703676,0.5,246219922.0
NEU,53.2,2026-10-01,NewMarket Corp,Process industries,921.14,125081,2.67,8471181107.0
TEM,53.2,2026-10-01,"Tempus AI, Inc.",Technology services,76.5,7144728,-6.68,13402805355.0
FLTW,53.2,2026-10-01,Franklin FTSE Taiwan ETF,Equity,109.15,405248,0.51,3330001997.0
NVDA,53.2,2026-10-01,NVIDIA Corporation,Electronic technology,230.86,97235961,0.38,5591660060000.0
FDG,53.2,2026-10-01,American Century Focused Dynamic Growth ETF,Equity,135.3,6107,0.27,433443108.0
PK,53.2,2026-10-01,Park Hotels & Resorts Inc.,Finance,15.42,3212989,-1.15,3104999496.0
IUSG,53.2,2026-10-01,iShares Core S&P U.S. Growth ETF,Equity,194.19,444560,-0.27,33187394032.0
ALVO,53.2,2026-10-01,Alvotech,Health technology,5.62,1201549,-3.27,1900795450.0
FRSH,53.2,2026-10-01,Freshworks Inc.,Technology services,13.15,4201506,0.61,3635109585.0
HYLN,53.2,2026-10-01,Hyliion Holdings Corp.,Producer manufacturing,4.21,1607049,0.96,750757680.0
SB,53.2,2026-10-01,"Safe Bulkers, Inc",Transportation,8.94,1407762,5.42,910329625.0
SVXY,53.2,2026-10-01,ProShares Short VIX Short Term Futures ETF,Alternatives,63.43,1151670,-0.35,230297906.0
VOOG,53.1,2026-10-01,Vanguard S&P 500 Growth ETF,Equity,85.69,2497388,-0.21,27190683187.0
GCT,53.1,2026-10-01,GigaCloud Technology Inc,Distribution services,53.19,483090,1.88,1985316590.0
FFLG,53.1,2026-10-01,Fidelity Fundamental Large Cap Growth ETF,Equity,34.14,39442,-0.12,588547907.0
AI,53.1,2026-10-01,"C3.ai, Inc.",Technology services,11.11,5839474,1.18,1688153390.0
AIIA,53.1,2026-09-30,AI Infrastructure Acquisition Corp.,Finance,10.27,1819,-0.48,151600800.0
RSBT,53.1,2026-10-01,Return Stacked Bonds & Managed Futures ETF,Alternatives,19.48,39364,-0.05,129482035.0
OPRT,53.1,2026-10-01,Oportun Financial Corporation,Finance,8.23,617140,0.73,377548885.0
AP,53.1,2026-10-01,Ampco-Pittsburgh Corporation,Non-energy minerals,8.99,122052,1.35,182734336.0
MNRO,53.1,2026-10-01,"Monro, Inc.",Retail trade,14.02,834595,1.74,438322121.0
DRH,53.0,2026-10-01,Diamondrock Hospitality Company,Finance,12.51,4553570,1.87,2559617069.0
ELF,53.0,2026-10-01,"e.l.f. Beauty, Inc.",Consumer non-durables,104.09,1821565,1.67,6134756598.0
WST,53.0,2026-10-01,"West Pharmaceutical Services, Inc.",Health technology,365.01,638945,-0.68,25687870758.0
GJAN,53.0,2026-10-01,FT Vest U.S. Equity Moderate Buffer ETF - January,Alternatives,46.07,34743,-0.02,357652472.0
FNOV,53.0,2026-10-01,FT Vest U.S. Equity Buffer ETF - November,Alternatives,60.2,11564,0.13,1215255887.0
SPUS,53.0,2026-10-01,SP Funds S&P 500 Sharia Industry Exclusions ETF,Equity,59.72,512182,-0.02,2975821413.0
BULZ,53.0,2026-10-01,MicroSectors FANG & Innovation 3x Leveraged ETN,Equity,43.38,441402,-0.87,3487135179.0
META,53.0,2026-10-01,"Meta Platforms, Inc.",Technology services,725.93,12233971,-0.36,1849296925760.0
NUTX,53.0,2026-10-01,Nutex Health Inc.,Health services,212.31,122529,0.35,1460977295.0
LRGE,53.0,2026-10-01,ClearBridge Large Cap Growth Select ETF,Equity,90.58,2404,0.41,459654512.0
PSIX,53.0,2026-10-01,"Power Solutions International, Inc.",Producer manufacturing,45.4,257898,-2.39,1046490430.0
VLN,53.0,2026-10-01,Valens Semiconductor Ltd.,Electronic technology,1.87,326251,-1.06,202469586.0
QRVO,52.9,2026-10-01,"Qorvo, Inc.",Electronic technology,112.21,3143960,-2.4,9899345736.0
SLGL,52.9,2026-10-01,Sol-Gel Technologies Ltd.,Health technology,73.0,32758,-1.91,238636270.0
NSIT,52.9,2026-10-01,"Insight Enterprises, Inc.",Technology services,161.33,334340,1.79,4872797930.0
UTMD,52.9,2026-10-01,"Utah Medical Products, Inc.",Health technology,74.35,18859,-0.12,236732630.0
FIVN,52.9,2026-10-01,"Five9, Inc.",Technology services,35.75,2989126,2.58,2737162571.0
NGVC,52.9,2026-10-01,"Natural Grocers by Vitamin Cottage, Inc.",Retail trade,30.48,120407,-0.42,702283157.0
FRTY,52.9,2026-10-01,Alger Mid Cap 40 ETF,Equity,23.63,10400,-0.13,160932191.0
AXTI,52.9,2026-10-01,AXT Inc,Electronic technology,81.81,8757375,4.75,4151998050.0
NANC,52.9,2026-10-01,Unusual Whales Subversive Democratic Trading ETF,Equity,52.61,8900,-0.15,292259360.0
IWY,52.8,2026-10-01,iShares Russell Top 200 Growth ETF,Equity,295.62,317727,-0.23,17257858984.0
MAR,52.8,2026-10-01,Marriott International,Consumer services,354.79,1108747,-0.84,92517271320.0
GH,52.8,2026-10-01,"Guardant Health, Inc.",Health services,174.75,1960524,-1.37,23450780708.0
SITM,52.8,2026-10-01,SiTime Corporation,Electronic technology,678.87,417103,3.64,17919995616.0
MLAB,52.8,2026-10-01,"Mesa Laboratories, Inc.",Health technology,129.3,93199,-1.03,723545732.0
PI,52.8,2026-10-01,"Impinj, Inc.",Electronic technology,183.87,350396,1.85,5612537736.0
VUG,52.8,2026-10-01,Vanguard Growth ETF,Equity,90.23,7206622,-0.34,391092222767.0
DIOD,52.8,2026-10-01,Diodes Incorporated,Electronic technology,97.49,338244,1.36,4479152118.0
BTCI,52.8,2026-10-01,NEOS Bitcoin High Income ETF,Currency,34.01,492932,1.28,1119057604.0
MGNI,52.8,2026-10-01,"Magnite, Inc.",Technology services,25.44,1742492,0.55,3643389676.0
VRNS,52.8,2026-10-01,"Varonis Systems, Inc.",Technology services,47.45,1329516,-1.27,5450130013.0
KSS,52.8,2026-10-01,Kohl's Corporation,Retail trade,18.92,4349587,2.99,2145528000.0
INFU,52.7,2026-10-01,"InfuSystems Holdings, Inc.",Commercial services,12.82,111784,0.31,258729394.0
PIT,52.7,2026-10-01,VanEck Commodity Strategy ETF,Commodities,82.97,79566,1.18,328365739.0
SEI,52.7,2026-10-01,"Solaris Energy Infrastructure, Inc.",Technology services,71.38,1718445,0.3,4374381968.0
MSTX,52.7,2026-10-01,Defiance Daily Target 2x Long MSTR ETF,Equity,20.0,6875345,9.23,24535935.0
NVGS,52.7,2026-10-01,Navigator Holdings Ltd.,Transportation,23.8,503595,3.48,1468980720.0
ARKK,52.7,2026-10-01,ARK Innovation ETF,Equity,88.58,3719661,-0.85,7266283830.0
RELL,52.7,2026-10-01,"Richardson Electronics, Ltd.",Electronic technology,18.56,144660,4.27,271430386.0
BOW,52.6,2026-10-01,Bowhead Specialty Holdings Inc.,Finance,33.8,295021,-0.06,1109925583.0
YANG,52.6,2026-10-01,Direxion Daily FTSE China Bear 3X Shares,Equity,32.28,766771,0.34,97742410.0
BTCW,52.6,2026-10-01,WisdomTree Bitcoin Fund,Currency,89.45,2692,1.44,226251610.0
DAAQ,52.6,2026-10-01,Digital Asset Acquisition Corp.,Finance,10.47,1957,0.0,180607500.0
GTEK,52.6,2026-10-01,Goldman Sachs Future Tech Leaders Equity ETF,Equity,59.39,6775,1.18,195054889.0
XSD,52.6,2026-10-01,State Street SPDR S&P Semiconductor ETF,Equity,535.99,110209,0.92,2886409819.0
XRPC,52.6,2026-10-01,Canary XRP ETF,Currency,15.91,446287,1.47,232620900.0
HFGO,52.6,2026-10-01,Hartford Large Cap Growth ETF,Equity,30.36,12961,-0.46,173738007.0
NVEC,52.6,2026-10-01,NVE Corporation,Electronic technology,110.8,87645,-0.83,535957993.0
ESTC,52.6,2026-10-01,Elastic N.V.,Technology services,92.31,1365657,-1.34,9595775242.0
WTAI,52.6,2026-10-01,WisdomTree Artificial Intelligence and Innovation Fund,Equity,44.49,148366,0.98,658107695.0
YEXT,52.6,2026-10-01,"Yext, Inc.",Technology services,6.62,1157310,0.61,663642528.0
FNGS,52.6,2026-10-01,"MicroSectors FANG ETNs due January 8, 2038",Equity,82.46,27317,-0.6,606318815.0
UCTT,52.5,2026-10-01,"Ultra Clean Holdings, Inc.",Producer manufacturing,78.64,1179009,-3.66,3525305376.0
QQQH,52.5,2026-10-01,NEOS Nasdaq-100 Hedged Equity Income ETF,Equity,55.59,34710,0.07,397960785.0
FROG,52.5,2026-10-01,JFrog Ltd.,Technology services,97.59,2086232,-0.05,11820100800.0
PSFF,52.5,2026-10-01,Pacer Swan SOS Fund of Funds ETF,Alternatives,35.19,109560,0.0,591248173.0
VIR,52.5,2026-10-01,"Vir Biotechnology, Inc.",Health technology,11.29,2575735,3.96,1904080786.0
HNGE,52.5,2026-10-01,"Hinge Health, Inc.",Technology services,97.94,1075830,0.97,7578609932.0
PLAB,52.5,2026-10-01,"Photronics, Inc.",Electronic technology,30.83,1693766,-0.13,1817850871.0
EWT,52.5,2026-10-01,iShares MSCI Taiwan ETF,Equity,112.78,5038346,0.36,11221536565.0
LPG,52.5,2026-10-01,Dorian LPG Ltd.,Transportation,56.59,555529,4.04,2421071918.0
ALAI,52.5,2026-10-01,Alger AI Enablers & Adopters ETF,Equity,46.76,32303,-0.04,137554054.0
ZS,52.4,2026-10-01,"Zscaler, Inc.",Technology services,198.78,1450915,-1.91,32144619380.0
WCC,52.4,2026-10-01,"WESCO International, Inc.",Distribution services,371.28,531106,3.32,18093534033.0
IWF,52.4,2026-10-01,iShares Russell 1000 Growth Fund,Equity,125.73,3441729,-0.13,134068673844.0
DOCU,52.4,2026-10-01,"DocuSign, Inc.",Technology services,69.74,2072208,1.37,13316504300.0
NVDU,52.4,2026-10-01,Direxion Daily NVDA Bull 2X Shares,Equity,149.04,297605,1.18,495106070.0
KMTS,52.4,2026-10-01,"Kestra Medical Technologies, Ltd.",Health technology,27.12,371350,-3.62,1589023626.0
TRNS,52.4,2026-10-01,"Transcat, Inc.",Electronic technology,90.18,210621,1.86,844067666.0
OSUR,52.3,2026-10-01,"OraSure Technologies, Inc.",Health technology,3.88,480867,-1.02,267132568.0
TXN,52.3,2026-10-01,Texas Instruments Incorporated,Electronic technology,281.31,3639522,-0.08,256905706549.0
FEIM,52.3,2026-10-01,"Frequency Electronics, Inc.",Electronic technology,85.97,199440,0.2,848530778.0
ZSL,52.3,2026-10-01,ProShares UltraShort Silver,Commodities,27.1,3498333,0.15,61264337.0
PLTU,52.3,2026-10-01,Direxion Daily PLTR Bull 2X Shares,Equity,58.08,514666,0.24,587619916.0
FAAR,52.3,2026-10-01,First Trust Alternative Absolute Return Strategy ETF,Alternatives,32.36,171487,0.31,200958381.0
USSE,52.3,2026-10-01,Segall Bryant & Hamill Trust Segall Bryant & Hamill Select Equity ETF,Equity,41.21,18546,0.41,371025336.0
MSFU,52.3,2026-10-01,Direxion Daily MSFT Bull 2X Shares,Equity,39.34,2531757,-2.65,666216750.0
JANW,52.2,2026-10-01,AllianzIM U.S. Large Cap Buffer20 Jan ETF,Alternatives,39.59,29309,0.08,348416033.0
KODK,52.2,2026-10-01,Eastman Kodak Company,Producer manufacturing,9.85,977287,3.03,964382965.0
LITE,52.2,2026-10-01,Lumentum Holdings Inc.,Producer manufacturing,1045.78,7460083,6.71,81361684000.0
APLE,52.2,2026-10-01,"Apple Hospitality REIT, Inc.",Finance,16.37,2333891,1.61,3864425859.0
UNOV,52.2,2026-10-01,Innovator U.S. Equity Ultra Buffer ETF - November,Alternatives,41.37,4216,0.22,76403445.0
LBRDA,52.2,2026-08-19,Liberty Broadband Corporation,Communications,35.99,2005100,3.21,5177567251.0
WOLF,52.2,2026-10-01,"Wolfspeed, Inc.",Electronic technology,31.17,3116851,8.53,1619970357.0
ROK,52.2,2026-10-01,"Rockwell Automation, Inc.",Producer manufacturing,442.45,840028,1.8,49233181300.0
RNG,52.2,2026-10-01,"RingCentral, Inc.",Technology services,78.31,1318147,2.26,6752488133.0
ENS,52.2,2026-10-01,EnerSys,Producer manufacturing,189.59,855539,3.88,6911716928.0
SPSC,52.2,2026-10-01,"SPS Commerce, Inc.",Technology services,84.2,377566,-0.67,3031216840.0
CLOX,52.2,2026-10-01,Eldridge AAA CLO ETF,Fixed income,25.61,261689,-0.12,303886462.0
JACS,52.2,2026-09-29,Jackson Acquisition Company II,Finance,10.83,111,0.0,320459700.0
VLGEA,52.2,2026-10-01,"Village Super Market, Inc.",Retail trade,45.53,33799,1.36,674256866.0
ASST,52.2,2026-10-01,"Strive, Inc.",Miscellaneous,30.11,4527005,2.62,3008819946.0
CLFD,52.2,2026-10-01,"Clearfield, Inc.",Electronic technology,32.17,153982,3.21,437174215.0
TQQQ,52.2,2026-10-01,ProShares UltraPro QQQ,Equity,78.73,65506345,-0.19,44534949513.0
SENS,52.2,2026-10-01,"Senseonics Holdings, Inc.",Electronic technology,9.96,605573,-1.39,416268459.0
FMAR,52.2,2026-10-01,FT Vest U.S. Equity Buffer ETF - March,Alternatives,53.65,10731,0.19,1130991381.0
AMPH,52.1,2026-10-01,"Amphastar Pharmaceuticals, Inc.",Health technology,25.35,528692,-0.98,1117755497.0
BCTK,52.1,2026-10-01,Baron Technology ETF,Equity,31.24,9169,0.39,221154999.0
CSTL,52.1,2026-10-01,"Castle Biosciences, Inc.",Health technology,35.26,522288,-2.33,1077022623.0
KMT,52.1,2026-10-01,Kennametal Inc.,Producer manufacturing,31.67,1747388,3.4,2413573962.0
PSX,52.1,2026-10-01,Phillips 66,Energy minerals,264.23,2520422,4.34,105939060335.0
TMO,52.1,2026-10-01,Thermo Fisher Scientific Inc,Health technology,652.51,2375074,-2.96,241263801588.0
ASPN,52.1,2026-10-01,"Aspen Aerogels, Inc.",Process industries,5.56,1072365,-0.71,460798639.0
NICE,52.1,2026-10-01,NICE Ltd,Technology services,116.48,692320,1.76,6825400458.0
BIIB,52.1,2026-10-01,Biogen Inc.,Health technology,222.82,1752633,-1.19,32922545834.0
TGRT,52.1,2026-10-01,T. Rowe Price Growth ETF,Equity,47.24,192289,-0.23,1538260085.0
TER,52.1,2026-10-01,"Teradyne, Inc.",Electronic technology,415.79,1705835,3.2,65005024390.0
BITX,52.1,2026-10-01,2x Bitcoin Strategy ETF,Currency,20.11,9670639,3.13,909914899.0
NPO,52.1,2026-10-01,Enpro Inc.,Producer manufacturing,315.91,115921,3.63,6674135797.0
INN,52.1,2026-10-01,"Summit Hotel Properties, Inc.",Finance,5.99,1431221,0.17,649106817.0
ANET,52.1,2026-10-01,"Arista Networks, Inc.",Electronic technology,204.49,4088316,-0.1,257487558377.0
FLXS,52.1,2026-10-01,"Flexsteel Industries, Inc.",Consumer durables,86.46,84969,2.86,463039124.0
FNGO,52.1,2026-10-01,"MicroSectors FANG Index 2X Leveraged ETNs due January 8, 2038",Equity,157.54,8767,-1.19,700796478.0
GNOV,52.1,2026-10-01,FT Vest U.S. Equity Moderate Buffer ETF - November,Alternatives,42.85,12191,0.16,297361689.0
ARQQ,52.0,2026-10-01,Arqit Quantum Inc.,Technology services,23.95,129119,-0.21,416787480.0
CLOZ,52.0,2026-10-01,Eldridge BBB-B CLO ETF,Fixed income,26.3,730319,-0.08,694548731.0
BATRA,52.0,2026-10-01,"Atlanta Braves Holdings, Inc. - Series A",Consumer services,57.84,82806,0.19,3677979431.0
BWLP,52.0,2026-10-01,BW LPG Limited,Transportation,25.77,260288,4.25,3912262345.0
QGRW,52.0,2026-10-01,WisdomTree U.S. Quality Growth Fund,Equity,68.91,193405,-0.35,2242445076.0
CRAI,52.0,2026-10-01,"CRA International,Inc.",Commercial services,175.77,186512,6.09,1136008541.0
IONQ,52.0,2026-10-01,"IonQ, Inc.",Electronic technology,43.99,17078901,0.09,16420145013.0
PNOV,52.0,2026-10-01,Innovator U.S. Equity Power Buffer ETF - November,Alternatives,45.66,122627,0.02,894751192.0
SPYG,52.0,2026-10-01,State Street SPDR Portfolio S&P 500 Growth ETF,Equity,123.39,2104497,-0.3,53871864852.0
WRBY,52.0,2026-10-01,Warby Parker Inc.,Retail trade,27.49,4077699,-0.87,3373441618.0
CHPT,52.0,2026-10-01,"ChargePoint Holdings, Inc.",Retail trade,10.2,1055434,0.59,264155836.0
HACK,52.0,2026-10-01,Amplify Cybersecurity ETF,Equity,121.77,203061,-0.11,2152850196.0
MQQQ,52.0,2026-10-01,Tradr 2X Long Innovation 100 Monthly ETF,Equity,242.66,4336,1.34,26981429.0
UDEC,52.0,2026-10-01,Innovator U.S. Equity Ultra Buffer ETF - December,Alternatives,42.8,23698,0.12,249494007.0
ACU,52.0,2026-10-01,Acme,Distribution services,63.15,20354,-0.36,240624234.0
NVDL,51.9,2026-10-01,GraniteShares 2x Long NVDA Daily ETF,Equity,37.52,9753141,0.97,3310640396.0
NVAX,51.9,2026-10-01,"Novavax, Inc.",Health technology,10.6,3146858,-1.4,1743044061.0
PARR,51.9,2026-10-01,"Par Pacific Holdings, Inc. Common Stock",Energy minerals,86.21,849472,5.6,4322938120.0
CANG,51.9,2026-10-01,Cango Inc.,Distribution services,2.55,584602,2.41,100271016.0
SANM,51.8,2026-10-01,Sanmina Corporation,Electronic technology,221.96,540329,2.49,11896478904.0
WINN,51.8,2026-10-01,Harbor Long-Term Growers ETF,Equity,34.27,59926,-0.49,1181352037.0
PWP,51.8,2026-10-01,Perella Weinberg Partners,Finance,15.76,2458452,-1.19,1547345027.0
CCL,51.8,2026-10-01,Carnival Corporation,Consumer services,25.07,26437169,1.66,34337103413.0
ETHU,51.8,2026-10-01,2x Ether ETF,Currency,30.62,5799184,1.12,407502413.0
MAGS,51.8,2026-10-01,Roundhill Magnificent Seven ETF,Equity,71.44,3889467,-1.08,3644745415.0
SHO,51.8,2026-10-01,"Sunstone Hotel Investors, Inc.",Finance,11.31,1950125,1.43,2106954264.0
FWDI,51.8,2026-10-01,"Forward Industries, Inc.",Consumer durables,7.83,1882151,0.64,577487877.0
TSEL,51.8,2026-10-01,Touchstone Sands Capital US Select Growth ETF,Equity,29.84,5491,0.95,87047954.0
VONG,51.8,2026-10-01,Vanguard Russell 1000 Growth ETF,Equity,129.4,713720,-0.11,55503316580.0
XXI,51.8,2026-10-01,"Twenty One Capital, Inc.",Finance,6.75,1737631,3.85,69525000.0
BITO,51.8,2026-10-01,ProShares Bitcoin ETF,Currency,11.33,78689266,1.61,1778392490.0
FMF,51.8,2026-10-01,First Trust Managed Futures Strategy Fund,Alternatives,52.2,130949,-0.46,277228776.0
BWET,51.7,2026-10-01,Breakwave Tanker Shipping ETF,Commodities,826.13,102108,3.09,
RCMT,51.7,2026-10-01,"RCM Technologies, Inc.",Commercial services,42.02,71615,3.12,297821540.0
QLD,51.7,2026-10-01,ProShares Ultra QQQ,Equity,96.24,5165477,-0.18,11060568103.0
TDAY,51.6,2026-10-01,"USA TODAY Co., Inc.",Consumer services,7.06,6893201,7.46,1038578653.0
MOG.A,51.6,2026-10-01,Moog Inc.,Electronic technology,390.19,251067,2.84,12362216916.0
BTCO,51.6,2026-10-01,Invesco Galaxy Bitcoin ETF,Currency,84.15,16799,1.43,504121026.0
VFC,51.6,2026-10-01,V.F. Corporation,Consumer non-durables,14.41,12718700,2.13,5665069154.0
HCMT,51.6,2026-10-01,Direxion HCM Tactical Enhanced US ETF,Equity,42.9,44724,-0.23,663646553.0
MTSI,51.6,2026-10-01,"MACOM Technology Solutions Holdings, Inc.",Electronic technology,301.63,1174023,5.84,23013094312.0
SOUL,51.5,2026-10-01,Soulpower Acquisition Corporation,Finance,10.49,38205,0.19,268753800.0
NTCT,51.5,2026-10-01,"NetScout Systems, Inc.",Technology services,40.33,490593,0.42,2932063473.0
SWBI,51.5,2026-10-01,"Smith & Wesson Brands, Inc.",Electronic technology,14.41,438995,2.71,644517050.0
FELG,51.5,2026-10-01,Fidelity Enhanced Large Cap Growth ETF,Equity,45.26,345785,-0.09,5871589155.0
EMBC,51.5,2026-10-01,Embecta Corp.,Health technology,5.79,1046507,0.87,343507250.0
IVW,51.5,2026-10-01,iShares S&P 500 Growth ETF,Equity,142.53,2303767,-0.3,76270969027.0
SOLT,51.5,2026-10-01,2x Solana ETF,Currency,75.26,367384,2.14,13969599.0
NABL,51.5,2026-10-01,"N-able, Inc.",Technology services,4.34,1716226,3.58,817560520.0
MYGN,51.5,2026-10-01,"Myriad Genetics, Inc.",Health technology,4.06,1655923,-5.14,383459733.0
COMT,51.5,2026-10-01,iShares GSCI Commodity Dynamic Roll Strategy ETF,Commodities,37.32,475920,1.17,742280263.0
PTIR,51.5,2026-10-01,GraniteShares 2x Long PLTR Daily ETF,Equity,21.7,2148391,-0.14,516036040.0
SHOO,51.5,2026-10-01,"Steven Madden, Ltd.",Consumer non-durables,45.69,1105349,2.77,3339273571.0
IHAK,51.5,2026-10-01,iShares Cybersecurity and Tech ETF,Equity,68.31,185143,-0.01,795835953.0
GAP,51.4,2026-10-01,"Gap, Inc. (The)",Retail trade,22.73,6158660,-0.13,8182322670.0
ZETA,51.4,2026-10-01,Zeta Global Holdings Corp.,Technology services,32.4,6427511,1.16,8100564991.0
DNOV,51.4,2026-10-01,FT Vest U.S. Equity Deep Buffer ETF - November,Alternatives,52.7,16791,0.15,396512742.0
QTRX,51.4,2026-10-01,Quanterix Corporation,Health technology,3.41,629182,-8.33,160631395.0
BZH,51.4,2026-10-01,"Beazer Homes USA, Inc.",Consumer durables,33.39,908142,0.09,912676417.0
COWG,51.4,2026-10-01,Pacer US Large Cap Cash Cows Growth Leaders ETF,Equity,40.46,358036,0.75,2482426956.0
ETH,51.4,2026-10-01,Grayscale Ethereum Staking Mini ETF Shares,Currency,25.78,2022483,0.59,2037287282.0
AISP,51.4,2026-10-01,"Airship AI Holdings, Inc",Technology services,2.22,41704698,11.0,76455828.0
ETHT,51.4,2026-10-01,ProShares Ultra Ether ETF,Currency,19.65,1250330,0.98,76843531.0
MSFT,51.3,2026-10-01,Microsoft Corporation,Technology services,512.8,18882301,-1.36,3807822040000.0
GMAB,51.3,2026-10-01,Genmab A/S,Health technology,34.55,6376593,-1.99,21211485000.0
CVLT,51.3,2026-10-01,"Commvault Systems, Inc.",Technology services,147.77,706247,-2.29,6124263222.0
AMN,51.3,2026-10-01,AMN Healthcare Services Inc,Commercial services,35.86,732819,0.7,1390867825.0
ETHE,51.3,2026-10-01,Grayscale Ethereum Staking ETF Shares,Currency,21.69,1846366,0.56,1787790118.0
IHG,51.3,2026-10-01,Intercontinental Hotels Group,Consumer services,161.44,199067,0.53,23851312045.0
BNO,51.3,2026-10-01,"United States Brent Oil Fund, LP ETV",Commodities,62.95,2783883,2.86,199272288.0
PPIH,51.2,2026-10-01,"Perma-Pipe International Holdings, Inc.",Producer manufacturing,31.32,116214,1.85,254497331.0
AGEN,51.2,2026-10-01,Agenus Inc.,Health technology,8.33,1948553,-16.28,346881450.0
ORBS,51.2,2026-10-01,Eightco Holdings Inc.,Technology services,1.13,6597880,-2.59,438453040.0
USPH,51.2,2026-10-01,"U.S. Physical Therapy, Inc.",Health services,82.6,140759,-3.48,1257072880.0
S,51.2,2026-10-01,"SentinelOne, Inc.",Technology services,24.67,8954417,2.28,8307499446.0
AME,51.2,2026-10-01,"AMETEK, Inc.",Producer manufacturing,249.09,2009446,0.34,57092175270.0
LEGH,51.2,2026-10-01,Legacy Housing Corporation,Consumer durables,29.19,93308,1.81,694184933.0
KN,51.1,2026-10-01,Knowles Corporation,Electronic technology,38.23,732039,1.54,3265236954.0
JGRO,51.1,2026-10-01,JPMorgan Active Growth ETF,Equity,96.67,407383,-0.34,10374000689.0
MRVL,51.1,2026-10-01,"Marvell Technology, Inc.",Electronic technology,268.08,17643182,1.12,234775349280.0
FLCG,51.1,2026-10-01,Federated Hermes MDT Large Cap Growth ETF,Equity,35.75,31256,0.45,273843108.0
ALAB,51.1,2026-10-01,"Astera Labs, Inc.",Electronic technology,356.42,3898652,-1.16,61093217618.0
NVDX,51.1,2026-10-01,T-Rex 2X Long NVIDIA Daily Target ETF,Equity,21.15,3752401,0.71,543072663.0
AIS,51.1,2026-10-01,VistaShares Artificial Intelligence Supercycle ETF,Equity,76.14,1217130,1.3,217225545.0
ASML,51.1,2026-10-01,ASML Holding N.V. - New York Registry Shares,Electronic technology,1808.49,1402262,0.52,697024582544.0
FRO,51.1,2026-10-01,Frontline Plc,Transportation,51.54,3421187,4.33,11473983699.0
MANE,51.0,2026-10-01,"Veradermics, Incorporated",Health technology,117.22,658628,-3.31,4897297690.0
SFL,51.0,2026-10-01,SFL Corporation Ltd,Transportation,13.48,1325741,2.82,1792558605.0
FTNT,51.0,2026-10-01,"Fortinet, Inc.",Technology services,178.72,2956711,-0.18,131129304064.0
SMTI,51.0,2026-10-01,Sanara MedTech Inc.,Health technology,34.88,541819,-0.68,320653933.0
TEN,51.0,2026-10-01,Tsakos Energy Navigation Ltd,Transportation,48.98,364967,4.86,1475649995.0
TGRW,51.0,2026-10-01,T. Rowe Price Growth Stock ETF,Equity,48.56,3172582,-0.27,1064614769.0
LAUR,51.0,2026-10-01,"Laureate Education, Inc.",Commercial services,38.0,1411143,-0.42,5234476060.0
BUG,51.0,2026-10-01,Global X Cybersecurity ETF,Equity,46.48,1308935,-0.32,956684315.0
MG,51.0,2026-10-01,Mistras Group Inc,Industrial services,20.63,483043,-3.46,656378129.0
MQ,51.0,2026-10-01,"Marqeta, Inc.",Commercial services,17.0,1421779,-0.76,1662693500.0
BALT,51.0,2026-10-01,Innovator Defined Wealth Shield ETF,Alternatives,34.92,1652324,-0.26,2791414077.0
XMAR,51.0,2026-10-01,FT Vest U.S. Equity Enhance & Moderate Buffer ETF - March,Alternatives,43.64,3911,0.18,155775429.0
BSOL,50.9,2026-10-01,Bitwise Solana Staking ETF,Currency,16.3,2074500,1.18,626966294.0
GSOL,50.9,2026-10-01,Grayscale Solana Staking ETF,Currency,8.97,2102125,1.24,46753078.0
AMDY,50.9,2026-10-01,Yieldmax AMD Option Income Strategy ETF,Equity,50.9,294849,0.87,130807364.0
PBYI,50.9,2026-10-01,Puma Biotechnology Inc,Health technology,9.84,518403,0.0,500850647.0
BITW,50.8,2026-10-01,BITWISE 10 CRYPTO INDEX ETF,Currency,55.56,18153,1.2,629057176.0
SOXQ,50.8,2026-10-01,Invesco PHLX Semiconductor ETF,Equity,100.97,896569,1.16,2798908222.0
HODL,50.8,2026-10-01,VanEck Bitcoin Trust,Currency,23.92,525996,1.36,1679891984.0
FFOG,50.8,2026-10-01,Franklin Focused Growth ETF,Equity,52.18,34555,0.04,339582642.0
BWIN,50.8,2026-10-01,"The Baldwin Insurance Group, Inc.",Finance,31.77,5514682,-0.06,2575151185.0
SIG,50.8,2026-10-01,Signet Jewelers Limited,Retail trade,104.25,1083337,3.64,4100131650.0
VEGN,50.8,2026-10-01,US Vegan Climate Index,Equity,79.74,5170,0.66,198318944.0
QQQ,50.8,2026-10-01,"Invesco QQQ Trust, Series 1",Equity,742.03,35146489,-0.06,511251225346.0
IBIT,50.8,2026-10-01,iShares Bitcoin Trust,Currency,47.96,30858841,1.52,61030830022.0
MNKD,50.8,2026-10-01,MannKind Corporation,Health technology,3.95,10190763,2.86,1261594450.0
LSCC,50.8,2026-10-01,Lattice Semiconductor Corporation,Electronic technology,128.86,1393548,2.12,17654850880.0
USD,50.8,2026-10-01,ProShares Ultra Semiconductors,Equity,97.76,485729,1.16,1835783530.0
ARTY,50.8,2026-10-01,iShares Future AI & Tech ETF,Equity,79.12,259227,0.41,3852150433.0
FETH,50.8,2026-10-01,Fidelity Ethereum Fund,Currency,26.89,1252921,0.67,1937814857.0
SMTC,50.8,2026-10-01,Semtech Corporation,Electronic technology,186.59,3275223,3.59,17381076437.0
ETHW,50.8,2026-10-01,Bitwise Ethereum ETF,Currency,19.31,367884,0.68,240236020.0
RCEL,50.8,2026-10-01,"Avita Medical, Inc.",Health technology,12.01,496501,2.04,298363229.0
HLAL,50.8,2026-10-01,Wahed FTSE USA Shariah ETF,Equity,74.93,40647,-0.07,956874492.0
ABSI,50.7,2026-10-01,Absci Corporation,Health technology,10.75,4601353,-0.46,1821050000.0
PTF,50.7,2026-10-01,Invesco Dorsey Wright Technology Momentum ETF,Equity,111.45,121510,1.32,467180204.0
ADMA,50.7,2026-10-01,ADMA Biologics Inc,Health technology,9.93,3969774,-1.39,2301503060.0
RNW,50.7,2026-10-01,ReNew Energy Global plc,Utilities,6.83,1752519,-0.15,2483882328.0
ISRG,50.7,2026-10-01,"Intuitive Surgical, Inc.",Health technology,401.24,1508469,-1.91,141749264720.0
TRFK,50.7,2026-10-01,Pacer Data and Digital Revolution ETF,Equity,102.09,155847,0.57,975068202.0
ETHA,50.7,2026-10-01,iShares Ethereum Trust ETF,Currency,20.37,18367737,0.64,8818911641.0
BRRR,50.7,2026-10-01,Coinshares Bitcoin ETF,Currency,23.86,22386,1.02,457654831.0
ARKB,50.7,2026-10-01,ARK 21Shares Bitcoin ETF,Currency,28.05,1366406,1.37,2145040950.0
STX,50.7,2026-10-01,Seagate Technology Holdings PLC,Electronic technology,945.57,2461489,3.78,212024215530.0
HPE,50.7,2026-10-01,Hewlett Packard Enterprise Company,Electronic technology,64.58,16433601,-1.45,85563410509.0
EVCM,50.7,2026-10-01,EverCommerce Inc.,Technology services,9.89,277511,13.03,1750045390.0
FFIV,50.7,2026-10-01,"F5, Inc.",Technology services,443.68,550877,-1.17,25032070656.0
RAL,50.6,2026-10-01,Ralliant Corporation,Electronic technology,70.8,839588,2.24,7833312850.0
GDLC,50.6,2026-10-01,Grayscale CoinDesk Crypto 5 ETF,Currency,38.83,33158,1.25,396826047.0
ETHV,50.6,2026-10-01,VanEck Ethereum ETF,Currency,39.43,16141,0.64,115015712.0
JTEK,50.6,2026-10-01,JPMorgan U.S. Tech Leaders ETF,Equity,106.39,163604,0.21,4429305767.0
EZBC,50.6,2026-10-01,Franklin Templeton Digital Holdings Trust Shares of Franklin Bitcoin ETF,Currency,48.92,145575,1.56,447462434.0
VEEV,50.6,2026-10-01,Veeva Systems Inc.,Technology services,281.93,961267,-3.25,45797637032.0
TBBB,50.5,2026-10-01,BBB Foods Inc.,Retail trade,52.2,493672,-0.15,6048486506.0
GOCT,50.5,2026-10-01,FT Vest U.S. Equity Moderate Buffer ETF - October,Alternatives,42.71,42812,0.21,265235711.0
MPC,50.5,2026-10-01,Marathon Petroleum Corporation,Energy minerals,420.15,2099360,6.85,122657330550.0
DMAR,50.4,2026-10-01,FT Vest U.S. Equity Deep Buffer ETF - March,Alternatives,45.72,6663,0.15,452108190.0
PLTR,50.4,2026-10-01,Palantir Technologies Inc.,Technology services,190.04,16716254,-0.03,436345142800.0
ACMR,50.4,2026-10-01,"ACM Research, Inc.",Producer manufacturing,83.58,1404811,2.55,5358955611.0
RSST,50.4,2026-10-01,Return Stacked U.S. Stocks & Managed Futures ETF,Alternatives,35.38,252154,-0.9,482618621.0
BTC,50.4,2026-10-01,Grayscale Bitcoin Mini Trust (BTC),Currency,37.44,1316856,1.46,4093130562.0
PLXS,50.4,2026-10-01,Plexus Corp.,Electronic technology,270.27,192080,3.57,7231457904.0
GBTC,50.4,2026-10-01,Grayscale Bitcoin Trust (BTC),Currency,65.44,1645226,1.52,34618498350.0
JCI,50.4,2026-10-01,Johnson Controls International plc,Producer manufacturing,151.77,2708576,1.19,91933382902.0
TWO,50.3,2026-08-24,Two Harbors Investment Corp,Finance,12.18,19390300,0.0,1280541328.0
CIBR,50.3,2026-10-01,First Trust NASDAQ Cybersecurity ETF,Equity,103.78,2187766,-0.14,10529156514.0
ANGI,50.3,2026-10-01,Angi Inc.,Technology services,5.86,662941,0.17,237025280.0
INTC,50.3,2026-10-01,Intel Corporation,Electronic technology,120.0,100882663,1.07,605279969640.0
ANDG,50.3,2026-10-01,Andersen Group Inc.,Consumer services,57.36,1270242,4.88,6452182620.0
GME,50.3,2026-10-01,GameStop Corporation,Retail trade,24.11,10605392,-1.23,10817946206.0
ACA,50.3,2026-10-01,"Arcosa, Inc.",Non-energy minerals,146.5,616509,0.31,7194147519.0
ATAI,50.3,2026-09-10,AtaiBeckley Inc.,Health technology,7.35,9587449,0.55,2719161900.0
MTD,50.3,2026-10-01,"Mettler-Toledo International, Inc.",Health technology,1481.17,165991,-3.42,29930890892.0
MRAM,50.2,2026-10-01,"Everspin Technologies, Inc.",Electronic technology,18.65,572734,0.38,437297311.0
PBF,50.2,2026-10-01,PBF Energy Inc.,Energy minerals,82.34,3808669,6.3,9760323241.0
LXP,50.2,2026-10-01,LXP Industrial Trust,Finance,60.95,758605,0.07,3593445241.0
PRSU,50.2,2026-10-01,"Pursuit Attractions and Hospitality, Inc.",Consumer services,50.95,289827,2.35,1391877575.0
INGN,50.2,2026-10-01,"Inogen, Inc",Health technology,5.98,1104957,7.94,161905606.0
CMBT,50.2,2026-10-01,CMB.TECH NV,Transportation,19.61,709057,2.89,5690228954.0
QTOP,50.2,2026-10-01,iShares Nasdaq Top 30 Stocks ETF,Equity,39.3,193346,-0.1,286239787.0
AMPL,50.2,2026-10-01,"Amplitude, Inc.",Technology services,14.3,1427139,1.2,1900025241.0
EVI,50.2,2026-10-01,"EVI Industries, Inc.",Distribution services,19.29,23175,-0.05,248244939.0
MXL,50.2,2026-10-01,"MaxLinear, Inc",Electronic technology,92.12,2174242,0.68,8354656755.0
RXRX,50.2,2026-10-01,"Recursion Pharmaceuticals, Inc.",Health technology,4.07,17440995,0.0,2135439460.0
NTSK,50.2,2026-10-01,"Netskope, Inc.",Technology services,17.85,7079639,1.13,7210037545.0
SSYS,50.2,2026-10-01,"Stratasys, Ltd.",Electronic technology,8.53,792730,2.65,740523420.0
VUZI,50.2,2026-10-01,Vuzix Corporation,Electronic technology,2.89,2248848,-3.02,239911574.0
XMTR,50.2,2026-10-01,"Xometry, Inc.",Technology services,104.23,533461,1.69,5604499215.0
LRCX,50.1,2026-10-01,Lam Research Corporation,Producer manufacturing,340.1,8540277,2.44,425318857000.0
THNQ,50.1,2026-10-01,ROBO Global Artificial Intelligence ETF,Equity,97.52,11833,-0.51,317407990.0
ZBRA,50.1,2026-10-01,Zebra Technologies Corporation,Electronic technology,375.45,390326,-0.61,17883960030.0
PPLI,50.1,2026-10-01,IAC Inc.,Technology services,40.95,1150610,-1.75,3046168002.0
MUU,50.1,2026-10-01,Direxion Daily MU Bull 2X Shares,Equity,38.8,58579563,8.35,1599915967.0
PANW,50.1,2026-10-01,"Palo Alto Networks, Inc.",Technology services,396.25,5254039,0.06,322943750000.0
YBTC,50.1,2026-10-01,Roundhill Bitcoin Covered Call Strategy ETF,Currency,19.31,87892,1.63,156507436.0
TECB,50.1,2026-10-01,iShares U.S. Tech Breakthrough Multisector ETF,Equity,78.93,6759,-0.48,495798460.0
BITB,50.1,2026-10-01,Bitwise Bitcoin ETF,Currency,45.95,829576,1.46,2846346535.0
AGIX,50.0,2026-10-01,KraneShares Artificial Intelligence & Technology ETF,Equity,48.04,74360,0.29,121172065.0
UMC,50.0,2026-10-01,United Microelectronics Corporation (NEW),Electronic technology,25.21,7412803,1.45,62882762911.0
CRSR,50.0,2026-10-01,"Corsair Gaming, Inc.",Technology services,13.85,1395937,1.09,1480315700.0
NET,50.0,2026-10-01,"Cloudflare, Inc.",Technology services,351.0,2766967,0.28,124583775381.0
DINO,50.0,2026-10-01,HF Sinclair Corporation,Energy minerals,112.7,2463174,4.85,20036256800.0
QQA,50.0,2026-10-01,Invesco QQQ Income Advantage ETF,Equity,57.27,174158,0.02,822554063.0
BOCT,50.0,2026-10-01,Innovator U.S. Equity Buffer ETF - October,Alternatives,55.08,309670,-0.29,289293902.0
QFLR,50.0,2026-10-01,Innovator Nasdaq-100 Managed Floor ETF,Alternatives,36.25,66458,0.03,530240349.0
MRNA,50.0,2026-10-01,"Moderna, Inc.",Health technology,188.94,15385477,1.25,74968746840.0
LGND,50.0,2026-10-01,Ligand Pharmaceuticals Incorporated,Health technology,302.74,371941,-2.29,6067230807.0
CHT,49.9,2026-10-01,"Chunghwa Telecom Co., Ltd.",Communications,45.55,228416,-0.2,35335169035.0
GARP,49.9,2026-10-01,iShares MSCI USA Quality GARP ETF,Equity,86.0,434910,0.29,2838603690.0
PWB,49.9,2026-10-01,Invesco Large Cap Growth ETF,Equity,163.93,124850,0.84,2458354816.0
IBRX,49.9,2026-10-01,"ImmunityBio, Inc.",Health technology,9.28,12263940,0.0,9719407991.0
QQMG,49.9,2026-10-01,Invesco ESG NASDAQ 100 ETF,Equity,51.99,12931,-0.02,202356214.0
QQQM,49.9,2026-10-01,Invesco NASDAQ 100 ETF,Equity,305.57,3403132,-0.07,79731845587.0
QYLG,49.9,2026-10-01,Global X Nasdaq 100 Covered Call & Growth ETF,Equity,30.46,66592,-0.16,165683525.0
ECO,49.9,2026-10-01,Okeanis Eco Tankers Corp.,Transportation,85.74,730088,6.25,2803256096.0
KLIC,49.8,2026-10-01,"Kulicke and Soffa Industries, Inc.",Producer manufacturing,96.03,405944,1.61,5025526178.0
TVA,49.8,2026-10-01,Texas Ventures Acquisition III Corp,Finance,10.59,122425,0.0,317550000.0
SGRT,49.8,2026-10-01,SMART Earnings Growth 30 ETF,Financial Services,34.68,41655,0.9,
ILCG,49.8,2026-10-01,iShares Morningstar Large-Cap Growth ETF,Equity,117.5,103674,0.09,3259534742.0
RSPT,49.8,2026-10-01,Invesco S&P 500 Equal Weight Technology ETF,Equity,67.42,970046,1.09,4379673771.0
KLAC,49.8,2026-10-01,KLA Corporation,Electronic technology,200.33,8499836,1.85,261687072400.0
A,49.8,2026-10-01,"Agilent Technologies, Inc.",Health technology,166.68,2708027,-3.09,47075765760.0
RDVT,49.7,2026-10-01,"Red Violet, Inc.",Technology services,80.25,186255,0.74,1132240910.0
KMLM,49.7,2026-10-01,KraneShares Mount Lucas Managed Futures Index Strategy ETF,Alternatives,31.16,423849,0.03,201198678.0
LITX,49.7,2026-10-01,Tradr 2X Long LITE Daily ETF,Equity,38.97,4862505,12.66,877908.0
MULL,49.7,2026-10-01,GraniteShares 2x Long MU Daily ETF,Equity,27.05,11122208,8.55,550039437.0
MGK,49.7,2026-10-01,Vanguard Mega Cap Growth ETF,Equity,92.76,2335737,-0.37,34424032020.0
ONTO,49.7,2026-10-01,Onto Innovation Inc.,Electronic technology,314.88,662633,-0.34,15663254377.0
SOXX,49.7,2026-10-01,iShares PHLX SOX Semiconductor Sector Index Fund,Equity,576.33,6012541,1.25,47107454085.0
HSTM,49.7,2026-10-01,"HealthStream, Inc.",Technology services,30.36,191674,1.91,886973108.0
PEB,49.7,2026-10-01,Pebblebrook Hotel Trust,Finance,18.81,2490171,0.0,2122576830.0
GBTG,49.7,2026-09-28,"Global Business Travel Group, Inc.",Consumer services,9.5,3938240,0.0,4961712060.0
IDNA,49.7,2026-10-01,iShares Genomics Immunology and Healthcare ETF,Equity,41.64,144766,-1.58,168705830.0
TNK,49.7,2026-10-01,Teekay Tankers Ltd.,Transportation,101.01,306318,4.37,3499375996.0
MTW,49.7,2026-10-01,"Manitowoc Company, Inc. (The)",Producer manufacturing,22.4,518348,3.23,804374682.0
CBZ,49.6,2026-10-01,"CBIZ, Inc.",Commercial services,54.71,498563,-0.07,2935120377.0
GDYN,49.6,2026-10-01,"Grid Dynamics Holdings, Inc.",Technology services,8.38,1428954,1.82,679843280.0
NTNX,49.6,2026-10-01,"Nutanix, Inc.",Technology services,71.52,2317040,0.34,19333286400.0
IETC,49.6,2026-10-01,iShares U.S. Tech Independence Focused ETF,Equity,115.36,7331,0.41,710094410.0
WEAV,49.6,2026-10-01,"Weave Communications, Inc.",Technology services,7.38,1659179,0.0,587194386.0
VGZ,49.6,2026-10-01,Vista Gold Corp,Non-energy minerals,2.68,1881834,-1.83,391202280.0
AVPT,49.6,2026-10-01,"AvePoint, Inc.",Technology services,14.08,3544345,-1.33,2985202120.0
CLS,49.6,2026-10-01,"Celestica, Inc.",Electronic technology,373.09,2934661,2.93,42888286000.0
NDSN,49.6,2026-10-01,Nordson Corporation,Producer manufacturing,329.02,324922,1.0,18332336360.0
BAND,49.5,2026-10-01,Bandwidth Inc.,Technology services,62.44,796297,1.07,2009368340.0
AVT,49.5,2026-10-01,"Avnet, Inc.",Distribution services,102.24,1203730,2.47,8386142041.0
ITUB,49.5,2026-10-01,Itau Unibanco Banco Holding SA,Finance,8.45,50918994,-0.71,93133041652.0
SOXL,49.5,2026-10-01,Direxion Daily Semiconductor Bull 3X Shares,Equity,153.69,72635170,3.45,35726516257.0
BAI,49.5,2026-10-01,iShares A.I. Innovation and Tech Active ETF,Equity,47.8,3095715,0.95,13897486739.0
IXN,49.5,2026-10-01,iShares Global Tech ETF,Equity,149.81,341012,0.4,8738588752.0
VTRS,49.5,2026-10-01,Viatris Inc.,Health technology,17.46,6697706,-0.91,20333089339.0
RMBS,49.5,2026-10-01,"Rambus, Inc.",Electronic technology,107.29,1116960,0.36,11636845064.0
SMH,49.4,2026-10-01,VanEck Semiconductor ETF,Equity,617.81,5084449,1.13,71814236988.0
PSI,49.4,2026-10-01,Invesco Semiconductors ETF,Equity,155.9,264785,1.77,2465295847.0
AMDL,49.4,2026-10-01,GraniteShares 2x Long AMD Daily ETF,Equity,80.04,1269920,1.24,1042307468.0
QQH,49.4,2026-10-01,HCM Defender 100 Index ETF,Equity,87.79,59123,-0.2,658327506.0
ASC,49.4,2026-10-01,Ardmore Shipping Corporation,Transportation,19.25,708949,4.05,785450320.0
VIA,49.4,2026-10-01,"Via Transportation, Inc.",Technology services,30.22,644622,-2.07,2340529571.0
DV,49.3,2026-10-01,"DoubleVerify Holdings, Inc.",Technology services,13.49,2740662,0.0,2070231910.0
GNE,49.3,2026-10-01,Genie Energy Ltd.,Utilities,16.42,97711,2.56,433577276.0
TSM,49.3,2026-10-01,Taiwan Semiconductor Manufacturing Company Ltd.,Electronic technology,459.2,8148574,0.42,2381631616000.0
FTXL,49.3,2026-10-01,First Trust Nasdaq Semiconductor ETF,Equity,256.83,227800,1.33,608811796.0
FXL,49.3,2026-10-01,First Trust Technology AlphaDEX,Equity,225.95,20524,1.25,1440414074.0
MTUM,49.2,2026-10-01,iShares MSCI USA Momentum Factor ETF,Equity,320.88,1268896,1.21,30017102759.0
BITU,49.2,2026-10-01,ProShares Ultra Bitcoin ETF,Currency,15.57,4098991,2.98,231376085.0
TOPT,49.2,2026-10-01,iShares Top 20 U.S. Stocks ETF,Equity,34.89,1483368,-0.23,671226776.0
APH,49.1,2026-10-01,Amphenol Corporation,Electronic technology,85.67,11803887,0.79,211258793200.0
OKTA,49.1,2026-10-01,"Okta, Inc.",Technology services,212.63,2983581,1.24,35322095600.0
AMRX,49.1,2026-10-01,"Amneal Pharmaceuticals, Inc.",Health technology,20.07,3005951,-0.3,6408973170.0
FOCT,49.1,2026-10-01,FT Vest U.S. Equity Buffer ETF - October,Alternatives,54.14,64436,-0.18,1170577378.0
KRT,49.1,2026-10-01,Karat Packaging Inc.,Process industries,53.37,144183,1.85,1065464323.0
ARKG,49.1,2026-10-01,ARK Genomic Revolution ETF,Equity,53.17,3851269,-1.88,1508474625.0
KRNT,49.1,2026-10-01,Kornit Digital Ltd.,Process industries,16.87,393338,1.81,781763847.0
ENTG,49.0,2026-10-01,"Entegris, Inc.",Producer manufacturing,158.48,1646508,1.84,24168200000.0
PTNQ,49.0,2026-10-01,Pacer Trendpilot 100 ETF,Equity,89.47,31978,0.02,1357302041.0
OPRX,49.0,2026-10-01,OptimizeRx Corporation,Technology services,8.39,196473,-0.36,157438979.0
JAKK,49.0,2026-10-01,"JAKKS Pacific, Inc.",Consumer durables,25.5,296555,1.67,291832200.0
CRWD,49.0,2026-10-01,"CrowdStrike Holdings, Inc.",Technology services,266.09,6851014,0.94,270948611815.0
SLP,49.0,2026-10-01,"Simulations Plus, Inc.",Technology services,18.49,865856,0.11,373957255.0
NATH,48.9,2026-10-01,"Nathan's Famous, Inc.",Consumer services,101.4,20053,-0.04,415502724.0
FBTC,48.9,2026-10-01,Fidelity Wise Origin Bitcoin Fund,Currency,73.61,2819361,1.43,10493674145.0
TSMX,48.9,2026-10-01,Direxion Daily TSM Bull 2X Shares,Equity,91.48,280680,0.82,630952583.0
SHOC,48.9,2026-10-01,Strive U.S. Semiconductor ETF,Equity,113.77,5682,0.69,294617504.0
BB,48.9,2026-10-01,BlackBerry Limited,Technology services,9.18,20327764,2.34,5380401957.0
GGUS,48.9,2026-10-01,Goldman Sachs MarketBeta Russell 1000 Growth Equity ETF,Equity,68.43,37008,0.07,470029082.0
VEON,48.9,2026-10-01,VEON Ltd.,Communications,73.92,94699,-0.09,5118322144.0
INOD,48.8,2026-10-01,Innodata Inc.,Technology services,71.85,2430710,8.05,2346287472.0
CVI,48.8,2026-10-01,CVR Energy Inc.,Energy minerals,54.36,964601,6.97,5464843362.0
DAC,48.8,2026-10-01,Danaos Corporation,Transportation,161.74,193130,4.01,2944250264.0
AMAT,48.8,2026-10-01,"Applied Materials, Inc.",Producer manufacturing,529.3,6044598,2.45,420242498700.0
SPTE,48.8,2026-10-01,SP Funds S&P Global Technology ETF,Equity,50.42,23919,0.48,132384224.0
TK,48.7,2026-10-01,Teekay Corporation Ltd.,Transportation,14.6,704590,2.53,1270372280.0
ADI,48.7,2026-10-01,"Analog Devices, Inc.",Electronic technology,404.6,3147310,1.93,197075400200.0
TZA,48.6,2026-10-01,Direxion Small Cap Bear 3X Shares,Equity,46.93,5788630,-1.82,242640768.0
XNTK,48.6,2026-10-01,State Street SPDR NYSE Technology ETF,Equity,385.41,73497,0.4,1720542006.0
ARHS,48.6,2026-10-01,"Arhaus, Inc.",Consumer durables,9.87,2416394,5.11,1397000372.0
ASYS,48.6,2026-10-01,"Amtech Systems, Inc.",Producer manufacturing,17.25,211978,2.8,301600725.0
SONO,48.6,2026-10-01,"Sonos, Inc.",Consumer durables,17.75,1769350,-1.88,2099718500.0
MU,48.6,2026-10-01,"Micron Technology, Inc.",Electronic technology,1097.39,44604211,4.11,1239381292100.0
DBMF,48.6,2026-10-01,iMGP DBi Managed Futures Strategy ETF,Alternatives,32.85,4197584,0.34,1650042602.0
XP,48.5,2026-10-01,XP Inc.,Finance,21.17,9618794,1.24,11074724467.0
ARW,48.5,2026-10-01,"Arrow Electronics, Inc.",Distribution services,231.63,471834,2.24,11844155912.0
NJUL,48.5,2026-10-01,Innovator Growth-100 Power Buffer ETF - July,Alternatives,78.79,12865,0.0,216264012.0
DMAX,48.5,2026-10-01,iShares Large Cap Max Buffer Dec ETF,Alternatives,27.82,25962,0.07,137376302.0
ASX,48.5,2026-10-01,"ASE Technology Holding Co., Ltd.",Electronic technology,44.73,6310604,1.02,98352972585.0
SRZN,48.5,2026-10-01,"Surrozen, Inc.",Health technology,30.0,438365,-5.06,224322570.0
AZTA,48.5,2026-10-01,"Azenta, Inc.",Health services,34.48,770783,-1.26,1589279882.0
INSW,48.4,2026-10-01,"International Seaways, Inc.",Transportation,114.6,607940,4.66,5673238162.0
AEO,48.3,2026-10-01,"American Eagle Outfitters, Inc.",Retail trade,17.97,6163519,0.84,3010448945.0
QDEC,48.3,2026-10-01,FT Vest Nasdaq-100 Buffer ETF - December,Alternatives,36.89,252482,0.0,714265753.0
IGPT,48.3,2026-10-01,Invesco AI and Next Gen Software ETF,Equity,102.77,446721,0.54,794606100.0
IVES,48.3,2026-10-01,Dan IVES Wedbush AI Revolution ETF,Equity,41.42,634310,0.02,924406744.0
BHE,48.3,2026-10-01,"Benchmark Electronics, Inc.",Electronic technology,84.62,461199,1.91,3039541938.0
RBRK,48.3,2026-10-01,"Rubrik, Inc.",Technology services,115.4,2065313,-0.73,23752383293.0
HHH,48.2,2026-10-01,Howard Hughes Holdings Inc.,Finance,72.06,909526,-2.0,4296548676.0
DSGR,48.2,2026-10-01,"Distribution Solutions Group, Inc.",Distribution services,34.94,217099,0.2,1616164445.0
MSM,48.1,2026-10-01,"MSC Industrial Direct Company, Inc.",Distribution services,128.5,1245760,2.79,7176249550.0
QYLD,48.1,2026-10-01,Global X NASDAQ 100 Covered Call ETF,Equity,18.57,5082880,0.0,8589905561.0
DHT,48.1,2026-10-01,"DHT Holdings, Inc.",Transportation,23.56,4491844,5.18,3794149520.0
UCO,48.0,2026-10-01,ProShares Ultra Bloomberg Crude Oil,Commodities,54.64,3082710,2.78,522299132.0
JOYY,48.0,2026-10-01,JOYY Inc.,Technology services,80.3,203399,-0.19,4154517396.0
CYRX,48.0,2026-10-01,"CryoPort, Inc.",Transportation,17.36,739988,-0.23,874984154.0
DOCS,48.0,2026-10-01,"Doximity, Inc.",Technology services,28.5,3340636,-1.42,5330218913.0
CDNS,47.9,2026-10-01,"Cadence Design Systems, Inc.",Technology services,350.73,3278490,3.35,96588586890.0
NAT,47.9,2026-10-01,Nordic American Tankers Limited,Transportation,8.17,4047550,4.34,1730005670.0
EFOR,47.9,2026-10-01,ASGN Incorporated,Technology services,36.19,1235676,4.75,1483790000.0
HZO,47.8,2026-10-01,"MarineMax, Inc. (FL)",Retail trade,52.33,937433,0.08,1152733299.0
DOCT,47.8,2026-10-01,FT Vest U.S. Equity Deep Buffer ETF - October,Alternatives,48.06,8709,0.13,388434781.0
TECL,47.8,2026-10-01,Direxion Technology Bull 3X Shares,Equity,239.33,464468,1.34,7784826722.0
PDFS,47.8,2026-10-01,"PDF Solutions, Inc.",Technology services,53.39,499357,3.85,2235316503.0
SILC,47.8,2026-10-01,Silicom Ltd,Electronic technology,53.63,66480,2.46,308244378.0
TTEQ,47.8,2026-10-01,T. Rowe Price Technology ETF,Equity,44.88,277008,0.83,403447500.0
FTEC,47.8,2026-10-01,Fidelity MSCI Information Technology Index ETF,Equity,303.26,344794,0.55,17238177767.0
SMHX,47.8,2026-10-01,VanEck Fabless Semiconductor ETF,Equity,61.75,118901,0.95,180572621.0
OSPN,47.8,2026-10-01,OneSpan Inc.,Technology services,18.04,514139,-0.88,668795116.0
RISR,47.7,2026-10-01,FolioBeyond Alternative Income and Interest Rate Hedge ETF,Alternatives,36.99,333133,-0.64,276914089.0
KE,47.7,2026-10-01,"Kimball Electronics, Inc.",Electronic technology,28.31,219142,3.21,680825067.0
SHMD,47.7,2026-10-01,SCHMID Group N.V.,Electronic technology,4.45,1457257,-7.29,291928584.0
AMD,47.5,2026-10-01,"Advanced Micro Devices, Inc.",Electronic technology,615.73,16605676,0.49,1004009338000.0
VIAV,47.5,2026-10-01,Viavi Solutions Inc.,Technology services,44.78,7252852,5.94,11046583273.0
JILL,47.4,2026-10-01,"J. Jill, Inc.",Retail trade,24.4,307369,-0.41,276584126.0
ARX,47.4,2026-10-01,Accelerant Holdings,Finance,19.73,963949,0.1,4305112458.0
SVAQ,47.4,2026-10-01,Silicon Valley Acquisition Corp.,Finance,10.14,970266,0.1,224651700.0
XERS,47.4,2026-10-01,"Xeris Biopharma Holdings, Inc.",Health technology,9.25,2923295,-2.84,1596938500.0
IALT,47.4,2026-10-01,iShares Systematic Alternatives Active ETF,Alternatives,29.84,6736761,-0.37,95457807.0
BRR,47.3,2026-09-28,"ProCap Financial, Inc.",Technology services,3.9,967156,0.78,368634243.0
VLO,47.3,2026-10-01,Valero Energy Corporation,Energy minerals,408.46,2663142,5.48,117606851129.0
ALNT,47.2,2026-10-01,Allient Inc.,Producer manufacturing,115.95,183968,3.9,1970745566.0
IGM,47.2,2026-10-01,iShares Expanded Tech Sector ETF,Equity,170.24,339253,-0.06,10525738893.0
VECO,47.1,2026-10-01,Veeco Instruments Inc.,Electronic technology,53.19,679687,2.43,3246371067.0
ACVA,47.1,2026-10-01,ACV Auctions Inc.,Technology services,10.45,6423201,0.1,1824412142.0
SAFT,47.0,2026-10-01,"Safety Insurance Group, Inc.",Finance,103.81,162819,0.22,1524283754.0
ONCH,47.0,2026-10-01,1RT Acquisition Corp.,Finance,10.34,33475,0.05,178365000.0
P,47.0,2026-10-01,"Everpure, Inc.",Electronic technology,134.13,4595908,1.51,44598778850.0
IBEX,47.0,2026-10-01,IBEX Limited,Commercial services,44.28,97904,2.36,592870056.0
NJAN,46.9,2026-10-01,Innovator Growth-100 Power Buffer ETF - January,Alternatives,60.72,4031,-0.02,309177931.0
STNG,46.9,2026-10-01,Scorpio Tankers Inc.,Transportation,85.79,2861413,3.15,4296479188.0
CRVL,46.9,2026-10-01,CorVel Corp.,Finance,74.72,146332,-0.23,3811396888.0
SDOW,46.9,2026-10-01,UltraPro Short Dow30,Equity,26.07,5269361,0.5,176263028.0
AES,46.9,2026-10-01,The AES Corporation,Utilities,14.92,9167524,0.13,10640317360.0
RVTY,46.8,2026-10-01,"Revvity, Inc.",Health technology,149.06,2490838,-4.13,16635827200.0
OLLI,46.8,2026-10-01,"Ollie's Bargain Outlet Holdings, Inc.",Retail trade,87.91,1507875,1.49,5314448900.0
PUBM,46.8,2026-10-01,"PubMatic, Inc.",Technology services,19.18,753299,1.16,895770541.0
ACLS,46.8,2026-10-01,"Axcelis Technologies, Inc.",Producer manufacturing,136.71,400868,2.32,4201631059.0
MTRN,46.8,2026-10-01,Materion Corporation,Electronic technology,285.14,330279,7.49,5931335433.0
VGT,46.7,2026-10-01,Vanguard Information Tech ETF,Equity,127.01,4340643,0.48,139562649763.0
KOYN,46.7,2026-10-01,CSLM Digital Asset Acquisition Corp III,Finance,10.25,60930,-0.1,244885313.0
CEVA,46.7,2026-10-01,"CEVA, Inc.",Electronic technology,35.52,418872,0.74,989564787.0
GIC,46.7,2026-10-01,Global Industrial Company,Retail trade,43.07,166706,2.55,1647905577.0
RWM,46.6,2026-10-01,ProShares Short Russell2000,Equity,14.35,62870993,-0.55,89916608.0
DT,46.6,2026-10-01,"Dynatrace, Inc.",Technology services,59.26,5248231,0.37,17264107666.0
QTEC,46.6,2026-10-01,First Trust NASDAQ-100-Technology Sector Index Fund,Equity,333.66,141906,0.37,2968105468.0
BALY,46.5,2026-10-01,Bally's Corporation,Consumer services,13.95,41568,2.2,682835704.0
SUIG,46.5,2026-10-01,Sui Group Holdings Limited,Finance,1.58,622496,3.95,118433482.0
ITGR,46.4,2026-10-01,Integer Holdings Corporation,Health technology,126.42,410178,0.0,4292565816.0
TRMD,46.4,2026-10-01,TORM plc,Transportation,38.8,1173046,3.44,3971839600.0
ATKR,46.4,2026-10-01,Atkore Inc.,Producer manufacturing,94.77,596608,-0.05,3200127021.0
SLAB,46.4,2026-10-01,"Silicon Laboratories, Inc.",Electronic technology,222.51,236125,0.44,7338785436.0
FBLA,46.4,2026-10-01,"FB Bancorp, Inc.",Finance,16.78,119859,1.82,271189802.0
VREX,46.4,2026-10-01,Varex Imaging Corporation,Health technology,18.49,484964,0.16,778429000.0
PD,46.4,2026-10-01,"PagerDuty, Inc.",Technology services,15.58,1795782,1.17,1421086372.0
DMRC,46.3,2026-10-01,Digimarc Corporation,Technology services,6.76,474400,12.67,151470644.0
HAFN,46.3,2026-10-01,Hafnia Limited,Transportation,10.07,2892087,4.35,5032797741.0
NTAP,46.2,2026-10-01,"NetApp, Inc.",Electronic technology,215.05,2347038,1.56,42200121700.0
ILMN,46.2,2026-10-01,"Illumina, Inc.",Health technology,265.72,1949786,-2.89,40203436000.0
ROM,46.2,2026-10-01,ProShares Ultra Technology,Equity,162.42,50724,0.81,813149552.0
EGHT,46.1,2026-10-01,8x8 Inc,Technology services,2.31,2156091,2.21,327516420.0
MKTX,46.0,2026-10-01,"MarketAxess Holdings, Inc.",Finance,164.22,548827,0.11,5779378038.0
SCSC,46.0,2026-10-01,"ScanSource, Inc.",Distribution services,62.22,647778,5.98,1264592194.0
IYW,46.0,2026-10-01,iShares U.S. Technology ETF,Equity,266.83,586838,0.18,24721046502.0
PAYS,46.0,2026-10-01,"Paysign, Inc.",Commercial services,14.36,2536347,6.37,802806900.0
DOG,45.9,2026-10-01,ProShares Short Dow30,Equity,22.27,15468187,0.13,109302435.0
XLK,45.9,2026-10-01,State Street Technology Select Sector SPDR ETF,Equity,197.81,10872747,0.48,121398199519.0
SDGR,45.9,2026-10-01,"Schrodinger, Inc.",Technology services,30.46,5135932,-1.01,2275993253.0
PGEN,45.7,2026-10-01,"Precigen, Inc.",Health technology,8.21,4607146,-3.41,2926955310.0
AUDC,45.7,2026-10-01,AudioCodes Ltd.,Electronic technology,10.93,183409,2.44,278208001.0
DDOG,45.7,2026-10-01,"Datadog, Inc.",Technology services,276.46,2929508,-0.82,98408749704.0
GTOP,45.7,2026-10-01,Goldman Sachs Technology Opportunities ETF,Equity,51.51,14764,0.72,32209416443.0
TXG,45.5,2026-10-01,"10x Genomics, Inc.",Health technology,88.76,3243823,-0.6,11268631691.0
ABCL,45.3,2026-10-01,AbCellera Biologics Inc.,Health technology,13.91,7766440,-4.66,4247766250.0
UTZ,45.3,2026-10-01,Utz Brands Inc,Consumer non-durables,14.26,1706926,0.07,1263624232.0
TWST,45.3,2026-10-01,Twist Bioscience Corporation,Health technology,188.05,2637069,-2.62,11710117965.0
PRLB,45.2,2026-10-01,"Proto Labs, Inc.",Process industries,94.37,247362,-0.21,2245439780.0
TWIN,45.0,2026-10-01,"Twin Disc, Incorporated",Producer manufacturing,26.86,99103,2.72,387397133.0
RSKD,45.0,2026-10-01,Riskified Ltd.,Technology services,7.93,2054693,0.13,1220735937.0
TWLO,44.9,2026-10-01,Twilio Inc.,Technology services,301.27,2493767,2.39,45724910802.0
EBF,44.7,2026-10-01,"Ennis, Inc.",Commercial services,22.55,165952,0.36,570476665.0
MASS,44.7,2026-10-01,908 Devices Inc.,Health technology,12.51,594955,1.38,513250272.0
HURN,44.5,2026-10-01,Huron Consulting Group Inc.,Commercial services,168.42,606078,4.3,2679579042.0
BUFQ,44.5,2026-10-01,FT Vest Laddered Nasdaq Buffer ETF,Alternatives,40.57,731543,0.25,1547861862.0
EFXT,44.5,2026-10-01,Enerflex Ltd,Producer manufacturing,25.44,1829421,-1.2,3105384480.0
COHU,44.5,2026-10-01,"Cohu, Inc.",Electronic technology,70.34,869161,2.9,3318310602.0
KEYS,44.5,2026-10-01,Keysight Technologies Inc.,Electronic technology,373.88,1274289,1.82,63892651234.0
PRTH,44.4,2026-10-01,"Priority Technology Holdings, Inc.",Technology services,7.78,707226,0.0,640723223.0
WENN,44.4,2026-10-01,Wen Acquisition Corp,Finance,10.44,24360,0.14,391695760.0
CD,44.3,2026-10-01,Chaince Digital Holdings Inc. - American,Technology services,6.74,231528,12.15,535451205.0
FAZ,44.2,2026-10-01,Direxion Financial Bear 3X Shares,Equity,39.44,1090803,-1.28,90719748.0
CERT,44.1,2026-10-01,"Certara, Inc.",Technology services,9.34,3786746,0.65,1452977100.0
DMAA,44.0,2026-10-01,Drugs Made In America Acquisition Corp.,Finance,10.89,924,0.0,264375583.0
LTRX,44.0,2026-10-01,"Lantronix, Inc.",Electronic technology,7.06,750656,-2.62,314936695.0
FDTX,44.0,2026-10-01,Fidelity Disruptive Technology ETF,Equity,59.7,61612,0.49,200894661.0
CTKB,43.9,2026-10-01,"Cytek Biosciences, Inc.",Health technology,5.81,1571617,-2.52,750318430.0
FOSL,43.8,2026-10-01,"Fossil Group, Inc.",Consumer durables,6.8,1452551,3.82,401890866.0
CRCT,43.8,2026-10-01,"Cricut, Inc.",Distribution services,6.52,736402,1.72,1367489627.0
ACN,43.7,2026-10-01,Accenture plc,Technology services,212.3,28761896,-1.7,129915309741.0
UTHR,43.6,2026-10-01,United Therapeutics Corporation,Health technology,571.38,1691478,2.48,24253195446.0
FBRX,43.4,2026-08-26,"Forte Biosciences, Inc.",Health technology,76.99,1400110,0.03,1577524407.0
CDNA,43.4,2026-10-01,"CareDx, Inc.",Health technology,66.23,1910546,1.96,3426356066.0
RGR,43.2,2026-10-01,"Sturm, Ruger & Company, Inc.",Consumer durables,43.71,336292,2.77,698409570.0
SRFM,43.2,2026-10-01,Surf Air Mobility Inc.,Transportation,1.13,6309736,-1.74,125423891.0
VICR,43.2,2026-10-01,Vicor Corporation,Electronic technology,308.59,1460175,-6.49,13989491921.0
NTRA,43.1,2026-10-01,"Natera, Inc.",Health technology,408.47,1858338,-1.17,58499031050.0
WBD,42.6,2026-10-01,"Warner Bros. Discovery, Inc. - Series A",Consumer services,30.95,43930644,0.0,77595880927.0
BWMN,42.5,2026-10-01,Bowman Consulting Group Ltd.,Industrial services,42.59,643558,-0.12,745652943.0
DMAC,42.4,2026-10-01,DiaMedica Therapeutics Inc.,Health technology,8.35,232722,0.24,449925555.0
SG,42.2,2026-10-01,"Sweetgreen, Inc.",Consumer services,8.68,5542487,-1.36,1031424089.0
LIND,42.2,2026-10-01,Lindblad Expeditions Holdings Inc.,Consumer services,33.63,1800146,7.27,2206790141.0
CLMB,42.0,2026-10-01,"Climb Global Solutions, Inc.",Distribution services,33.06,136171,2.26,616919436.0
III,41.8,2026-10-01,"Information Services Group, Inc.",Commercial services,5.74,284532,2.87,274597433.0
CNXN,41.6,2026-10-01,"PC Connection, Inc.",Technology services,92.57,184063,2.2,2336290824.0
APGE,41.4,2026-09-02,"Apogee Therapeutics, Inc.",Health technology,135.07,5142068,0.01,8357804055.0
BOXX,41.1,2026-10-01,Alpha Architect 1-3 Month Box ETF,Alternatives,118.4,5043927,0.01,12720771689.0
BEBE,40.5,2026-09-30,TGE Value Creative Solutions Corp,Finance,10.04,175,0.0,150600000.0
SNPS,40.4,2026-10-01,"Synopsys, Inc.",Technology services,490.54,6313161,4.85,93928268086.0
GRAL,40.4,2026-10-01,"GRAIL, Inc.",Health technology,132.56,1086199,-4.1,5689023170.0
TBT,40.3,2026-10-01,ProShares UltraShort Lehman 20 Year Treasury,Fixed income,42.19,577606,-2.11,364502333.0
FORM,40.2,2026-10-01,"FormFactor, Inc.",Electronic technology,148.44,1198023,-0.68,11571606356.0
SGHT,40.1,2026-10-01,"Sight Sciences, Inc.",Health technology,9.03,339271,-2.38,491321397.0
UUP,40.0,2026-10-01,Invesco DB USD Index Bullish Fund ETF,Currency,28.96,3544065,0.24,398214318.0
SIXO,39.9,2026-10-01,AllianzIM U.S. Large Cap 6 Month Buffer10 Apr/Oct ETF,Alternatives,36.62,24263,-0.08,119916967.0
IOVA,39.5,2026-10-01,"Iovance Biotherapeutics, Inc.",Health technology,14.23,15931704,-3.59,6353723460.0
SES,39.2,2026-10-01,SES AI Corporation,Producer manufacturing,0.8163,80578362,34.06,297474271.0
BENJ,39.0,2026-10-01,Horizon Landmark ETF,Fixed income,53.3,22232,0.0,267932200.0
POCT,38.7,2026-10-01,Innovator U.S. Equity Power Buffer ETF - October,Alternatives,47.96,915337,-0.1,970983965.0
OCTW,38.6,2026-10-01,AllianzIM U.S. Large Cap Buffer20 Oct ETF,Alternatives,42.04,316131,-0.02,322326882.0
USDU,38.6,2026-10-01,WisdomTree Bloomberg U.S. Dollar Bullish Fund,Currency,27.12,1242144,0.26,454538039.0
TMV,38.3,2026-10-01,Direxion Daily 20-Year Treasury Bear 3X,Fixed income,49.63,2495603,-2.69,196071075.0
DNA,38.1,2026-10-01,"Ginkgo Bioworks Holdings, Inc.",Health services,12.5,2875253,-0.79,816556138.0
CRNX,37.7,2026-08-31,"Crinetics Pharmaceuticals, Inc.",Health technology,84.95,8208423,-0.01,9001981600.0
ROG,37.4,2026-10-01,Rogers Corporation,Process industries,155.8,316718,1.27,2783881140.0
CBNK,36.2,2026-10-01,"Capital Bancorp, Inc.",Finance,39.8,287081,1.82,648266380.0
NAUT,35.8,2026-10-01,"Nautilus Biotechnology, Inc.",Health technology,1.57,8462736,9.79,199790700.0
PFIX,31.5,2026-10-01,Simplify Interest Rate Hedge ETF,Alternatives,64.27,456038,0.45,178183032.0
IDT,31.5,2026-10-01,IDT Corporation,Communications,79.98,558164,-0.92,1989033817.0
QSI,30.0,2026-10-01,Quantum-Si Incorporated,Technology services,1.43,32569017,19.17,282886408.0
KOD,28.5,2026-10-01,Kodiak Sciences Inc,Health technology,98.46,3788054,3.2,6161469264.0
LFCR,27.3,2026-10-01,"Lifecore Biomedical, Inc.",Health technology,6.53,707012,-0.61,244936428.0
PACB,26.3,2026-10-01,"Pacific Biosciences of California, Inc.",Health technology,2.51,35841595,7.26,779610237.0
