A,Agilent Technologies Inc,Health Care,Life Sciences Tools & Services,Life Sciences Tools & Services
AA,Alcoa Corp,Materials,Metals & Mining,Aluminum
AAL,American Airlines Group Inc,Industrials,Passenger Airlines,Passenger Airlines
AAMI,Acadian Asset Management Inc,Financials,Capital Markets,Asset Management & Custody Banks
AAOI,Applied Optoelectronics Inc,Information Technology,Communications Equipment,Communications Equipment
AAON,Aaon Inc,Industrials,Building Products,Building Products
AAP,Advance Auto Parts Inc,Consumer Discretionary,Specialty Retail,Automotive Retail
AAPL,Apple Inc,Information Technology,"Technology Hardware, Storage & Peripherals","Technology Hardware, Storage & Peripherals"
AARD,Aardvark Therapeutics Inc,Health Care,Pharmaceuticals,Pharmaceuticals
AAT,American Assets Trust Inc,Real Estate,Diversified REITs,Diversified REITs
AB,AllianceBernstein Holding LP,Financials,Capital Markets,Asset Management & Custody Banks
ABAT,American Battery Technology Co,Materials,Metals & Mining,Diversified Metals & Mining
ABBV,AbbVie Inc,Health Care,Biotechnology,Biotechnology
ABCB,Ameris Bancorp,Financials,Banks,Regional Banks
ABCL,Abcellera Biologics Inc,Health Care,Life Sciences Tools & Services,Life Sciences Tools & Services
ABEO,Abeona Therapeutics Inc,Health Care,Biotechnology,Biotechnology
ABEV,Ambev SA,Consumer Staples,Beverages,Brewers
ABG,Asbury Automotive Group Inc,Consumer Discretionary,Specialty Retail,Automotive Retail
ABM,ABM Industries Inc,Industrials,Commercial Services & Supplies,Environmental & Facilities Services
ABNB,Airbnb Inc,Consumer Discretionary,"Hotels, Restaurants & Leisure","Hotels, Resorts & Cruise Lines"
ABOS,Acumen Pharmaceuticals Inc,Health Care,Biotechnology,Biotechnology
ABR,Arbor Realty Trust Inc,Financials,Mortgage Real Estate Investment Trusts (REITs),Mortgage REITs
ABSI,Absci Corp,Health Care,Biotechnology,Biotechnology
ABT,Abbott Laboratories,Health Care,Health Care Equipment & Supplies,Health Care Equipment
ABTC,American Bitcoin Corp,Information Technology,Software,Application Software
ABUS,Arbutus Biopharma Corp,Health Care,Biotechnology,Biotechnology
ABVE,Above Food Ingredients Inc,Consumer Staples,Food Products,Packaged Foods & Meats
ABX,Abacus Global Management Inc,Financials,Insurance,Insurance Brokers
ACA,Arcosa Inc,Industrials,Construction & Engineering,Construction & Engineering
ACAD,ACADIA Pharmaceuticals Inc,Health Care,Biotechnology,Biotechnology
ACCO,ACCO Brands Corp,Industrials,Commercial Services & Supplies,Office Services & Supplies
ACDC,ProFrac Holding Corp,Energy,Energy Equipment & Services,Oil & Gas Equipment & Services
ACEL,Accel Entertainment Inc,Consumer Discretionary,"Hotels, Restaurants & Leisure",Casinos & Gaming
ACET,Adicet Bio Inc,Health Care,Biotechnology,Biotechnology
ACGL,Arch Capital Group Ltd,Financials,Insurance,Property & Casualty Insurance
ACH,Accendra Health Inc,Health Care,Health Care Providers & Services,Health Care Distributors
ACHC,Acadia Healthcare Company Inc,Health Care,Health Care Providers & Services,Health Care Facilities
ACHR,Archer Aviation Inc,Industrials,Aerospace & Defense,Aerospace & Defense
ACHV,Achieve Life Sciences Inc,Health Care,Biotechnology,Biotechnology
ACI,Albertsons Companies Inc,Consumer Staples,Consumer Staples Distribution & Retail,Food Retail
ACIC,American Coastal Insurance Corp,Financials,Insurance,Property & Casualty Insurance
ACIU,AC Immune SA,Health Care,Biotechnology,Biotechnology
ACIW,ACI Worldwide Inc,Information Technology,Software,Application Software
ACLS,Axcelis Technologies Inc,Information Technology,Semiconductors & Semiconductor Equipment,Semiconductor Materials & Equipment
ACLX,Arcellx Inc,Health Care,Biotechnology,Biotechnology
ACM,AECOM,Industrials,Construction & Engineering,Construction & Engineering
ACMR,ACM Research Inc,Information Technology,Semiconductors & Semiconductor Equipment,Semiconductor Materials & Equipment
ACN,Accenture PLC,Information Technology,IT Services,IT Consulting & Other Services
ACRE,Ares Commercial Real Estate Corp,Financials,Mortgage Real Estate Investment Trusts (REITs),Mortgage REITs
ACRS,Aclaris Therapeutics Inc,Health Care,Pharmaceuticals,Pharmaceuticals
ACT,Enact Holdings Inc,Financials,Financial Services,Commercial & Residential Mortgage Finance
ACTG,Acacia Research Corp,Financials,Financial Services,Specialized Finance
ACVA,ACV Auctions Inc,Industrials,Commercial Services & Supplies,Diversified Support Services
AD,Array Digital Infrastructure Inc,Communication Services,Wireless Telecommunication Services,Wireless Telecommunication Services
ADAM,Adamas Trust Inc,Financials,Mortgage Real Estate Investment Trusts (REITs),Mortgage REITs
ADBE,Adobe Inc,Information Technology,Software,Application Software
ADC,Agree Realty Corp,Real Estate,Retail REITs,Retail REITs
ADCT,ADC Therapeutics SA,Health Care,Biotechnology,Biotechnology
ADEA,Adeia Inc,Information Technology,Software,Systems Software
ADI,Analog Devices Inc,Information Technology,Semiconductors & Semiconductor Equipment,Semiconductors
ADM,Archer-Daniels-Midland Co,Consumer Staples,Food Products,Agricultural Products & Services
ADMA,ADMA Biologics Inc,Health Care,Biotechnology,Biotechnology
ADNT,Adient PLC,Consumer Discretionary,Automobile Components,Automotive Parts & Equipment
ADP,Automatic Data Processing Inc,Industrials,Professional Services,Human Resource & Employment Services
ADPT,Adaptive Biotechnologies Corp,Health Care,Life Sciences Tools & Services,Life Sciences Tools & Services
ADSK,Autodesk Inc,Information Technology,Software,Application Software
ADT,ADT Inc,Consumer Discretionary,Diversified Consumer Services,Specialized Consumer Services
ADTN,ADTRAN Holdings Inc,Information Technology,Communications Equipment,Communications Equipment
ADUS,Addus Homecare Corp,Health Care,Health Care Providers & Services,Health Care Services
AEE,Ameren Corp,Utilities,Multi-Utilities,Multi-Utilities
AEG,Aegon Ltd,Financials,Insurance,Life & Health Insurance
AEHR,Aehr Test Systems,Information Technology,Semiconductors & Semiconductor Equipment,Semiconductor Materials & Equipment
AEIS,Advanced Energy Industries Inc,Information Technology,"Electronic Equipment, Instruments & Components",Electronic Equipment & Instruments
AEM,Agnico Eagle Mines Ltd,Materials,Metals & Mining,Gold
AEO,American Eagle Outfitters Inc,Consumer Discretionary,Specialty Retail,Apparel Retail
AEP,American Electric Power Company Inc,Utilities,Electric Utilities,Electric Utilities
AER,AerCap Holdings NV,Industrials,Trading Companies & Distributors,Trading Companies & Distributors
AES,AES Corp,Utilities,Independent Power & Renewable Electricity Producers,Independent Power Producers & Energy Traders
AESI,Atlas Energy Solutions Inc,Energy,Energy Equipment & Services,Oil & Gas Equipment & Services
AEVA,Aeva Technologies Inc,Information Technology,"Electronic Equipment, Instruments & Components",Electronic Equipment & Instruments
AEYE,AudioEye Inc,Information Technology,Software,Application Software
AFCG,Advanced Flower Capital Inc,Financials,Capital Markets,Asset Management & Custody Banks
AFG,American Financial Group Inc,Financials,Insurance,Property & Casualty Insurance
AFL,Aflac Inc,Financials,Insurance,Life & Health Insurance
AFRM,Affirm Holdings Inc,Financials,Financial Services,Transaction & Payment Processing Services
AFYA,Afya Ltd,Consumer Discretionary,Diversified Consumer Services,Education Services
AGCO,AGCO Corp,Industrials,Machinery,Agricultural & Farm Machinery
AGEN,Agenus Inc,Health Care,Biotechnology,Biotechnology
AGIO,Agios Pharmaceuticals Inc,Health Care,Biotechnology,Biotechnology
AGM,Federal Agricultural Mortgage Corp,Financials,Financial Services,Commercial & Residential Mortgage Finance
AGNC,AGNC Investment Corp,Financials,Mortgage Real Estate Investment Trusts (REITs),Mortgage REITs
AGO,Assured Guaranty Ltd,Financials,Insurance,Property & Casualty Insurance
AGRO,Adecoagro SA,Consumer Staples,Food Products,Packaged Foods & Meats
AGX,Argan Inc,Industrials,Construction & Engineering,Construction & Engineering
AGYS,Agilysys Inc,Information Technology,Software,Application Software
AHCO,Adapthealth Corp,Health Care,Health Care Providers & Services,Health Care Distributors
AHH,Armada Hoffler Properties Inc,Real Estate,Diversified REITs,Diversified REITs
AHR,American Healthcare REIT Inc,Real Estate,Health Care REITs,Health Care REITs
AI,C3.ai Inc,Information Technology,Software,Application Software
AIG,American International Group Inc,Financials,Insurance,Property & Casualty Insurance
AIN,Albany International Corp,Industrials,Machinery,Industrial Machinery & Supplies & Components
AIOT,PowerFleet Inc,Information Technology,"Electronic Equipment, Instruments & Components",Electronic Equipment & Instruments
AIP,Arteris Inc,Information Technology,Software,Systems Software
AIR,AAR Corp,Industrials,Aerospace & Defense,Aerospace & Defense
AIRG,Airgain Inc,Information Technology,"Electronic Equipment, Instruments & Components",Electronic Components
AIRJ,Airjoule Technologies Corp,Industrials,Machinery,Industrial Machinery & Supplies & Components
AIRO,AIRO Group Holdings Inc,Industrials,Aerospace & Defense,Aerospace & Defense
AIRS,AirSculpt Technologies Inc,Health Care,Health Care Providers & Services,Health Care Services
AISP,Airship AI Holdings Inc,Information Technology,Software,Systems Software
AIT,Applied Industrial Technologies Inc,Industrials,Trading Companies & Distributors,Trading Companies & Distributors
AIV,Apartment Investment and Management Co,Real Estate,Residential REITs,Multi-Family Residential REITs
AIZ,Assurant Inc,Financials,Insurance,Property & Casualty Insurance
AJG,Arthur J. Gallagher & Co.,Financials,Insurance,Insurance Brokers
AKAM,Akamai Technologies Inc,Information Technology,IT Services,Internet Services & Infrastructure
AKBA,Akebia Therapeutics Inc,Health Care,Biotechnology,Biotechnology
AKR,Acadia Realty Trust,Real Estate,Retail REITs,Retail REITs
AL,Air Lease Corp,Industrials,Trading Companies & Distributors,Trading Companies & Distributors
ALAB,Astera Labs Inc,Information Technology,Semiconductors & Semiconductor Equipment,Semiconductors
ALB,Albemarle Corp,Materials,Chemicals,Specialty Chemicals
ALDX,Aldeyra Therapeutics Inc,Health Care,Biotechnology,Biotechnology
ALEC,Alector Inc,Health Care,Biotechnology,Biotechnology
ALEX,Alexander & Baldwin Inc (Hawaii),Real Estate,Diversified REITs,Diversified REITs
ALG,Alamo Group Inc,Industrials,Machinery,Agricultural & Farm Machinery
ALGM,Allegro Microsystems Inc,Information Technology,Semiconductors & Semiconductor Equipment,Semiconductors
ALGN,Align Technology Inc,Health Care,Health Care Equipment & Supplies,Health Care Supplies
ALGT,Allegiant Travel Co,Industrials,Passenger Airlines,Passenger Airlines
ALH,Alliance Laundry Holdings Inc,Industrials,Machinery,Industrial Machinery & Supplies & Components
ALHC,Alignment Healthcare Inc,Health Care,Health Care Providers & Services,Managed Health Care
ALK,Alaska Air Group Inc,Industrials,Passenger Airlines,Passenger Airlines
ALKS,Alkermes Plc,Health Care,Biotechnology,Biotechnology
ALKT,Alkami Technology Inc,Information Technology,Software,Application Software
ALL,Allstate Corp,Financials,Insurance,Property & Casualty Insurance
ALLE,Allegion PLC,Industrials,Building Products,Building Products
ALLO,Allogene Therapeutics Inc,Health Care,Biotechnology,Biotechnology
ALLT,Allot Ltd,Information Technology,Software,Systems Software
ALMS,Alumis Inc,Health Care,Pharmaceuticals,Pharmaceuticals
ALMU,Aeluma Inc,Information Technology,Semiconductors & Semiconductor Equipment,Semiconductor Materials & Equipment
ALNT,Allient Inc,Industrials,Electrical Equipment,Electrical Components & Equipment
ALNY,Alnylam Pharmaceuticals Inc,Health Care,Biotechnology,Biotechnology
ALRM,Alarm.com Holdings Inc,Information Technology,Software,Application Software
ALRS,Alerus Financial Corp,Financials,Financial Services,Diversified Financial Services
ALSN,Allison Transmission Holdings Inc,Industrials,Machinery,Construction Machinery & Heavy Transportation Equipment
ALT,Altimmune Inc,Health Care,Biotechnology,Biotechnology
ALTG,Alta Equipment Group Inc,Industrials,Trading Companies & Distributors,Trading Companies & Distributors
ALTI,"AlTi Global, Inc",Financials,Capital Markets,Asset Management & Custody Banks
ALTO,Alto Ingredients Inc,Materials,Chemicals,Specialty Chemicals
ALTS,ALT5 Sigma Corp,Financials,Capital Markets,Financial Exchanges & Data
ALV,Autoliv Inc,Consumer Discretionary,Automobile Components,Automotive Parts & Equipment
ALXO,ALX Oncology Holdings Inc,Health Care,Biotechnology,Biotechnology
AM,Antero Midstream Corp,Energy,"Oil, Gas & Consumable Fuels",Oil & Gas Storage & Transportation
AMAL,Amalgamated Financial Corp,Financials,Banks,Regional Banks
AMAT,Applied Materials Inc,Information Technology,Semiconductors & Semiconductor Equipment,Semiconductor Materials & Equipment
AMBA,Ambarella Inc,Information Technology,Semiconductors & Semiconductor Equipment,Semiconductors
AMBP,Ardagh Metal Packaging SA,Materials,Containers & Packaging,"Metal, Glass & Plastic Containers"
AMBQ,Ambiq Micro Inc,Information Technology,Semiconductors & Semiconductor Equipment,Semiconductors
AMBR,Amber International Holding Ltd,Communication Services,Media,Advertising
AMC,AMC Entertainment Holdings Inc,Communication Services,Entertainment,Movies & Entertainment
AMCR,Amcor PLC,Materials,Containers & Packaging,Paper & Plastic Packaging Products & Materials
AMCX,Amc Networks Inc (Nevada),Communication Services,Media,Broadcasting
AMD,Advanced Micro Devices Inc,Information Technology,Semiconductors & Semiconductor Equipment,Semiconductors
AME,AMETEK Inc,Industrials,Electrical Equipment,Electrical Components & Equipment
AMG,Affiliated Managers Group Inc,Financials,Capital Markets,Asset Management & Custody Banks
AMGN,Amgen Inc,Health Care,Biotechnology,Biotechnology
AMH,American Homes 4 Rent,Real Estate,Residential REITs,Single-Family Residential REITs
AMKR,Amkor Technology Inc,Information Technology,Semiconductors & Semiconductor Equipment,Semiconductor Materials & Equipment
AMLX,Amylyx Pharmaceuticals Inc,Health Care,Pharmaceuticals,Pharmaceuticals
AMN,AMN Healthcare Services Inc,Health Care,Health Care Providers & Services,Health Care Services
AMP,Ameriprise Financial Inc,Financials,Capital Markets,Asset Management & Custody Banks
AMPG,Amplitech Group Inc,Information Technology,"Electronic Equipment, Instruments & Components",Electronic Components
AMPH,Amphastar Pharmaceuticals Inc,Health Care,Pharmaceuticals,Pharmaceuticals
AMPL,Amplitude Inc,Information Technology,Software,Application Software
AMPX,Amprius Technologies Inc,Industrials,Electrical Equipment,Electrical Components & Equipment
AMPY,Amplify Energy Corp,Energy,"Oil, Gas & Consumable Fuels",Oil & Gas Exploration & Production
AMR,Alpha Metallurgical Resources Inc,Materials,Metals & Mining,Steel
AMRC,Ameresco Inc,Industrials,Construction & Engineering,Construction & Engineering
AMRN,Amarin Corporation PLC,Health Care,Biotechnology,Biotechnology
AMRX,Amneal Pharmaceuticals Inc,Health Care,Pharmaceuticals,Pharmaceuticals
AMRZ,Amrize AG,Materials,Construction Materials,Construction Materials
AMSC,American Superconductor Corp,Industrials,Electrical Equipment,Electrical Components & Equipment
AMSF,Amerisafe Inc,Financials,Insurance,Property & Casualty Insurance
AMT,American Tower Corp,Real Estate,Specialized REITs,Telecom Tower REITs
AMTB,Amerant Bancorp Inc,Financials,Banks,Regional Banks
AMTM,Amentum Holdings Inc,Industrials,Professional Services,Research & Consulting Services
AMTX,Aemetis Inc,Energy,"Oil, Gas & Consumable Fuels",Oil & Gas Refining & Marketing
AMWD,American Woodmark Corp,Industrials,Building Products,Building Products
AMWL,American Well Corp,Health Care,Health Care Technology,Health Care Technology
AMX,America Movil SAB de CV,Communication Services,Wireless Telecommunication Services,Wireless Telecommunication Services
AMZN,Amazon.com Inc,Consumer Discretionary,Broadline Retail,Broadline Retail
AN,AutoNation Inc,Consumer Discretionary,Specialty Retail,Automotive Retail
ANAB,AnaptysBio Inc,Health Care,Biotechnology,Biotechnology
ANDE,Andersons Inc,Consumer Staples,Consumer Staples Distribution & Retail,Food Distributors
ANET,Arista Networks Inc,Information Technology,Communications Equipment,Communications Equipment
ANF,Abercrombie & Fitch Co,Consumer Discretionary,Specialty Retail,Apparel Retail
ANGI,Angi Inc,Communication Services,Interactive Media & Services,Interactive Media & Services
ANGO,AngioDynamics Inc,Health Care,Health Care Equipment & Supplies,Health Care Equipment
ANGX,Angel Studios Inc,Communication Services,Entertainment,Movies & Entertainment
ANIK,Anika Therapeutics Inc,Health Care,Biotechnology,Biotechnology
ANIP,ANI Pharmaceuticals Inc,Health Care,Pharmaceuticals,Pharmaceuticals
ANIX,Anixa Biosciences Inc,Health Care,Biotechnology,Biotechnology
ANNX,Annexon Inc,Health Care,Biotechnology,Biotechnology
ANRO,Alto Neuroscience Inc,Health Care,Pharmaceuticals,Pharmaceuticals
ANVS,Annovis Bio Inc,Health Care,Biotechnology,Biotechnology
ANY,Sphere 3D Corp,Information Technology,Software,Application Software
AON,Aon PLC,Financials,Insurance,Insurance Brokers
AORT,Artivion Inc,Health Care,Health Care Equipment & Supplies,Health Care Equipment
AOS,A O Smith Corp,Industrials,Building Products,Building Products
AOSL,Alpha and Omega Semiconductor Ltd,Information Technology,Semiconductors & Semiconductor Equipment,Semiconductors
AOUT,American Outdoor Brands Inc,Consumer Discretionary,Leisure Products,Leisure Products
AP,Ampco-Pittsburgh Corp,Materials,Metals & Mining,Steel
APA,APA Corp (US),Energy,"Oil, Gas & Consumable Fuels",Oil & Gas Exploration & Production
APAM,Artisan Partners Asset Management Inc,Financials,Capital Markets,Asset Management & Custody Banks
APD,Air Products and Chemicals Inc,Materials,Chemicals,Industrial Gases
APEI,American Public Education Inc,Consumer Discretionary,Diversified Consumer Services,Education Services
APG,APi Group Corp,Industrials,Construction & Engineering,Construction & Engineering
APGE,Apogee Therapeutics Inc,Health Care,Biotechnology,Biotechnology
APH,Amphenol Corp,Information Technology,"Electronic Equipment, Instruments & Components",Electronic Components
API,Agora Inc,Information Technology,Software,Application Software
APLD,Applied Digital Corp,Information Technology,IT Services,Internet Services & Infrastructure
APLE,Apple Hospitality REIT Inc,Real Estate,Hotel & Resort REITs,Hotel & Resort REITs
APLS,Apellis Pharmaceuticals Inc,Health Care,Biotechnology,Biotechnology
APO,Apollo Global Management Inc,Financials,Financial Services,Diversified Financial Services
APOG,Apogee Enterprises Inc,Industrials,Building Products,Building Products
APP,Applovin Corp,Information Technology,Software,Application Software
APPF,Appfolio Inc,Information Technology,Software,Application Software
APPN,Appian Corp,Information Technology,Software,Systems Software
APPS,Digital Turbine Inc,Information Technology,Software,Application Software
APTV,Aptiv PLC,Consumer Discretionary,Automobile Components,Automotive Parts & Equipment
APYX,Apyx Medical Corp,Health Care,Health Care Equipment & Supplies,Health Care Equipment
AQST,Aquestive Therapeutics Inc,Health Care,Pharmaceuticals,Pharmaceuticals
AR,Antero Resources Corp,Energy,"Oil, Gas & Consumable Fuels",Oil & Gas Exploration & Production
ARBE,Arbe Robotics Ltd,Information Technology,"Electronic Equipment, Instruments & Components",Electronic Equipment & Instruments
ARCB,ArcBest Corp,Industrials,Ground Transportation,Cargo Ground Transportation
ARCC,Ares Capital Corp,Financials,Capital Markets,Asset Management & Custody Banks
ARCO,Arcos Dorados Holdings Inc,Consumer Discretionary,"Hotels, Restaurants & Leisure",Restaurants
ARCT,Arcturus Therapeutics Holdings Inc,Health Care,Biotechnology,Biotechnology
ARDT,Ardent Health Inc,Health Care,Health Care Providers & Services,Health Care Facilities
ARDX,Ardelyx Inc,Health Care,Biotechnology,Biotechnology
ARE,Alexandria Real Estate Equities Inc,Real Estate,Health Care REITs,Health Care REITs
AREC,American Resources Corp,Energy,"Oil, Gas & Consumable Fuels",Coal & Consumable Fuels
AREN,Arena Group Holdings Inc,Communication Services,Interactive Media & Services,Interactive Media & Services
ARES,Ares Management Corp,Financials,Capital Markets,Asset Management & Custody Banks
ARGX,argenx SE,Health Care,Biotechnology,Biotechnology
ARHS,Arhaus Inc,Consumer Discretionary,Specialty Retail,Homefurnishing Retail
ARI,Apollo Commercial Real Estate Finance Inc,Financials,Mortgage Real Estate Investment Trusts (REITs),Mortgage REITs
ARKO,Arko Corp.,Consumer Discretionary,Specialty Retail,Automotive Retail
ARLO,Arlo Technologies Inc,Information Technology,"Electronic Equipment, Instruments & Components",Electronic Equipment & Instruments
ARLP,Alliance Resource Partners LP,Energy,"Oil, Gas & Consumable Fuels",Coal & Consumable Fuels
ARM,Arm Holdings PLC,Information Technology,Semiconductors & Semiconductor Equipment,Semiconductors
ARMK,Aramark,Consumer Discretionary,"Hotels, Restaurants & Leisure",Restaurants
ARMP,Armata Pharmaceuticals Inc,Health Care,Biotechnology,Biotechnology
AROC,Archrock Inc,Energy,Energy Equipment & Services,Oil & Gas Equipment & Services
AROW,Arrow Financial Corp,Financials,Banks,Regional Banks
ARQ,Arq Inc,Materials,Chemicals,Specialty Chemicals
ARQQ,Arqit Quantum Inc,Information Technology,Software,Application Software
ARQT,Arcutis Biotherapeutics Inc,Health Care,Biotechnology,Biotechnology
ARR,ARMOUR Residential REIT Inc,Financials,Mortgage Real Estate Investment Trusts (REITs),Mortgage REITs
ARRY,Array Technologies Inc,Industrials,Electrical Equipment,Electrical Components & Equipment
ARVN,Arvinas Inc,Health Care,Pharmaceuticals,Pharmaceuticals
ARW,Arrow Electronics Inc,Information Technology,"Electronic Equipment, Instruments & Components",Technology Distributors
ARWR,Arrowhead Pharmaceuticals Inc,Health Care,Biotechnology,Biotechnology
ARX,Accelerant Holdings,Financials,Insurance,Insurance Brokers
AS,Amer Sports Inc,Consumer Discretionary,"Textiles, Apparel & Luxury Goods","Apparel, Accessories & Luxury Goods"
ASAN,Asana Inc,Information Technology,Software,Application Software
ASB,Associated Banc-Corp,Financials,Banks,Regional Banks
ASC,Ardmore Shipping Corp,Energy,"Oil, Gas & Consumable Fuels",Oil & Gas Storage & Transportation
ASGN,ASGN Inc,Information Technology,IT Services,IT Consulting & Other Services
ASH,Ashland Inc,Materials,Chemicals,Specialty Chemicals
ASIX,AdvanSix Inc,Materials,Chemicals,Commodity Chemicals
ASLE,AerSale Corp,Industrials,Aerospace & Defense,Aerospace & Defense
ASMB,Assembly Biosciences Inc,Health Care,Biotechnology,Biotechnology
ASML,ASML Holding NV,Information Technology,Semiconductors & Semiconductor Equipment,Semiconductor Materials & Equipment
ASND,Ascendis Pharma A/S,Health Care,Biotechnology,Biotechnology
ASO,Academy Sports and Outdoors Inc,Consumer Discretionary,Specialty Retail,Other Specialty Retail
ASPI,ASP Isotopes Inc,Materials,Chemicals,Specialty Chemicals
ASPN,Aspen Aerogels Inc,Materials,Chemicals,Specialty Chemicals
ASR,Grupo Aeroportuario del Sureste SAB de CV,Industrials,Transportation Infrastructure,Airport Services
ASST,Strive Inc,Financials,Capital Markets,Asset Management & Custody Banks
ASTE,Astec Industries Inc,Industrials,Machinery,Construction Machinery & Heavy Transportation Equipment
ASTH,Astrana Health Inc,Health Care,Health Care Providers & Services,Health Care Services
ASTL,Algoma Steel Group Inc,Materials,Metals & Mining,Steel
ASTS,AST SpaceMobile Inc,Communication Services,Diversified Telecommunication Services,Alternative Carriers
ASUR,Asure Software Inc,Industrials,Professional Services,Human Resource & Employment Services
ASX,ASE Technology Holding Co Ltd,Information Technology,Semiconductors & Semiconductor Equipment,Semiconductors
ASYS,Amtech Systems Inc,Information Technology,Semiconductors & Semiconductor Equipment,Semiconductor Materials & Equipment
ATAI,AtaiBeckley Inc,Health Care,Pharmaceuticals,Pharmaceuticals
ATAT,Atour Lifestyle Holdings Ltd,Consumer Discretionary,"Hotels, Restaurants & Leisure","Hotels, Resorts & Cruise Lines"
ATEC,Alphatec Holdings Inc,Health Care,Health Care Equipment & Supplies,Health Care Equipment
ATEN,A10 Networks Inc,Information Technology,Software,Systems Software
ATEX,Anterix Inc,Communication Services,Diversified Telecommunication Services,Alternative Carriers
ATHM,Autohome Inc,Communication Services,Interactive Media & Services,Interactive Media & Services
ATI,ATI Inc,Industrials,Aerospace & Defense,Aerospace & Defense
ATKR,Atkore Inc,Industrials,Electrical Equipment,Electrical Components & Equipment
ATLX,Atlas Lithium Corp,Materials,Metals & Mining,Precious Metals & Minerals
ATMU,Atmus Filtration Technologies Inc,Industrials,Machinery,Construction Machinery & Heavy Transportation Equipment
ATNI,ATN International Inc,Communication Services,Diversified Telecommunication Services,Integrated Telecommunication Services
ATNM,Actinium Pharmaceuticals Inc,Health Care,Biotechnology,Biotechnology
ATO,Atmos Energy Corp,Utilities,Gas Utilities,Gas Utilities
ATOM,Atomera Inc,Information Technology,Semiconductors & Semiconductor Equipment,Semiconductor Materials & Equipment
ATOS,Atossa Therapeutics Inc,Health Care,Biotechnology,Biotechnology
ATR,Aptargroup Inc,Materials,Containers & Packaging,"Metal, Glass & Plastic Containers"
ATRC,AtriCure Inc,Health Care,Health Care Equipment & Supplies,Health Care Equipment
ATRO,Astronics Corp,Industrials,Aerospace & Defense,Aerospace & Defense
ATYR,aTyr Pharma Inc,Health Care,Biotechnology,Biotechnology
AU,Anglogold Ashanti PLC,Materials,Metals & Mining,Gold
AUB,Atlantic Union Bankshares Corp,Financials,Banks,Regional Banks
AUDC,AudioCodes Ltd,Information Technology,Communications Equipment,Communications Equipment
AUGO,Aura Minerals Inc,Materials,Metals & Mining,Gold
AUPH,Aurinia Pharmaceuticals Inc,Health Care,Biotechnology,Biotechnology
AUR,Aurora Innovation Inc,Information Technology,Software,Application Software
AURA,Aura Biosciences Inc,Health Care,Biotechnology,Biotechnology
AUTL,Autolus Therapeutics PLC,Health Care,Biotechnology,Biotechnology
AVA,Avista Corp,Utilities,Multi-Utilities,Multi-Utilities
AVAH,Aveanna Healthcare Holdings Inc,Health Care,Health Care Providers & Services,Health Care Services
AVAV,AeroVironment Inc,Industrials,Aerospace & Defense,Aerospace & Defense
AVB,AvalonBay Communities Inc,Real Estate,Residential REITs,Multi-Family Residential REITs
AVBP,ArriVent BioPharma Inc,Health Care,Biotechnology,Biotechnology
AVD,American Vanguard Corp,Materials,Chemicals,Fertilizers & Agricultural Chemicals
AVGO,Broadcom Inc,Information Technology,Semiconductors & Semiconductor Equipment,Semiconductors
AVIR,Atea Pharmaceuticals Inc,Health Care,Pharmaceuticals,Pharmaceuticals
AVNS,Avanos Medical Inc,Health Care,Health Care Equipment & Supplies,Health Care Supplies
AVNT,Avient Corp,Materials,Chemicals,Specialty Chemicals
AVNW,Aviat Networks Inc,Information Technology,Communications Equipment,Communications Equipment
AVO,Mission Produce Inc,Consumer Staples,Food Products,Packaged Foods & Meats
AVPT,AvePoint Inc,Information Technology,Software,Application Software
AVR,Anteris Technologies Global Corp,Health Care,Health Care Equipment & Supplies,Health Care Equipment
AVT,Avnet Inc,Information Technology,"Electronic Equipment, Instruments & Components",Technology Distributors
AVTR,Avantor Inc,Health Care,Life Sciences Tools & Services,Life Sciences Tools & Services
AVTX,Avalo Therapeutics Inc,Health Care,Biotechnology,Biotechnology
AVXL,Anavex Life Sciences Corp,Health Care,Biotechnology,Biotechnology
AVY,Avery Dennison Corp,Materials,Containers & Packaging,Paper & Plastic Packaging Products & Materials
AWI,Armstrong World Industries Inc,Industrials,Building Products,Building Products
AWK,American Water Works Co Inc,Utilities,Water Utilities,Water Utilities
AWR,American States Water Co,Utilities,Water Utilities,Water Utilities
AX,Axos Financial Inc,Financials,Banks,Regional Banks
AXGN,AxoGen Inc,Health Care,Health Care Equipment & Supplies,Health Care Equipment
AXON,Axon Enterprise Inc,Industrials,Aerospace & Defense,Aerospace & Defense
AXP,American Express Co,Financials,Consumer Finance,Consumer Finance
AXS,AXIS Capital Holdings Ltd,Financials,Insurance,Property & Casualty Insurance
AXSM,Axsome Therapeutics Inc,Health Care,Pharmaceuticals,Pharmaceuticals
AXTA,Axalta Coating Systems Ltd,Materials,Chemicals,Specialty Chemicals
AXTI,AXT Inc,Information Technology,Semiconductors & Semiconductor Equipment,Semiconductor Materials & Equipment
AYI,Acuity Inc,Industrials,Electrical Equipment,Electrical Components & Equipment
AZ,A2Z Cust2Mate Solutions Corp,Industrials,Aerospace & Defense,Aerospace & Defense
AZN,AstraZeneca PLC,Health Care,Pharmaceuticals,Pharmaceuticals
AZO,Autozone Inc,Consumer Discretionary,Specialty Retail,Automotive Retail
AZTA,Azenta Inc,Health Care,Life Sciences Tools & Services,Life Sciences Tools & Services
AZZ,AZZ Inc,Industrials,Building Products,Building Products
B,Barrick Mining Corp,Materials,Metals & Mining,Gold
BA,Boeing Co,Industrials,Aerospace & Defense,Aerospace & Defense
BABA,Alibaba Group Holding Ltd,Consumer Discretionary,Broadline Retail,Broadline Retail
BAC,Bank of America Corp,Financials,Banks,Diversified Banks
BAH,Booz Allen Hamilton Holding Corp,Industrials,Professional Services,Research & Consulting Services
BALL,Ball Corp,Materials,Containers & Packaging,"Metal, Glass & Plastic Containers"
BAM,BROOKFIELD ASSET MANAGEMENT LTD,Financials,Capital Markets,Asset Management & Custody Banks
BANC,Banc of California Inc,Financials,Banks,Regional Banks
BAND,Bandwidth Inc,Communication Services,Diversified Telecommunication Services,Alternative Carriers
BANF,BancFirst Corp,Financials,Banks,Regional Banks
BANR,Banner Corp,Financials,Banks,Regional Banks
BANX,ArrowMark Financial Corp,Financials,Capital Markets,Asset Management & Custody Banks
BAP,Credicorp Ltd,Financials,Banks,Diversified Banks
BATRA,Atlanta Braves Holdings Inc,Communication Services,Entertainment,Movies & Entertainment
BAX,Baxter International Inc,Health Care,Health Care Equipment & Supplies,Health Care Equipment
BB,BlackBerry Ltd,Information Technology,Software,Systems Software
BBAI,BigBear.ai Holdings Inc,Information Technology,IT Services,IT Consulting & Other Services
BBAR,Banco BBVA Argentina SA,Financials,Banks,Diversified Banks
BBBY,Bed Bath & Beyond Inc,Consumer Discretionary,Specialty Retail,Homefurnishing Retail
BBCP,Concrete Pumping Holdings Inc,Industrials,Construction & Engineering,Construction & Engineering
BBD,Banco Bradesco SA,Financials,Banks,Diversified Banks
BBDC,Barings BDC Inc,Financials,Capital Markets,Asset Management & Custody Banks
BBIO,BridgeBio Pharma Inc,Health Care,Biotechnology,Biotechnology
BBNX,Beta Bionics Inc,Health Care,Health Care Equipment & Supplies,Health Care Equipment
BBSI,Barrett Business Services Inc,Industrials,Professional Services,Human Resource & Employment Services
BBT,Beacon Financial Corp,Financials,Banks,Regional Banks
BBVA,Banco Bilbao Vizcaya Argentaria SA,Financials,Banks,Diversified Banks
BBW,Build-A-Bear Workshop Inc,Consumer Discretionary,Specialty Retail,Other Specialty Retail
BBWI,Bath & Body Works Inc,Consumer Discretionary,Specialty Retail,Other Specialty Retail
BBY,Best Buy Co Inc,Consumer Discretionary,Specialty Retail,Computer & Electronics Retail
BC,Brunswick Corp,Consumer Discretionary,Leisure Products,Leisure Products
BCAX,Bicara Therapeutics Inc,Health Care,Biotechnology,Biotechnology
BCBP,BCB Bancorp Inc,Financials,Banks,Regional Banks
BCC,Boise Cascade Co,Industrials,Trading Companies & Distributors,Trading Companies & Distributors
BCE,BCE Inc,Communication Services,Diversified Telecommunication Services,Integrated Telecommunication Services
BCH,Banco de Chile,Financials,Banks,Diversified Banks
BCIC,BCP Investment Corp,Financials,Capital Markets,Asset Management & Custody Banks
BCO,Brinks Co,Industrials,Commercial Services & Supplies,Security & Alarm Services
BCPC,Balchem Corp,Materials,Chemicals,Specialty Chemicals
BCRX,BioCryst Pharmaceuticals Inc,Health Care,Biotechnology,Biotechnology
BCS,Barclays PLC,Financials,Banks,Diversified Banks
BCSF,Bain Capital Specialty Finance Inc,Financials,Capital Markets,Asset Management & Custody Banks
BCYC,Bicycle Therapeutics PLC,Health Care,Biotechnology,Biotechnology
BDC,Belden Inc,Information Technology,"Electronic Equipment, Instruments & Components",Electronic Components
BDN,Brandywine Realty Trust,Real Estate,Office REITs,Office REITs
BDSX,Biodesix Inc,Health Care,Health Care Providers & Services,Health Care Services
BDTX,Black Diamond Therapeutics Inc,Health Care,Biotechnology,Biotechnology
BDX,Becton Dickinson and Co,Health Care,Health Care Equipment & Supplies,Health Care Equipment
BE,Bloom Energy Corp,Industrials,Electrical Equipment,Heavy Electrical Equipment
BEAM,Beam Therapeutics Inc,Health Care,Biotechnology,Biotechnology
BEEM,Beam Global,Industrials,Electrical Equipment,Electrical Components & Equipment
BEKE,Ke Holdings Inc,Real Estate,Real Estate Management & Development,Real Estate Services
BEN,Franklin Resources Inc,Financials,Capital Markets,Asset Management & Custody Banks
BEPC,Brookfield Renewable Corp,Utilities,Independent Power & Renewable Electricity Producers,Renewable Electricity
BETA,BETA Technologies Inc,Industrials,Aerospace & Defense,Aerospace & Defense
BETR,Better Home & Finance Holding Co,Financials,Financial Services,Commercial & Residential Mortgage Finance
BF-B,Brown-Forman Corp,Consumer Staples,Beverages,Distillers & Vintners
BFAM,Bright Horizons Family Solutions Inc,Consumer Discretionary,Diversified Consumer Services,Education Services
BFH,Bread Financial Holdings Inc,Financials,Consumer Finance,Consumer Finance
BFLY,Butterfly Network Inc,Health Care,Health Care Equipment & Supplies,Health Care Equipment
BFS,Saul Centers Inc,Real Estate,Retail REITs,Retail REITs
BFST,Business First Bancshares Inc,Financials,Banks,Regional Banks
BG,Bunge Global SA,Consumer Staples,Food Products,Agricultural Products & Services
BGC,Bgc Group Inc,Financials,Capital Markets,Investment Banking & Brokerage
BGS,B&G Foods Inc,Consumer Staples,Food Products,Packaged Foods & Meats
BHB,Bar Harbor Bankshares,Financials,Banks,Regional Banks
BHC,Bausch Health Companies Inc,Health Care,Pharmaceuticals,Pharmaceuticals
BHE,Benchmark Electronics Inc,Information Technology,"Electronic Equipment, Instruments & Components",Electronic Manufacturing Services
BHF,Brighthouse Financial Inc,Financials,Insurance,Life & Health Insurance
BHP,BHP Group Ltd,Materials,Metals & Mining,Diversified Metals & Mining
BHR,Braemar Hotels & Resorts Inc,Real Estate,Hotel & Resort REITs,Hotel & Resort REITs
BHVN,Biohaven Ltd,Health Care,Biotechnology,Biotechnology
BIDU,Baidu Inc,Communication Services,Interactive Media & Services,Interactive Media & Services
BIIB,Biogen Inc,Health Care,Biotechnology,Biotechnology
BILI,Bilibili Inc,Communication Services,Interactive Media & Services,Interactive Media & Services
BILL,BILL Holdings Inc,Information Technology,Software,Application Software
BIO,Bio Rad Laboratories Inc,Health Care,Life Sciences Tools & Services,Life Sciences Tools & Services
BIOA,BIOAGE Labs Inc,Health Care,Pharmaceuticals,Pharmaceuticals
BIP,Brookfield Infrastructure Partners LP,Utilities,Multi-Utilities,Multi-Utilities
BIPC,Brookfield Infrastructure Corp,Utilities,Gas Utilities,Gas Utilities
BIRK,Birkenstock Holding PLC,Consumer Discretionary,"Textiles, Apparel & Luxury Goods",Footwear
BJ,BJ's Wholesale Club Holdings Inc,Consumer Staples,Consumer Staples Distribution & Retail,Consumer Staples Merchandise Retail
BJRI,BJ's Restaurants Inc,Consumer Discretionary,"Hotels, Restaurants & Leisure",Restaurants
BK,Bank of New York Mellon Corp,Financials,Capital Markets,Asset Management & Custody Banks
BKD,Brookdale Senior Living Inc,Health Care,Health Care Providers & Services,Health Care Facilities
BKE,Buckle Inc,Consumer Discretionary,Specialty Retail,Apparel Retail
BKH,Black Hills Corp,Utilities,Multi-Utilities,Multi-Utilities
BKKT,Bakkt Holdings Inc,Financials,Capital Markets,Financial Exchanges & Data
BKNG,Booking Holdings Inc,Consumer Discretionary,"Hotels, Restaurants & Leisure","Hotels, Resorts & Cruise Lines"
BKR,Baker Hughes Co,Energy,Energy Equipment & Services,Oil & Gas Equipment & Services
BKSY,Blacksky Technology Inc,Industrials,Professional Services,Research & Consulting Services
BKU,BankUnited Inc,Financials,Banks,Regional Banks
BKV,BKV Corp,Energy,"Oil, Gas & Consumable Fuels",Oil & Gas Exploration & Production
BL,BlackLine Inc,Information Technology,Software,Application Software
BLBD,Blue Bird Corp,Industrials,Machinery,Construction Machinery & Heavy Transportation Equipment
BLCO,Bausch + Lomb Corp,Health Care,Health Care Equipment & Supplies,Health Care Supplies
BLD,TopBuild Corp,Consumer Discretionary,Household Durables,Homebuilding
BLDP,Ballard Power Systems Inc,Industrials,Electrical Equipment,Electrical Components & Equipment
BLDR,Builders FirstSource Inc,Industrials,Building Products,Building Products
BLFS,BioLife Solutions Inc,Health Care,Life Sciences Tools & Services,Life Sciences Tools & Services
BLFY,Blue Foundry Bancorp,Financials,Banks,Regional Banks
BLK,BlackRock Inc,Financials,Capital Markets,Asset Management & Custody Banks
BLKB,Blackbaud Inc,Information Technology,Software,Application Software
BLLN,BillionToOne Inc,Health Care,Health Care Providers & Services,Health Care Services
BLMN,Bloomin' Brands Inc,Consumer Discretionary,"Hotels, Restaurants & Leisure",Restaurants
BLND,Blend Labs Inc,Information Technology,Software,Application Software
BLSH,Bullish,Financials,Capital Markets,Financial Exchanges & Data
BLX,Foreign Trade Bank of Latin America Inc,Financials,Financial Services,Specialized Finance
BLZE,Backblaze Inc,Information Technology,IT Services,Internet Services & Infrastructure
BMA,Banco Macro SA,Financials,Banks,Diversified Banks
BMBL,Bumble Inc,Communication Services,Interactive Media & Services,Interactive Media & Services
BMEA,Biomea Fusion Inc,Health Care,Biotechnology,Biotechnology
BMI,Badger Meter Inc,Information Technology,"Electronic Equipment, Instruments & Components",Electronic Equipment & Instruments
BMNR,Bitmine Immersion Technologies Inc,Information Technology,Software,Application Software
BMO,Bank of Montreal,Financials,Banks,Diversified Banks
BMRC,Bank of Marin Bancorp,Financials,Banks,Regional Banks
BMRN,BioMarin Pharmaceutical Inc,Health Care,Biotechnology,Biotechnology
BMY,Bristol-Myers Squibb Co,Health Care,Pharmaceuticals,Pharmaceuticals
BN,Brookfield Corp,Financials,Capital Markets,Asset Management & Custody Banks
BNC,CEA Industries Inc,Industrials,Building Products,Building Products
BNED,Barnes & Noble Education Inc,Consumer Discretionary,Specialty Retail,Other Specialty Retail
BNKK,Bonk Inc,Consumer Staples,Personal Care Products,Personal Care Products
BNL,Broadstone Net Lease Inc,Real Estate,Diversified REITs,Diversified REITs
BNS,Bank of Nova Scotia,Financials,Banks,Diversified Banks
BNTC,Benitec Biopharma Inc,Health Care,Biotechnology,Biotechnology
BNTX,Biontech SE,Health Care,Biotechnology,Biotechnology
BOC,Boston Omaha Corp,Communication Services,Media,Advertising
BOH,Bank of Hawaii Corp,Financials,Banks,Regional Banks
BOKF,BOK Financial Corp,Financials,Banks,Regional Banks
BOOM,DMC Global Inc,Energy,Energy Equipment & Services,Oil & Gas Equipment & Services
BOOT,Boot Barn Holdings Inc,Consumer Discretionary,Specialty Retail,Apparel Retail
BORR,Borr Drilling Ltd,Energy,Energy Equipment & Services,Oil & Gas Drilling
BOX,Box Inc,Information Technology,Software,Application Software
BP,BP PLC,Energy,"Oil, Gas & Consumable Fuels",Integrated Oil & Gas
BPOP,Popular Inc,Financials,Banks,Regional Banks
BR,Broadridge Financial Solutions Inc,Industrials,Professional Services,Data Processing & Outsourced Services
BRBR,Bellring Brands Inc,Consumer Staples,Personal Care Products,Personal Care Products
BRBS,Blue Ridge Bankshares Inc,Financials,Banks,Regional Banks
BRC,Brady Corp,Industrials,Commercial Services & Supplies,Commercial Printing
BRCB,Black Rock Coffee Bar Inc,Consumer Discretionary,"Hotels, Restaurants & Leisure",Restaurants
BRKR,Bruker Corp,Health Care,Life Sciences Tools & Services,Life Sciences Tools & Services
BRLT,Brilliant Earth Group Inc,Consumer Discretionary,Specialty Retail,Other Specialty Retail
BRO,Brown & Brown Inc,Financials,Insurance,Insurance Brokers
BROS,Dutch Bros Inc,Consumer Discretionary,"Hotels, Restaurants & Leisure",Restaurants
BRR,ProCap Financial Inc,Financials,Capital Markets,Financial Exchanges & Data
BRSL,Brightstar Lottery PLC,Consumer Discretionary,"Hotels, Restaurants & Leisure",Casinos & Gaming
BRSP,Brightspire Capital Inc,Financials,Mortgage Real Estate Investment Trusts (REITs),Mortgage REITs
BRX,Brixmor Property Group Inc,Real Estate,Retail REITs,Retail REITs
BRZE,Braze Inc,Information Technology,Software,Application Software
BSAC,Banco Santander Chile,Financials,Banks,Diversified Banks
BSBR,Banco Santander Brasil SA,Financials,Banks,Diversified Banks
BSM,Black Stone Minerals LP,Energy,"Oil, Gas & Consumable Fuels",Oil & Gas Exploration & Production
BSRR,Sierra Bancorp,Financials,Banks,Regional Banks
BSX,Boston Scientific Corp,Health Care,Health Care Equipment & Supplies,Health Care Equipment
BSY,Bentley Systems Inc,Information Technology,Software,Application Software
BTBT,Bit Digital Inc,Information Technology,Software,Application Software
BTCS,BTCS Inc,Information Technology,Software,Application Software
BTDR,Bitdeer Technologies Group,Information Technology,Software,Application Software
BTI,British American Tobacco plc,Consumer Staples,Tobacco,Tobacco
BTM,Bitcoin Depot Inc,Industrials,Commercial Services & Supplies,Diversified Support Services
BTSG,Brightspring Health Services Inc,Health Care,Health Care Providers & Services,Health Care Services
BTU,Peabody Energy Corp,Energy,"Oil, Gas & Consumable Fuels",Coal & Consumable Fuels
BUD,Anheuser-Busch Inbev SA,Consumer Staples,Beverages,Brewers
BULL,Webull Corp,Financials,Capital Markets,Investment Banking & Brokerage
BURL,Burlington Stores Inc,Consumer Discretionary,Specialty Retail,Apparel Retail
BUSE,First Busey Corp,Financials,Banks,Regional Banks
BV,Brightview Holdings Inc,Industrials,Commercial Services & Supplies,Environmental & Facilities Services
BVN,Compania de Minas Buenaventura SAA,Materials,Metals & Mining,Diversified Metals & Mining
BVS,Bioventus Inc,Health Care,Health Care Equipment & Supplies,Health Care Supplies
BW,Babcock & Wilcox Enterprises Inc,Industrials,Electrical Equipment,Heavy Electrical Equipment
BWA,Borgwarner Inc,Consumer Discretionary,Automobile Components,Automotive Parts & Equipment
BWAY,Brainsway Ltd,Health Care,Health Care Equipment & Supplies,Health Care Equipment
BWB,Bridgewater Bancshares Inc,Financials,Banks,Regional Banks
BWEN,Broadwind Inc,Industrials,Electrical Equipment,Heavy Electrical Equipment
BWIN,Baldwin Insurance Group Inc,Financials,Insurance,Insurance Brokers
BWMN,Bowman Consulting Group Ltd,Industrials,Construction & Engineering,Construction & Engineering
BWMX,Betterware de Mexico SAPI de CV,Consumer Discretionary,Specialty Retail,Home Improvement Retail
BWXT,BWX Technologies Inc,Industrials,Aerospace & Defense,Aerospace & Defense
BX,Blackstone Inc,Financials,Capital Markets,Asset Management & Custody Banks
BXC,Bluelinx Holdings Inc,Industrials,Trading Companies & Distributors,Trading Companies & Distributors
BXMT,Blackstone Mortgage Trust Inc,Financials,Mortgage Real Estate Investment Trusts (REITs),Mortgage REITs
BXP,BXP Inc,Real Estate,Office REITs,Office REITs
BXSL,Blackstone Secured Lending Fund,Financials,Capital Markets,Asset Management & Custody Banks
BY,Byline Bancorp Inc,Financials,Banks,Regional Banks
BYD,Boyd Gaming Corp,Consumer Discretionary,"Hotels, Restaurants & Leisure",Casinos & Gaming
BYRN,Byrna Technologies Inc,Industrials,Aerospace & Defense,Aerospace & Defense
BZ,Kanzhun Ltd,Industrials,Professional Services,Human Resource & Employment Services
BZAI,Blaize Holdings Inc,Information Technology,Semiconductors & Semiconductor Equipment,Semiconductors
BZH,Beazer Homes USA Inc,Consumer Discretionary,Household Durables,Homebuilding
BZUN,Baozun Inc,Consumer Discretionary,Broadline Retail,Broadline Retail
C,Citigroup Inc,Financials,Banks,Diversified Banks
CAAP,Corporacion America Airports SA,Industrials,Transportation Infrastructure,Airport Services
CABA,Cabaletta Bio Inc,Health Care,Biotechnology,Biotechnology
CAC,Camden National Corp,Financials,Banks,Regional Banks
CACC,Credit Acceptance Corp,Financials,Consumer Finance,Consumer Finance
CACI,CACI International Inc,Industrials,Professional Services,Research & Consulting Services
CADL,Candel Therapeutics Inc,Health Care,Biotechnology,Biotechnology
CAE,CAE Inc,Industrials,Aerospace & Defense,Aerospace & Defense
CAG,Conagra Brands Inc,Consumer Staples,Food Products,Packaged Foods & Meats
CAH,Cardinal Health Inc,Health Care,Health Care Providers & Services,Health Care Distributors
CAI,Caris Life Sciences Inc,Health Care,Biotechnology,Biotechnology
CAKE,Cheesecake Factory Inc,Consumer Discretionary,"Hotels, Restaurants & Leisure",Restaurants
CAL,Caleres Inc,Consumer Discretionary,Specialty Retail,Apparel Retail
CALM,Cal-Maine Foods Inc,Consumer Staples,Food Products,Packaged Foods & Meats
CALX,Calix Inc,Information Technology,Communications Equipment,Communications Equipment
CALY,Callaway Golf Co,Consumer Discretionary,Leisure Products,Leisure Products
CAMT,Camtek Ltd,Information Technology,Semiconductors & Semiconductor Equipment,Semiconductor Materials & Equipment
CAPL,Crossamerica Partners LP,Energy,"Oil, Gas & Consumable Fuels",Oil & Gas Storage & Transportation
CAPR,Capricor Therapeutics Inc,Health Care,Biotechnology,Biotechnology
CAR,Avis Budget Group Inc,Industrials,Ground Transportation,Passenger Ground Transportation
CARE,Carter Bankshares Inc,Financials,Banks,Regional Banks
CARG,CarGurus Inc,Communication Services,Interactive Media & Services,Interactive Media & Services
CARR,Carrier Global Corp,Industrials,Building Products,Building Products
CARS,Cars.com Inc,Communication Services,Interactive Media & Services,Interactive Media & Services
CART,Maplebear Inc,Consumer Staples,Consumer Staples Distribution & Retail,Food Retail
CASH,Pathward Financial Inc,Financials,Banks,Regional Banks
CASS,Cass Information Systems Inc,Financials,Financial Services,Transaction & Payment Processing Services
CASY,Caseys General Stores Inc,Consumer Staples,Consumer Staples Distribution & Retail,Food Retail
CAT,Caterpillar Inc,Industrials,Machinery,Construction Machinery & Heavy Transportation Equipment
CATO,Cato Corp,Consumer Discretionary,Specialty Retail,Apparel Retail
CATX,Perspective Therapeutics Inc,Health Care,Biotechnology,Biotechnology
CATY,Cathay General Bancorp,Financials,Banks,Regional Banks
CAVA,CAVA Group Inc,Consumer Discretionary,"Hotels, Restaurants & Leisure",Restaurants
CB,Chubb Ltd,Financials,Insurance,Property & Casualty Insurance
CBAN,Colony Bankcorp Inc,Financials,Banks,Regional Banks
CBAT,CBAK Energy Technology Inc,Industrials,Electrical Equipment,Electrical Components & Equipment
CBC,Central Bancompany Inc,Financials,Banks,Regional Banks
CBL,CBL & Associates Properties Inc,Real Estate,Retail REITs,Retail REITs
CBLL,Ceribell Inc,Health Care,Health Care Equipment & Supplies,Health Care Equipment
CBNK,Capital Bancorp Inc,Financials,Banks,Regional Banks
CBOE,Cboe Global Markets Inc,Financials,Capital Markets,Financial Exchanges & Data
CBRE,CBRE Group Inc,Real Estate,Real Estate Management & Development,Real Estate Services
CBRL,Cracker Barrel Old Country Store Inc,Consumer Discretionary,"Hotels, Restaurants & Leisure",Restaurants
CBSH,Commerce Bancshares Inc,Financials,Banks,Regional Banks
CBT,Cabot Corp,Materials,Chemicals,Commodity Chemicals
CBU,Community Financial System Inc,Financials,Banks,Regional Banks
CBUS,Cibus Inc,Health Care,Biotechnology,Biotechnology
CBZ,CBIZ Inc,Industrials,Professional Services,Research & Consulting Services
CC,Chemours Co,Materials,Chemicals,Diversified Chemicals
CCAP,Crescent Capital BDC Inc,Financials,Capital Markets,Asset Management & Custody Banks
CCB,Coastal Financial Corp (EVERETT),Financials,Banks,Regional Banks
CCBG,Capital City Bank Group Inc,Financials,Banks,Regional Banks
CCC,CCC Intelligent Solutions Holdings Inc,Information Technology,Software,Application Software
CCCC,C4 Therapeutics Inc,Health Care,Biotechnology,Biotechnology
CCEP,Coca-Cola Europacific Partners PLC,Consumer Staples,Beverages,Soft Drinks & Non-alcoholic Beverages
CCI,Crown Castle Inc,Real Estate,Specialized REITs,Telecom Tower REITs
CCJ,Cameco Corp,Energy,"Oil, Gas & Consumable Fuels",Coal & Consumable Fuels
CCK,Crown Holdings Inc,Materials,Containers & Packaging,"Metal, Glass & Plastic Containers"
CCL,Carnival Corp,Consumer Discretionary,"Hotels, Restaurants & Leisure","Hotels, Resorts & Cruise Lines"
CCLD,CareCloud Inc,Health Care,Health Care Technology,Health Care Technology
CCNE,CNB Financial Corp,Financials,Banks,Regional Banks
CCO,Clear Channel Outdoor Holdings Inc,Communication Services,Media,Advertising
CCOI,Cogent Communications Holdings Inc,Communication Services,Diversified Telecommunication Services,Alternative Carriers
CCRN,Cross Country Healthcare Inc,Health Care,Health Care Providers & Services,Health Care Services
CCS,Century Communities Inc,Consumer Discretionary,Household Durables,Homebuilding
CCSI,Consensus Cloud Solutions Inc,Information Technology,Software,Application Software
CCU,Compania Cervecerias Unidas SA,Consumer Staples,Beverages,Brewers
CD,Chaince Digital Holdings Inc,Information Technology,Software,Application Software
CDE,Coeur Mining Inc,Materials,Metals & Mining,Gold
CDNA,CareDx Inc,Health Care,Biotechnology,Biotechnology
CDNS,Cadence Design Systems Inc,Information Technology,Software,Application Software
CDP,COPT Defense Properties,Real Estate,Office REITs,Office REITs
CDRE,Cadre Holdings Inc,Industrials,Aerospace & Defense,Aerospace & Defense
CDW,CDW Corp,Information Technology,"Electronic Equipment, Instruments & Components",Technology Distributors
CDXS,Codexis Inc,Health Care,Life Sciences Tools & Services,Life Sciences Tools & Services
CDZI,Cadiz Inc,Utilities,Water Utilities,Water Utilities
CE,Celanese Corp,Materials,Chemicals,Specialty Chemicals
CECO,CECO Environmental Corp,Industrials,Machinery,Industrial Machinery & Supplies & Components
CEG,Constellation Energy Corp,Utilities,Electric Utilities,Electric Utilities
CELC,Celcuity Inc,Health Care,Biotechnology,Biotechnology
CELH,Celsius Holdings Inc,Consumer Staples,Beverages,Soft Drinks & Non-alcoholic Beverages
CENT,Central Garden & Pet Co,Consumer Staples,Household Products,Household Products
CENX,Century Aluminum Co,Materials,Metals & Mining,Aluminum
CEPU,Central Puerto SA,Utilities,Independent Power & Renewable Electricity Producers,Independent Power Producers & Energy Traders
CERS,Cerus Corp,Health Care,Health Care Equipment & Supplies,Health Care Supplies
CERT,Certara Inc,Health Care,Health Care Technology,Health Care Technology
CEVA,CEVA Inc,Information Technology,Semiconductors & Semiconductor Equipment,Semiconductors
CF,CF Industries Holdings Inc,Materials,Chemicals,Fertilizers & Agricultural Chemicals
CFFN,Capitol Federal Financial Inc,Financials,Banks,Regional Banks
CFG,Citizens Financial Group Inc,Financials,Banks,Regional Banks
CFLT,Confluent Inc,Information Technology,Software,Application Software
CFR,Cullen/Frost Bankers Inc,Financials,Banks,Regional Banks
CG,Carlyle Group Inc,Financials,Capital Markets,Asset Management & Custody Banks
CGBD,Carlyle Secured Lending Inc,Financials,Capital Markets,Asset Management & Custody Banks
CGEM,Cullinan Therapeutics Inc,Health Care,Biotechnology,Biotechnology
CGEN,Compugen Ltd,Health Care,Biotechnology,Biotechnology
CGNT,Cognyte Software Ltd,Information Technology,Software,Application Software
CGNX,Cognex Corp,Information Technology,"Electronic Equipment, Instruments & Components",Electronic Equipment & Instruments
CGON,CG Oncology Inc,Health Care,Biotechnology,Biotechnology
CHCO,City Holding Co,Financials,Banks,Regional Banks
CHCT,Community Healthcare Trust Inc,Real Estate,Health Care REITs,Health Care REITs
CHD,Church & Dwight Co Inc,Consumer Staples,Household Products,Household Products
CHDN,Churchill Downs Inc,Consumer Discretionary,"Hotels, Restaurants & Leisure",Casinos & Gaming
CHE,Chemed Corp,Health Care,Health Care Providers & Services,Health Care Services
CHEF,Chefs' Warehouse Inc,Consumer Staples,Consumer Staples Distribution & Retail,Food Distributors
CHH,Choice Hotels International Inc,Consumer Discretionary,"Hotels, Restaurants & Leisure","Hotels, Resorts & Cruise Lines"
CHKP,Check Point Software Technologies Ltd,Information Technology,Software,Systems Software
CHMI,Cherry Hill Mortgage Investment Corp,Financials,Mortgage Real Estate Investment Trusts (REITs),Mortgage REITs
CHPT,ChargePoint Holdings Inc,Industrials,Electrical Equipment,Electrical Components & Equipment
CHRD,Chord Energy Corp,Energy,"Oil, Gas & Consumable Fuels",Oil & Gas Exploration & Production
CHRS,Coherus Oncology Inc,Health Care,Biotechnology,Biotechnology
CHRW,CH Robinson Worldwide Inc,Industrials,Air Freight & Logistics,Air Freight & Logistics
CHT,Chunghwa Telecom Co Ltd,Communication Services,Diversified Telecommunication Services,Integrated Telecommunication Services
CHTR,Charter Communications Inc,Communication Services,Media,Cable & Satellite
CHWY,Chewy Inc,Consumer Discretionary,Specialty Retail,Other Specialty Retail
CHYM,Chime Financial Inc,Financials,Financial Services,Transaction & Payment Processing Services
CI,Cigna Group,Health Care,Health Care Providers & Services,Health Care Services
CIA,Citizens Inc,Financials,Insurance,Life & Health Insurance
CIB,Grupo Cibest SA,Financials,Banks,Diversified Banks
CIEN,Ciena Corp,Information Technology,Communications Equipment,Communications Equipment
CIFR,Cipher Mining Inc,Information Technology,Software,Application Software
CIG,Energy of Minas Gerais Co,Utilities,Electric Utilities,Electric Utilities
CIGI,Colliers International Group Inc,Real Estate,Real Estate Management & Development,Real Estate Services
CIM,Chimera Investment Corp,Financials,Mortgage Real Estate Investment Trusts (REITs),Mortgage REITs
CINF,Cincinnati Financial Corp,Financials,Insurance,Property & Casualty Insurance
CINT,Ci&T Inc,Information Technology,IT Services,IT Consulting & Other Services
CION,Cion Investment Corp,Financials,Capital Markets,Asset Management & Custody Banks
CIVB,Civista Bancshares Inc,Financials,Banks,Regional Banks
CL,Colgate-Palmolive Co,Consumer Staples,Household Products,Household Products
CLAR,Clarus Corp,Consumer Discretionary,Leisure Products,Leisure Products
CLB,Core Laboratories Inc,Energy,Energy Equipment & Services,Oil & Gas Equipment & Services
CLBK,Columbia Financial Inc,Financials,Banks,Regional Banks
CLBT,Cellebrite DI Ltd,Information Technology,Software,Application Software
CLDT,Chatham Lodging Trust,Real Estate,Hotel & Resort REITs,Hotel & Resort REITs
CLDX,Celldex Therapeutics Inc,Health Care,Biotechnology,Biotechnology
CLF,Cleveland-Cliffs Inc,Materials,Metals & Mining,Steel
CLFD,Clearfield Inc,Information Technology,Communications Equipment,Communications Equipment
CLH,Clean Harbors Inc,Industrials,Commercial Services & Supplies,Environmental & Facilities Services
CLMT,Calumet Inc,Energy,"Oil, Gas & Consumable Fuels",Oil & Gas Refining & Marketing
CLNE,Clean Energy Fuels Corp,Energy,"Oil, Gas & Consumable Fuels",Oil & Gas Refining & Marketing
CLOV,Clover Health Investments Corp,Health Care,Health Care Providers & Services,Managed Health Care
CLPR,Clipper Realty Inc,Real Estate,Residential REITs,Multi-Family Residential REITs
CLPT,Clearpoint Neuro Inc,Health Care,Health Care Equipment & Supplies,Health Care Equipment
CLS,Celestica Inc,Information Technology,"Electronic Equipment, Instruments & Components",Electronic Manufacturing Services
CLSK,CleanSpark Inc,Information Technology,Software,Application Software
CLVT,Clarivate PLC,Industrials,Professional Services,Research & Consulting Services
CLW,Clearwater Paper Corp,Materials,Paper & Forest Products,Paper Products
CLX,Clorox Co,Consumer Staples,Household Products,Household Products
CLYM,Climb Bio Inc,Health Care,Biotechnology,Biotechnology
CM,Canadian Imperial Bank of Commerce,Financials,Banks,Diversified Banks
CMBM,Cambium Networks Corp,Information Technology,Communications Equipment,Communications Equipment
CMC,Commercial Metals Co,Materials,Metals & Mining,Steel
CMCL,Caledonia Mining Corporation PLC,Materials,Metals & Mining,Gold
CMCO,Columbus McKinnon Corp,Industrials,Machinery,Industrial Machinery & Supplies & Components
CMCSA,Comcast Corp,Communication Services,Diversified Telecommunication Services,Integrated Telecommunication Services
CME,CME Group Inc,Financials,Capital Markets,Financial Exchanges & Data
CMG,Chipotle Mexican Grill Inc,Consumer Discretionary,"Hotels, Restaurants & Leisure",Restaurants
CMI,Cummins Inc,Industrials,Machinery,Construction Machinery & Heavy Transportation Equipment
CMP,Compass Minerals International Inc,Materials,Metals & Mining,Diversified Metals & Mining
CMPR,Cimpress PLC,Industrials,Commercial Services & Supplies,Commercial Printing
CMPS,Compass Pathways PLC,Health Care,Biotechnology,Biotechnology
CMPX,Compass Therapeutics Inc.,Health Care,Biotechnology,Biotechnology
CMRC,Commerce.com Inc,Information Technology,IT Services,Internet Services & Infrastructure
CMRE,Costamare Inc,Industrials,Marine Transportation,Marine Transportation
CMS,CMS Energy Corp,Utilities,Multi-Utilities,Multi-Utilities
CMTG,Claros Mortgage Trust Inc,Financials,Mortgage Real Estate Investment Trusts (REITs),Mortgage REITs
CMTL,Comtech Telecommunications Corp,Information Technology,Communications Equipment,Communications Equipment
CNA,CNA Financial Corp,Financials,Insurance,Property & Casualty Insurance
CNC,Centene Corp,Health Care,Health Care Providers & Services,Managed Health Care
CNDT,Conduent Inc,Industrials,Professional Services,Data Processing & Outsourced Services
CNH,CNH Industrial NV,Industrials,Machinery,Agricultural & Farm Machinery
CNI,Canadian National Railway Co,Industrials,Ground Transportation,Rail Transportation
CNK,Cinemark Holdings Inc,Communication Services,Entertainment,Movies & Entertainment
CNM,Core & Main Inc,Industrials,Trading Companies & Distributors,Trading Companies & Distributors
CNMD,Conmed Corp,Health Care,Health Care Equipment & Supplies,Health Care Equipment
CNNE,Cannae Holdings Inc,Financials,Financial Services,Multi-Sector Holdings
CNO,CNO Financial Group Inc,Financials,Insurance,Life & Health Insurance
CNOB,ConnectOne Bancorp Inc,Financials,Banks,Regional Banks
CNP,CenterPoint Energy Inc,Utilities,Multi-Utilities,Multi-Utilities
CNQ,Canadian Natural Resources Ltd,Energy,"Oil, Gas & Consumable Fuels",Oil & Gas Exploration & Production
CNR,Core Natural Resources Inc,Energy,"Oil, Gas & Consumable Fuels",Coal & Consumable Fuels
CNS,Cohen & Steers Inc,Financials,Capital Markets,Asset Management & Custody Banks
CNTA,Centessa Pharmaceuticals PLC,Health Care,Biotechnology,Biotechnology
CNTB,Connect Biopharma Holdings Ltd,Health Care,Biotechnology,Biotechnology
CNVS,Cineverse Corp,Communication Services,Entertainment,Movies & Entertainment
CNX,CNX Resources Corp,Energy,"Oil, Gas & Consumable Fuels",Oil & Gas Exploration & Production
CNXC,Concentrix Corp,Industrials,Professional Services,Data Processing & Outsourced Services
CNXN,PC Connection Inc,Information Technology,"Electronic Equipment, Instruments & Components",Technology Distributors
COCO,Vita Coco Company Inc,Consumer Staples,Beverages,Soft Drinks & Non-alcoholic Beverages
CODI,Compass Diversified Holdings,Financials,Financial Services,Multi-Sector Holdings
COF,Capital One Financial Corp,Financials,Consumer Finance,Consumer Finance
COGT,Cogent Biosciences Inc,Health Care,Biotechnology,Biotechnology
COHR,Coherent Corp,Information Technology,"Electronic Equipment, Instruments & Components",Electronic Components
COHU,Cohu Inc,Information Technology,Semiconductors & Semiconductor Equipment,Semiconductor Materials & Equipment
COIN,Coinbase Global Inc,Financials,Capital Markets,Financial Exchanges & Data
COKE,Coca-Cola Consolidated Inc,Consumer Staples,Beverages,Soft Drinks & Non-alcoholic Beverages
COLB,Columbia Banking System Inc,Financials,Banks,Regional Banks
COLD,Americold Realty Trust Inc,Real Estate,Industrial REITs,Industrial REITs
COLL,Collegium Pharmaceutical Inc,Health Care,Pharmaceuticals,Pharmaceuticals
COLM,Columbia Sportswear Co,Consumer Discretionary,"Textiles, Apparel & Luxury Goods","Apparel, Accessories & Luxury Goods"
COMP,Compass Inc,Real Estate,Real Estate Management & Development,Real Estate Services
CON,Concentra Group Holdings Parent Inc,Health Care,Health Care Providers & Services,Health Care Facilities
COO,Cooper Companies Inc,Health Care,Health Care Equipment & Supplies,Health Care Supplies
COP,ConocoPhillips,Energy,"Oil, Gas & Consumable Fuels",Oil & Gas Exploration & Production
COR,Cencora Inc,Health Care,Health Care Providers & Services,Health Care Distributors
CORT,Corcept Therapeutics Inc,Health Care,Pharmaceuticals,Pharmaceuticals
CORZ,Core Scientific Inc,Information Technology,Software,Application Software
COST,Costco Wholesale Corp,Consumer Staples,Consumer Staples Distribution & Retail,Consumer Staples Merchandise Retail
COTY,Coty Inc,Consumer Staples,Personal Care Products,Personal Care Products
COUR,Coursera Inc,Consumer Discretionary,Diversified Consumer Services,Education Services
COYA,Coya Therapeutics Inc,Health Care,Biotechnology,Biotechnology
CPA,Copa Holdings SA,Industrials,Passenger Airlines,Passenger Airlines
CPAY,Corpay Inc,Financials,Financial Services,Transaction & Payment Processing Services
CPB,Campbell's Co,Consumer Staples,Food Products,Packaged Foods & Meats
CPF,Central Pacific Financial Corp,Financials,Banks,Regional Banks
CPIX,Cumberland Pharmaceuticals Inc,Health Care,Pharmaceuticals,Pharmaceuticals
CPK,Chesapeake Utilities Corp,Utilities,Gas Utilities,Gas Utilities
CPNG,Coupang Inc,Consumer Discretionary,Broadline Retail,Broadline Retail
CPRI,Capri Holdings Ltd,Consumer Discretionary,"Textiles, Apparel & Luxury Goods","Apparel, Accessories & Luxury Goods"
CPRT,Copart Inc,Industrials,Commercial Services & Supplies,Diversified Support Services
CPRX,Catalyst Pharmaceuticals Inc,Health Care,Biotechnology,Biotechnology
CPS,Cooper-Standard Holdings Inc,Consumer Discretionary,Automobile Components,Automotive Parts & Equipment
CPSH,CPS Technologies Corp,Information Technology,"Electronic Equipment, Instruments & Components",Electronic Components
CPT,Camden Property Trust,Real Estate,Residential REITs,Multi-Family Residential REITs
CQP,Cheniere Energy Partners LP,Energy,"Oil, Gas & Consumable Fuels",Oil & Gas Storage & Transportation
CR,Crane Co,Industrials,Machinery,Industrial Machinery & Supplies & Components
CRAI,CRA International Inc,Industrials,Professional Services,Research & Consulting Services
CRBG,Corebridge Financial Inc,Financials,Financial Services,Diversified Financial Services
CRBP,Corbus Pharmaceuticals Holdings Inc,Health Care,Biotechnology,Biotechnology
CRBU,Caribou Biosciences Inc,Health Care,Biotechnology,Biotechnology
CRC,California Resources Corp,Energy,"Oil, Gas & Consumable Fuels",Oil & Gas Exploration & Production
CRCL,Circle Internet Group Inc,Information Technology,Software,Application Software
CRCT,Cricut Inc,Consumer Discretionary,Household Durables,Household Appliances
CRDF,Cardiff Oncology Inc,Health Care,Biotechnology,Biotechnology
CRDO,Credo Technology Group Holding Ltd,Information Technology,Semiconductors & Semiconductor Equipment,Semiconductors
CRESY,Cresud SACIF y A,Consumer Staples,Food Products,Agricultural Products & Services
CRGY,Crescent Energy Co,Energy,"Oil, Gas & Consumable Fuels",Oil & Gas Exploration & Production
CRH,CRH PLC,Materials,Construction Materials,Construction Materials
CRI,Carter's Inc,Consumer Discretionary,"Textiles, Apparel & Luxury Goods","Apparel, Accessories & Luxury Goods"
CRK,Comstock Resources Inc,Energy,"Oil, Gas & Consumable Fuels",Oil & Gas Exploration & Production
CRL,Charles River Laboratories International Inc,Health Care,Life Sciences Tools & Services,Life Sciences Tools & Services
CRM,Salesforce Inc,Information Technology,Software,Application Software
CRMD,CorMedix Inc,Health Care,Pharmaceuticals,Pharmaceuticals
CRML,Critical Metals Corp,Materials,Metals & Mining,Diversified Metals & Mining
CRNC,Cerence Inc,Information Technology,Software,Application Software
CRNT,Ceragon Networks Ltd,Information Technology,Communications Equipment,Communications Equipment
CRNX,Crinetics Pharmaceuticals Inc,Health Care,Pharmaceuticals,Pharmaceuticals
CROX,Crocs Inc,Consumer Discretionary,"Textiles, Apparel & Luxury Goods",Footwear
CRS,Carpenter Technology Corp,Industrials,Aerospace & Defense,Aerospace & Defense
CRSP,CRISPR Therapeutics AG,Health Care,Biotechnology,Biotechnology
CRSR,Corsair Gaming Inc,Information Technology,"Technology Hardware, Storage & Peripherals","Technology Hardware, Storage & Peripherals"
CRTO,Criteo SA,Communication Services,Media,Advertising
CRUS,Cirrus Logic Inc,Information Technology,Semiconductors & Semiconductor Equipment,Semiconductors
CRVL,CorVel Corp,Health Care,Health Care Providers & Services,Health Care Services
CRVS,Corvus Pharmaceuticals Inc,Health Care,Biotechnology,Biotechnology
CRWD,CrowdStrike Holdings Inc,Information Technology,Software,Systems Software
CRWS,Crown Crafts Inc,Consumer Discretionary,"Textiles, Apparel & Luxury Goods",Textiles
CRWV,CoreWeave Inc,Information Technology,IT Services,Internet Services & Infrastructure
CSCO,Cisco Systems Inc,Information Technology,Communications Equipment,Communications Equipment
CSGP,CoStar Group Inc,Real Estate,Real Estate Management & Development,Real Estate Services
CSGS,Csg Systems International Inc,Industrials,Professional Services,Data Processing & Outsourced Services
CSIQ,Canadian Solar Inc,Information Technology,Semiconductors & Semiconductor Equipment,Semiconductors
CSL,Carlisle Companies Inc,Industrials,Building Products,Building Products
CSR,Centerspace,Real Estate,Residential REITs,Multi-Family Residential REITs
CSTE,Caesarstone Ltd,Industrials,Building Products,Building Products
CSTL,Castle Biosciences Inc,Health Care,Health Care Providers & Services,Health Care Services
CSTM,Constellium SE,Materials,Metals & Mining,Aluminum
CSV,Carriage Services Inc,Consumer Discretionary,Diversified Consumer Services,Specialized Consumer Services
CSW,CSW Industrials Inc,Industrials,Building Products,Building Products
CSWC,Capital Southwest Corp,Financials,Capital Markets,Asset Management & Custody Banks
CSX,CSX Corp,Industrials,Ground Transportation,Rail Transportation
CTAS,Cintas Corp,Industrials,Commercial Services & Supplies,Diversified Support Services
CTBI,Community Trust Bancorp Inc,Financials,Banks,Regional Banks
CTEV,Claritev Corp,Health Care,Health Care Technology,Health Care Technology
CTGO,Contango ORE Inc,Materials,Metals & Mining,Diversified Metals & Mining
CTKB,Cytek Biosciences Inc,Health Care,Life Sciences Tools & Services,Life Sciences Tools & Services
CTLP,Cantaloupe Inc,Financials,Financial Services,Transaction & Payment Processing Services
CTMX,CytomX Therapeutics Inc,Health Care,Biotechnology,Biotechnology
CTNM,Contineum Therapeutics Inc,Health Care,Pharmaceuticals,Pharmaceuticals
CTO,CTO Realty Growth Inc,Real Estate,Diversified REITs,Diversified REITs
CTOS,Custom Truck One Source Inc,Industrials,Trading Companies & Distributors,Trading Companies & Distributors
CTRA,Coterra Energy Inc,Energy,"Oil, Gas & Consumable Fuels",Oil & Gas Exploration & Production
CTRE,CareTrust REIT Inc,Real Estate,Health Care REITs,Health Care REITs
CTRI,Centuri Holdings Inc,Industrials,Construction & Engineering,Construction & Engineering
CTRM,Castor Maritime Inc,Industrials,Marine Transportation,Marine Transportation
CTRN,Citi Trends Inc,Consumer Discretionary,Specialty Retail,Apparel Retail
CTS,CTS Corp,Information Technology,"Electronic Equipment, Instruments & Components",Electronic Manufacturing Services
CTSH,Cognizant Technology Solutions Corp,Information Technology,IT Services,IT Consulting & Other Services
CTVA,Corteva Inc,Materials,Chemicals,Fertilizers & Agricultural Chemicals
CUBE,CubeSmart,Real Estate,Specialized REITs,Self-Storage REITs
CUBI,Customers Bancorp Inc,Financials,Banks,Regional Banks
CUK,Carnival PLC,Consumer Discretionary,"Hotels, Restaurants & Leisure","Hotels, Resorts & Cruise Lines"
CURB,Curbline Properties Corp.,Real Estate,Retail REITs,Retail REITs
CURI,CuriosityStream Inc,Communication Services,Entertainment,Movies & Entertainment
CURV,Torrid Holdings Inc,Consumer Discretionary,Specialty Retail,Apparel Retail
CUZ,Cousins Properties Inc,Real Estate,Office REITs,Office REITs
CVBF,CVB Financial Corp,Financials,Banks,Regional Banks
CVCO,Cavco Industries Inc,Consumer Discretionary,Household Durables,Homebuilding
CVE,Cenovus Energy Inc,Energy,"Oil, Gas & Consumable Fuels",Integrated Oil & Gas
CVEO,Civeo Corp,Industrials,Commercial Services & Supplies,Diversified Support Services
CVGI,Commercial Vehicle Group Inc,Industrials,Machinery,Construction Machinery & Heavy Transportation Equipment
CVGW,Calavo Growers Inc,Consumer Staples,Food Products,Packaged Foods & Meats
CVI,CVR Energy Inc,Energy,"Oil, Gas & Consumable Fuels",Oil & Gas Refining & Marketing
CVLG,Covenant Logistics Group Inc,Industrials,Ground Transportation,Cargo Ground Transportation
CVLT,Commvault Systems Inc,Information Technology,Software,Systems Software
CVNA,Carvana Co,Consumer Discretionary,Specialty Retail,Automotive Retail
CVRX,CVRx Inc,Health Care,Health Care Equipment & Supplies,Health Care Equipment
CVS,CVS Health Corp,Health Care,Health Care Providers & Services,Health Care Services
CVSA,Adtalem Global Education Inc,Consumer Discretionary,Diversified Consumer Services,Education Services
CVX,Chevron Corp,Energy,"Oil, Gas & Consumable Fuels",Integrated Oil & Gas
CW,Curtiss-Wright Corp,Industrials,Aerospace & Defense,Aerospace & Defense
CWAN,Clearwater Analytics Holdings Inc,Information Technology,Software,Application Software
CWBC,Community West Bancshares,Financials,Banks,Regional Banks
CWCO,Consolidated Water Co Ltd,Utilities,Water Utilities,Water Utilities
CWEN-A,Clearway Energy Inc,Utilities,Independent Power & Renewable Electricity Producers,Renewable Electricity
CWH,Camping World Holdings Inc,Consumer Discretionary,Specialty Retail,Automotive Retail
CWK,Cushman & Wakefield Ltd,Real Estate,Real Estate Management & Development,Real Estate Services
CWST,Casella Waste Systems Inc,Industrials,Commercial Services & Supplies,Environmental & Facilities Services
CWT,California Water Service Group,Utilities,Water Utilities,Water Utilities
CX,Cemex SAB de CV,Materials,Construction Materials,Construction Materials
CXDO,Crexendo Inc,Information Technology,IT Services,Internet Services & Infrastructure
CXM,Sprinklr Inc,Information Technology,Software,Application Software
CXT,Crane NXT Co,Information Technology,"Electronic Equipment, Instruments & Components",Electronic Equipment & Instruments
CXW,CoreCivic Inc,Industrials,Commercial Services & Supplies,Security & Alarm Services
CYD,China Yuchai International Ltd,Industrials,Machinery,Construction Machinery & Heavy Transportation Equipment
CYH,Community Health Systems Inc,Health Care,Health Care Providers & Services,Health Care Facilities
CYRX,Cryoport Inc,Health Care,Life Sciences Tools & Services,Life Sciences Tools & Services
CYTK,Cytokinetics Inc,Health Care,Biotechnology,Biotechnology
CZNC,Citizens & Northern Corp,Financials,Banks,Regional Banks
CZR,Caesars Entertainment Inc,Consumer Discretionary,"Hotels, Restaurants & Leisure",Casinos & Gaming
D,Dominion Energy Inc,Utilities,Multi-Utilities,Multi-Utilities
DAC,Danaos Corp,Industrials,Marine Transportation,Marine Transportation
DAKT,Daktronics Inc,Information Technology,"Electronic Equipment, Instruments & Components",Electronic Equipment & Instruments
DAL,Delta Air Lines Inc,Industrials,Passenger Airlines,Passenger Airlines
DAN,Dana Inc,Consumer Discretionary,Automobile Components,Automotive Parts & Equipment
DAO,Youdao Inc,Consumer Discretionary,Diversified Consumer Services,Education Services
DAR,Darling Ingredients Inc,Consumer Staples,Food Products,Agricultural Products & Services
DASH,DoorDash Inc,Consumer Discretionary,"Hotels, Restaurants & Leisure",Restaurants
DAVA,Endava PLC,Information Technology,IT Services,IT Consulting & Other Services
DAVE,Dave Inc,Financials,Consumer Finance,Consumer Finance
DAWN,Day One Biopharmaceuticals Inc,Health Care,Biotechnology,Biotechnology
DB,Deutsche Bank AG,Financials,Capital Markets,Diversified Capital Markets
DBD,Diebold Nixdorf Inc,Information Technology,"Technology Hardware, Storage & Peripherals","Technology Hardware, Storage & Peripherals"
DBI,Designer Brands Inc,Consumer Discretionary,Specialty Retail,Apparel Retail
DBRG,DigitalBridge Group Inc,Financials,Capital Markets,Asset Management & Custody Banks
DBX,Dropbox Inc,Information Technology,Software,Application Software
DC,Dakota Gold Corp,Materials,Metals & Mining,Gold
DCH,Dauch Corp,Consumer Discretionary,Automobile Components,Automotive Parts & Equipment
DCI,Donaldson Company Inc,Industrials,Machinery,Industrial Machinery & Supplies & Components
DCO,Ducommun Inc,Industrials,Aerospace & Defense,Aerospace & Defense
DCOM,Dime Community Bancshares Inc,Financials,Banks,Regional Banks
DCTH,Delcath Systems Inc,Health Care,Health Care Equipment & Supplies,Health Care Equipment
DD,Dupont De Nemours Inc,Materials,Chemicals,Specialty Chemicals
DDD,3D Systems Corp,Industrials,Machinery,Industrial Machinery & Supplies & Components
DDL,Dingdong (Cayman) Ltd,Consumer Staples,Consumer Staples Distribution & Retail,Food Retail
DDOG,Datadog Inc,Information Technology,Software,Application Software
DE,Deere & Co,Industrials,Machinery,Agricultural & Farm Machinery
DEA,Easterly Government Properties Inc,Real Estate,Office REITs,Office REITs
DECK,Deckers Outdoor Corp,Consumer Discretionary,"Textiles, Apparel & Luxury Goods",Footwear
DEI,Douglas Emmett Inc,Real Estate,Office REITs,Office REITs
DELL,Dell Technologies Inc,Information Technology,"Technology Hardware, Storage & Peripherals","Technology Hardware, Storage & Peripherals"
DEO,Diageo PLC,Consumer Staples,Beverages,Distillers & Vintners
DERM,Journey Medical Corp,Health Care,Pharmaceuticals,Pharmaceuticals
DFDV,DeFi Development Corp,Financials,Consumer Finance,Consumer Finance
DFH,Dream Finders Homes Inc,Consumer Discretionary,Household Durables,Homebuilding
DFIN,Donnelley Financial Solutions Inc,Financials,Capital Markets,Financial Exchanges & Data
DFTX,Definium Therapeutics Inc,Health Care,Pharmaceuticals,Pharmaceuticals
DG,Dollar General Corp,Consumer Staples,Consumer Staples Distribution & Retail,Consumer Staples Merchandise Retail
DGICA,Donegal Group Inc,Financials,Insurance,Property & Casualty Insurance
DGII,Digi International Inc,Information Technology,Communications Equipment,Communications Equipment
DGX,Quest Diagnostics Inc,Health Care,Health Care Providers & Services,Health Care Services
DH,Definitive Healthcare Corp,Health Care,Health Care Technology,Health Care Technology
DHC,Diversified Healthcare Trust,Real Estate,Health Care REITs,Health Care REITs
DHI,D.R. Horton Inc,Consumer Discretionary,Household Durables,Homebuilding
DHR,Danaher Corp,Health Care,Life Sciences Tools & Services,Life Sciences Tools & Services
DHT,DHT Holdings Inc,Energy,"Oil, Gas & Consumable Fuels",Oil & Gas Storage & Transportation
DHX,DHI Group Inc,Communication Services,Interactive Media & Services,Interactive Media & Services
DIBS,1stdibs.Com Inc,Consumer Discretionary,Broadline Retail,Broadline Retail
DIN,Dine Brands Global Inc,Consumer Discretionary,"Hotels, Restaurants & Leisure",Restaurants
DINO,HF Sinclair Corp,Energy,"Oil, Gas & Consumable Fuels",Oil & Gas Refining & Marketing
DIOD,Diodes Inc,Information Technology,Semiconductors & Semiconductor Equipment,Semiconductors
DIS,Walt Disney Co,Communication Services,Entertainment,Movies & Entertainment
DJT,Trump Media & Technology Group Corp,Communication Services,Interactive Media & Services,Interactive Media & Services
DK,Delek US Holdings Inc,Energy,"Oil, Gas & Consumable Fuels",Oil & Gas Refining & Marketing
DKL,Delek Logistics Partners LP,Energy,"Oil, Gas & Consumable Fuels",Oil & Gas Storage & Transportation
DKNG,Draftkings Inc,Consumer Discretionary,"Hotels, Restaurants & Leisure",Casinos & Gaming
DKS,DICK'S Sporting Goods Inc,Consumer Discretionary,Specialty Retail,Other Specialty Retail
DLB,Dolby Laboratories Inc,Information Technology,Software,Systems Software
DLNG,Dynagas LNG Partners LP,Energy,"Oil, Gas & Consumable Fuels",Oil & Gas Storage & Transportation
DLO,Dlocal Ltd,Financials,Financial Services,Transaction & Payment Processing Services
DLPN,Dolphin Entertainment Inc,Communication Services,Entertainment,Movies & Entertainment
DLR,Digital Realty Trust Inc,Real Estate,Specialized REITs,Data Center REITs
DLTR,Dollar Tree Inc,Consumer Staples,Consumer Staples Distribution & Retail,Consumer Staples Merchandise Retail
DLX,Deluxe Corp,Industrials,Commercial Services & Supplies,Commercial Printing
DMAC,DiaMedica Therapeutics Inc,Health Care,Biotechnology,Biotechnology
DMLP,Dorchester Minerals LP,Energy,"Oil, Gas & Consumable Fuels",Oil & Gas Exploration & Production
DMRC,Digimarc Corp,Information Technology,Software,Application Software
DNA,Ginkgo Bioworks Holdings Inc,Health Care,Life Sciences Tools & Services,Life Sciences Tools & Services
DNLI,Denali Therapeutics Inc,Health Care,Biotechnology,Biotechnology
DNN,Denison Mines Corp,Energy,"Oil, Gas & Consumable Fuels",Coal & Consumable Fuels
DNOW,DNOW Inc,Industrials,Trading Companies & Distributors,Trading Companies & Distributors
DNTH,Dianthus Therapeutics Inc,Health Care,Biotechnology,Biotechnology
DNUT,Krispy Kreme Inc,Consumer Discretionary,"Hotels, Restaurants & Leisure",Restaurants
DOC,Healthpeak Properties Inc,Real Estate,Health Care REITs,Health Care REITs
DOCN,DigitalOcean Holdings Inc,Information Technology,IT Services,Internet Services & Infrastructure
DOCS,Doximity Inc,Health Care,Health Care Technology,Health Care Technology
DOCU,DocuSign Inc,Information Technology,Software,Application Software
DOLE,Dole PLC,Consumer Staples,Food Products,Packaged Foods & Meats
DOMH,Dominari Holdings Inc,Financials,Capital Markets,Investment Banking & Brokerage
DOMO,Domo Inc,Information Technology,Software,Application Software
DORM,Dorman Products Inc,Consumer Discretionary,Automobile Components,Automotive Parts & Equipment
DOUG,Douglas Elliman Inc,Real Estate,Real Estate Management & Development,Real Estate Services
DOV,Dover Corp,Industrials,Machinery,Industrial Machinery & Supplies & Components
DOW,Dow Inc,Materials,Chemicals,Commodity Chemicals
DOX,Amdocs Ltd,Information Technology,IT Services,IT Consulting & Other Services
DPZ,Domino's Pizza Inc,Consumer Discretionary,"Hotels, Restaurants & Leisure",Restaurants
DQ,Daqo New Energy Corp,Information Technology,Semiconductors & Semiconductor Equipment,Semiconductor Materials & Equipment
DRD,DRDGOLD Ltd,Materials,Metals & Mining,Gold
DRH,Diamondrock Hospitality Co,Real Estate,Hotel & Resort REITs,Hotel & Resort REITs
DRI,Darden Restaurants Inc,Consumer Discretionary,"Hotels, Restaurants & Leisure",Restaurants
DRS,Leonardo DRS Inc,Industrials,Aerospace & Defense,Aerospace & Defense
DRTS,Alpha Tau Medical Ltd,Health Care,Health Care Equipment & Supplies,Health Care Equipment
DRVN,Driven Brands Holdings Inc,Consumer Discretionary,Diversified Consumer Services,Specialized Consumer Services
DSGN,Design Therapeutics Inc,Health Care,Biotechnology,Biotechnology
DSGR,Distribution Solutions Group Inc,Industrials,Trading Companies & Distributors,Trading Companies & Distributors
DSGX,Descartes Systems Group Inc,Information Technology,Software,Application Software
DSP,Viant Technology Inc,Information Technology,Software,Application Software
DSX,Diana Shipping Inc,Industrials,Marine Transportation,Marine Transportation
DT,Dynatrace Inc,Information Technology,Software,Application Software
DTCX,Datacentrex Inc,Information Technology,Software,Application Software
DTE,DTE Energy Co,Utilities,Multi-Utilities,Multi-Utilities
DTIL,Precision BioSciences Inc,Health Care,Biotechnology,Biotechnology
DTM,DT Midstream Inc,Energy,"Oil, Gas & Consumable Fuels",Oil & Gas Storage & Transportation
DUK,Duke Energy Corp,Utilities,Electric Utilities,Electric Utilities
DUOL,Duolingo Inc,Consumer Discretionary,Diversified Consumer Services,Education Services
DUOT,Duos Technologies Group Inc,Information Technology,Software,Systems Software
DV,DoubleVerify Holdings Inc,Communication Services,Media,Advertising
DVA,DaVita Inc,Health Care,Health Care Providers & Services,Health Care Services
DVN,Devon Energy Corp,Energy,"Oil, Gas & Consumable Fuels",Oil & Gas Exploration & Production
DX,Dynex Capital Inc,Financials,Mortgage Real Estate Investment Trusts (REITs),Mortgage REITs
DXC,DXC Technology Co,Information Technology,IT Services,IT Consulting & Other Services
DXCM,Dexcom Inc,Health Care,Health Care Equipment & Supplies,Health Care Equipment
DXPE,DXP Enterprises Inc,Industrials,Trading Companies & Distributors,Trading Companies & Distributors
DY,Dycom Industries Inc,Industrials,Construction & Engineering,Construction & Engineering
DYN,Dyne Therapeutics Inc,Health Care,Biotechnology,Biotechnology
E,Eni SpA,Energy,"Oil, Gas & Consumable Fuels",Integrated Oil & Gas
EA,Electronic Arts Inc,Communication Services,Entertainment,Interactive Home Entertainment
EAF,GrafTech International Ltd,Industrials,Electrical Equipment,Electrical Components & Equipment
EAT,Brinker International Inc,Consumer Discretionary,"Hotels, Restaurants & Leisure",Restaurants
EB,Eventbrite Inc,Communication Services,Entertainment,Movies & Entertainment
EBAY,eBay Inc,Consumer Discretionary,Broadline Retail,Broadline Retail
EBC,Eastern Bankshares Inc,Financials,Banks,Regional Banks
EBF,Ennis Inc,Industrials,Commercial Services & Supplies,Commercial Printing
EBS,Emergent BioSolutions Inc,Health Care,Biotechnology,Biotechnology
EC,Ecopetrol SA,Energy,"Oil, Gas & Consumable Fuels",Integrated Oil & Gas
ECG,Everus Construction Group Inc,Industrials,Construction & Engineering,Construction & Engineering
ECL,Ecolab Inc,Materials,Chemicals,Specialty Chemicals
ECPG,Encore Capital Group Inc,Financials,Consumer Finance,Consumer Finance
ECVT,Ecovyst Inc,Materials,Chemicals,Specialty Chemicals
ED,Consolidated Edison Inc,Utilities,Multi-Utilities,Multi-Utilities
EDAP,Edap Tms SA,Health Care,Health Care Equipment & Supplies,Health Care Equipment
EDIT,Editas Medicine Inc,Health Care,Biotechnology,Biotechnology
EDU,New Oriental Education & Technology Group Inc,Consumer Discretionary,Diversified Consumer Services,Education Services
EE,Excelerate Energy Inc,Energy,"Oil, Gas & Consumable Fuels",Oil & Gas Storage & Transportation
EEFT,Euronet Worldwide Inc,Financials,Financial Services,Transaction & Payment Processing Services
EFC,Ellington Financial Inc,Financials,Mortgage Real Estate Investment Trusts (REITs),Mortgage REITs
EFSC,Enterprise Financial Services Corp,Financials,Banks,Regional Banks
EFX,Equifax Inc,Industrials,Professional Services,Research & Consulting Services
EG,Everest Group Ltd,Financials,Insurance,Reinsurance
EGAN,eGain Corp,Information Technology,Software,Application Software
EGBN,Eagle Bancorp Inc,Financials,Banks,Regional Banks
EGHT,8x8 Inc,Information Technology,Software,Application Software
EGO,Eldorado Gold Corp,Materials,Metals & Mining,Gold
EGP,Eastgroup Properties Inc,Real Estate,Industrial REITs,Industrial REITs
EGY,VAALCO Energy Inc,Energy,"Oil, Gas & Consumable Fuels",Oil & Gas Exploration & Production
EH,EHang Holdings Ltd,Industrials,Aerospace & Defense,Aerospace & Defense
EHAB,Enhabit Inc,Health Care,Health Care Providers & Services,Health Care Services
EHC,Encompass Health Corp,Health Care,Health Care Providers & Services,Health Care Facilities
EHTH,eHealth Inc,Financials,Insurance,Insurance Brokers
EIG,Employers Holdings Inc,Financials,Insurance,Property & Casualty Insurance
EIX,Edison International,Utilities,Electric Utilities,Electric Utilities
EL,Estee Lauder Companies Inc,Consumer Staples,Personal Care Products,Personal Care Products
ELA,Envela Corp,Consumer Discretionary,Specialty Retail,Other Specialty Retail
ELAN,Elanco Animal Health Inc,Health Care,Pharmaceuticals,Pharmaceuticals
ELDN,Eledon Pharmaceuticals Inc,Health Care,Biotechnology,Biotechnology
ELF,elf Beauty Inc,Consumer Staples,Personal Care Products,Personal Care Products
ELMD,Electromed Inc,Health Care,Health Care Equipment & Supplies,Health Care Equipment
ELME,Elme Communities,Real Estate,Residential REITs,Multi-Family Residential REITs
ELS,Equity LifeStyle Properties Inc,Real Estate,Residential REITs,Single-Family Residential REITs
ELTX,Elicio Therapeutics Inc,Health Care,Biotechnology,Biotechnology
ELV,Elevance Health Inc,Health Care,Health Care Providers & Services,Managed Health Care
ELVN,Enliven Therapeutics Inc,Health Care,Pharmaceuticals,Pharmaceuticals
EMBC,Embecta Corp,Health Care,Health Care Equipment & Supplies,Health Care Supplies
EMBJ,Embraer SA,Industrials,Aerospace & Defense,Aerospace & Defense
EME,EMCOR Group Inc,Industrials,Construction & Engineering,Construction & Engineering
EMN,Eastman Chemical Co,Materials,Chemicals,Specialty Chemicals
EMPD,Empery Digital Inc,Consumer Discretionary,Automobiles,Motorcycle Manufacturers
EMR,Emerson Electric Co,Industrials,Electrical Equipment,Electrical Components & Equipment
ENB,Enbridge Inc,Energy,"Oil, Gas & Consumable Fuels",Oil & Gas Storage & Transportation
ENIC,Enel Chile SA,Utilities,Electric Utilities,Electric Utilities
ENLV,Enlivex Therapeutics Ltd,Health Care,Biotechnology,Biotechnology
ENOV,Enovis Corp,Health Care,Health Care Equipment & Supplies,Health Care Equipment
ENPH,Enphase Energy Inc,Information Technology,Semiconductors & Semiconductor Equipment,Semiconductor Materials & Equipment
ENR,Energizer Holdings Inc,Consumer Staples,Household Products,Household Products
ENS,EnerSys,Industrials,Electrical Equipment,Electrical Components & Equipment
ENSG,Ensign Group Inc,Health Care,Health Care Providers & Services,Health Care Facilities
ENTA,Enanta Pharmaceuticals Inc,Health Care,Biotechnology,Biotechnology
ENTG,Entegris Inc,Information Technology,Semiconductors & Semiconductor Equipment,Semiconductor Materials & Equipment
ENTX,Entera Bio Ltd,Health Care,Biotechnology,Biotechnology
ENVA,Enova International Inc,Financials,Consumer Finance,Consumer Finance
ENVX,Enovix Corp,Industrials,Electrical Equipment,Electrical Components & Equipment
EOG,EOG Resources Inc,Energy,"Oil, Gas & Consumable Fuels",Oil & Gas Exploration & Production
EOLS,Evolus Inc,Health Care,Pharmaceuticals,Pharmaceuticals
EOSE,Eos Energy Enterprises Inc,Industrials,Electrical Equipment,Electrical Components & Equipment
EPAC,Enerpac Tool Group Corp,Industrials,Machinery,Industrial Machinery & Supplies & Components
EPAM,Epam Systems Inc,Information Technology,IT Services,IT Consulting & Other Services
EPC,Edgewell Personal Care Co,Consumer Staples,Personal Care Products,Personal Care Products
EPD,Enterprise Products Partners LP,Energy,"Oil, Gas & Consumable Fuels",Oil & Gas Storage & Transportation
EPM,Evolution Petroleum Corp,Energy,"Oil, Gas & Consumable Fuels",Oil & Gas Exploration & Production
EPR,EPR Properties,Real Estate,Specialized REITs,Other Specialized REITs
EPRT,Essential Properties Realty Trust Inc,Real Estate,Diversified REITs,Diversified REITs
EPSN,Epsilon Energy Ltd,Energy,"Oil, Gas & Consumable Fuels",Oil & Gas Exploration & Production
EQ,Equillium Inc,Health Care,Biotechnology,Biotechnology
EQBK,Equity Bancshares Inc,Financials,Banks,Regional Banks
EQH,Equitable Holdings Inc,Financials,Financial Services,Diversified Financial Services
EQIX,Equinix Inc,Real Estate,Specialized REITs,Data Center REITs
EQNR,Equinor ASA,Energy,"Oil, Gas & Consumable Fuels",Integrated Oil & Gas
EQR,Equity Residential,Real Estate,Residential REITs,Multi-Family Residential REITs
EQT,EQT Corp,Energy,"Oil, Gas & Consumable Fuels",Oil & Gas Exploration & Production
EQX,Equinox Gold Corp,Materials,Metals & Mining,Gold
ERAS,Erasca Inc,Health Care,Biotechnology,Biotechnology
ERIC,Telefonaktiebolaget LM Ericsson,Information Technology,Communications Equipment,Communications Equipment
ERIE,Erie Indemnity Co,Financials,Insurance,Property & Casualty Insurance
ERII,Energy Recovery Inc,Industrials,Machinery,Industrial Machinery & Supplies & Components
ES,Eversource Energy,Utilities,Electric Utilities,Electric Utilities
ESAB,ESAB Corp,Industrials,Machinery,Industrial Machinery & Supplies & Components
ESE,ESCO Technologies Inc,Industrials,Machinery,Industrial Machinery & Supplies & Components
ESI,Element Solutions Inc,Materials,Chemicals,Specialty Chemicals
ESLT,Elbit Systems Ltd,Industrials,Aerospace & Defense,Aerospace & Defense
ESNT,Essent Group Ltd,Financials,Financial Services,Commercial & Residential Mortgage Finance
ESPR,Esperion Therapeutics Inc,Health Care,Pharmaceuticals,Pharmaceuticals
ESRT,Empire State Realty Trust Inc,Real Estate,Office REITs,Office REITs
ESS,Essex Property Trust Inc,Real Estate,Residential REITs,Multi-Family Residential REITs
ESTA,Establishment Labs Holdings Inc,Health Care,Health Care Equipment & Supplies,Health Care Supplies
ESTC,Elastic NV,Information Technology,Software,Application Software
ET,Energy Transfer LP,Energy,"Oil, Gas & Consumable Fuels",Oil & Gas Storage & Transportation
ETD,Ethan Allen Interiors Inc,Consumer Discretionary,Household Durables,Home Furnishings
ETHZ,ETHZilla Corp,Health Care,Biotechnology,Biotechnology
ETN,Eaton Corporation PLC,Industrials,Electrical Equipment,Electrical Components & Equipment
ETON,Eton Pharmaceuticals Inc,Health Care,Pharmaceuticals,Pharmaceuticals
ETOR,eToro Group Ltd,Financials,Capital Markets,Investment Banking & Brokerage
ETR,Entergy Corp,Utilities,Electric Utilities,Electric Utilities
ETSY,ETSY Inc,Consumer Discretionary,Broadline Retail,Broadline Retail
EVC,Entravision Communications Corp,Communication Services,Media,Broadcasting
EVCM,EverCommerce Inc,Information Technology,Software,Application Software
EVER,EverQuote Inc,Communication Services,Interactive Media & Services,Interactive Media & Services
EVEX,Eve Holding Inc,Industrials,Aerospace & Defense,Aerospace & Defense
EVGO,EVgo Inc,Consumer Discretionary,Specialty Retail,Automotive Retail
EVH,Evolent Health Inc,Health Care,Health Care Technology,Health Care Technology
EVLV,Evolv Technologies Holdings Inc,Information Technology,"Electronic Equipment, Instruments & Components",Electronic Equipment & Instruments
EVR,Evercore Inc,Financials,Capital Markets,Investment Banking & Brokerage
EVRG,Evergy Inc,Utilities,Electric Utilities,Electric Utilities
EVTC,Evertec Inc,Financials,Financial Services,Transaction & Payment Processing Services
EVTL,Vertical Aerospace Ltd,Industrials,Aerospace & Defense,Aerospace & Defense
EW,Edwards Lifesciences Corp,Health Care,Health Care Equipment & Supplies,Health Care Equipment
EWBC,East West Bancorp Inc,Financials,Banks,Regional Banks
EWCZ,European Wax Center Inc,Consumer Discretionary,Diversified Consumer Services,Specialized Consumer Services
EWTX,Edgewise Therapeutics Inc,Health Care,Pharmaceuticals,Pharmaceuticals
EXAS,Exact Sciences Corp,Health Care,Biotechnology,Biotechnology
EXC,Exelon Corp,Utilities,Electric Utilities,Electric Utilities
EXE,Expand Energy Corp,Energy,"Oil, Gas & Consumable Fuels",Oil & Gas Exploration & Production
EXEL,Exelixis Inc,Health Care,Biotechnology,Biotechnology
EXFY,Expensify Inc,Information Technology,Software,Application Software
EXK,Endeavour Silver Corp,Materials,Metals & Mining,Silver
EXLS,Exlservice Holdings Inc,Industrials,Professional Services,Data Processing & Outsourced Services
EXP,Eagle Materials Inc,Materials,Construction Materials,Construction Materials
EXPD,Expeditors International of Washington Inc,Industrials,Air Freight & Logistics,Air Freight & Logistics
EXPE,Expedia Group Inc,Consumer Discretionary,"Hotels, Restaurants & Leisure","Hotels, Resorts & Cruise Lines"
EXPI,eXp World Holdings Inc,Real Estate,Real Estate Management & Development,Real Estate Services
EXPO,Exponent Inc,Industrials,Professional Services,Research & Consulting Services
EXR,Extra Space Storage Inc,Real Estate,Specialized REITs,Self-Storage REITs
EXTR,Extreme Networks Inc,Information Technology,Communications Equipment,Communications Equipment
EYE,National Vision Holdings Inc,Consumer Discretionary,Specialty Retail,Other Specialty Retail
EYPT,EyePoint Inc,Health Care,Pharmaceuticals,Pharmaceuticals
EZPW,EZCORP Inc,Financials,Consumer Finance,Consumer Finance
F,Ford Motor Co,Consumer Discretionary,Automobiles,Automobile Manufacturers
FA,First Advantage Corp,Industrials,Professional Services,Human Resource & Employment Services
FAF,First American Financial Corp,Financials,Insurance,Property & Casualty Insurance
FANG,Diamondback Energy Inc,Energy,"Oil, Gas & Consumable Fuels",Oil & Gas Exploration & Production
FARM,Farmer Bros Co,Consumer Staples,Food Products,Packaged Foods & Meats
FAST,Fastenal Co,Industrials,Trading Companies & Distributors,Trading Companies & Distributors
FATE,Fate Therapeutics Inc,Health Care,Biotechnology,Biotechnology
FBIN,Fortune Brands Innovations Inc,Industrials,Building Products,Building Products
FBIO,Fortress Biotech Inc,Health Care,Biotechnology,Biotechnology
FBK,FB Financial Corp,Financials,Banks,Regional Banks
FBNC,First Bancorp (North Carolina),Financials,Banks,Regional Banks
FBP,First BanCorp,Financials,Banks,Regional Banks
FBRT,Franklin BSP Realty Trust Inc,Financials,Mortgage Real Estate Investment Trusts (REITs),Mortgage REITs
FBRX,Forte Biosciences Inc,Health Care,Biotechnology,Biotechnology
FC,Franklin Covey Co,Industrials,Professional Services,Research & Consulting Services
FCBC,First Community Bankshares Inc,Financials,Banks,Regional Banks
FCEL,Fuelcell Energy Inc,Industrials,Electrical Equipment,Electrical Components & Equipment
FCF,First Commonwealth Financial Corp,Financials,Banks,Regional Banks
FCFS,Firstcash Holdings Inc,Financials,Consumer Finance,Consumer Finance
FCN,FTI Consulting Inc,Industrials,Professional Services,Research & Consulting Services
FCNCA,First Citizens BancShares Inc (Delaware),Financials,Banks,Diversified Banks
FCPT,Four Corners Property Trust Inc,Real Estate,Specialized REITs,Other Specialized REITs
FCX,Freeport-McMoRan Inc,Materials,Metals & Mining,Copper
FDMT,4D Molecular Therapeutics Inc,Health Care,Biotechnology,Biotechnology
FDP,Fresh Del Monte Produce Inc,Consumer Staples,Food Products,Agricultural Products & Services
FDS,Factset Research Systems Inc,Financials,Capital Markets,Financial Exchanges & Data
FDUS,Fidus Investment Corp,Financials,Capital Markets,Asset Management & Custody Banks
FDX,FedEx Corp,Industrials,Air Freight & Logistics,Air Freight & Logistics
FE,FirstEnergy Corp,Utilities,Electric Utilities,Electric Utilities
FEIM,Frequency Electronics Inc,Information Technology,"Electronic Equipment, Instruments & Components",Electronic Equipment & Instruments
FELE,Franklin Electric Co Inc,Industrials,Machinery,Industrial Machinery & Supplies & Components
FENC,Fennec Pharmaceuticals Inc,Health Care,Biotechnology,Biotechnology
FERG,Ferguson Enterprises Inc,Industrials,Trading Companies & Distributors,Trading Companies & Distributors
FET,Forum Energy Technologies Inc,Energy,Energy Equipment & Services,Oil & Gas Equipment & Services
FF,FutureFuel Corp,Energy,"Oil, Gas & Consumable Fuels",Oil & Gas Refining & Marketing
FFBC,First Financial Bancorp,Financials,Banks,Regional Banks
FFIC,Flushing Financial Corp,Financials,Banks,Regional Banks
FFIN,First Financial Bankshares Inc,Financials,Banks,Regional Banks
FFIV,F5 Inc,Information Technology,Communications Equipment,Communications Equipment
FFWM,First Foundation Inc,Financials,Banks,Regional Banks
FG,F&G Annuities & Life Inc,Financials,Insurance,Life & Health Insurance
FGNX,FG Nexus Inc,Financials,Insurance,Property & Casualty Insurance
FHB,First Hawaiian Inc,Financials,Banks,Regional Banks
FHI,Federated Hermes Inc,Financials,Capital Markets,Asset Management & Custody Banks
FHN,First Horizon Corp,Financials,Banks,Regional Banks
FHTX,Foghorn Therapeutics Inc,Health Care,Biotechnology,Biotechnology
FIBK,First Interstate Bancsystem Inc,Financials,Banks,Regional Banks
FICO,Fair Isaac Corp,Information Technology,Software,Application Software
FIG,Figma Inc,Information Technology,Software,Application Software
FIGR,Figure Technology Solutions Inc,Financials,Consumer Finance,Consumer Finance
FIGS,Figs Inc,Consumer Discretionary,"Textiles, Apparel & Luxury Goods","Apparel, Accessories & Luxury Goods"
FINV,FinVolution Group,Financials,Consumer Finance,Consumer Finance
FIP,Ftai Infrastructure Inc,Industrials,Ground Transportation,Rail Transportation
FIS,Fidelity National Information Services Inc,Financials,Financial Services,Transaction & Payment Processing Services
FISI,Financial Institutions Inc,Financials,Banks,Regional Banks
FISV,Fiserv Inc,Financials,Financial Services,Transaction & Payment Processing Services
FITB,Fifth Third Bancorp,Financials,Banks,Diversified Banks
FIVE,Five Below Inc,Consumer Discretionary,Specialty Retail,Other Specialty Retail
FIVN,Five9 Inc,Information Technology,Software,Application Software
FIX,Comfort Systems USA Inc,Industrials,Construction & Engineering,Construction & Engineering
FIZZ,National Beverage Corp,Consumer Staples,Beverages,Soft Drinks & Non-alcoholic Beverages
FJET,Starfighters Space Inc,Industrials,Aerospace & Defense,Aerospace & Defense
FLD,Fold Holdings Inc,Financials,Capital Markets,Financial Exchanges & Data
FLEX,Flex Ltd,Information Technology,"Electronic Equipment, Instruments & Components",Electronic Manufacturing Services
FLG,Flagstar Bank NA,Financials,Banks,Regional Banks
FLGT,Fulgent Genetics Inc,Health Care,Health Care Providers & Services,Health Care Services
FLL,Full House Resorts Inc,Consumer Discretionary,"Hotels, Restaurants & Leisure",Casinos & Gaming
FLNC,Fluence Energy Inc,Industrials,Electrical Equipment,Electrical Components & Equipment
FLNG,FLEX LNG Ltd,Energy,"Oil, Gas & Consumable Fuels",Oil & Gas Storage & Transportation
FLO,Flowers Foods Inc,Consumer Staples,Food Products,Packaged Foods & Meats
FLR,Fluor Corp,Industrials,Construction & Engineering,Construction & Engineering
FLS,Flowserve Corp,Industrials,Machinery,Industrial Machinery & Supplies & Components
FLUT,Flutter Entertainment PLC,Consumer Discretionary,"Hotels, Restaurants & Leisure",Casinos & Gaming
FLUX,Flux Power Holdings Inc,Industrials,Electrical Equipment,Electrical Components & Equipment
FLWS,1-800-Flowers.Com Inc,Consumer Discretionary,Specialty Retail,Other Specialty Retail
FLY,Firefly Aerospace Inc,Industrials,Aerospace & Defense,Aerospace & Defense
FLYW,Flywire Corp,Financials,Financial Services,Transaction & Payment Processing Services
FMBH,First Mid Bancshares Inc,Financials,Banks,Regional Banks
FMC,FMC Corp,Materials,Chemicals,Fertilizers & Agricultural Chemicals
FMNB,Farmers National Banc Corp,Financials,Banks,Regional Banks
FMX,Fomento Economico Mexicano SAB de CV,Consumer Staples,Beverages,Soft Drinks & Non-alcoholic Beverages
FN,Fabrinet,Information Technology,"Electronic Equipment, Instruments & Components",Electronic Manufacturing Services
FNB,FNB Corp,Financials,Banks,Regional Banks
FND,Floor & Decor Holdings Inc,Consumer Discretionary,Specialty Retail,Home Improvement Retail
FNF,Fidelity National Financial Inc,Financials,Insurance,Property & Casualty Insurance
FNGR,FingerMotion Inc,Communication Services,Wireless Telecommunication Services,Wireless Telecommunication Services
FNKO,Funko Inc,Consumer Discretionary,Leisure Products,Leisure Products
FOA,Finance of America Companies Inc,Financials,Financial Services,Commercial & Residential Mortgage Finance
FOLD,Amicus Therapeutics Inc,Health Care,Biotechnology,Biotechnology
FOR,Forestar Group Inc,Real Estate,Real Estate Management & Development,Real Estate Development
FORM,FormFactor Inc,Information Technology,Semiconductors & Semiconductor Equipment,Semiconductor Materials & Equipment
FORR,Forrester Research Inc,Industrials,Professional Services,Research & Consulting Services
FOSL,Fossil Group Inc,Consumer Discretionary,"Textiles, Apparel & Luxury Goods","Apparel, Accessories & Luxury Goods"
FOUR,Shift4 Payments Inc,Financials,Financial Services,Transaction & Payment Processing Services
FOXA,Fox Corp,Communication Services,Media,Broadcasting
FOXF,Fox Factory Holding Corp,Consumer Discretionary,Automobile Components,Automotive Parts & Equipment
FPH,Five Point Holdings LLC,Real Estate,Real Estate Management & Development,Diversified Real Estate Activities
FPI,Farmland Partners Inc,Real Estate,Specialized REITs,Other Specialized REITs
FR,First Industrial Realty Trust Inc,Real Estate,Industrial REITs,Industrial REITs
FRGE,Forge Global Holdings Inc,Financials,Capital Markets,Diversified Capital Markets
FRHC,Freedom Holding Corp,Financials,Capital Markets,Investment Banking & Brokerage
FRME,First Merchants Corp,Financials,Banks,Regional Banks
FRMI,Fermi Inc,Real Estate,Specialized REITs,Data Center REITs
FRO,Frontline Plc,Energy,"Oil, Gas & Consumable Fuels",Oil & Gas Storage & Transportation
FROG,Jfrog Ltd,Information Technology,Software,Systems Software
FRPT,Freshpet Inc,Consumer Staples,Food Products,Packaged Foods & Meats
FRSH,Freshworks Inc,Information Technology,Software,Application Software
FRST,Primis Financial Corp,Financials,Banks,Regional Banks
FRT,Federal Realty Investment Trust,Real Estate,Retail REITs,Retail REITs
FSBC,Five Star Bancorp,Financials,Banks,Regional Banks
FSK,FS KKR Capital Corp,Financials,Capital Markets,Asset Management & Custody Banks
FSLR,First Solar Inc,Information Technology,Semiconductors & Semiconductor Equipment,Semiconductors
FSLY,Fastly Inc,Information Technology,IT Services,Internet Services & Infrastructure
FSS,Federal Signal Corp,Industrials,Machinery,Construction Machinery & Heavy Transportation Equipment
FTAI,FTAI Aviation Ltd,Industrials,Trading Companies & Distributors,Trading Companies & Distributors
FTCI,FTC Solar Inc,Industrials,Electrical Equipment,Electrical Components & Equipment
FTDR,Frontdoor Inc,Consumer Discretionary,Diversified Consumer Services,Specialized Consumer Services
FTEK,Fuel Tech Inc,Industrials,Commercial Services & Supplies,Environmental & Facilities Services
FTHM,Fathom Holdings Inc,Real Estate,Real Estate Management & Development,Real Estate Services
FTI,TechnipFMC PLC,Energy,Energy Equipment & Services,Oil & Gas Equipment & Services
FTK,Flotek Industries Inc,Materials,Chemicals,Specialty Chemicals
FTNT,Fortinet Inc,Information Technology,Software,Systems Software
FTRE,Fortrea Holdings Inc,Health Care,Life Sciences Tools & Services,Life Sciences Tools & Services
FTV,Fortive Corp,Industrials,Machinery,Industrial Machinery & Supplies & Components
FUBO,FuboTV Inc,Communication Services,Interactive Media & Services,Interactive Media & Services
FUL,H.B. Fuller Company,Materials,Chemicals,Specialty Chemicals
FULC,Fulcrum Therapeutics Inc,Health Care,Pharmaceuticals,Pharmaceuticals
FULT,Fulton Financial Corp,Financials,Banks,Regional Banks
FUN,Six Flags Entertainment Corp,Consumer Discretionary,"Hotels, Restaurants & Leisure",Leisure Facilities
FUTU,Futu Holdings Ltd,Financials,Capital Markets,Investment Banking & Brokerage
FVCB,FVCBankcorp Inc,Financials,Banks,Regional Banks
FVRR,Fiverr International Ltd,Industrials,Professional Services,Human Resource & Employment Services
FWDI,Forward Industries Inc,Information Technology,"Electronic Equipment, Instruments & Components",Electronic Manufacturing Services
FWONA,Formula One Group,Communication Services,Entertainment,Movies & Entertainment
FWRD,Forward Air Corp (Delaware),Industrials,Air Freight & Logistics,Air Freight & Logistics
FWRG,First Watch Restaurant Group Inc,Consumer Discretionary,"Hotels, Restaurants & Leisure",Restaurants
G,Genpact Ltd,Industrials,Professional Services,Data Processing & Outsourced Services
GABC,German American Bancorp Inc,Financials,Banks,Regional Banks
GAIA,Gaia Inc,Communication Services,Entertainment,Movies & Entertainment
GAIN,Gladstone Investment Corp,Financials,Capital Markets,Asset Management & Custody Banks
GALT,Galectin Therapeutics Inc,Health Care,Biotechnology,Biotechnology
GAMB,Gambling.com Group Ltd,Communication Services,Media,Advertising
GANX,Gain Therapeutics Inc,Health Care,Biotechnology,Biotechnology
GAP,Gap Inc,Consumer Discretionary,Specialty Retail,Apparel Retail
GASS,StealthGas Inc,Energy,"Oil, Gas & Consumable Fuels",Oil & Gas Storage & Transportation
GATX,GATX Corp,Industrials,Trading Companies & Distributors,Trading Companies & Distributors
GAU,Galiano Gold Inc,Materials,Metals & Mining,Gold
GBCI,Glacier Bancorp Inc,Financials,Banks,Regional Banks
GBDC,Golub Capital BDC Inc,Financials,Capital Markets,Asset Management & Custody Banks
GBTG,Global Business Travel Group Inc,Consumer Discretionary,"Hotels, Restaurants & Leisure","Hotels, Resorts & Cruise Lines"
GBX,Greenbrier Companies Inc,Industrials,Machinery,Construction Machinery & Heavy Transportation Equipment
GCMG,GCM Grosvenor Inc,Financials,Capital Markets,Asset Management & Custody Banks
GCO,Genesco Inc,Consumer Discretionary,Specialty Retail,Apparel Retail
GCT,GigaCloud Technology Inc,Consumer Discretionary,Distributors,Distributors
GD,General Dynamics Corp,Industrials,Aerospace & Defense,Aerospace & Defense
GDDY,GoDaddy Inc,Information Technology,IT Services,Internet Services & Infrastructure
GDEN,Golden Entertainment Inc,Consumer Discretionary,"Hotels, Restaurants & Leisure",Casinos & Gaming
GDOT,Green Dot Corp,Financials,Consumer Finance,Consumer Finance
GDRX,GoodRx Holdings Inc,Health Care,Health Care Technology,Health Care Technology
GDS,GDS Holdings Ltd,Information Technology,IT Services,Internet Services & Infrastructure
GDYN,Grid Dynamics Holdings Inc,Information Technology,IT Services,IT Consulting & Other Services
GE,GE Aerospace,Industrials,Aerospace & Defense,Aerospace & Defense
GEF,Greif Inc,Materials,Containers & Packaging,"Metal, Glass & Plastic Containers"
GEHC,GE Healthcare Technologies Inc,Health Care,Health Care Equipment & Supplies,Health Care Equipment
GEL,Genesis Energy LP,Energy,"Oil, Gas & Consumable Fuels",Oil & Gas Storage & Transportation
GEMI,Gemini Space Station Inc,Financials,Capital Markets,Financial Exchanges & Data
GEN,Gen Digital Inc,Information Technology,Software,Systems Software
GENI,Genius Sports Ltd,Consumer Discretionary,"Hotels, Restaurants & Leisure",Casinos & Gaming
GEO,Geo Group Inc,Industrials,Commercial Services & Supplies,Security & Alarm Services
GEOS,Geospace Technologies Corp,Energy,Energy Equipment & Services,Oil & Gas Equipment & Services
GERN,Geron Corp,Health Care,Biotechnology,Biotechnology
GEV,GE Vernova Inc,Industrials,Electrical Equipment,Heavy Electrical Equipment
GEVO,Gevo Inc,Energy,"Oil, Gas & Consumable Fuels",Oil & Gas Refining & Marketing
GFF,Griffon Corp,Industrials,Building Products,Building Products
GFI,Gold Fields Ltd,Materials,Metals & Mining,Gold
GFS,GlobalFoundries Inc,Information Technology,Semiconductors & Semiconductor Equipment,Semiconductors
GGAL,Grupo Financiero Galicia SA,Financials,Banks,Diversified Banks
GGB,Gerdau SA,Materials,Metals & Mining,Steel
GGG,Graco Inc,Industrials,Machinery,Industrial Machinery & Supplies & Components
GH,Guardant Health Inc,Health Care,Health Care Providers & Services,Health Care Services
GHI,Greystone Housing Impact Investors LP,Financials,Financial Services,Commercial & Residential Mortgage Finance
GHM,Graham Corp,Industrials,Machinery,Industrial Machinery & Supplies & Components
GHRS,GH Research PLC,Health Care,Pharmaceuticals,Pharmaceuticals
GIB,CGI Inc,Information Technology,IT Services,IT Consulting & Other Services
GIC,Global Industrial Co,Industrials,Trading Companies & Distributors,Trading Companies & Distributors
GIII,G-III Apparel Group Ltd,Consumer Discretionary,"Textiles, Apparel & Luxury Goods","Apparel, Accessories & Luxury Goods"
GIL,Gildan Activewear Inc,Consumer Discretionary,"Textiles, Apparel & Luxury Goods","Apparel, Accessories & Luxury Goods"
GILD,Gilead Sciences Inc,Health Care,Biotechnology,Biotechnology
GILT,Gilat Satellite Networks Ltd,Information Technology,Communications Equipment,Communications Equipment
GIS,General Mills Inc,Consumer Staples,Food Products,Packaged Foods & Meats
GKOS,Glaukos Corp,Health Care,Health Care Equipment & Supplies,Health Care Equipment
GL,Globe Life Inc,Financials,Insurance,Life & Health Insurance
GLAD,Gladstone Capital Corp,Financials,Capital Markets,Asset Management & Custody Banks
GLBE,Global-E Online Ltd,Consumer Discretionary,Broadline Retail,Broadline Retail
GLBS,Globus Maritime Ltd,Industrials,Marine Transportation,Marine Transportation
GLDD,Great Lakes Dredge & Dock Corp,Industrials,Construction & Engineering,Construction & Engineering
GLNG,Golar LNG Ltd,Energy,"Oil, Gas & Consumable Fuels",Oil & Gas Storage & Transportation
GLOB,Globant SA,Information Technology,IT Services,IT Consulting & Other Services
GLP,Global Partners LP,Energy,"Oil, Gas & Consumable Fuels",Oil & Gas Storage & Transportation
GLPG,Galapagos NV,Health Care,Biotechnology,Biotechnology
GLPI,Gaming and Leisure Properties Inc,Real Estate,Specialized REITs,Other Specialized REITs
GLRE,Greenlight Capital Re Ltd,Financials,Insurance,Reinsurance
GLUE,Monte Rosa Therapeutics Inc,Health Care,Biotechnology,Biotechnology
GLW,Corning Inc,Information Technology,"Electronic Equipment, Instruments & Components",Electronic Components
GLXY,Galaxy Digital Inc,Financials,Capital Markets,Asset Management & Custody Banks
GM,General Motors Co,Consumer Discretionary,Automobiles,Automobile Manufacturers
GMAB,Genmab A/S,Health Care,Biotechnology,Biotechnology
GME,GameStop Corp,Consumer Discretionary,Specialty Retail,Computer & Electronics Retail
GMED,Globus Medical Inc,Health Care,Health Care Equipment & Supplies,Health Care Equipment
GNE,Genie Energy Ltd,Utilities,Electric Utilities,Electric Utilities
GNK,Genco Shipping & Trading Ltd,Industrials,Marine Transportation,Marine Transportation
GNL,Global Net Lease Inc,Real Estate,Diversified REITs,Diversified REITs
GNLX,Genelux Corp,Health Care,Biotechnology,Biotechnology
GNRC,Generac Holdings Inc,Industrials,Electrical Equipment,Electrical Components & Equipment
GNSS,Genasys Inc,Information Technology,Communications Equipment,Communications Equipment
GNTX,Gentex Corp,Consumer Discretionary,Automobile Components,Automotive Parts & Equipment
GNW,Genworth Financial Inc,Financials,Insurance,Life & Health Insurance
GO,Grocery Outlet Holding Corp,Consumer Staples,Consumer Staples Distribution & Retail,Food Retail
GOGO,Gogo Inc,Communication Services,Wireless Telecommunication Services,Wireless Telecommunication Services
GOLD,Gold.com Inc,Consumer Discretionary,Distributors,Distributors
GOLF,Acushnet Holdings Corp,Consumer Discretionary,Leisure Products,Leisure Products
GOOD,Gladstone Commercial Corp,Real Estate,Diversified REITs,Diversified REITs
GOOGL,Alphabet Inc,Communication Services,Interactive Media & Services,Interactive Media & Services
GORO,Gold Resource Corp,Materials,Metals & Mining,Gold
GOTU,Gaotu Techedu Inc,Consumer Discretionary,Diversified Consumer Services,Education Services
GP,GreenPower Motor Company Inc,Industrials,Machinery,Construction Machinery & Heavy Transportation Equipment
GPC,Genuine Parts Co,Consumer Discretionary,Distributors,Distributors
GPCR,Structure Therapeutics Inc,Health Care,Pharmaceuticals,Pharmaceuticals
GPGI,GPGI Inc,Information Technology,"Technology Hardware, Storage & Peripherals","Technology Hardware, Storage & Peripherals"
GPI,Group 1 Automotive Inc,Consumer Discretionary,Specialty Retail,Automotive Retail
GPK,Graphic Packaging Holding Co,Materials,Containers & Packaging,Paper & Plastic Packaging Products & Materials
GPMT,Granite Point Mortgage Trust Inc,Financials,Mortgage Real Estate Investment Trusts (REITs),Mortgage REITs
GPN,Global Payments Inc,Financials,Financial Services,Transaction & Payment Processing Services
GPOR,Gulfport Energy Corp,Energy,"Oil, Gas & Consumable Fuels",Oil & Gas Exploration & Production
GPRE,Green Plains Inc,Energy,"Oil, Gas & Consumable Fuels",Oil & Gas Refining & Marketing
GPRK,GeoPark Ltd,Energy,"Oil, Gas & Consumable Fuels",Oil & Gas Exploration & Production
GRAB,Grab Holdings Ltd,Industrials,Ground Transportation,Passenger Ground Transportation
GRAL,Grail Inc,Health Care,Biotechnology,Biotechnology
GRBK,Green Brick Partners Inc,Consumer Discretionary,Household Durables,Homebuilding
GRC,Gorman-Rupp Co,Industrials,Machinery,Industrial Machinery & Supplies & Components
GRCE,"Grace Therapeutics, Inc",Health Care,Pharmaceuticals,Pharmaceuticals
GRDN,Guardian Pharmacy Services Inc,Health Care,Health Care Providers & Services,Health Care Services
GRFS,Grifols SA,Health Care,Biotechnology,Biotechnology
GRMN,Garmin Ltd,Consumer Discretionary,Household Durables,Consumer Electronics
GRND,Grindr Inc,Communication Services,Interactive Media & Services,Interactive Media & Services
GRNT,Granite Ridge Resources Inc,Energy,"Oil, Gas & Consumable Fuels",Oil & Gas Exploration & Production
GROY,Gold Royalty Corp,Materials,Metals & Mining,Gold
GRPN,Groupon Inc,Consumer Discretionary,Broadline Retail,Broadline Retail
GRRR,Gorilla Technology Group Inc,Information Technology,Software,Application Software
GRWG,GrowGeneration Corp,Consumer Discretionary,Specialty Retail,Home Improvement Retail
GS,Goldman Sachs Group Inc,Financials,Capital Markets,Investment Banking & Brokerage
GSAT,Globalstar Inc,Communication Services,Diversified Telecommunication Services,Alternative Carriers
GSBC,Great Southern Bancorp Inc,Financials,Banks,Regional Banks
GSBD,Goldman Sachs BDC Inc,Financials,Capital Markets,Asset Management & Custody Banks
GSHD,Goosehead Insurance Inc,Financials,Insurance,Insurance Brokers
GSIT,GSI Technology Inc,Information Technology,Semiconductors & Semiconductor Equipment,Semiconductors
GSK,GSK plc,Health Care,Pharmaceuticals,Pharmaceuticals
GSL,Global Ship Lease Inc,Industrials,Marine Transportation,Marine Transportation
GSM,Ferroglobe PLC,Materials,Metals & Mining,Diversified Metals & Mining
GT,Goodyear Tire & Rubber Co,Consumer Discretionary,Automobile Components,Tires & Rubber
GTE,Gran Tierra Energy Inc,Energy,"Oil, Gas & Consumable Fuels",Oil & Gas Exploration & Production
GTES,Gates Industrial Corporation PLC,Industrials,Machinery,Industrial Machinery & Supplies & Components
GTLB,GitLab Inc,Information Technology,Software,Systems Software
GTLS,Chart Industries Inc,Industrials,Machinery,Industrial Machinery & Supplies & Components
GTM,Zoominfo Technologies Inc,Communication Services,Interactive Media & Services,Interactive Media & Services
GTN,Gray Media Inc,Communication Services,Media,Broadcasting
GTX,Garrett Motion Inc,Consumer Discretionary,Automobile Components,Automotive Parts & Equipment
GTY,Getty Realty Corp,Real Estate,Retail REITs,Retail REITs
GVA,Granite Construction Inc,Industrials,Construction & Engineering,Construction & Engineering
GWRE,Guidewire Software Inc,Information Technology,Software,Application Software
GWRS,Global Water Resources Inc,Utilities,Water Utilities,Water Utilities
GWW,WW Grainger Inc,Industrials,Trading Companies & Distributors,Trading Companies & Distributors
GXO,GXO Logistics Inc,Industrials,Air Freight & Logistics,Air Freight & Logistics
GYRE,Gyre Therapeutics Inc,Health Care,Biotechnology,Biotechnology
H,Hyatt Hotels Corp,Consumer Discretionary,"Hotels, Restaurants & Leisure","Hotels, Resorts & Cruise Lines"
HAE,Haemonetics Corp,Health Care,Health Care Equipment & Supplies,Health Care Supplies
HAFC,Hanmi Financial Corp,Financials,Banks,Regional Banks
HAL,Halliburton Co,Energy,Energy Equipment & Services,Oil & Gas Equipment & Services
HALO,Halozyme Therapeutics Inc,Health Care,Biotechnology,Biotechnology
HAS,Hasbro Inc,Consumer Discretionary,Leisure Products,Leisure Products
HASI,HA Sustainable Infrastructure Capital Inc,Financials,Financial Services,Specialized Finance
HAYW,Hayward Holdings Inc,Industrials,Building Products,Building Products
HBAN,Huntington Bancshares Inc,Financials,Banks,Regional Banks
HBCP,Home Bancorp Inc,Financials,Banks,Regional Banks
HBNC,Horizon Bancorp Inc,Financials,Banks,Regional Banks
HCA,HCA Healthcare Inc,Health Care,Health Care Providers & Services,Health Care Facilities
HCAT,Health Catalyst Inc,Health Care,Health Care Technology,Health Care Technology
HCC,Warrior Met Coal Inc,Materials,Metals & Mining,Steel
HCI,Hci Group Inc,Financials,Insurance,Property & Casualty Insurance
HCKT,Hackett Group Inc,Information Technology,IT Services,IT Consulting & Other Services
HCSG,Healthcare Services Group Inc,Industrials,Commercial Services & Supplies,Diversified Support Services
HD,Home Depot Inc,Consumer Discretionary,Specialty Retail,Home Improvement Retail
HDB,HDFC Bank Ltd,Financials,Banks,Diversified Banks
HDSN,Hudson Technologies Inc,Industrials,Trading Companies & Distributors,Trading Companies & Distributors
HE,Hawaiian Electric Industries Inc,Utilities,Electric Utilities,Electric Utilities
HEI,HEICO Corp,Industrials,Aerospace & Defense,Aerospace & Defense
HELE,Helen of Troy Ltd,Consumer Discretionary,Household Durables,Household Appliances
HEPS,D Market Elektronik Hizmetler ve Ticaret AS,Consumer Discretionary,Broadline Retail,Broadline Retail
HESM,Hess Midstream LP,Energy,"Oil, Gas & Consumable Fuels",Oil & Gas Storage & Transportation
HFFG,Hf Foods Group Inc,Consumer Staples,Consumer Staples Distribution & Retail,Food Distributors
HFWA,Heritage Financial Corp,Financials,Banks,Regional Banks
HG,Hamilton Insurance Group Ltd,Financials,Insurance,Property & Casualty Insurance
HGTY,Hagerty Inc,Financials,Insurance,Insurance Brokers
HGV,Hilton Grand Vacations Inc,Consumer Discretionary,"Hotels, Restaurants & Leisure","Hotels, Resorts & Cruise Lines"
HHH,Howard Hughes Holdings Inc,Real Estate,Real Estate Management & Development,Real Estate Development
HIG,Hartford Insurance Group Inc,Financials,Insurance,Property & Casualty Insurance
HII,Huntington Ingalls Industries Inc,Industrials,Aerospace & Defense,Aerospace & Defense
HIMS,Hims & Hers Health Inc,Health Care,Health Care Providers & Services,Health Care Services
HIMX,Himax Technologies Inc,Information Technology,Semiconductors & Semiconductor Equipment,Semiconductors
HIPO,Hippo Holdings Inc,Financials,Insurance,Insurance Brokers
HIW,Highwoods Properties Inc,Real Estate,Office REITs,Office REITs
HL,Hecla Mining Co,Materials,Metals & Mining,Silver
HLF,Herbalife Ltd,Consumer Staples,Personal Care Products,Personal Care Products
HLI,Houlihan Lokey Inc,Financials,Capital Markets,Investment Banking & Brokerage
HLIO,Helios Technologies Inc,Industrials,Machinery,Industrial Machinery & Supplies & Components
HLIT,Harmonic Inc,Information Technology,Communications Equipment,Communications Equipment
HLLY,Holley Inc,Consumer Discretionary,Automobile Components,Automotive Parts & Equipment
HLMN,Hillman Solutions Corp,Industrials,Machinery,Industrial Machinery & Supplies & Components
HLN,Haleon PLC,Health Care,Pharmaceuticals,Pharmaceuticals
HLNE,Hamilton Lane Inc,Financials,Capital Markets,Asset Management & Custody Banks
HLT,Hilton Worldwide Holdings Inc,Consumer Discretionary,"Hotels, Restaurants & Leisure","Hotels, Resorts & Cruise Lines"
HLX,Helix Energy Solutions Group Inc,Energy,Energy Equipment & Services,Oil & Gas Equipment & Services
HMC,Honda Motor Co Ltd,Consumer Discretionary,Automobiles,Automobile Manufacturers
HMN,Horace Mann Educators Corp,Financials,Insurance,Multi-line Insurance
HMY,Harmony Gold Mining Company Ltd,Materials,Metals & Mining,Gold
HNGE,Hinge Health Inc,Health Care,Health Care Providers & Services,Health Care Services
HNI,HNI Corp,Industrials,Commercial Services & Supplies,Office Services & Supplies
HNRG,Hallador Energy Co,Utilities,Independent Power & Renewable Electricity Producers,Independent Power Producers & Energy Traders
HNST,Honest Company Inc,Consumer Staples,Personal Care Products,Personal Care Products
HOG,Harley-Davidson Inc,Consumer Discretionary,Automobiles,Motorcycle Manufacturers
HOLO,MicroCloud Hologram Inc,Information Technology,Software,Application Software
HOLX,Hologic Inc,Health Care,Health Care Equipment & Supplies,Health Care Equipment
HOMB,Home BancShares Inc,Financials,Banks,Regional Banks
HON,Honeywell International Inc,Industrials,Industrial Conglomerates,Industrial Conglomerates
HOOD,Robinhood Markets Inc,Financials,Capital Markets,Investment Banking & Brokerage
HOPE,Hope Bancorp Inc,Financials,Banks,Regional Banks
HP,Helmerich and Payne Inc,Energy,Energy Equipment & Services,Oil & Gas Drilling
HPE,Hewlett Packard Enterprise Co,Information Technology,"Technology Hardware, Storage & Peripherals","Technology Hardware, Storage & Peripherals"
HPK,Highpeak Energy Inc,Energy,"Oil, Gas & Consumable Fuels",Oil & Gas Exploration & Production
HPP,Hudson Pacific Properties Inc,Real Estate,Office REITs,Office REITs
HPQ,HP Inc,Information Technology,"Technology Hardware, Storage & Peripherals","Technology Hardware, Storage & Peripherals"
HQY,Healthequity Inc,Health Care,Health Care Providers & Services,Managed Health Care
HR,Healthcare Realty Trust Inc,Real Estate,Health Care REITs,Health Care REITs
HRB,H & R Block Inc,Consumer Discretionary,Diversified Consumer Services,Specialized Consumer Services
HRI,Herc Holdings Inc,Industrials,Trading Companies & Distributors,Trading Companies & Distributors
HRL,Hormel Foods Corp,Consumer Staples,Food Products,Packaged Foods & Meats
HRMY,Harmony Biosciences Holdings Inc,Health Care,Pharmaceuticals,Pharmaceuticals
HROW,Harrow Inc,Health Care,Pharmaceuticals,Pharmaceuticals
HRTG,Heritage Insurance Holdings Inc,Financials,Insurance,Property & Casualty Insurance
HRTX,Heron Therapeutics Inc,Health Care,Biotechnology,Biotechnology
HRZN,Horizon Technology Finance Corp,Financials,Capital Markets,Asset Management & Custody Banks
HSAI,Hesai Group,Consumer Discretionary,Automobile Components,Automotive Parts & Equipment
HSBC,HSBC Holdings PLC,Financials,Banks,Diversified Banks
HSDT,Solana Co,Health Care,Health Care Equipment & Supplies,Health Care Equipment
HSIC,Henry Schein Inc,Health Care,Health Care Providers & Services,Health Care Distributors
HST,Host Hotels & Resorts Inc,Real Estate,Hotel & Resort REITs,Hotel & Resort REITs
HSTM,HealthStream Inc,Health Care,Health Care Technology,Health Care Technology
HSY,Hershey Co,Consumer Staples,Food Products,Packaged Foods & Meats
HTB,HomeTrust Bancshares Inc,Financials,Banks,Regional Banks
HTBK,Heritage Commerce Corp,Financials,Banks,Regional Banks
HTFL,Heartflow Inc,Health Care,Health Care Technology,Health Care Technology
HTGC,Hercules Capital Inc,Financials,Capital Markets,Asset Management & Custody Banks
HTH,Hilltop Holdings Inc,Financials,Banks,Regional Banks
HTHT,H World Group Ltd,Consumer Discretionary,"Hotels, Restaurants & Leisure","Hotels, Resorts & Cruise Lines"
HTLD,Heartland Express Inc,Industrials,Ground Transportation,Cargo Ground Transportation
HTO,H2O America,Utilities,Water Utilities,Water Utilities
HTT,High Templar Tech Ltd,Financials,Consumer Finance,Consumer Finance
HTZ,Hertz Global Holdings Inc,Industrials,Ground Transportation,Passenger Ground Transportation
HUBB,Hubbell Inc,Industrials,Electrical Equipment,Electrical Components & Equipment
HUBG,Hub Group Inc,Industrials,Air Freight & Logistics,Air Freight & Logistics
HUBS,HubSpot Inc,Information Technology,Software,Application Software
HUM,Humana Inc,Health Care,Health Care Providers & Services,Managed Health Care
HUMA,Humacyte Inc,Health Care,Biotechnology,Biotechnology
HUN,Huntsman Corp,Materials,Chemicals,Diversified Chemicals
HURN,Huron Consulting Group Inc,Industrials,Professional Services,Research & Consulting Services
HUT,Hut 8 Corp,Information Technology,Software,Application Software
HUYA,HUYA Inc,Communication Services,Entertainment,Interactive Home Entertainment
HVT,Haverty Furniture Companies Inc,Consumer Discretionary,Specialty Retail,Homefurnishing Retail
HWC,Hancock Whitney Corp,Financials,Banks,Regional Banks
HWKN,Hawkins Inc,Materials,Chemicals,Commodity Chemicals
HWM,Howmet Aerospace Inc,Industrials,Aerospace & Defense,Aerospace & Defense
HXL,Hexcel Corp,Industrials,Aerospace & Defense,Aerospace & Defense
HY,Hyster-Yale Inc,Industrials,Machinery,Industrial Machinery & Supplies & Components
HYFT,MindWalk Holdings Corp,Health Care,Life Sciences Tools & Services,Life Sciences Tools & Services
HYLN,Hyliion Holdings Corp,Industrials,Electrical Equipment,Electrical Components & Equipment
HYMC,Hycroft Mining Holding Corporation,Materials,Metals & Mining,Gold
HYPR,Hyperfine Inc,Health Care,Health Care Equipment & Supplies,Health Care Equipment
HZO,MarineMax Inc,Consumer Discretionary,Specialty Retail,Other Specialty Retail
IAC,IAC Inc,Communication Services,Interactive Media & Services,Interactive Media & Services
IAG,IAMGOLD Corp,Materials,Metals & Mining,Gold
IART,Integra Lifesciences Holdings Corp,Health Care,Health Care Equipment & Supplies,Health Care Equipment
IBCP,Independent Bank Corp (Michigan),Financials,Banks,Regional Banks
IBEX,Ibex Ltd,Industrials,Professional Services,Data Processing & Outsourced Services
IBKR,Interactive Brokers Group Inc,Financials,Capital Markets,Investment Banking & Brokerage
IBM,International Business Machines Corp,Information Technology,IT Services,IT Consulting & Other Services
IBN,ICICI Bank Ltd,Financials,Banks,Diversified Banks
IBOC,International Bancshares Corp,Financials,Banks,Regional Banks
IBP,Installed Building Products Inc,Consumer Discretionary,Household Durables,Homebuilding
IBRX,Immunitybio Inc,Health Care,Biotechnology,Biotechnology
IBTA,Ibotta Inc,Communication Services,Media,Advertising
ICE,Intercontinental Exchange Inc,Financials,Capital Markets,Financial Exchanges & Data
ICFI,ICF International Inc,Industrials,Professional Services,Research & Consulting Services
ICHR,Ichor Holdings Ltd,Information Technology,Semiconductors & Semiconductor Equipment,Semiconductor Materials & Equipment
ICLR,ICON PLC,Health Care,Life Sciences Tools & Services,Life Sciences Tools & Services
ICUI,ICU Medical Inc,Health Care,Health Care Equipment & Supplies,Health Care Supplies
IDA,Idacorp Inc,Utilities,Electric Utilities,Electric Utilities
IDCC,InterDigital Inc,Information Technology,Software,Application Software
IDN,Intellicheck Inc,Information Technology,Software,Application Software
IDR,Idaho Strategic Resources Inc,Materials,Metals & Mining,Diversified Metals & Mining
IDT,IDT Corp,Communication Services,Diversified Telecommunication Services,Integrated Telecommunication Services
IDXX,IDEXX Laboratories Inc,Health Care,Health Care Equipment & Supplies,Health Care Equipment
IDYA,IDEAYA Biosciences Inc,Health Care,Biotechnology,Biotechnology
IE,Ivanhoe Electric Inc,Materials,Metals & Mining,Diversified Metals & Mining
IEP,Icahn Enterprises LP,Industrials,Industrial Conglomerates,Industrial Conglomerates
IESC,IES Holdings Inc,Industrials,Construction & Engineering,Construction & Engineering
IEX,IDEX Corp,Industrials,Machinery,Industrial Machinery & Supplies & Components
IFF,International Flavors & Fragrances Inc,Materials,Chemicals,Specialty Chemicals
IGIC,International General Insurance Holdings Ltd,Financials,Insurance,Property & Casualty Insurance
IHRT,iHeartMedia Inc,Communication Services,Media,Broadcasting
IHS,IHS Holding Ltd,Communication Services,Diversified Telecommunication Services,Integrated Telecommunication Services
III,Information Services Group Inc,Information Technology,IT Services,IT Consulting & Other Services
IIIN,Insteel Industries Inc,Industrials,Building Products,Building Products
IIIV,I3 Verticals Inc,Information Technology,Software,Application Software
IIPR,Innovative Industrial Properties Inc,Real Estate,Industrial REITs,Industrial REITs
ILMN,Illumina Inc,Health Care,Life Sciences Tools & Services,Life Sciences Tools & Services
ILPT,Industrial Logistics Properties Trust,Real Estate,Industrial REITs,Industrial REITs
IMAX,Imax Corp,Communication Services,Entertainment,Movies & Entertainment
IMCR,Immunocore Holdings PLC,Health Care,Biotechnology,Biotechnology
IMDX,Insight Molecular Diagnostics Inc,Health Care,Biotechnology,Biotechnology
IMKTA,Ingles Markets Inc,Consumer Staples,Consumer Staples Distribution & Retail,Food Retail
IMMP,Immutep Ltd,Health Care,Biotechnology,Biotechnology
IMMR,Immersion Corp,Information Technology,"Technology Hardware, Storage & Peripherals","Technology Hardware, Storage & Peripherals"
IMMX,Immix Biopharma Inc,Health Care,Biotechnology,Biotechnology
IMNM,Immunome Inc,Health Care,Biotechnology,Biotechnology
IMO,Imperial Oil Ltd,Energy,"Oil, Gas & Consumable Fuels",Integrated Oil & Gas
IMPP,Imperial Petroleum Inc,Energy,"Oil, Gas & Consumable Fuels",Oil & Gas Storage & Transportation
IMRX,Immuneering Corp,Health Care,Biotechnology,Biotechnology
IMSR,Terrestrial Energy Inc,Industrials,Construction & Engineering,Construction & Engineering
IMTX,Immatics NV,Health Care,Biotechnology,Biotechnology
IMVT,Immunovant Inc,Health Care,Biotechnology,Biotechnology
IMXI,International Money Express Inc,Financials,Financial Services,Transaction & Payment Processing Services
INBX,Inhibrx Biosciences Inc,Health Care,Biotechnology,Biotechnology
INCY,Incyte Corp,Health Care,Biotechnology,Biotechnology
INDB,Independent Bank Corp (Massachusetts),Financials,Banks,Regional Banks
INDI,indie Semiconductor Inc,Information Technology,Semiconductors & Semiconductor Equipment,Semiconductors
INDV,Indivior Pharmaceuticals Inc,Health Care,Pharmaceuticals,Pharmaceuticals
INFQ,"Infleqtion, Inc",Information Technology,"Technology Hardware, Storage & Peripherals","Technology Hardware, Storage & Peripherals"
INFU,InfuSystem Holdings Inc,Health Care,Health Care Providers & Services,Health Care Services
INFY,Infosys Ltd,Information Technology,IT Services,IT Consulting & Other Services
ING,ING Groep NV,Financials,Banks,Diversified Banks
INGM,Ingram Micro Holding Corp,Information Technology,"Electronic Equipment, Instruments & Components",Technology Distributors
INGN,Inogen Inc,Health Care,Health Care Equipment & Supplies,Health Care Equipment
INGR,Ingredion Inc,Consumer Staples,Food Products,Agricultural Products & Services
INMB,INmune Bio Inc,Health Care,Biotechnology,Biotechnology
INMD,Inmode Ltd,Health Care,Health Care Equipment & Supplies,Health Care Equipment
INN,Summit Hotel Properties Inc,Real Estate,Hotel & Resort REITs,Hotel & Resort REITs
INNV,InnovAge Holding Corp,Health Care,Health Care Providers & Services,Health Care Services
INO,Inovio Pharmaceuticals Inc,Health Care,Biotechnology,Biotechnology
INOD,Innodata Inc,Industrials,Professional Services,Research & Consulting Services
INR,Infinity Natural Resources Inc,Energy,"Oil, Gas & Consumable Fuels",Oil & Gas Exploration & Production
INSE,Inspired Entertainment Inc,Consumer Discretionary,"Hotels, Restaurants & Leisure",Casinos & Gaming
INSG,Inseego Corp,Information Technology,Communications Equipment,Communications Equipment
INSM,Insmed Inc,Health Care,Biotechnology,Biotechnology
INSP,Inspire Medical Systems Inc,Health Care,Health Care Equipment & Supplies,Health Care Equipment
INSW,International Seaways Inc,Energy,"Oil, Gas & Consumable Fuels",Oil & Gas Storage & Transportation
INTA,Intapp Inc,Information Technology,Software,Application Software
INTC,Intel Corp,Information Technology,Semiconductors & Semiconductor Equipment,Semiconductors
INTR,Inter & Co Inc,Financials,Banks,Diversified Banks
INTU,Intuit Inc,Information Technology,Software,Application Software
INV,Innventure Inc,Financials,Capital Markets,Asset Management & Custody Banks
INVA,Innoviva Inc,Health Care,Pharmaceuticals,Pharmaceuticals
INVH,Invitation Homes Inc,Real Estate,Residential REITs,Single-Family Residential REITs
INVX,Innovex International Inc,Energy,Energy Equipment & Services,Oil & Gas Equipment & Services
IONQ,IONQ Inc,Information Technology,"Technology Hardware, Storage & Peripherals","Technology Hardware, Storage & Peripherals"
IONS,Ionis Pharmaceuticals Inc,Health Care,Biotechnology,Biotechnology
IOSP,Innospec Inc,Materials,Chemicals,Specialty Chemicals
IOT,Samsara Inc,Information Technology,Software,Application Software
IOVA,Iovance Biotherapeutics Inc,Health Care,Biotechnology,Biotechnology
IP,International Paper Co,Materials,Containers & Packaging,Paper & Plastic Packaging Products & Materials
IPAR,Interparfums Inc,Consumer Staples,Personal Care Products,Personal Care Products
IPGP,IPG Photonics Corp,Information Technology,"Electronic Equipment, Instruments & Components",Electronic Manufacturing Services
IPI,Intrepid Potash Inc,Materials,Chemicals,Fertilizers & Agricultural Chemicals
IPSC,Century Therapeutics Inc,Health Care,Biotechnology,Biotechnology
IQ,iQIYI Inc,Communication Services,Entertainment,Movies & Entertainment
IQV,IQVIA Holdings Inc,Health Care,Life Sciences Tools & Services,Life Sciences Tools & Services
IR,Ingersoll Rand Inc,Industrials,Machinery,Industrial Machinery & Supplies & Components
IRD,Opus Genetics Inc,Health Care,Biotechnology,Biotechnology
IRDM,Iridium Communications Inc,Communication Services,Diversified Telecommunication Services,Alternative Carriers
IREN,IREN Ltd,Information Technology,Software,Application Software
IRM,Iron Mountain Inc,Real Estate,Specialized REITs,Other Specialized REITs
IRMD,IRadimed Corp,Health Care,Health Care Equipment & Supplies,Health Care Equipment
IRON,Disc Medicine Inc,Health Care,Biotechnology,Biotechnology
IRS,IRSA Inversiones y Representaciones SA,Real Estate,Real Estate Management & Development,Real Estate Operating Companies
IRT,Independence Realty Trust Inc,Real Estate,Residential REITs,Multi-Family Residential REITs
IRTC,Irhythm Technologies Inc,Health Care,Health Care Equipment & Supplies,Health Care Equipment
IRWD,Ironwood Pharmaceuticals Inc,Health Care,Biotechnology,Biotechnology
ISPR,Ispire Technology Inc,Consumer Staples,Tobacco,Tobacco
ISRG,Intuitive Surgical Inc,Health Care,Health Care Equipment & Supplies,Health Care Equipment
ISSC,Innovative Solutions and Support Inc,Industrials,Aerospace & Defense,Aerospace & Defense
IT,Gartner Inc,Information Technology,IT Services,IT Consulting & Other Services
ITGR,Integer Holdings Corp,Health Care,Health Care Equipment & Supplies,Health Care Equipment
ITRI,Itron Inc,Information Technology,"Electronic Equipment, Instruments & Components",Electronic Equipment & Instruments
ITRN,Ituran Location and Control Ltd,Information Technology,Communications Equipment,Communications Equipment
ITT,ITT Inc,Industrials,Machinery,Industrial Machinery & Supplies & Components
ITUB,Itau Unibanco Holding SA,Financials,Banks,Diversified Banks
ITW,Illinois Tool Works Inc,Industrials,Machinery,Industrial Machinery & Supplies & Components
IVR,Invesco Mortgage Capital Inc,Financials,Mortgage Real Estate Investment Trusts (REITs),Mortgage REITs
IVT,Inventrust Properties Corp,Real Estate,Retail REITs,Retail REITs
IVVD,Invivyd Inc,Health Care,Biotechnology,Biotechnology
IVZ,Invesco Ltd,Financials,Capital Markets,Asset Management & Custody Banks
IZEA,IZEA Worldwide Inc,Communication Services,Interactive Media & Services,Interactive Media & Services
J,Jacobs Solutions Inc,Industrials,Professional Services,Research & Consulting Services
JACK,Jack in the Box Inc,Consumer Discretionary,"Hotels, Restaurants & Leisure",Restaurants
JAKK,JAKKS Pacific Inc,Consumer Discretionary,Leisure Products,Leisure Products
JANX,Janux Therapeutics Inc,Health Care,Biotechnology,Biotechnology
JAZZ,Jazz Pharmaceuticals PLC,Health Care,Pharmaceuticals,Pharmaceuticals
JBGS,JBG SMITH Properties,Real Estate,Office REITs,Office REITs
JBHT,J B Hunt Transport Services Inc,Industrials,Ground Transportation,Cargo Ground Transportation
JBI,Janus International Group Inc,Industrials,Building Products,Building Products
JBIO,Jade Biosciences Inc,Health Care,Biotechnology,Biotechnology
JBL,Jabil Inc,Information Technology,"Electronic Equipment, Instruments & Components",Electronic Manufacturing Services
JBLU,JetBlue Airways Corp,Industrials,Passenger Airlines,Passenger Airlines
JBS,Jbs NV,Consumer Staples,Food Products,Packaged Foods & Meats
JBSS,John B Sanfilippo & Son Inc,Consumer Staples,Food Products,Packaged Foods & Meats
JBTM,JBT Marel Corp,Industrials,Machinery,Industrial Machinery & Supplies & Components
JCI,Johnson Controls International PLC,Industrials,Building Products,Building Products
JD,JD.com Inc,Consumer Discretionary,Broadline Retail,Broadline Retail
JEF,Jefferies Financial Group Inc,Financials,Capital Markets,Investment Banking & Brokerage
JELD,JELD-WEN Holding Inc,Industrials,Building Products,Building Products
JFIN,Jiayin Group Inc,Financials,Consumer Finance,Consumer Finance
JHG,Janus Henderson Group PLC,Financials,Capital Markets,Asset Management & Custody Banks
JHX,James Hardie Industries PLC,Materials,Construction Materials,Construction Materials
JJSF,J&J Snack Foods Corp,Consumer Staples,Food Products,Packaged Foods & Meats
JKHY,Jack Henry & Associates Inc,Financials,Financial Services,Transaction & Payment Processing Services
JKS,JinkoSolar Holding Co Ltd,Information Technology,Semiconductors & Semiconductor Equipment,Semiconductors
JLL,Jones Lang LaSalle Inc,Real Estate,Real Estate Management & Development,Real Estate Services
JMIA,Jumia Technologies AG,Consumer Discretionary,Broadline Retail,Broadline Retail
JNJ,Johnson & Johnson,Health Care,Pharmaceuticals,Pharmaceuticals
JOBY,Joby Aviation Inc,Industrials,Passenger Airlines,Passenger Airlines
JOE,St Joe Co,Real Estate,Real Estate Management & Development,Diversified Real Estate Activities
JOYY,JOYY Inc,Communication Services,Interactive Media & Services,Interactive Media & Services
JPM,JPMorgan Chase & Co,Financials,Banks,Diversified Banks
JRVR,James River Group Holdings Inc,Financials,Insurance,Property & Casualty Insurance
JSPR,Jasper Therapeutics Inc,Health Care,Biotechnology,Biotechnology
JXN,Jackson Financial Inc,Financials,Financial Services,Diversified Financial Services
JYNT,Joint Corp,Health Care,Health Care Providers & Services,Health Care Facilities
KAI,Kadant Inc,Industrials,Machinery,Industrial Machinery & Supplies & Components
KALU,Kaiser Aluminum Corp,Materials,Metals & Mining,Aluminum
KALV,Kalvista Pharmaceuticals Inc,Health Care,Biotechnology,Biotechnology
KB,KB Financial Group Inc,Financials,Banks,Diversified Banks
KBH,KB Home,Consumer Discretionary,Household Durables,Homebuilding
KBR,KBR Inc,Industrials,Professional Services,Research & Consulting Services
KC,Kingsoft Cloud Holdings Ltd,Information Technology,IT Services,Internet Services & Infrastructure
KD,Kyndryl Holdings Inc,Information Technology,IT Services,IT Consulting & Other Services
KDK,Kodiak AI Inc,Consumer Discretionary,Automobile Components,Automotive Parts & Equipment
KDP,Keurig Dr Pepper Inc,Consumer Staples,Beverages,Soft Drinks & Non-alcoholic Beverages
KE,Kimball Electronics Inc,Information Technology,"Electronic Equipment, Instruments & Components",Electronic Manufacturing Services
KELYA,Kelly Services Inc,Industrials,Professional Services,Human Resource & Employment Services
KEP,Korea Electric Power Corp,Utilities,Electric Utilities,Electric Utilities
KEX,Kirby Corp,Industrials,Marine Transportation,Marine Transportation
KEY,KeyCorp,Financials,Banks,Diversified Banks
KEYS,Keysight Technologies Inc,Information Technology,"Electronic Equipment, Instruments & Components",Electronic Equipment & Instruments
KFRC,Kforce Inc,Industrials,Professional Services,Human Resource & Employment Services
KFS,Kingsway Financial Services Inc,Financials,Insurance,Property & Casualty Insurance
KFY,Korn Ferry,Industrials,Professional Services,Human Resource & Employment Services
KGC,Kinross Gold Corp,Materials,Metals & Mining,Gold
KGS,Kodiak Gas Services Inc,Energy,Energy Equipment & Services,Oil & Gas Equipment & Services
KHC,Kraft Heinz Co,Consumer Staples,Food Products,Packaged Foods & Meats
KIDS,OrthoPediatrics Corp,Health Care,Health Care Equipment & Supplies,Health Care Supplies
KIM,Kimco Realty Corp,Real Estate,Retail REITs,Retail REITs
KINS,Kingstone Companies Inc,Financials,Insurance,Property & Casualty Insurance
KKR,KKR & Co Inc,Financials,Capital Markets,Asset Management & Custody Banks
KLAC,KLA Corp,Information Technology,Semiconductors & Semiconductor Equipment,Semiconductor Materials & Equipment
KLAR,Klarna Group PLC,Financials,Financial Services,Transaction & Payment Processing Services
KLC,Kindercare Learning Companies Inc,Consumer Discretionary,Diversified Consumer Services,Education Services
KLIC,Kulicke and Soffa Industries Inc,Information Technology,Semiconductors & Semiconductor Equipment,Semiconductor Materials & Equipment
KLTR,Kaltura Inc,Information Technology,Software,Application Software
KLXE,KLX Energy Services Holdings Inc,Energy,Energy Equipment & Services,Oil & Gas Equipment & Services
KMB,Kimberly-Clark Corp,Consumer Staples,Household Products,Household Products
KMDA,Kamada Ltd,Health Care,Biotechnology,Biotechnology
KMI,Kinder Morgan Inc,Energy,"Oil, Gas & Consumable Fuels",Oil & Gas Storage & Transportation
KMPR,Kemper Corp,Financials,Insurance,Property & Casualty Insurance
KMT,Kennametal Inc,Industrials,Machinery,Industrial Machinery & Supplies & Components
KMX,Carmax Inc,Consumer Discretionary,Specialty Retail,Automotive Retail
KN,Knowles Corp,Information Technology,"Electronic Equipment, Instruments & Components",Electronic Components
KNDI,Kandi Technologies Group Inc,Consumer Discretionary,Automobile Components,Automotive Parts & Equipment
KNF,Knife River Corp,Materials,Construction Materials,Construction Materials
KNOP,Knot Offshore Partners LP,Energy,"Oil, Gas & Consumable Fuels",Oil & Gas Storage & Transportation
KNSA,Kiniksa Pharmaceuticals International PLC,Health Care,Biotechnology,Biotechnology
KNSL,Kinsale Capital Group Inc,Financials,Insurance,Property & Casualty Insurance
KNTK,Kinetik Holdings Inc,Energy,"Oil, Gas & Consumable Fuels",Oil & Gas Storage & Transportation
KNX,Knight-Swift Transportation Holdings Inc,Industrials,Ground Transportation,Cargo Ground Transportation
KO,Coca-Cola Co,Consumer Staples,Beverages,Soft Drinks & Non-alcoholic Beverages
KOD,Kodiak Sciences Inc,Health Care,Biotechnology,Biotechnology
KODK,Eastman Kodak Co,Information Technology,"Technology Hardware, Storage & Peripherals","Technology Hardware, Storage & Peripherals"
KOF,Coca-Cola Femsa SAB de CV,Consumer Staples,Beverages,Soft Drinks & Non-alcoholic Beverages
KOP,Koppers Holdings Inc,Materials,Chemicals,Commodity Chemicals
KOPN,Kopin Corp,Information Technology,Semiconductors & Semiconductor Equipment,Semiconductors
KOS,Kosmos Energy Ltd,Energy,"Oil, Gas & Consumable Fuels",Oil & Gas Exploration & Production
KPTI,Karyopharm Therapeutics Inc,Health Care,Biotechnology,Biotechnology
KR,Kroger Co,Consumer Staples,Consumer Staples Distribution & Retail,Food Retail
KRC,Kilroy Realty Corp,Real Estate,Office REITs,Office REITs
KREF,KKR Real Estate Finance Trust Inc,Financials,Mortgage Real Estate Investment Trusts (REITs),Mortgage REITs
KRG,Kite Realty Group Trust,Real Estate,Retail REITs,Retail REITs
KRMD,KORU Medical Systems Inc,Health Care,Health Care Equipment & Supplies,Health Care Equipment
KRMN,Karman Holdings Inc,Industrials,Aerospace & Defense,Aerospace & Defense
KRNT,Kornit Digital Ltd,Industrials,Machinery,Industrial Machinery & Supplies & Components
KRNY,Kearny Financial Corp,Financials,Banks,Regional Banks
KRO,Kronos Worldwide Inc,Materials,Chemicals,Commodity Chemicals
KROS,Keros Therapeutics Inc,Health Care,Biotechnology,Biotechnology
KRP,Kimbell Royalty Partners LP,Energy,"Oil, Gas & Consumable Fuels",Oil & Gas Exploration & Production
KRRO,Korro Bio Inc,Health Care,Biotechnology,Biotechnology
KRYS,Krystal Biotech Inc,Health Care,Biotechnology,Biotechnology
KSPI,Kaspi.kz AO,Financials,Consumer Finance,Consumer Finance
KSS,Kohls Corp,Consumer Discretionary,Broadline Retail,Broadline Retail
KT,KT Corp,Communication Services,Diversified Telecommunication Services,Integrated Telecommunication Services
KTB,Kontoor Brands Inc,Consumer Discretionary,"Textiles, Apparel & Luxury Goods","Apparel, Accessories & Luxury Goods"
KTOS,Kratos Defense and Security Solutions Inc,Industrials,Aerospace & Defense,Aerospace & Defense
KULR,KULR Technology Group Inc,Industrials,Electrical Equipment,Electrical Components & Equipment
KURA,Kura Oncology Inc,Health Care,Biotechnology,Biotechnology
KVHI,KVH Industries Inc,Information Technology,Communications Equipment,Communications Equipment
KVUE,Kenvue Inc,Consumer Staples,Personal Care Products,Personal Care Products
KVYO,Klaviyo Inc,Information Technology,Software,Application Software
KW,Kennedy-Wilson Holdings Inc,Real Estate,Real Estate Management & Development,Real Estate Operating Companies
KWR,Quaker Chemical Corp,Materials,Chemicals,Specialty Chemicals
KYIV,Kyivstar Group Ltd,Communication Services,Wireless Telecommunication Services,Wireless Telecommunication Services
KYMR,Kymera Therapeutics Inc,Health Care,Biotechnology,Biotechnology
KYTX,Kyverna Therapeutics Inc,Health Care,Biotechnology,Biotechnology
KZIA,Kazia Therapeutics Ltd,Health Care,Biotechnology,Biotechnology
L,Loews Corp,Financials,Insurance,Property & Casualty Insurance
LAB,Standard BioTools Inc,Health Care,Life Sciences Tools & Services,Life Sciences Tools & Services
LAC,Lithium Americas Corp,Materials,Metals & Mining,Diversified Metals & Mining
LAD,Lithia Motors Inc,Consumer Discretionary,Specialty Retail,Automotive Retail
LADR,Ladder Capital Corp,Financials,Mortgage Real Estate Investment Trusts (REITs),Mortgage REITs
LAES,Sealsq Corp,Information Technology,Semiconductors & Semiconductor Equipment,Semiconductors
LAKE,Lakeland Industries Inc,Consumer Discretionary,"Textiles, Apparel & Luxury Goods","Apparel, Accessories & Luxury Goods"
LAMR,Lamar Advertising Co,Real Estate,Specialized REITs,Other Specialized REITs
LAND,Gladstone Land Corp,Real Estate,Specialized REITs,Other Specialized REITs
LAR,Lithium Argentina AG,Materials,Metals & Mining,Diversified Metals & Mining
LASR,nLIGHT Inc,Information Technology,"Electronic Equipment, Instruments & Components",Electronic Equipment & Instruments
LAUR,Laureate Education Inc,Consumer Discretionary,Diversified Consumer Services,Education Services
LAW,CS Disco Inc,Information Technology,Software,Application Software
LAZ,Lazard Inc,Financials,Capital Markets,Investment Banking & Brokerage
LB,LandBridge Co LLC,Real Estate,Real Estate Management & Development,Real Estate Operating Companies
LBRDA,Liberty Broadband Corp,Communication Services,Media,Cable & Satellite
LBRT,Liberty Energy Inc,Energy,Energy Equipment & Services,Oil & Gas Equipment & Services
LBTYA,Liberty Global Ltd,Communication Services,Diversified Telecommunication Services,Alternative Carriers
LC,LendingClub Corp,Financials,Consumer Finance,Consumer Finance
LCID,Lucid Group Inc,Consumer Discretionary,Automobiles,Automobile Manufacturers
LCII,LCI Industries,Consumer Discretionary,Automobile Components,Automotive Parts & Equipment
LCTX,Lineage Cell Therapeutics Inc,Health Care,Biotechnology,Biotechnology
LDI,loanDepot Inc,Financials,Financial Services,Commercial & Residential Mortgage Finance
LDOS,Leidos Holdings Inc,Industrials,Professional Services,Research & Consulting Services
LE,Lands' End Inc,Consumer Discretionary,Specialty Retail,Apparel Retail
LEA,Lear Corp,Consumer Discretionary,Automobile Components,Automotive Parts & Equipment
LECO,Lincoln Electric Holdings Inc,Industrials,Machinery,Industrial Machinery & Supplies & Components
LEG,Leggett & Platt Inc,Consumer Discretionary,Household Durables,Home Furnishings
LEGH,Legacy Housing Corp,Consumer Discretionary,Household Durables,Homebuilding
LEGN,Legend Biotech Corp,Health Care,Biotechnology,Biotechnology
LEN,Lennar Corp,Consumer Discretionary,Household Durables,Homebuilding
LENZ,LENZ Therapeutics Inc,Health Care,Pharmaceuticals,Pharmaceuticals
LESL,Leslie's Inc,Consumer Discretionary,Specialty Retail,Other Specialty Retail
LEU,Centrus Energy Corp,Energy,"Oil, Gas & Consumable Fuels",Coal & Consumable Fuels
LEVI,Levi Strauss & Co,Consumer Discretionary,"Textiles, Apparel & Luxury Goods","Apparel, Accessories & Luxury Goods"
LFCR,Lifecore Biomedical Inc,Health Care,Life Sciences Tools & Services,Life Sciences Tools & Services
LFMD,LifeMD Inc,Health Care,Health Care Technology,Health Care Technology
LFST,LifeStance Health Group Inc,Health Care,Health Care Providers & Services,Health Care Services
LFUS,Littelfuse Inc,Information Technology,"Electronic Equipment, Instruments & Components",Electronic Components
LFVN,LifeVantage Corp,Consumer Staples,Personal Care Products,Personal Care Products
LGIH,LGI Homes Inc,Consumer Discretionary,Household Durables,Homebuilding
LGN,Legence Corp,Industrials,Construction & Engineering,Construction & Engineering
LGND,Ligand Pharmaceuticals Inc,Health Care,Pharmaceuticals,Pharmaceuticals
LH,Labcorp Holdings Inc,Health Care,Health Care Providers & Services,Health Care Services
LHX,L3Harris Technologies Inc,Industrials,Aerospace & Defense,Aerospace & Defense
LI,Li Auto Inc,Consumer Discretionary,Automobiles,Automobile Manufacturers
LII,Lennox International Inc,Industrials,Building Products,Building Products
LILA,Liberty Latin America Ltd,Communication Services,Diversified Telecommunication Services,Alternative Carriers
LIN,Linde PLC,Materials,Chemicals,Industrial Gases
LINC,Lincoln Educational Services Corp,Consumer Discretionary,Diversified Consumer Services,Education Services
LIND,Lindblad Expeditions Holdings Inc,Consumer Discretionary,"Hotels, Restaurants & Leisure","Hotels, Resorts & Cruise Lines"
LINE,Lineage Inc,Real Estate,Industrial REITs,Industrial REITs
LION,Lionsgate Studios Corp,Communication Services,Entertainment,Movies & Entertainment
LITE,Lumentum Holdings Inc,Information Technology,Communications Equipment,Communications Equipment
LITS,Lite Strategy Inc,Health Care,Biotechnology,Biotechnology
LIVN,LivaNova PLC,Health Care,Health Care Equipment & Supplies,Health Care Equipment
LKFN,Lakeland Financial Corp,Financials,Banks,Regional Banks
LKQ,LKQ Corp,Consumer Discretionary,Distributors,Distributors
LLY,Eli Lilly and Co,Health Care,Pharmaceuticals,Pharmaceuticals
LLYVA,Liberty Live Holdings Inc,Consumer Discretionary,Diversified Consumer Services,Specialized Consumer Services
LMAT,LeMaitre Vascular Inc,Health Care,Health Care Equipment & Supplies,Health Care Equipment
LMB,Limbach Holdings Inc,Industrials,Construction & Engineering,Construction & Engineering
LMND,Lemonade Inc,Financials,Insurance,Property & Casualty Insurance
LMT,Lockheed Martin Corp,Industrials,Aerospace & Defense,Aerospace & Defense
LNC,Lincoln National Corp,Financials,Insurance,Life & Health Insurance
LNG,Cheniere Energy Inc,Energy,"Oil, Gas & Consumable Fuels",Oil & Gas Storage & Transportation
LNN,Lindsay Corp,Industrials,Machinery,Agricultural & Farm Machinery
LNT,Alliant Energy Corp,Utilities,Electric Utilities,Electric Utilities
LNTH,Lantheus Holdings Inc,Health Care,Health Care Equipment & Supplies,Health Care Supplies
LOAR,Loar Holdings Inc,Industrials,Aerospace & Defense,Aerospace & Defense
LOB,Live Oak Bancshares Inc,Financials,Banks,Regional Banks
LOCO,El Pollo Loco Holdings Inc,Consumer Discretionary,"Hotels, Restaurants & Leisure",Restaurants
LODE,Comstock Inc,Energy,"Oil, Gas & Consumable Fuels",Oil & Gas Refining & Marketing
LOGI,Logitech International SA,Information Technology,"Technology Hardware, Storage & Peripherals","Technology Hardware, Storage & Peripherals"
LOMA,Loma Negra Compania Industrial Argentina SA,Materials,Construction Materials,Construction Materials
LONA,LeonaBio Inc,Health Care,Pharmaceuticals,Pharmaceuticals
LOOP,Loop Industries Inc,Materials,Chemicals,Commodity Chemicals
LOPE,Grand Canyon Education Inc,Consumer Discretionary,Diversified Consumer Services,Education Services
LOVE,Lovesac Co,Consumer Discretionary,Household Durables,Home Furnishings
LOW,Lowe's Companies Inc,Consumer Discretionary,Specialty Retail,Home Improvement Retail
LPG,Dorian LPG Ltd,Energy,"Oil, Gas & Consumable Fuels",Oil & Gas Storage & Transportation
LPL,LG Display Co Ltd,Information Technology,"Electronic Equipment, Instruments & Components",Electronic Components
LPLA,LPL Financial Holdings Inc,Financials,Capital Markets,Investment Banking & Brokerage
LPRO,Open Lending Corp,Financials,Capital Markets,Financial Exchanges & Data
LPSN,LivePerson Inc,Information Technology,Software,Application Software
LPTH,LightPath Technologies Inc,Information Technology,"Electronic Equipment, Instruments & Components",Electronic Equipment & Instruments
LPX,Louisiana-Pacific Corp,Materials,Paper & Forest Products,Forest Products
LQDA,Liquidia Corp,Health Care,Pharmaceuticals,Pharmaceuticals
LQDT,Liquidity Services Inc,Industrials,Commercial Services & Supplies,Diversified Support Services
LRCX,Lam Research Corp,Information Technology,Semiconductors & Semiconductor Equipment,Semiconductor Materials & Equipment
LRMR,Larimar Therapeutics Inc,Health Care,Biotechnology,Biotechnology
LRN,Stride Inc,Consumer Discretionary,Diversified Consumer Services,Education Services
LSAK,Lesaka Technologies Inc,Financials,Financial Services,Transaction & Payment Processing Services
LSCC,Lattice Semiconductor Corp,Information Technology,Semiconductors & Semiconductor Equipment,Semiconductors
LSTR,Landstar System Inc,Industrials,Ground Transportation,Cargo Ground Transportation
LTBR,Lightbridge Corp,Energy,"Oil, Gas & Consumable Fuels",Coal & Consumable Fuels
LTC,LTC Properties Inc,Real Estate,Health Care REITs,Health Care REITs
LTH,Life Time Group Holdings Inc,Consumer Discretionary,"Hotels, Restaurants & Leisure",Leisure Facilities
LTM,LATAM Airlines Group SA,Industrials,Passenger Airlines,Passenger Airlines
LTRN,Lantern Pharma Inc,Health Care,Biotechnology,Biotechnology
LTRX,Lantronix Inc,Information Technology,Communications Equipment,Communications Equipment
LU,Lufax Holding Ltd,Financials,Consumer Finance,Consumer Finance
LUCK,Lucky Strike Entertainment Corp,Consumer Discretionary,"Hotels, Restaurants & Leisure",Leisure Facilities
LULU,Lululemon Athletica Inc,Consumer Discretionary,"Textiles, Apparel & Luxury Goods","Apparel, Accessories & Luxury Goods"
LUMN,Lumen Technologies Inc,Communication Services,Diversified Telecommunication Services,Alternative Carriers
LUNG,Pulmonx Corp,Health Care,Health Care Equipment & Supplies,Health Care Equipment
LUNR,Intuitive Machines Inc,Industrials,Aerospace & Defense,Aerospace & Defense
LUV,Southwest Airlines Co,Industrials,Passenger Airlines,Passenger Airlines
LUXE,LuxExperience BV,Consumer Discretionary,Specialty Retail,Apparel Retail
LVO,LiveOne Inc,Communication Services,Entertainment,Movies & Entertainment
LVS,Las Vegas Sands Corp,Consumer Discretionary,"Hotels, Restaurants & Leisure",Casinos & Gaming
LVWR,LiveWire Group Inc,Consumer Discretionary,Automobiles,Motorcycle Manufacturers
LW,Lamb Weston Holdings Inc,Consumer Staples,Food Products,Packaged Foods & Meats
LWLG,Lightwave Logic Inc,Information Technology,"Electronic Equipment, Instruments & Components",Electronic Components
LX,Lexinfintech Holdings Ltd,Financials,Consumer Finance,Consumer Finance
LXEO,Lexeo Therapeutics Inc,Health Care,Biotechnology,Biotechnology
LXFR,Luxfer Holdings PLC,Industrials,Machinery,Industrial Machinery & Supplies & Components
LXP,LXP Industrial Trust,Real Estate,Industrial REITs,Industrial REITs
LXRX,Lexicon Pharmaceuticals Inc,Health Care,Pharmaceuticals,Pharmaceuticals
LXU,LSB Industries Inc,Materials,Chemicals,Diversified Chemicals
LYB,LyondellBasell Industries NV,Materials,Chemicals,Commodity Chemicals
LYEL,Lyell Immunopharma Inc,Health Care,Biotechnology,Biotechnology
LYFT,Lyft Inc,Industrials,Ground Transportation,Passenger Ground Transportation
LYG,Lloyds Banking Group PLC,Financials,Banks,Diversified Banks
LYTS,LSI Industries Inc,Industrials,Electrical Equipment,Electrical Components & Equipment
LYV,Live Nation Entertainment Inc,Communication Services,Entertainment,Movies & Entertainment
LZ,LegalZoom.com Inc,Industrials,Professional Services,Research & Consulting Services
LZB,La-Z-Boy Inc,Consumer Discretionary,Household Durables,Home Furnishings
LZM,Lifezone Metals Ltd,Materials,Metals & Mining,Diversified Metals & Mining
M,Macy's Inc,Consumer Discretionary,Broadline Retail,Broadline Retail
MA,Mastercard Inc,Financials,Financial Services,Transaction & Payment Processing Services
MAA,Mid-America Apartment Communities Inc,Real Estate,Residential REITs,Multi-Family Residential REITs
MAC,Macerich Co,Real Estate,Retail REITs,Retail REITs
MAGN,Magnera Corp,Materials,Paper & Forest Products,Paper Products
MAIN,Main Street Capital Corp,Financials,Capital Markets,Asset Management & Custody Banks
MAMA,Mama's Creations Inc,Consumer Staples,Food Products,Packaged Foods & Meats
MAN,ManpowerGroup Inc,Industrials,Professional Services,Human Resource & Employment Services
MANH,Manhattan Associates Inc,Information Technology,Software,Application Software
MANU,Manchester United PLC,Communication Services,Entertainment,Movies & Entertainment
MAR,Marriott International Inc,Consumer Discretionary,"Hotels, Restaurants & Leisure","Hotels, Resorts & Cruise Lines"
MARA,MARA Holdings Inc,Information Technology,Software,Application Software
MAS,Masco Corp,Industrials,Building Products,Building Products
MASI,Masimo Corp,Health Care,Health Care Equipment & Supplies,Health Care Equipment
MASS,908 Devices Inc,Information Technology,"Electronic Equipment, Instruments & Components",Electronic Equipment & Instruments
MAT,Mattel Inc,Consumer Discretionary,Leisure Products,Leisure Products
MATV,Mativ Holdings Inc,Materials,Chemicals,Commodity Chemicals
MATW,Matthews International Corp,Consumer Discretionary,Diversified Consumer Services,Specialized Consumer Services
MATX,Matson Inc,Industrials,Marine Transportation,Marine Transportation
MAX,Mediaalpha Inc,Communication Services,Interactive Media & Services,Interactive Media & Services
MAXN,Maxeon Solar Technologies Ltd,Information Technology,Semiconductors & Semiconductor Equipment,Semiconductors
MAZE,Maze Therapeutics Inc,Health Care,Pharmaceuticals,Pharmaceuticals
MBC,Masterbrand Inc,Industrials,Building Products,Building Products
MBI,MBIA Inc,Financials,Insurance,Property & Casualty Insurance
MBIN,Merchants Bancorp,Financials,Financial Services,Commercial & Residential Mortgage Finance
MBLY,Mobileye Global Inc,Consumer Discretionary,Automobile Components,Automotive Parts & Equipment
MBOT,Microbot Medical Inc,Health Care,Health Care Equipment & Supplies,Health Care Equipment
MBUU,Malibu Boats Inc,Consumer Discretionary,Leisure Products,Leisure Products
MBWM,Mercantile Bank Corp,Financials,Banks,Regional Banks
MBX,MBX Biosciences Inc,Health Care,Pharmaceuticals,Pharmaceuticals
MC,Moelis & Co,Financials,Capital Markets,Investment Banking & Brokerage
MCB,Metropolitan Bank Holding Corp,Financials,Banks,Regional Banks
MCBS,Metrocity Bankshares Inc,Financials,Banks,Regional Banks
MCD,McDonald's Corp,Consumer Discretionary,"Hotels, Restaurants & Leisure",Restaurants
MCFT,Mastercraft Boat Holdings Inc,Consumer Discretionary,Leisure Products,Leisure Products
MCHB,Mechanics Bancorp,Financials,Banks,Regional Banks
MCHP,Microchip Technology Inc,Information Technology,Semiconductors & Semiconductor Equipment,Semiconductors
MCK,McKesson Corp,Health Care,Health Care Providers & Services,Health Care Distributors
MCO,Moody's Corp,Financials,Capital Markets,Financial Exchanges & Data
MCRB,Seres Therapeutics Inc,Health Care,Biotechnology,Biotechnology
MCRI,Monarch Casino & Resort Inc,Consumer Discretionary,"Hotels, Restaurants & Leisure",Casinos & Gaming
MCS,Marcus Corp,Communication Services,Entertainment,Movies & Entertainment
MCW,Mister Car Wash Inc,Consumer Discretionary,Diversified Consumer Services,Specialized Consumer Services
MCY,Mercury General Corp,Financials,Insurance,Property & Casualty Insurance
MD,Pediatrix Medical Group Inc,Health Care,Health Care Providers & Services,Health Care Services
MDB,MongoDB Inc,Information Technology,IT Services,Internet Services & Infrastructure
MDGL,Madrigal Pharmaceuticals Inc,Health Care,Biotechnology,Biotechnology
MDLN,Medline Inc,Health Care,Health Care Equipment & Supplies,Health Care Supplies
MDLZ,Mondelez International Inc,Consumer Staples,Food Products,Packaged Foods & Meats
MDT,Medtronic PLC,Health Care,Health Care Equipment & Supplies,Health Care Equipment
MDU,MDU Resources Group Inc,Utilities,Gas Utilities,Gas Utilities
MDWD,Mediwound Ltd,Health Care,Pharmaceuticals,Pharmaceuticals
MDXG,MiMedx Group Inc,Health Care,Biotechnology,Biotechnology
MEC,Mayville Engineering Company Inc,Industrials,Machinery,Industrial Machinery & Supplies & Components
MED,Medifast Inc,Consumer Staples,Personal Care Products,Personal Care Products
MEDP,Medpace Holdings Inc,Health Care,Life Sciences Tools & Services,Life Sciences Tools & Services
MEG,Montrose Environmental Group Inc,Industrials,Commercial Services & Supplies,Environmental & Facilities Services
MEI,Methode Electronics Inc,Information Technology,"Electronic Equipment, Instruments & Components",Electronic Manufacturing Services
MELI,MercadoLibre Inc,Consumer Discretionary,Broadline Retail,Broadline Retail
MENS,Jyong Biotech Ltd,Health Care,Biotechnology,Biotechnology
MEOH,Methanex Corp,Materials,Chemicals,Commodity Chemicals
MERC,Mercer International Inc,Materials,Paper & Forest Products,Paper Products
MESO,Mesoblast Ltd,Health Care,Biotechnology,Biotechnology
MET,MetLife Inc,Financials,Insurance,Life & Health Insurance
META,Meta Platforms Inc,Communication Services,Interactive Media & Services,Interactive Media & Services
METC,Ramaco Resources Inc,Materials,Metals & Mining,Steel
MFA,MFA Financial Inc,Financials,Mortgage Real Estate Investment Trusts (REITs),Mortgage REITs
MFC,Manulife Financial Corp,Financials,Insurance,Life & Health Insurance
MFG,Mizuho Financial Group Inc,Financials,Banks,Diversified Banks
MFIC,MidCap Financial Investment Corp,Financials,Capital Markets,Asset Management & Custody Banks
MFIN,Medallion Financial Corp,Financials,Consumer Finance,Consumer Finance
MG,Mistras Group Inc,Industrials,Professional Services,Research & Consulting Services
MGA,Magna International Inc,Consumer Discretionary,Automobile Components,Automotive Parts & Equipment
MGEE,MGE Energy Inc,Utilities,Electric Utilities,Electric Utilities
MGM,MGM Resorts International,Consumer Discretionary,"Hotels, Restaurants & Leisure",Casinos & Gaming
MGNI,Magnite Inc,Communication Services,Media,Advertising
MGNX,MacroGenics Inc,Health Care,Biotechnology,Biotechnology
MGPI,MGP Ingredients Inc,Consumer Staples,Beverages,Distillers & Vintners
MGRC,McGrath RentCorp,Industrials,Trading Companies & Distributors,Trading Companies & Distributors
MGTX,MeiraGTx Holdings PLC,Health Care,Biotechnology,Biotechnology
MGY,Magnolia Oil & Gas Corp,Energy,"Oil, Gas & Consumable Fuels",Oil & Gas Exploration & Production
MHK,Mohawk Industries Inc,Consumer Discretionary,Household Durables,Home Furnishings
MHO,M/I Homes Inc,Consumer Discretionary,Household Durables,Homebuilding
MIAX,Miami International Holdings Inc,Financials,Capital Markets,Financial Exchanges & Data
MIDD,Middleby Corp,Industrials,Machinery,Industrial Machinery & Supplies & Components
MIR,Mirion Technologies Inc,Information Technology,"Electronic Equipment, Instruments & Components",Electronic Equipment & Instruments
MIRM,Mirum Pharmaceuticals Inc,Health Care,Biotechnology,Biotechnology
MIST,Milestone Pharmaceuticals Inc,Health Care,Pharmaceuticals,Pharmaceuticals
MITK,Mitek Systems Inc,Information Technology,Software,Application Software
MITT,TPG Mortgage Investment Trust Inc,Financials,Mortgage Real Estate Investment Trusts (REITs),Mortgage REITs
MKC,McCormick & Company Inc,Consumer Staples,Food Products,Packaged Foods & Meats
MKSI,MKS Inc,Information Technology,Semiconductors & Semiconductor Equipment,Semiconductor Materials & Equipment
MKTX,Marketaxess Holdings Inc,Financials,Capital Markets,Financial Exchanges & Data
MLCI,Mount Logan Capital Inc,Financials,Financial Services,Specialized Finance
MLCO,Melco Resorts & Entertainment Ltd,Consumer Discretionary,"Hotels, Restaurants & Leisure",Casinos & Gaming
MLI,Mueller Industries Inc,Industrials,Machinery,Industrial Machinery & Supplies & Components
MLKN,MillerKnoll Inc,Industrials,Commercial Services & Supplies,Office Services & Supplies
MLM,Martin Marietta Materials Inc,Materials,Construction Materials,Construction Materials
MLTX,MoonLake Immunotherapeutics,Health Care,Biotechnology,Biotechnology
MLYS,Mineralys Therapeutics Inc,Health Care,Biotechnology,Biotechnology
MMI,Marcus & Millichap Inc,Real Estate,Real Estate Management & Development,Real Estate Services
MMM,3M Co,Industrials,Industrial Conglomerates,Industrial Conglomerates
MMS,Maximus Inc,Industrials,Professional Services,Data Processing & Outsourced Services
MMSI,Merit Medical Systems Inc,Health Care,Health Care Equipment & Supplies,Health Care Supplies
MMYT,MakeMyTrip Ltd,Consumer Discretionary,"Hotels, Restaurants & Leisure","Hotels, Resorts & Cruise Lines"
MNDY,monday.com Ltd,Information Technology,Software,Systems Software
MNKD,MannKind Corp,Health Care,Biotechnology,Biotechnology
MNOV,MediciNova Inc,Health Care,Biotechnology,Biotechnology
MNR,Mach Natural Resources LP,Energy,"Oil, Gas & Consumable Fuels",Oil & Gas Exploration & Production
MNRO,Monro Inc,Consumer Discretionary,Specialty Retail,Automotive Retail
MNSO,MINISO Group Holding Ltd,Consumer Discretionary,Broadline Retail,Broadline Retail
MNST,Monster Beverage Corp,Consumer Staples,Beverages,Soft Drinks & Non-alcoholic Beverages
MNTK,Montauk Renewables Inc,Utilities,Independent Power & Renewable Electricity Producers,Renewable Electricity
MNTN,MNTN Inc,Communication Services,Media,Advertising
MO,Altria Group Inc,Consumer Staples,Tobacco,Tobacco
MOD,Modine Manufacturing Co,Industrials,Building Products,Building Products
MOG-A,Moog Inc,Industrials,Aerospace & Defense,Aerospace & Defense
MOH,Molina Healthcare Inc,Health Care,Health Care Providers & Services,Managed Health Care
MOMO,Hello Group Inc,Communication Services,Interactive Media & Services,Interactive Media & Services
MORN,Morningstar Inc,Financials,Capital Markets,Financial Exchanges & Data
MOS,Mosaic Co,Materials,Chemicals,Fertilizers & Agricultural Chemicals
MOV,Movado Group Inc,Consumer Discretionary,"Textiles, Apparel & Luxury Goods","Apparel, Accessories & Luxury Goods"
MP,MP Materials Corp,Materials,Metals & Mining,Diversified Metals & Mining
MPAA,Motorcar Parts of America Inc,Consumer Discretionary,Automobile Components,Automotive Parts & Equipment
MPB,Mid Penn Bancorp Inc,Financials,Banks,Regional Banks
MPC,Marathon Petroleum Corp,Energy,"Oil, Gas & Consumable Fuels",Oil & Gas Refining & Marketing
MPLX,MPLX LP,Energy,"Oil, Gas & Consumable Fuels",Oil & Gas Storage & Transportation
MPT,Medical Properties Trust Inc,Real Estate,Health Care REITs,Health Care REITs
MPWR,Monolithic Power Systems Inc,Information Technology,Semiconductors & Semiconductor Equipment,Semiconductors
MPX,Marine Products Corp,Consumer Discretionary,Leisure Products,Leisure Products
MQ,Marqeta Inc,Financials,Financial Services,Transaction & Payment Processing Services
MRAM,Everspin Technologies Inc,Information Technology,Semiconductors & Semiconductor Equipment,Semiconductors
MRCC,Monroe Capital Corp,Financials,Capital Markets,Asset Management & Custody Banks
MRCY,Mercury Systems Inc,Industrials,Aerospace & Defense,Aerospace & Defense
MRK,Merck & Co Inc,Health Care,Pharmaceuticals,Pharmaceuticals
MRNA,Moderna Inc,Health Care,Biotechnology,Biotechnology
MRP,Millrose Properties Inc,Real Estate,Specialized REITs,Other Specialized REITs
MRSH,Marsh & McLennan Companies Inc,Financials,Insurance,Insurance Brokers
MRTN,Marten Transport Ltd,Industrials,Ground Transportation,Cargo Ground Transportation
MRVI,Maravai LifeSciences Holdings Inc,Health Care,Life Sciences Tools & Services,Life Sciences Tools & Services
MRVL,Marvell Technology Inc,Information Technology,Semiconductors & Semiconductor Equipment,Semiconductors
MRX,Marex Group PLC,Financials,Capital Markets,Investment Banking & Brokerage
MS,Morgan Stanley,Financials,Capital Markets,Investment Banking & Brokerage
MSA,MSA Safety Inc,Industrials,Commercial Services & Supplies,Office Services & Supplies
MSBI,Midland States Bancorp Inc,Financials,Banks,Regional Banks
MSCI,MSCI Inc,Financials,Capital Markets,Financial Exchanges & Data
MSDL,Morgan Stanley Direct Lending Fund,Financials,Capital Markets,Asset Management & Custody Banks
MSEX,Middlesex Water Co,Utilities,Water Utilities,Water Utilities
MSFT,Microsoft Corp,Information Technology,Software,Systems Software
MSGE,Madison Square Garden Entertainment Corp,Communication Services,Entertainment,Movies & Entertainment
MSGS,Madison Square Garden Sports Corp,Communication Services,Entertainment,Movies & Entertainment
MSI,Motorola Solutions Inc,Information Technology,Communications Equipment,Communications Equipment
MSM,MSC Industrial Direct Co Inc,Industrials,Trading Companies & Distributors,Trading Companies & Distributors
MSTR,Strategy Inc,Information Technology,Software,Application Software
MT,ArcelorMittal SA,Materials,Metals & Mining,Steel
MTB,M&T Bank Corp,Financials,Banks,Regional Banks
MTCH,Match Group Inc,Communication Services,Interactive Media & Services,Interactive Media & Services
MTD,Mettler-Toledo International Inc,Health Care,Life Sciences Tools & Services,Life Sciences Tools & Services
MTDR,Matador Resources Co,Energy,"Oil, Gas & Consumable Fuels",Oil & Gas Exploration & Production
MTG,MGIC Investment Corp,Financials,Financial Services,Commercial & Residential Mortgage Finance
MTH,Meritage Homes Corp,Consumer Discretionary,Household Durables,Homebuilding
MTLS,Materialise NV,Information Technology,Software,Application Software
MTN,Vail Resorts Inc,Consumer Discretionary,"Hotels, Restaurants & Leisure",Leisure Facilities
MTRN,Materion Corp,Materials,Metals & Mining,Diversified Metals & Mining
MTRX,Matrix Service Co,Industrials,Construction & Engineering,Construction & Engineering
MTSI,MACOM Technology Solutions Holdings Inc,Information Technology,Semiconductors & Semiconductor Equipment,Semiconductors
MTUS,Metallus Inc,Materials,Metals & Mining,Steel
MTW,Manitowoc Company Inc,Industrials,Machinery,Construction Machinery & Heavy Transportation Equipment
MTX,Minerals Technologies Inc,Materials,Chemicals,Specialty Chemicals
MTZ,MasTec Inc,Industrials,Construction & Engineering,Construction & Engineering
MU,Micron Technology Inc,Information Technology,Semiconductors & Semiconductor Equipment,Semiconductors
MUFG,Mitsubishi UFJ Financial Group Inc,Financials,Banks,Diversified Banks
MUR,Murphy Oil Corp,Energy,"Oil, Gas & Consumable Fuels",Oil & Gas Exploration & Production
MUSA,Murphy USA Inc,Consumer Discretionary,Specialty Retail,Automotive Retail
MUX,McEwen Inc,Materials,Metals & Mining,Gold
MVO,MV Oil Trust,Energy,"Oil, Gas & Consumable Fuels",Oil & Gas Exploration & Production
MVST,Microvast Holdings Inc,Industrials,Machinery,Construction Machinery & Heavy Transportation Equipment
MWA,Mueller Water Products Inc,Industrials,Machinery,Industrial Machinery & Supplies & Components
MX,Magnachip Semiconductor Corp,Information Technology,Semiconductors & Semiconductor Equipment,Semiconductors
MXL,Maxlinear Inc,Information Technology,Semiconductors & Semiconductor Equipment,Semiconductors
MYE,Myers Industries Inc,Materials,Containers & Packaging,"Metal, Glass & Plastic Containers"
MYGN,Myriad Genetics Inc,Health Care,Biotechnology,Biotechnology
MYRG,MYR Group Inc,Industrials,Construction & Engineering,Construction & Engineering
MZTI,Marzetti Co,Consumer Staples,Food Products,Packaged Foods & Meats
NABL,N-Able Inc,Information Technology,Software,Systems Software
NAGE,Niagen Bioscience Inc,Consumer Staples,Personal Care Products,Personal Care Products
NAK,Northern Dynasty Minerals Ltd,Materials,Metals & Mining,Diversified Metals & Mining
NAMS,NewAmsterdam Pharma Company NV,Health Care,Biotechnology,Biotechnology
NAT,Nordic American Tankers Ltd,Energy,"Oil, Gas & Consumable Fuels",Oil & Gas Storage & Transportation
NATL,NCR Atleos Corp,Financials,Financial Services,Transaction & Payment Processing Services
NATR,Nature's Sunshine Products Inc,Consumer Staples,Personal Care Products,Personal Care Products
NAUT,Nautilus Biotechnology Inc,Health Care,Life Sciences Tools & Services,Life Sciences Tools & Services
NAVI,Navient Corp,Financials,Consumer Finance,Consumer Finance
NAVN,Navan Inc,Consumer Discretionary,"Hotels, Restaurants & Leisure","Hotels, Resorts & Cruise Lines"
NB,NioCorp Developments Ltd,Materials,Metals & Mining,Diversified Metals & Mining
NBBK,NB Bancorp Inc,Financials,Banks,Regional Banks
NBHC,National Bank Holdings Corp,Financials,Banks,Regional Banks
NBIS,Nebius Group NV,Information Technology,Software,Systems Software
NBIX,Neurocrine Biosciences Inc,Health Care,Biotechnology,Biotechnology
NBP,NovaBridge Biosciences,Health Care,Biotechnology,Biotechnology
NBR,Nabors Industries Ltd,Energy,Energy Equipment & Services,Oil & Gas Drilling
NBTB,NBT Bancorp Inc,Financials,Banks,Regional Banks
NBY,NovaBay Pharmaceuticals Inc,Health Care,Pharmaceuticals,Pharmaceuticals
NCLH,Norwegian Cruise Line Holdings Ltd,Consumer Discretionary,"Hotels, Restaurants & Leisure","Hotels, Resorts & Cruise Lines"
NCMI,National Cinemedia Inc,Communication Services,Media,Advertising
NCNO,nCino Inc,Information Technology,Software,Application Software
NDAQ,Nasdaq Inc,Financials,Capital Markets,Financial Exchanges & Data
NDLS,Noodles & Co,Consumer Discretionary,"Hotels, Restaurants & Leisure",Restaurants
NDSN,Nordson Corp,Industrials,Machinery,Industrial Machinery & Supplies & Components
NE,Noble Corporation PLC,Energy,Energy Equipment & Services,Oil & Gas Drilling
NEE,Nextera Energy Inc,Utilities,Electric Utilities,Electric Utilities
NEM,Newmont Corporation,Materials,Metals & Mining,Gold
NEO,Neogenomics Inc,Health Care,Health Care Providers & Services,Health Care Services
NEOG,Neogen Corp,Health Care,Health Care Equipment & Supplies,Health Care Supplies
NEON,Neonode Inc,Information Technology,"Electronic Equipment, Instruments & Components",Electronic Manufacturing Services
NEOV,NeoVolta Inc,Industrials,Electrical Equipment,Electrical Components & Equipment
NESR,National Energy Services Reunited Corp,Energy,Energy Equipment & Services,Oil & Gas Equipment & Services
NET,Cloudflare Inc,Information Technology,IT Services,Internet Services & Infrastructure
NEU,NewMarket Corp,Materials,Chemicals,Specialty Chemicals
NEWT,NewtekOne Inc,Financials,Financial Services,Diversified Financial Services
NEXA,Nexa Resources SA,Materials,Metals & Mining,Diversified Metals & Mining
NEXN,Nexxen International Ltd,Communication Services,Media,Advertising
NEXT,NextDecade Corp,Energy,"Oil, Gas & Consumable Fuels",Oil & Gas Storage & Transportation
NFBK,Northfield Bancorp Inc,Financials,Banks,Regional Banks
NFE,New Fortress Energy Inc,Energy,"Oil, Gas & Consumable Fuels",Oil & Gas Storage & Transportation
NFG,National Fuel Gas Co,Utilities,Gas Utilities,Gas Utilities
NFLX,Netflix Inc,Communication Services,Entertainment,Movies & Entertainment
NG,NovaGold Resources Inc,Materials,Metals & Mining,Gold
NGD,New Gold Inc,Materials,Metals & Mining,Gold
NGG,National Grid PLC,Utilities,Multi-Utilities,Multi-Utilities
NGL,NGL Energy Partners LP,Energy,"Oil, Gas & Consumable Fuels",Oil & Gas Storage & Transportation
NGNE,Neurogene Inc,Health Care,Biotechnology,Biotechnology
NGS,Natural Gas Services Group Inc,Energy,Energy Equipment & Services,Oil & Gas Equipment & Services
NGVC,Natural Grocers by Vitamin Cottage Inc,Consumer Staples,Consumer Staples Distribution & Retail,Food Retail
NGVT,Ingevity Corp,Materials,Chemicals,Specialty Chemicals
NHC,National Healthcare Corp,Health Care,Health Care Providers & Services,Health Care Facilities
NHI,National Health Investors Inc,Real Estate,Health Care REITs,Health Care REITs
NI,NiSource Inc,Utilities,Multi-Utilities,Multi-Utilities
NIC,Nicolet Bankshares Inc,Financials,Banks,Regional Banks
NICE,Nice Ltd,Information Technology,Software,Application Software
NIO,NIO Inc,Consumer Discretionary,Automobiles,Automobile Manufacturers
NIQ,NIQ Global Intelligence PLC,Communication Services,Media,Advertising
NIU,NIU Technologies,Consumer Discretionary,Automobiles,Motorcycle Manufacturers
NJR,New Jersey Resources Corp,Utilities,Gas Utilities,Gas Utilities
NKE,Nike Inc,Consumer Discretionary,"Textiles, Apparel & Luxury Goods",Footwear
NKLR,Terra Innovatum Global NV,Industrials,Electrical Equipment,Heavy Electrical Equipment
NKTR,Nektar Therapeutics,Health Care,Pharmaceuticals,Pharmaceuticals
NKTX,Nkarta Inc,Health Care,Biotechnology,Biotechnology
NL,NL Industries Inc,Industrials,Commercial Services & Supplies,Office Services & Supplies
NLOP,Net Lease Office Properties,Real Estate,Office REITs,Office REITs
NLY,Annaly Capital Management Inc,Financials,Mortgage Real Estate Investment Trusts (REITs),Mortgage REITs
NMAX,Newsmax Inc,Communication Services,Media,Broadcasting
NMFC,New Mountain Finance Corp,Financials,Capital Markets,Asset Management & Custody Banks
NMIH,NMI Holdings Inc,Financials,Financial Services,Commercial & Residential Mortgage Finance
NMM,Navios Maritime Partners LP,Industrials,Marine Transportation,Marine Transportation
NMR,Nomura Holdings Inc,Financials,Capital Markets,Investment Banking & Brokerage
NMRA,Neumora Therapeutics Inc,Health Care,Pharmaceuticals,Pharmaceuticals
NMRK,Newmark Group Inc,Real Estate,Real Estate Management & Development,Real Estate Services
NN,NextNav Inc,Information Technology,Software,Application Software
NNBR,NN Inc,Industrials,Machinery,Industrial Machinery & Supplies & Components
NNDM,Nano Dimension Ltd,Industrials,Machinery,Industrial Machinery & Supplies & Components
NNE,Nano Nuclear Energy Inc,Industrials,Electrical Equipment,Heavy Electrical Equipment
NNI,Nelnet Inc,Financials,Consumer Finance,Consumer Finance
NNN,NNN REIT Inc,Real Estate,Retail REITs,Retail REITs
NNOX,Nano-X Imaging Ltd,Health Care,Health Care Providers & Services,Health Care Services
NNVC,"NanoViricides, Inc",Health Care,Biotechnology,Biotechnology
NOA,North American Construction Group Ltd,Energy,Energy Equipment & Services,Oil & Gas Equipment & Services
NOAH,Noah Holdings Ltd,Financials,Capital Markets,Asset Management & Custody Banks
NOC,NORTHROP GRUMMAN CORP,Industrials,Aerospace & Defense,Aerospace & Defense
NOG,Northern Oil and Gas Inc,Energy,"Oil, Gas & Consumable Fuels",Oil & Gas Exploration & Production
NOK,Nokia Oyj,Information Technology,Communications Equipment,Communications Equipment
NOMD,Nomad Foods Ltd,Consumer Staples,Food Products,Packaged Foods & Meats
NOTE,FiscalNote Holdings Inc,Industrials,Professional Services,Research & Consulting Services
NOV,Nov Inc,Energy,Energy Equipment & Services,Oil & Gas Equipment & Services
NOVT,Novanta Inc,Information Technology,"Electronic Equipment, Instruments & Components",Electronic Equipment & Instruments
NOW,ServiceNow Inc,Information Technology,Software,Systems Software
NPCE,Neuropace Inc,Health Care,Health Care Equipment & Supplies,Health Care Equipment
NPKI,NPK International Inc,Industrials,Trading Companies & Distributors,Trading Companies & Distributors
NPO,Enpro Inc,Industrials,Machinery,Industrial Machinery & Supplies & Components
NPWR,NET Power Inc,Industrials,Electrical Equipment,Heavy Electrical Equipment
NRC,National Research Corp,Health Care,Health Care Providers & Services,Health Care Services
NRDS,NerdWallet Inc,Financials,Consumer Finance,Consumer Finance
NRG,NRG Energy Inc,Utilities,Electric Utilities,Electric Utilities
NRGV,Energy Vault Holdings Inc,Industrials,Electrical Equipment,Heavy Electrical Equipment
NRIX,Nurix Therapeutics Inc,Health Care,Biotechnology,Biotechnology
NRT,North European Oil Royalty Trust,Energy,"Oil, Gas & Consumable Fuels",Oil & Gas Exploration & Production
NRXP,NRX Pharmaceuticals Inc,Health Care,Pharmaceuticals,Pharmaceuticals
NSA,National Storage Affiliates Trust,Real Estate,Specialized REITs,Self-Storage REITs
NSC,Norfolk Southern Corp,Industrials,Ground Transportation,Rail Transportation
NSIT,Insight Enterprises Inc,Information Technology,"Electronic Equipment, Instruments & Components",Technology Distributors
NSP,Insperity Inc,Industrials,Professional Services,Human Resource & Employment Services
NSSC,NAPCO Security Technologies Inc,Information Technology,"Electronic Equipment, Instruments & Components",Electronic Equipment & Instruments
NTAP,NetApp Inc,Information Technology,"Technology Hardware, Storage & Peripherals","Technology Hardware, Storage & Peripherals"
NTB,Bank of NT Butterfield & Son Ltd,Financials,Banks,Diversified Banks
NTCT,Netscout Systems Inc,Information Technology,Communications Equipment,Communications Equipment
NTES,NetEase Inc,Communication Services,Entertainment,Interactive Home Entertainment
NTGR,NETGEAR Inc,Information Technology,Communications Equipment,Communications Equipment
NTLA,Intellia Therapeutics Inc,Health Care,Biotechnology,Biotechnology
NTNX,Nutanix Inc,Information Technology,Software,Application Software
NTRA,Natera Inc,Health Care,Biotechnology,Biotechnology
NTRS,Northern Trust Corp,Financials,Capital Markets,Asset Management & Custody Banks
NTSK,Netskope Inc,Information Technology,Software,Systems Software
NTST,Netstreit Corp,Real Estate,Retail REITs,Retail REITs
NU,Nu Holdings Ltd,Financials,Banks,Diversified Banks
NUAI,New Era Energy & Digital Inc,Energy,"Oil, Gas & Consumable Fuels",Oil & Gas Exploration & Production
NUE,Nucor Corp,Materials,Metals & Mining,Steel
NUS,NU Skin Enterprises Inc,Consumer Staples,Personal Care Products,Personal Care Products
NUVB,Nuvation Bio Inc,Health Care,Pharmaceuticals,Pharmaceuticals
NUVL,Nuvalent Inc,Health Care,Biotechnology,Biotechnology
NVA,Nova Minerals Ltd,Materials,Metals & Mining,Diversified Metals & Mining
NVAX,Novavax Inc,Health Care,Biotechnology,Biotechnology
NVCR,Novocure Ltd,Health Care,Health Care Equipment & Supplies,Health Care Equipment
NVCT,Nuvectis Pharma Inc,Health Care,Biotechnology,Biotechnology
NVDA,NVIDIA Corp,Information Technology,Semiconductors & Semiconductor Equipment,Semiconductors
NVGS,Navigator Holdings Ltd,Energy,"Oil, Gas & Consumable Fuels",Oil & Gas Storage & Transportation
NVMI,Nova Ltd,Information Technology,Semiconductors & Semiconductor Equipment,Semiconductor Materials & Equipment
NVO,Novo Nordisk A/S,Health Care,Pharmaceuticals,Pharmaceuticals
NVRI,Enviri Corp,Industrials,Commercial Services & Supplies,Environmental & Facilities Services
NVS,Novartis AG,Health Care,Pharmaceuticals,Pharmaceuticals
NVST,Envista Holdings Corp,Health Care,Health Care Equipment & Supplies,Health Care Equipment
NVT,nVent Electric PLC,Industrials,Electrical Equipment,Electrical Components & Equipment
NVTS,Navitas Semiconductor Corp,Information Technology,Semiconductors & Semiconductor Equipment,Semiconductors
NWBI,Northwest Bancshares Inc,Financials,Banks,Regional Banks
NWE,NorthWestern Energy Group Inc,Utilities,Multi-Utilities,Multi-Utilities
NWG,NatWest Group PLC,Financials,Banks,Diversified Banks
NWL,Newell Brands Inc,Consumer Discretionary,Household Durables,Housewares & Specialties
NWN,Northwest Natural Holding Co,Utilities,Gas Utilities,Gas Utilities
NWPX,NWPX Infrastructure Inc,Industrials,Construction & Engineering,Construction & Engineering
NWSA,News Corp,Communication Services,Media,Publishing
NX,Quanex Building Products Corp,Industrials,Building Products,Building Products
NXDR,Nextdoor Holdings Inc,Communication Services,Interactive Media & Services,Interactive Media & Services
NXDT,NexPoint Diversified Real Estate Trust,Real Estate,Diversified REITs,Diversified REITs
NXPI,NXP Semiconductors NV,Information Technology,Semiconductors & Semiconductor Equipment,Semiconductors
NXRT,NexPoint Residential Trust Inc,Real Estate,Residential REITs,Multi-Family Residential REITs
NXST,Nexstar Media Group Inc,Communication Services,Media,Broadcasting
NXT,Nextpower Inc,Industrials,Electrical Equipment,Electrical Components & Equipment
NYT,New York Times Co,Communication Services,Media,Publishing
O,Realty Income Corp,Real Estate,Retail REITs,Retail REITs
OABI,OmniAb Inc,Health Care,Life Sciences Tools & Services,Life Sciences Tools & Services
OBDC,Blue Owl Capital Corp,Financials,Capital Markets,Asset Management & Custody Banks
OBE,Obsidian Energy Ltd,Energy,"Oil, Gas & Consumable Fuels",Oil & Gas Exploration & Production
OBIO,Orchestra Biomed Holdings Inc,Health Care,Health Care Equipment & Supplies,Health Care Equipment
OBK,Origin Bancorp Inc,Financials,Banks,Regional Banks
OC,Owens Corning,Industrials,Building Products,Building Products
OCFC,OceanFirst Financial Corp,Financials,Banks,Regional Banks
OCGN,Ocugen Inc,Health Care,Biotechnology,Biotechnology
OCSL,Oaktree Specialty Lending Corp,Financials,Capital Markets,Asset Management & Custody Banks
OCUL,Ocular Therapeutix Inc,Health Care,Pharmaceuticals,Pharmaceuticals
ODD,Oddity Tech Ltd,Consumer Staples,Personal Care Products,Personal Care Products
ODFL,Old Dominion Freight Line Inc,Industrials,Ground Transportation,Cargo Ground Transportation
OEC,Orion SA,Materials,Chemicals,Commodity Chemicals
OFG,OFG Bancorp,Financials,Banks,Regional Banks
OFIX,Orthofix Medical Inc,Health Care,Health Care Equipment & Supplies,Health Care Equipment
OFRM,Once Upon A Farm PBC,Consumer Staples,Food Products,Packaged Foods & Meats
OFS,OFS Capital Corp,Financials,Capital Markets,Asset Management & Custody Banks
OGE,OGE Energy Corp,Utilities,Electric Utilities,Electric Utilities
OGN,Organon & Co,Health Care,Pharmaceuticals,Pharmaceuticals
OGS,ONE Gas Inc,Utilities,Gas Utilities,Gas Utilities
OHI,Omega Healthcare Investors Inc,Real Estate,Health Care REITs,Health Care REITs
OI,O-I Glass Inc,Materials,Containers & Packaging,"Metal, Glass & Plastic Containers"
OII,Oceaneering International Inc,Energy,Energy Equipment & Services,Oil & Gas Equipment & Services
OIS,Oil States International Inc,Energy,Energy Equipment & Services,Oil & Gas Equipment & Services
OKE,ONEOK Inc,Energy,"Oil, Gas & Consumable Fuels",Oil & Gas Storage & Transportation
OKLO,Oklo Inc,Utilities,Electric Utilities,Electric Utilities
OKTA,Okta Inc,Information Technology,IT Services,Internet Services & Infrastructure
OLED,Universal Display Corp,Information Technology,Semiconductors & Semiconductor Equipment,Semiconductors
OLLI,Ollie's Bargain Outlet Holdings Inc,Consumer Discretionary,Broadline Retail,Broadline Retail
OLMA,Olema Pharmaceuticals Inc,Health Care,Biotechnology,Biotechnology
OLN,Olin Corp,Materials,Chemicals,Commodity Chemicals
OLP,One Liberty Properties Inc,Real Estate,Industrial REITs,Industrial REITs
OLPX,Olaplex Holdings Inc,Consumer Staples,Personal Care Products,Personal Care Products
OM,Outset Medical Inc,Health Care,Health Care Equipment & Supplies,Health Care Equipment
OMAB,Grupo Aeroportuario del Centro Norte SAB de CV,Industrials,Transportation Infrastructure,Airport Services
OMC,Omnicom Group Inc,Communication Services,Media,Advertising
OMCL,Omnicell Inc,Health Care,Health Care Equipment & Supplies,Health Care Equipment
OMDA,Omada Health Inc,Health Care,Health Care Providers & Services,Health Care Services
OMER,Omeros Corp,Health Care,Pharmaceuticals,Pharmaceuticals
OMEX,Odyssey Marine Exploration Inc,Industrials,Commercial Services & Supplies,Diversified Support Services
OMF,OneMain Holdings Inc,Financials,Consumer Finance,Consumer Finance
ON,ON Semiconductor Corp,Information Technology,Semiconductors & Semiconductor Equipment,Semiconductors
ONB,Old National Bancorp,Financials,Banks,Regional Banks
ONC,BeOne Medicines AG,Health Care,Biotechnology,Biotechnology
ONDS,Ondas Inc,Information Technology,Communications Equipment,Communications Equipment
ONEW,OneWater Marine Inc,Consumer Discretionary,Specialty Retail,Automotive Retail
ONIT,Onity Group Inc,Financials,Financial Services,Commercial & Residential Mortgage Finance
ONL,Orion Properties Inc,Real Estate,Office REITs,Office REITs
ONON,On Holding Ltd,Consumer Discretionary,"Textiles, Apparel & Luxury Goods",Footwear
ONTF,ON24 Inc,Information Technology,Software,Application Software
ONTO,Onto Innovation Inc,Information Technology,Semiconductors & Semiconductor Equipment,Semiconductor Materials & Equipment
OOMA,Ooma Inc,Information Technology,Software,Application Software
OPAL,Opal Fuels Inc,Energy,"Oil, Gas & Consumable Fuels",Oil & Gas Refining & Marketing
OPCH,Option Care Health Inc,Health Care,Health Care Providers & Services,Health Care Services
OPEN,Opendoor Technologies Inc,Real Estate,Real Estate Management & Development,Real Estate Services
OPFI,OppFi Inc,Financials,Consumer Finance,Consumer Finance
OPK,OPKO Health Inc,Health Care,Health Care Providers & Services,Health Care Services
OPLN,Openlane Inc,Industrials,Commercial Services & Supplies,Diversified Support Services
OPRA,Opera Ltd,Information Technology,Software,Application Software
OPRT,Oportun Financial Corp,Financials,Consumer Finance,Consumer Finance
OPRX,OptimizeRx Corp,Health Care,Health Care Technology,Health Care Technology
OPTU,Optimum Communications Inc,Communication Services,Media,Cable & Satellite
OPY,Oppenheimer Holdings Inc,Financials,Capital Markets,Investment Banking & Brokerage
ORA,Ormat Technologies Inc,Utilities,Independent Power & Renewable Electricity Producers,Renewable Electricity
ORBS,Eightco Holdings Inc,Materials,Containers & Packaging,Paper & Plastic Packaging Products & Materials
ORC,Orchid Island Capital Inc,Financials,Mortgage Real Estate Investment Trusts (REITs),Mortgage REITs
ORCL,Oracle Corp,Information Technology,Software,Systems Software
ORGO,Organogenesis Holdings Inc,Health Care,Biotechnology,Biotechnology
ORI,Old Republic International Corp,Financials,Insurance,Property & Casualty Insurance
ORIC,Oric Pharmaceuticals Inc,Health Care,Biotechnology,Biotechnology
ORKA,Oruka Therapeutics Inc,Health Care,Biotechnology,Biotechnology
ORLY,O'Reilly Automotive Inc,Consumer Discretionary,Specialty Retail,Automotive Retail
ORMP,Oramed Pharmaceuticals Inc,Health Care,Pharmaceuticals,Pharmaceuticals
ORN,Orion Group Holdings Inc,Industrials,Construction & Engineering,Construction & Engineering
ORRF,Orrstown Financial Services Inc,Financials,Banks,Regional Banks
OS,OneStream Inc,Information Technology,Software,Systems Software
OSBC,Old Second Bancorp Inc,Financials,Banks,Regional Banks
OSCR,Oscar Health Inc,Financials,Insurance,Life & Health Insurance
OSG,Octave Specialty Group Inc,Financials,Insurance,Property & Casualty Insurance
OSIS,OSI Systems Inc,Information Technology,"Electronic Equipment, Instruments & Components",Electronic Equipment & Instruments
OSK,Oshkosh Corp,Industrials,Machinery,Construction Machinery & Heavy Transportation Equipment
OSPN,OneSpan Inc,Information Technology,Software,Systems Software
OSS,One Stop Systems Inc,Information Technology,"Technology Hardware, Storage & Peripherals","Technology Hardware, Storage & Peripherals"
OSUR,OraSure Technologies Inc,Health Care,Health Care Equipment & Supplies,Health Care Supplies
OSW,Onespaworld Holdings Ltd,Consumer Discretionary,Diversified Consumer Services,Specialized Consumer Services
OTEX,Open Text Corp,Information Technology,Software,Application Software
OTIS,Otis Worldwide Corp,Industrials,Machinery,Industrial Machinery & Supplies & Components
OTLY,Oatly Group AB (publ),Consumer Staples,Food Products,Packaged Foods & Meats
OTTR,Otter Tail Corp,Utilities,Electric Utilities,Electric Utilities
OUST,Ouster Inc,Information Technology,"Electronic Equipment, Instruments & Components",Electronic Equipment & Instruments
OUT,OUTFRONT Media Inc,Real Estate,Specialized REITs,Other Specialized REITs
OVID,Ovid Therapeutics Inc,Health Care,Biotechnology,Biotechnology
OVV,Ovintiv Inc,Energy,"Oil, Gas & Consumable Fuels",Oil & Gas Exploration & Production
OWL,Blue Owl Capital Inc,Financials,Capital Markets,Asset Management & Custody Banks
OWLT,Owlet Inc,Health Care,Health Care Equipment & Supplies,Health Care Equipment
OXM,Oxford Industries Inc,Consumer Discretionary,"Textiles, Apparel & Luxury Goods","Apparel, Accessories & Luxury Goods"
OXSQ,Oxford Square Capital Corp,Financials,Capital Markets,Asset Management & Custody Banks
OXY,Occidental Petroleum Corp,Energy,"Oil, Gas & Consumable Fuels",Integrated Oil & Gas
OZK,Bank Ozk,Financials,Banks,Regional Banks
PAA,Plains All American Pipeline LP,Energy,"Oil, Gas & Consumable Fuels",Oil & Gas Storage & Transportation
PAAS,Pan American Silver Corp,Materials,Metals & Mining,Gold
PACB,Pacific Biosciences of California Inc,Health Care,Life Sciences Tools & Services,Life Sciences Tools & Services
PACK,Ranpak Holdings Corp,Materials,Containers & Packaging,Paper & Plastic Packaging Products & Materials
PACS,Pacs Group Inc,Health Care,Health Care Providers & Services,Health Care Facilities
PAG,Penske Automotive Group Inc,Consumer Discretionary,Specialty Retail,Automotive Retail
PAGP,Plains GP Holdings LP,Energy,"Oil, Gas & Consumable Fuels",Oil & Gas Storage & Transportation
PAGS,PagSeguro Digital Ltd,Financials,Financial Services,Transaction & Payment Processing Services
PAHC,Phibro Animal Health Corp,Health Care,Pharmaceuticals,Pharmaceuticals
PAL,Proficient Auto Logistics Inc,Industrials,Ground Transportation,Cargo Ground Transportation
PAM,Pampa Energia SA,Utilities,Electric Utilities,Electric Utilities
PANL,Pangaea Logistics Solutions Ltd,Industrials,Marine Transportation,Marine Transportation
PANW,Palo Alto Networks Inc,Information Technology,Software,Systems Software
PAR,PAR Technology Corp,Information Technology,Software,Application Software
PARR,Par Pacific Holdings Inc,Energy,"Oil, Gas & Consumable Fuels",Oil & Gas Refining & Marketing
PATH,UiPath Inc,Information Technology,Software,Systems Software
PATK,Patrick Industries Inc,Consumer Discretionary,Automobile Components,Automotive Parts & Equipment
PAVM,PAVmed Inc,Health Care,Health Care Equipment & Supplies,Health Care Equipment
PAX,Patria Investments Ltd,Financials,Capital Markets,Asset Management & Custody Banks
PAY,Paymentus Holdings Inc,Financials,Financial Services,Transaction & Payment Processing Services
PAYC,Paycom Software Inc,Industrials,Professional Services,Human Resource & Employment Services
PAYO,Payoneer Global Inc,Financials,Financial Services,Transaction & Payment Processing Services
PAYS,Paysign Inc,Financials,Financial Services,Transaction & Payment Processing Services
PAYX,Paychex Inc,Industrials,Professional Services,Human Resource & Employment Services
PB,Prosperity Bancshares Inc,Financials,Banks,Regional Banks
PBF,PBF Energy Inc,Energy,"Oil, Gas & Consumable Fuels",Oil & Gas Refining & Marketing
PBH,Prestige Consumer Healthcare Inc,Health Care,Pharmaceuticals,Pharmaceuticals
PBI,Pitney Bowes Inc,Industrials,Commercial Services & Supplies,Office Services & Supplies
PBR,Petroleo Brasileiro SA Petrobras,Energy,"Oil, Gas & Consumable Fuels",Integrated Oil & Gas
PBT,Permian Basin Royalty Trust,Energy,"Oil, Gas & Consumable Fuels",Oil & Gas Exploration & Production
PBYI,Puma Biotechnology Inc,Health Care,Biotechnology,Biotechnology
PCAR,Paccar Inc,Industrials,Machinery,Construction Machinery & Heavy Transportation Equipment
PCG,PG&E Corp,Utilities,Electric Utilities,Electric Utilities
PCOR,Procore Technologies Inc,Information Technology,Software,Application Software
PCRX,Pacira Biosciences Inc,Health Care,Pharmaceuticals,Pharmaceuticals
PCT,Purecycle Technologies Inc,Materials,Chemicals,Commodity Chemicals
PCTY,Paylocity Holding Corp,Industrials,Professional Services,Human Resource & Employment Services
PCVX,Vaxcyte Inc,Health Care,Biotechnology,Biotechnology
PCYO,Pure Cycle Corp,Utilities,Water Utilities,Water Utilities
PD,PagerDuty Inc,Information Technology,Software,Application Software
PDD,PDD Holdings Inc,Consumer Discretionary,Broadline Retail,Broadline Retail
PDFS,PDF Solutions Inc,Information Technology,Semiconductors & Semiconductor Equipment,Semiconductor Materials & Equipment
PDLB,Ponce Financial Group Inc,Financials,Banks,Regional Banks
PDM,Piedmont Realty Trust Inc,Real Estate,Office REITs,Office REITs
PDYN,Palladyne AI Corp,Industrials,Machinery,Industrial Machinery & Supplies & Components
PEB,Pebblebrook Hotel Trust,Real Estate,Hotel & Resort REITs,Hotel & Resort REITs
PEBO,Peoples Bancorp Inc,Financials,Banks,Regional Banks
PECO,Phillips Edison & Co Inc,Real Estate,Retail REITs,Retail REITs
PEG,Public Service Enterprise Group Inc,Utilities,Multi-Utilities,Multi-Utilities
PEGA,Pegasystems Inc,Information Technology,Software,Application Software
PEN,Penumbra Inc,Health Care,Health Care Equipment & Supplies,Health Care Equipment
PENG,Penguin Solutions Inc,Information Technology,Semiconductors & Semiconductor Equipment,Semiconductors
PENN,PENN Entertainment Inc,Consumer Discretionary,"Hotels, Restaurants & Leisure",Casinos & Gaming
PEP,PepsiCo Inc,Consumer Staples,Beverages,Soft Drinks & Non-alcoholic Beverages
PEPG,PepGen Inc,Health Care,Biotechnology,Biotechnology
PERI,Perion Network Ltd,Communication Services,Media,Advertising
PESI,Perma-Fix Environmental Services Inc,Industrials,Commercial Services & Supplies,Environmental & Facilities Services
PETS,Petmed Express Inc,Consumer Discretionary,Specialty Retail,Other Specialty Retail
PEW,GrabAGun Digital Holdings Inc,Consumer Discretionary,Specialty Retail,Other Specialty Retail
PFBC,Preferred Bank,Financials,Banks,Regional Banks
PFE,Pfizer Inc,Health Care,Pharmaceuticals,Pharmaceuticals
PFG,Principal Financial Group Inc,Financials,Insurance,Life & Health Insurance
PFGC,Performance Food Group Co,Consumer Staples,Consumer Staples Distribution & Retail,Food Distributors
PFLT,PennantPark Floating Rate Capital Ltd,Financials,Capital Markets,Asset Management & Custody Banks
PFS,Provident Financial Services Inc,Financials,Banks,Regional Banks
PFSI,PennyMac Financial Services Inc,Financials,Financial Services,Commercial & Residential Mortgage Finance
PG,Procter & Gamble Co,Consumer Staples,Household Products,Household Products
PGC,Peapack-Gladstone Financial Corp,Financials,Banks,Regional Banks
PGEN,Precigen Inc,Health Care,Biotechnology,Biotechnology
PGNY,Progyny Inc,Health Care,Health Care Providers & Services,Managed Health Care
PGR,Progressive Corp,Financials,Insurance,Property & Casualty Insurance
PGY,Pagaya Technologies Ltd,Information Technology,Software,Application Software
PH,Parker-Hannifin Corp,Industrials,Machinery,Industrial Machinery & Supplies & Components
PHAT,Phathom Pharmaceuticals Inc,Health Care,Pharmaceuticals,Pharmaceuticals
PHG,Koninklijke Philips NV,Health Care,Health Care Equipment & Supplies,Health Care Equipment
PHIN,Phinia Inc,Consumer Discretionary,Automobile Components,Automotive Parts & Equipment
PHM,Pultegroup Inc,Consumer Discretionary,Household Durables,Homebuilding
PHR,Phreesia Inc,Health Care,Health Care Technology,Health Care Technology
PHUN,Phunware Inc,Information Technology,Software,Application Software
PHVS,Pharvaris NV,Health Care,Pharmaceuticals,Pharmaceuticals
PI,Impinj Inc,Information Technology,Semiconductors & Semiconductor Equipment,Semiconductors
PII,Polaris Inc,Consumer Discretionary,Leisure Products,Leisure Products
PINE,Alpine Income Property Trust Inc,Real Estate,Diversified REITs,Diversified REITs
PINS,Pinterest Inc,Communication Services,Interactive Media & Services,Interactive Media & Services
PIPR,Piper Sandler Companies,Financials,Capital Markets,Investment Banking & Brokerage
PJT,PJT Partners Inc,Financials,Capital Markets,Investment Banking & Brokerage
PK,Park Hotels & Resorts Inc,Real Estate,Hotel & Resort REITs,Hotel & Resort REITs
PKBK,Parke Bancorp Inc,Financials,Banks,Regional Banks
PKE,Park Aerospace Corp,Industrials,Aerospace & Defense,Aerospace & Defense
PKG,Packaging Corp of America,Materials,Containers & Packaging,Paper & Plastic Packaging Products & Materials
PKST,Peakstone Realty Trust,Real Estate,Office REITs,Office REITs
PKX,Posco Holdings Inc,Materials,Metals & Mining,Steel
PL,Planet Labs PBC,Industrials,Professional Services,Research & Consulting Services
PLAB,Photronics Inc,Information Technology,Semiconductors & Semiconductor Equipment,Semiconductor Materials & Equipment
PLAY,Dave & Buster's Entertainment Inc,Consumer Discretionary,"Hotels, Restaurants & Leisure",Leisure Facilities
PLBY,Playboy Inc,Consumer Discretionary,"Textiles, Apparel & Luxury Goods","Apparel, Accessories & Luxury Goods"
PLCE,Children's Place Inc,Consumer Discretionary,Specialty Retail,Apparel Retail
PLD,Prologis Inc,Real Estate,Industrial REITs,Industrial REITs
PLG,Platinum Group Metals Ltd,Materials,Metals & Mining,Precious Metals & Minerals
PLMR,Palomar Holdings Inc,Financials,Insurance,Property & Casualty Insurance
PLNT,Planet Fitness Inc,Consumer Discretionary,"Hotels, Restaurants & Leisure",Leisure Facilities
PLOW,Douglas Dynamics Inc,Industrials,Machinery,Construction Machinery & Heavy Transportation Equipment
PLRX,Pliant Therapeutics Inc,Health Care,Pharmaceuticals,Pharmaceuticals
PLSE,Pulse Biosciences Inc,Health Care,Health Care Equipment & Supplies,Health Care Equipment
PLTK,Playtika Holding Corp,Communication Services,Entertainment,Interactive Home Entertainment
PLTR,Palantir Technologies Inc,Information Technology,Software,Application Software
PLUG,Plug Power Inc,Industrials,Electrical Equipment,Electrical Components & Equipment
PLUS,ePlus inc,Information Technology,"Electronic Equipment, Instruments & Components",Technology Distributors
PLX,Protalix Biotherapeutics Inc,Health Care,Biotechnology,Biotechnology
PLXS,Plexus Corp,Information Technology,"Electronic Equipment, Instruments & Components",Electronic Manufacturing Services
PM,Philip Morris International Inc,Consumer Staples,Tobacco,Tobacco
PMT,PennyMac Mortgage Investment Trust,Financials,Mortgage Real Estate Investment Trusts (REITs),Mortgage REITs
PMVP,PMV Pharmaceuticals Inc,Health Care,Biotechnology,Biotechnology
PNC,PNC Financial Services Group Inc,Financials,Banks,Diversified Banks
PNFP,Pinnacle Financial Partners Inc,Financials,Banks,Regional Banks
PNNT,Pennantpark Investment Corp,Financials,Capital Markets,Asset Management & Custody Banks
PNR,Pentair PLC,Industrials,Machinery,Industrial Machinery & Supplies & Components
PNTG,Pennant Group Inc,Health Care,Health Care Providers & Services,Health Care Services
PNW,Pinnacle West Capital Corp,Utilities,Electric Utilities,Electric Utilities
PODD,Insulet Corp,Health Care,Health Care Equipment & Supplies,Health Care Equipment
POET,POET Technologies Inc,Information Technology,Semiconductors & Semiconductor Equipment,Semiconductors
PONY,Pony AI Inc,Information Technology,Software,Application Software
POOL,Pool Corp,Consumer Discretionary,Distributors,Distributors
POR,Portland General Electric Co,Utilities,Electric Utilities,Electric Utilities
POST,Post Holdings Inc,Consumer Staples,Food Products,Packaged Foods & Meats
POWI,Power Integrations Inc,Information Technology,Semiconductors & Semiconductor Equipment,Semiconductors
POWL,Powell Industries Inc,Industrials,Electrical Equipment,Electrical Components & Equipment
POWW,Outdoor Holding Company,Consumer Discretionary,Specialty Retail,Other Specialty Retail
PPC,Pilgrims Pride Corp,Consumer Staples,Food Products,Packaged Foods & Meats
PPG,PPG Industries Inc,Materials,Chemicals,Specialty Chemicals
PPIH,Perma-Pipe International Holdings Inc,Industrials,Machinery,Industrial Machinery & Supplies & Components
PPL,PPL Corp,Utilities,Electric Utilities,Electric Utilities
PPSI,Pioneer Power Solutions Inc,Industrials,Electrical Equipment,Heavy Electrical Equipment
PR,Permian Resources Corp,Energy,"Oil, Gas & Consumable Fuels",Oil & Gas Exploration & Production
PRA,ProAssurance Corp,Financials,Insurance,Property & Casualty Insurance
PRAA,PRA Group Inc,Financials,Consumer Finance,Consumer Finance
PRAX,Praxis Precision Medicines Inc,Health Care,Biotechnology,Biotechnology
PRCH,Porch Group Inc,Information Technology,Software,Application Software
PRCT,Procept Biorobotics Corp,Health Care,Health Care Equipment & Supplies,Health Care Equipment
PRDO,Perdoceo Education Corp,Consumer Discretionary,Diversified Consumer Services,Education Services
PRE,Prenetics Global Ltd,Health Care,Health Care Providers & Services,Health Care Services
PRG,PROG Holdings Inc,Financials,Consumer Finance,Consumer Finance
PRGO,Perrigo Company PLC,Health Care,Pharmaceuticals,Pharmaceuticals
PRGS,Progress Software Corp,Information Technology,Software,Systems Software
PRI,Primerica Inc,Financials,Insurance,Life & Health Insurance
PRIM,Primoris Services Corp,Industrials,Construction & Engineering,Construction & Engineering
PRK,Park National Corp,Financials,Banks,Regional Banks
PRKS,United Parks & Resorts Inc,Consumer Discretionary,"Hotels, Restaurants & Leisure",Leisure Facilities
PRLB,Proto Labs Inc,Industrials,Machinery,Industrial Machinery & Supplies & Components
PRLD,Prelude Therapeutics Inc,Health Care,Biotechnology,Biotechnology
PRM,Perimeter Solutions Inc,Materials,Chemicals,Specialty Chemicals
PRMB,Primo Brands Corp,Consumer Staples,Beverages,Soft Drinks & Non-alcoholic Beverages
PRME,Prime Medicine Inc,Health Care,Biotechnology,Biotechnology
PROK,Prokidney Corp,Health Care,Biotechnology,Biotechnology
PROP,Prairie Operating Co,Energy,"Oil, Gas & Consumable Fuels",Oil & Gas Exploration & Production
PRQR,ProQR Therapeutics NV,Health Care,Biotechnology,Biotechnology
PRSU,Pursuit Attractions and Hospitality Inc,Consumer Discretionary,"Hotels, Restaurants & Leisure",Leisure Facilities
PRTA,Prothena Corporation PLC,Health Care,Biotechnology,Biotechnology
PRTH,Priority Technology Holdings Inc,Financials,Financial Services,Transaction & Payment Processing Services
PRU,Prudential Financial Inc,Financials,Insurance,Life & Health Insurance
PRVA,Privia Health Group Inc,Health Care,Health Care Providers & Services,Health Care Services
PSA,Public Storage,Real Estate,Specialized REITs,Self-Storage REITs
PSEC,Prospect Capital Corp,Financials,Capital Markets,Asset Management & Custody Banks
PSFE,Paysafe Ltd,Financials,Financial Services,Transaction & Payment Processing Services
PSIX,Power Solutions International Inc,Industrials,Electrical Equipment,Heavy Electrical Equipment
PSKY,Paramount Skydance Corp,Communication Services,Media,Broadcasting
PSMT,PriceSmart Inc,Consumer Staples,Consumer Staples Distribution & Retail,Consumer Staples Merchandise Retail
PSN,Parsons Corp,Industrials,Professional Services,Research & Consulting Services
PSNL,Personalis Inc,Health Care,Life Sciences Tools & Services,Life Sciences Tools & Services
PSNY,Polestar Automotive Holding UK PLC,Consumer Discretionary,Automobiles,Automobile Manufacturers
PSO,Pearson PLC,Consumer Discretionary,Diversified Consumer Services,Education Services
PSTG,Pure Storage Inc,Information Technology,"Technology Hardware, Storage & Peripherals","Technology Hardware, Storage & Peripherals"
PSTL,Postal Realty Trust Inc,Real Estate,Office REITs,Office REITs
PSX,Phillips 66,Energy,"Oil, Gas & Consumable Fuels",Oil & Gas Refining & Marketing
PTC,PTC Inc,Information Technology,Software,Application Software
PTCT,PTC Therapeutics Inc,Health Care,Biotechnology,Biotechnology
PTEN,Patterson-UTI Energy Inc,Energy,Energy Equipment & Services,Oil & Gas Drilling
PTGX,Protagonist Therapeutics Inc,Health Care,Biotechnology,Biotechnology
PTLO,Portillos Inc,Consumer Discretionary,"Hotels, Restaurants & Leisure",Restaurants
PTON,Peloton Interactive Inc,Consumer Discretionary,Leisure Products,Leisure Products
PTRN,Pattern Group Inc,Consumer Discretionary,Broadline Retail,Broadline Retail
PUBM,PubMatic Inc,Communication Services,Media,Advertising
PUK,Prudential PLC,Financials,Insurance,Life & Health Insurance
PUMP,ProPetro Holding Corp,Energy,Energy Equipment & Services,Oil & Gas Equipment & Services
PVH,PVH Corp,Consumer Discretionary,"Textiles, Apparel & Luxury Goods","Apparel, Accessories & Luxury Goods"
PVL,Permianville Royalty Trust,Energy,"Oil, Gas & Consumable Fuels",Oil & Gas Exploration & Production
PVLA,Palvella Therapeutics Inc,Health Care,Biotechnology,Biotechnology
PWP,Perella Weinberg Partners,Financials,Capital Markets,Investment Banking & Brokerage
PWR,Quanta Services Inc,Industrials,Construction & Engineering,Construction & Engineering
PYPL,PayPal Holdings Inc,Financials,Financial Services,Transaction & Payment Processing Services
PYXS,Pyxis Oncology Inc,Health Care,Biotechnology,Biotechnology
PZZA,Papa John's International Inc,Consumer Discretionary,"Hotels, Restaurants & Leisure",Restaurants
Q,Qnity Electronics Inc,Information Technology,Semiconductors & Semiconductor Equipment,Semiconductor Materials & Equipment
QBTS,D-Wave Quantum Inc,Information Technology,Software,Application Software
QCOM,Qualcomm Inc,Information Technology,Semiconductors & Semiconductor Equipment,Semiconductors
QCRH,QCR Holdings Inc,Financials,Banks,Regional Banks
QDEL,QuidelOrtho Corp,Health Care,Health Care Equipment & Supplies,Health Care Equipment
QFIN,Qfin Holdings Inc,Financials,Consumer Finance,Consumer Finance
QGEN,Qiagen NV,Health Care,Life Sciences Tools & Services,Life Sciences Tools & Services
QLYS,Qualys Inc,Information Technology,Software,Systems Software
QNST,QuinStreet Inc,Communication Services,Interactive Media & Services,Interactive Media & Services
QRVO,Qorvo Inc,Information Technology,Semiconductors & Semiconductor Equipment,Semiconductors
QS,Quantumscape Corp,Consumer Discretionary,Automobile Components,Automotive Parts & Equipment
QSR,Restaurant Brands International Inc,Consumer Discretionary,"Hotels, Restaurants & Leisure",Restaurants
QTRX,Quanterix Corp,Health Care,Life Sciences Tools & Services,Life Sciences Tools & Services
QTWO,Q2 Holdings Inc,Information Technology,Software,Application Software
QUAD,Quad/Graphics Inc,Industrials,Commercial Services & Supplies,Commercial Printing
QUBT,Quantum Computing Inc,Information Technology,"Technology Hardware, Storage & Peripherals","Technology Hardware, Storage & Peripherals"
QUIK,Quicklogic Corp,Information Technology,Semiconductors & Semiconductor Equipment,Semiconductors
QURE,Uniqure NV,Health Care,Biotechnology,Biotechnology
QVCGA,QVC Group Inc,Consumer Discretionary,Broadline Retail,Broadline Retail
QXO,QXO Inc,Industrials,Trading Companies & Distributors,Trading Companies & Distributors
R,Ryder System Inc,Industrials,Ground Transportation,Cargo Ground Transportation
RAIL,FreightCar America Inc,Industrials,Machinery,Construction Machinery & Heavy Transportation Equipment
RAL,Ralliant Corp,Information Technology,"Electronic Equipment, Instruments & Components",Electronic Equipment & Instruments
RAMP,Liveramp Holdings Inc,Information Technology,Software,Application Software
RANI,Rani Therapeutics Holdings Inc,Health Care,Pharmaceuticals,Pharmaceuticals
RAPP,Rapport Therapeutics Inc,Health Care,Pharmaceuticals,Pharmaceuticals
RAPT,RAPT Therapeutics Inc,Health Care,Biotechnology,Biotechnology
RARE,Ultragenyx Pharmaceutical Inc,Health Care,Biotechnology,Biotechnology
RBA,RB Global Inc,Industrials,Commercial Services & Supplies,Diversified Support Services
RBB,RBB Bancorp,Financials,Banks,Regional Banks
RBBN,Ribbon Communications Inc,Information Technology,Communications Equipment,Communications Equipment
RBC,RBC Bearings Inc,Industrials,Machinery,Industrial Machinery & Supplies & Components
RBLX,Roblox Corp,Communication Services,Entertainment,Interactive Home Entertainment
RBRK,Rubrik Inc,Information Technology,Software,Systems Software
RC,Ready Capital Corp,Financials,Mortgage Real Estate Investment Trusts (REITs),Mortgage REITs
RCAT,Red Cat Holdings Inc,Industrials,Aerospace & Defense,Aerospace & Defense
RCEL,AVITA Medical Inc,Health Care,Biotechnology,Biotechnology
RCI,Rogers Communications Inc,Communication Services,Wireless Telecommunication Services,Wireless Telecommunication Services
RCKT,Rocket Pharmaceuticals Inc,Health Care,Biotechnology,Biotechnology
RCL,Royal Caribbean Cruises Ltd,Consumer Discretionary,"Hotels, Restaurants & Leisure","Hotels, Resorts & Cruise Lines"
RCUS,Arcus Biosciences Inc,Health Care,Biotechnology,Biotechnology
RDDT,Reddit Inc,Communication Services,Interactive Media & Services,Interactive Media & Services
RDN,Radian Group Inc,Financials,Financial Services,Commercial & Residential Mortgage Finance
RDNT,RadNet Inc,Health Care,Health Care Providers & Services,Health Care Services
RDNW,RideNow Group Inc,Consumer Discretionary,Specialty Retail,Automotive Retail
RDVT,Red Violet Inc,Information Technology,Software,Application Software
RDW,Redwire Corp,Industrials,Aerospace & Defense,Aerospace & Defense
RDWR,Radware Ltd,Information Technology,Software,Systems Software
RDY,Dr Reddy's Laboratories Ltd,Health Care,Pharmaceuticals,Pharmaceuticals
REAL,RealReal Inc,Consumer Discretionary,Specialty Retail,Apparel Retail
REAX,Real Brokerage Inc,Real Estate,Real Estate Management & Development,Real Estate Services
REFI,Chicago Atlantic Real Estate Finance Inc,Financials,Mortgage Real Estate Investment Trusts (REITs),Mortgage REITs
REG,Regency Centers Corp,Real Estate,Retail REITs,Retail REITs
REGN,Regeneron Pharmaceuticals Inc,Health Care,Biotechnology,Biotechnology
REI,Ring Energy Inc,Energy,"Oil, Gas & Consumable Fuels",Oil & Gas Exploration & Production
RELL,Richardson Electronics Ltd,Information Technology,"Electronic Equipment, Instruments & Components",Technology Distributors
RELX,RELX PLC,Industrials,Professional Services,Research & Consulting Services
RELY,Remitly Global Inc,Financials,Financial Services,Transaction & Payment Processing Services
REPL,Replimune Group Inc,Health Care,Biotechnology,Biotechnology
REPX,Riley Exploration Permian Inc,Energy,"Oil, Gas & Consumable Fuels",Oil & Gas Exploration & Production
RES,RPC Inc,Energy,Energy Equipment & Services,Oil & Gas Equipment & Services
REX,REX American Resources Corp,Energy,"Oil, Gas & Consumable Fuels",Oil & Gas Refining & Marketing
REXR,Rexford Industrial Realty Inc,Real Estate,Industrial REITs,Industrial REITs
REYN,Reynolds Consumer Products Inc,Consumer Staples,Household Products,Household Products
REZI,Resideo Technologies Inc,Industrials,Building Products,Building Products
RF,Regions Financial Corp,Financials,Banks,Regional Banks
RFIL,RF Industries Ltd,Information Technology,"Electronic Equipment, Instruments & Components",Electronic Manufacturing Services
RFL,Rafael Holdings Inc,Health Care,Pharmaceuticals,Pharmaceuticals
RGA,Reinsurance Group of America Inc,Financials,Insurance,Reinsurance
RGC,Regencell Bioscience Holdings Ltd,Health Care,Pharmaceuticals,Pharmaceuticals
RGEN,Repligen Corp,Health Care,Life Sciences Tools & Services,Life Sciences Tools & Services
RGLD,Royal Gold Inc,Materials,Metals & Mining,Gold
RGNX,Regenxbio Inc,Health Care,Biotechnology,Biotechnology
RGP,Resources Connection Inc,Industrials,Professional Services,Research & Consulting Services
RGR,Sturm Ruger & Company Inc,Consumer Discretionary,Leisure Products,Leisure Products
RGTI,Rigetti Computing Inc,Information Technology,Semiconductors & Semiconductor Equipment,Semiconductors
RH,RH,Consumer Discretionary,Specialty Retail,Homefurnishing Retail
RHI,Robert Half Inc,Industrials,Professional Services,Human Resource & Employment Services
RHP,Ryman Hospitality Properties Inc,Real Estate,Hotel & Resort REITs,Hotel & Resort REITs
RICK,RCI Hospitality Holdings Inc,Consumer Discretionary,"Hotels, Restaurants & Leisure",Restaurants
RIG,Transocean Ltd,Energy,Energy Equipment & Services,Oil & Gas Drilling
RIGL,Rigel Pharmaceuticals Inc,Health Care,Biotechnology,Biotechnology
RILY,BRC Group Holdings Inc,Financials,Capital Markets,Investment Banking & Brokerage
RIO,Rio Tinto PLC,Materials,Metals & Mining,Diversified Metals & Mining
RIOT,Riot Platforms Inc,Information Technology,Software,Application Software
RITM,Rithm Capital Corp,Financials,Mortgage Real Estate Investment Trusts (REITs),Mortgage REITs
RIVN,Rivian Automotive Inc,Consumer Discretionary,Automobiles,Automobile Manufacturers
RJET,Republic Airways Holdings Inc,Industrials,Passenger Airlines,Passenger Airlines
RJF,Raymond James Financial Inc,Financials,Capital Markets,Investment Banking & Brokerage
RKLB,Rocket Lab Corp,Industrials,Aerospace & Defense,Aerospace & Defense
RKT,Rocket Companies Inc,Financials,Financial Services,Commercial & Residential Mortgage Finance
RL,Ralph Lauren Corp,Consumer Discretionary,"Textiles, Apparel & Luxury Goods","Apparel, Accessories & Luxury Goods"
RLAY,Relay Therapeutics Inc,Health Care,Biotechnology,Biotechnology
RLGT,Radiant Logistics Inc,Industrials,Air Freight & Logistics,Air Freight & Logistics
RLI,RLI Corp,Financials,Insurance,Property & Casualty Insurance
RLJ,RLJ Lodging Trust,Real Estate,Hotel & Resort REITs,Hotel & Resort REITs
RLMD,Relmada Therapeutics Inc,Health Care,Pharmaceuticals,Pharmaceuticals
RLX,RLX Technology Inc,Consumer Staples,Tobacco,Tobacco
RM,Regional Management Corp,Financials,Consumer Finance,Consumer Finance
RMAX,Re/Max Holdings Inc,Real Estate,Real Estate Management & Development,Real Estate Services
RMBS,Rambus Inc,Information Technology,Semiconductors & Semiconductor Equipment,Semiconductors
RMD,Resmed Inc,Health Care,Health Care Equipment & Supplies,Health Care Equipment
RMNI,Rimini Street Inc,Information Technology,Software,Application Software
RMR,RMR Group Inc,Real Estate,Real Estate Management & Development,Diversified Real Estate Activities
RNAC,Cartesian Therapeutics Inc,Health Care,Biotechnology,Biotechnology
RNAM,Avidity Biosciences Inc,Health Care,Biotechnology,Biotechnology
RNG,RingCentral Inc,Information Technology,Software,Application Software
RNGR,Ranger Energy Services Inc,Energy,Energy Equipment & Services,Oil & Gas Equipment & Services
RNR,Renaissancere Holdings Ltd,Financials,Insurance,Reinsurance
RNST,Renasant Corp,Financials,Banks,Regional Banks
RNW,Renew Energy Global PLC,Utilities,Independent Power & Renewable Electricity Producers,Renewable Electricity
ROAD,Construction Partners Inc,Industrials,Construction & Engineering,Construction & Engineering
ROCK,Gibraltar Industries Inc,Industrials,Building Products,Building Products
ROG,Rogers Corp,Information Technology,"Electronic Equipment, Instruments & Components",Electronic Components
ROIV,Roivant Sciences Ltd,Health Care,Biotechnology,Biotechnology
ROK,Rockwell Automation Inc,Industrials,Electrical Equipment,Electrical Components & Equipment
ROKU,Roku Inc,Communication Services,Entertainment,Movies & Entertainment
ROL,Rollins Inc,Industrials,Commercial Services & Supplies,Environmental & Facilities Services
ROOT,Root Inc,Financials,Insurance,Property & Casualty Insurance
ROP,Roper Technologies Inc,Information Technology,Software,Application Software
ROST,Ross Stores Inc,Consumer Discretionary,Specialty Retail,Apparel Retail
RPAY,Repay Holdings Corp,Financials,Financial Services,Transaction & Payment Processing Services
RPC,Ridgepost Capital Inc,Financials,Capital Markets,Asset Management & Custody Banks
RPD,Rapid7 Inc,Information Technology,Software,Systems Software
RPM,RPM International Inc,Materials,Chemicals,Specialty Chemicals
RPRX,Royalty Pharma PLC,Health Care,Pharmaceuticals,Pharmaceuticals
RPT,Rithm Property Trust Inc,Financials,Mortgage Real Estate Investment Trusts (REITs),Mortgage REITs
RR,Richtech Robotics Inc,Industrials,Machinery,Industrial Machinery & Supplies & Components
RRC,Range Resources Corp,Energy,"Oil, Gas & Consumable Fuels",Oil & Gas Exploration & Production
RRGB,Red Robin Gourmet Burgers Inc,Consumer Discretionary,"Hotels, Restaurants & Leisure",Restaurants
RRR,Red Rock Resorts Inc,Consumer Discretionary,"Hotels, Restaurants & Leisure",Casinos & Gaming
RRX,Regal Rexnord Corp,Industrials,Electrical Equipment,Electrical Components & Equipment
RS,Reliance Inc,Materials,Metals & Mining,Steel
RSG,Republic Services Inc,Industrials,Commercial Services & Supplies,Environmental & Facilities Services
RSI,Rush Street Interactive Inc,Consumer Discretionary,"Hotels, Restaurants & Leisure",Casinos & Gaming
RSKD,Riskified Ltd,Information Technology,Software,Application Software
RTO,Rentokil Initial PLC,Industrials,Commercial Services & Supplies,Environmental & Facilities Services
RTX,RTX Corp,Industrials,Aerospace & Defense,Aerospace & Defense
RUM,Rumble Inc,Communication Services,Interactive Media & Services,Interactive Media & Services
RUN,Sunrun Inc,Industrials,Electrical Equipment,Electrical Components & Equipment
RUSHA,Rush Enterprises Inc,Industrials,Trading Companies & Distributors,Trading Companies & Distributors
RVLV,Revolve Group Inc,Consumer Discretionary,Specialty Retail,Apparel Retail
RVMD,Revolution Medicines Inc,Health Care,Biotechnology,Biotechnology
RVSB,Riverview Bancorp Inc,Financials,Banks,Regional Banks
RVTY,Revvity Inc,Health Care,Life Sciences Tools & Services,Life Sciences Tools & Services
RWAY,Runway Growth Finance Corp,Financials,Capital Markets,Asset Management & Custody Banks
RWT,Redwood Trust Inc,Financials,Mortgage Real Estate Investment Trusts (REITs),Mortgage REITs
RXO,RXO Inc,Industrials,Ground Transportation,Cargo Ground Transportation
RXRX,Recursion Pharmaceuticals Inc,Health Care,Biotechnology,Biotechnology
RXST,Rxsight Inc,Health Care,Health Care Equipment & Supplies,Health Care Supplies
RXT,Rackspace Technology Inc,Information Technology,IT Services,Internet Services & Infrastructure
RY,Royal Bank of Canada,Financials,Banks,Diversified Banks
RYAAY,Ryanair Holdings PLC,Industrials,Passenger Airlines,Passenger Airlines
RYAM,Rayonier Advanced Materials Inc,Materials,Chemicals,Specialty Chemicals
RYAN,Ryan Specialty Holdings Inc,Financials,Insurance,Insurance Brokers
RYN,Rayonier Inc,Real Estate,Specialized REITs,Timber REITs
RYTM,Rhythm Pharmaceuticals Inc,Health Care,Biotechnology,Biotechnology
RYZ,Ryerson Holding Corp,Materials,Metals & Mining,Steel
RZLT,Rezolute Inc,Health Care,Biotechnology,Biotechnology
RZLV,Rezolve AI PLC,Information Technology,Software,Application Software
S,SentinelOne Inc,Information Technology,Software,Systems Software
SA,Seabridge Gold Inc,Materials,Metals & Mining,Gold
SABS,SAB Biotherapeutics Inc,Health Care,Biotechnology,Biotechnology
SACH,Sachem Capital Corp,Financials,Mortgage Real Estate Investment Trusts (REITs),Mortgage REITs
SAFE,Safehold Inc,Real Estate,Specialized REITs,Other Specialized REITs
SAFT,Safety Insurance Group Inc,Financials,Insurance,Property & Casualty Insurance
SAH,Sonic Automotive Inc,Consumer Discretionary,Specialty Retail,Automotive Retail
SAIA,Saia Inc,Industrials,Ground Transportation,Cargo Ground Transportation
SAIC,Science Applications International Corp,Industrials,Professional Services,Research & Consulting Services
SAIL,SailPoint Inc,Information Technology,Software,Application Software
SAM,Boston Beer Company Inc,Consumer Staples,Beverages,Brewers
SAN,Banco Santander SA,Financials,Banks,Diversified Banks
SANA,Sana Biotechnology Inc,Health Care,Biotechnology,Biotechnology
SANM,Sanmina Corp,Information Technology,"Electronic Equipment, Instruments & Components",Electronic Manufacturing Services
SAP,SAP SE,Information Technology,Software,Application Software
SAR,Saratoga Investment Corp,Financials,Capital Markets,Asset Management & Custody Banks
SARO,"StandardAero, Inc.",Industrials,Aerospace & Defense,Aerospace & Defense
SATL,Satellogic Inc,Industrials,Aerospace & Defense,Aerospace & Defense
SATS,EchoStar Corp,Communication Services,Media,Cable & Satellite
SAVA,Cassava Sciences Inc,Health Care,Pharmaceuticals,Pharmaceuticals
SB,Safe Bulkers Inc,Industrials,Marine Transportation,Marine Transportation
SBAC,SBA Communications Corp,Real Estate,Specialized REITs,Telecom Tower REITs
SBCF,Seacoast Banking Corporation of Florida,Financials,Banks,Regional Banks
SBET,Sharplink Inc,Consumer Discretionary,"Hotels, Restaurants & Leisure",Casinos & Gaming
SBGI,Sinclair Inc,Communication Services,Media,Broadcasting
SBH,Sally Beauty Holdings Inc,Consumer Discretionary,Specialty Retail,Other Specialty Retail
SBLK,Star Bulk Carriers Corp,Industrials,Marine Transportation,Marine Transportation
SBRA,Sabra Health Care REIT Inc,Real Estate,Health Care REITs,Health Care REITs
SBS,Companhia de Saneamento Basico do Estado de Sao Paulo - SABESP,Utilities,Water Utilities,Water Utilities
SBSI,Southside Bancshares Inc,Financials,Banks,Regional Banks
SBSW,Sibanye Stillwater Ltd,Materials,Metals & Mining,Precious Metals & Minerals
SBUX,Starbucks Corp,Consumer Discretionary,"Hotels, Restaurants & Leisure",Restaurants
SCCO,Southern Copper Corp,Materials,Metals & Mining,Copper
SCHL,Scholastic Corp,Communication Services,Media,Publishing
SCHW,Charles Schwab Corp,Financials,Capital Markets,Investment Banking & Brokerage
SCI,Service Corporation International,Consumer Discretionary,Diversified Consumer Services,Specialized Consumer Services
SCL,Stepan Co,Materials,Chemicals,Specialty Chemicals
SCM,Stellus Capital Investment Corp,Financials,Capital Markets,Asset Management & Custody Banks
SCSC,Scansource Inc,Information Technology,"Electronic Equipment, Instruments & Components",Technology Distributors
SCVL,Shoe Carnival Inc,Consumer Discretionary,Specialty Retail,Apparel Retail
SD,SandRidge Energy Inc,Energy,"Oil, Gas & Consumable Fuels",Oil & Gas Exploration & Production
SDGR,Schrodinger Inc,Health Care,Health Care Technology,Health Care Technology
SDRL,Seadrill Ltd,Energy,Energy Equipment & Services,Oil & Gas Drilling
SE,Sea Ltd,Consumer Discretionary,Broadline Retail,Broadline Retail
SEAT,Vivid Seats Inc,Communication Services,Entertainment,Movies & Entertainment
SEDG,Solaredge Technologies Inc,Information Technology,Semiconductors & Semiconductor Equipment,Semiconductor Materials & Equipment
SEE,Sealed Air Corp,Materials,Containers & Packaging,Paper & Plastic Packaging Products & Materials
SEER,Seer Inc,Health Care,Life Sciences Tools & Services,Life Sciences Tools & Services
SEG,Seaport Entertainment Group Inc,Real Estate,Real Estate Management & Development,Real Estate Operating Companies
SEI,Solaris Energy Infrastructure Inc,Energy,Energy Equipment & Services,Oil & Gas Equipment & Services
SEIC,SEI Investments Co,Financials,Capital Markets,Asset Management & Custody Banks
SEM,Select Medical Holdings Corp,Health Care,Health Care Providers & Services,Health Care Facilities
SEMR,SEMrush Holdings Inc,Information Technology,Software,Application Software
SENS,Senseonics Holdings Inc,Health Care,Health Care Equipment & Supplies,Health Care Equipment
SEPN,Septerna Inc,Health Care,Pharmaceuticals,Pharmaceuticals
SERV,Serve Robotics Inc,Consumer Discretionary,"Hotels, Restaurants & Leisure",Restaurants
SES,SES AI Corp,Industrials,Electrical Equipment,Electrical Components & Equipment
SEV,Aptera Motors Corp,Consumer Discretionary,Automobiles,Automobile Manufacturers
SEVN,Seven Hills Realty Trust,Financials,Mortgage Real Estate Investment Trusts (REITs),Mortgage REITs
SEZL,Sezzle Inc,Financials,Financial Services,Transaction & Payment Processing Services
SF,Stifel Financial Corp,Financials,Capital Markets,Investment Banking & Brokerage
SFBS,ServisFirst Bancshares Inc,Financials,Banks,Regional Banks
SFD,Smithfield Foods Inc,Consumer Staples,Food Products,Packaged Foods & Meats
SFIX,Stitch Fix Inc,Consumer Discretionary,Specialty Retail,Apparel Retail
SFL,SFL Corporation Ltd,Energy,"Oil, Gas & Consumable Fuels",Oil & Gas Storage & Transportation
SFM,Sprouts Farmers Market Inc,Consumer Staples,Consumer Staples Distribution & Retail,Food Retail
SFNC,Simmons First National Corp,Financials,Banks,Regional Banks
SFST,Southern First Bancshares Inc,Financials,Banks,Regional Banks
SG,Sweetgreen Inc,Consumer Discretionary,"Hotels, Restaurants & Leisure",Restaurants
SGHC,SGHC Ltd,Consumer Discretionary,"Hotels, Restaurants & Leisure",Casinos & Gaming
SGHT,Sight Sciences Inc,Health Care,Health Care Equipment & Supplies,Health Care Equipment
SGI,Somnigroup International Inc,Consumer Discretionary,Household Durables,Home Furnishings
SGMT,Sagimet Biosciences Inc,Health Care,Biotechnology,Biotechnology
SGRY,Surgery Partners Inc,Health Care,Health Care Providers & Services,Health Care Facilities
SHAK,Shake Shack Inc,Consumer Discretionary,"Hotels, Restaurants & Leisure",Restaurants
SHBI,Shore Bancshares Inc,Financials,Banks,Regional Banks
SHC,Sotera Health Co,Health Care,Life Sciences Tools & Services,Life Sciences Tools & Services
SHEL,Shell PLC,Energy,"Oil, Gas & Consumable Fuels",Integrated Oil & Gas
SHEN,Shenandoah Telecommunications Co,Communication Services,Diversified Telecommunication Services,Integrated Telecommunication Services
SHG,Shinhan Financial Group Co Ltd,Financials,Banks,Diversified Banks
SHIP,Seanergy Maritime Holdings Corp,Industrials,Marine Transportation,Marine Transportation
SHLS,Shoals Technologies Group Inc,Industrials,Electrical Equipment,Electrical Components & Equipment
SHO,Sunstone Hotel Investors Inc,Real Estate,Hotel & Resort REITs,Hotel & Resort REITs
SHOO,Steven Madden Ltd,Consumer Discretionary,"Textiles, Apparel & Luxury Goods",Footwear
SHOP,Shopify Inc,Information Technology,IT Services,Internet Services & Infrastructure
SHW,Sherwin-Williams Co,Materials,Chemicals,Specialty Chemicals
SIBN,SI-BONE Inc,Health Care,Health Care Equipment & Supplies,Health Care Equipment
SID,Companhia Siderurgica Nacional SA,Materials,Metals & Mining,Steel
SIDU,Sidus Space Inc,Industrials,Aerospace & Defense,Aerospace & Defense
SIFY,Sify Technologies Ltd,Communication Services,Diversified Telecommunication Services,Alternative Carriers
SIG,Signet Jewelers Ltd,Consumer Discretionary,Specialty Retail,Other Specialty Retail
SIGA,SIGA Technologies Inc,Health Care,Pharmaceuticals,Pharmaceuticals
SIGI,Selective Insurance Group Inc,Financials,Insurance,Property & Casualty Insurance
SILA,Sila Realty Trust Inc,Real Estate,Health Care REITs,Health Care REITs
SIMO,Silicon Motion Technology Corp,Information Technology,Semiconductors & Semiconductor Equipment,Semiconductors
SIRI,Sirius XM Holdings Inc,Communication Services,Media,Cable & Satellite
SITC,Site Centers Corp,Real Estate,Retail REITs,Retail REITs
SITE,SiteOne Landscape Supply Inc,Industrials,Trading Companies & Distributors,Trading Companies & Distributors
SITM,SiTime Corp,Information Technology,Semiconductors & Semiconductor Equipment,Semiconductors
SJM,J M Smucker Co,Consumer Staples,Food Products,Packaged Foods & Meats
SJT,San Juan Basin Royalty Trust,Energy,"Oil, Gas & Consumable Fuels",Oil & Gas Exploration & Production
SKLZ,Skillz Inc,Communication Services,Entertainment,Interactive Home Entertainment
SKM,SK Telecom Co Ltd,Communication Services,Wireless Telecommunication Services,Wireless Telecommunication Services
SKT,Tanger Inc,Real Estate,Retail REITs,Retail REITs
SKWD,Skyward Specialty Insurance Group Inc,Financials,Insurance,Property & Casualty Insurance
SKY,Champion Homes Inc,Consumer Discretionary,Household Durables,Homebuilding
SKYH,Sky Harbour Group Corp,Industrials,Transportation Infrastructure,Airport Services
SKYT,Skywater Technology Inc,Information Technology,Semiconductors & Semiconductor Equipment,Semiconductors
SKYW,SkyWest Inc,Industrials,Passenger Airlines,Passenger Airlines
SLAB,Silicon Laboratories Inc,Information Technology,Semiconductors & Semiconductor Equipment,Semiconductors
SLB,Slb NV,Energy,Energy Equipment & Services,Oil & Gas Equipment & Services
SLDB,Solid Biosciences Inc,Health Care,Biotechnology,Biotechnology
SLDE,Slide Insurance Holdings Inc,Financials,Insurance,Property & Casualty Insurance
SLDP,Solid Power Inc,Consumer Discretionary,Automobile Components,Automotive Parts & Equipment
SLF,Sun Life Financial Inc,Financials,Insurance,Life & Health Insurance
SLG,SL Green Realty Corp,Real Estate,Office REITs,Office REITs
SLGN,Silgan Holdings Inc,Materials,Containers & Packaging,"Metal, Glass & Plastic Containers"
SLM,SLM Corp,Financials,Consumer Finance,Consumer Finance
SLN,Silence Therapeutics PLC,Health Care,Biotechnology,Biotechnology
SLNO,Soleno Therapeutics Inc,Health Care,Biotechnology,Biotechnology
SLP,Simulations Plus Inc,Health Care,Health Care Technology,Health Care Technology
SLRC,SLR Investment Corp,Financials,Capital Markets,Asset Management & Custody Banks
SLS,Sellas Life Sciences Group Inc,Health Care,Biotechnology,Biotechnology
SLVM,Sylvamo Corp,Materials,Paper & Forest Products,Paper Products
SM,SM Energy Co,Energy,"Oil, Gas & Consumable Fuels",Oil & Gas Exploration & Production
SMA,SmartStop Self Storage REIT Inc,Real Estate,Specialized REITs,Self-Storage REITs
SMBC,Southern Missouri Bancorp Inc,Financials,Banks,Regional Banks
SMBK,SmartFinancial Inc,Financials,Banks,Regional Banks
SMCI,Super Micro Computer Inc,Information Technology,"Technology Hardware, Storage & Peripherals","Technology Hardware, Storage & Peripherals"
SMFG,Sumitomo Mitsui Financial Group Inc,Financials,Banks,Diversified Banks
SMG,Scotts Miracle-Gro Co,Materials,Chemicals,Fertilizers & Agricultural Chemicals
SMHI,SEACOR Marine Holdings Inc,Energy,Energy Equipment & Services,Oil & Gas Equipment & Services
SMMT,Summit Therapeutics Inc,Health Care,Biotechnology,Biotechnology
SMP,Standard Motor Products Inc,Consumer Discretionary,Automobile Components,Automotive Parts & Equipment
SMPL,Simply Good Foods Co,Consumer Staples,Food Products,Packaged Foods & Meats
SMR,Nuscale Power Corp,Industrials,Electrical Equipment,Heavy Electrical Equipment
SMRT,SmartRent Inc,Information Technology,"Electronic Equipment, Instruments & Components",Electronic Equipment & Instruments
SMTC,Semtech Corp,Information Technology,Semiconductors & Semiconductor Equipment,Semiconductors
SMWB,Similarweb Ltd,Information Technology,Software,Application Software
SMX,SMX (Security Matters) PLC,Information Technology,"Electronic Equipment, Instruments & Components",Electronic Equipment & Instruments
SN,Sharkninja Inc,Consumer Discretionary,Household Durables,Household Appliances
SNA,Snap-On Inc,Industrials,Machinery,Industrial Machinery & Supplies & Components
SNAP,Snap Inc,Communication Services,Interactive Media & Services,Interactive Media & Services
SNBR,Sleep Number Corp,Consumer Discretionary,Specialty Retail,Homefurnishing Retail
SNCY,Sun Country Airlines Holdings Inc,Industrials,Passenger Airlines,Passenger Airlines
SND,Smart Sand Inc,Energy,Energy Equipment & Services,Oil & Gas Equipment & Services
SNDK,Sandisk Corp,Information Technology,"Technology Hardware, Storage & Peripherals","Technology Hardware, Storage & Peripherals"
SNDL,SNDL Inc,Health Care,Pharmaceuticals,Pharmaceuticals
SNDR,Schneider National Inc,Industrials,Ground Transportation,Cargo Ground Transportation
SNDX,Syndax Pharmaceuticals Inc,Health Care,Biotechnology,Biotechnology
SNEX,StoneX Group Inc,Financials,Capital Markets,Investment Banking & Brokerage
SNN,Smith & Nephew PLC,Health Care,Health Care Equipment & Supplies,Health Care Equipment
SNOW,Snowflake Inc,Information Technology,IT Services,Internet Services & Infrastructure
SNPS,Synopsys Inc,Information Technology,Software,Application Software
SNX,TD Synnex Corp,Information Technology,"Electronic Equipment, Instruments & Components",Technology Distributors
SNY,Sanofi SA,Health Care,Pharmaceuticals,Pharmaceuticals
SO,Southern Co,Utilities,Electric Utilities,Electric Utilities
SOC,Sable Offshore Corp,Energy,"Oil, Gas & Consumable Fuels",Oil & Gas Exploration & Production
SOFI,SoFi Technologies Inc,Financials,Consumer Finance,Consumer Finance
SOLS,Solstice Advanced Materials Inc,Materials,Chemicals,Specialty Chemicals
SOLV,Solventum Corp,Health Care,Health Care Equipment & Supplies,Health Care Supplies
SON,Sonoco Products Co,Materials,Containers & Packaging,Paper & Plastic Packaging Products & Materials
SONO,Sonos Inc,Consumer Discretionary,Household Durables,Consumer Electronics
SONY,Sony Group Corp,Consumer Discretionary,Household Durables,Consumer Electronics
SOPH,SOPHiA GENETICS SA,Health Care,Health Care Technology,Health Care Technology
SOUN,SoundHound AI Inc,Information Technology,Software,Application Software
SPB,Spectrum Brands Holdings Inc,Consumer Staples,Household Products,Household Products
SPCE,Virgin Galactic Holdings Inc,Industrials,Aerospace & Defense,Aerospace & Defense
SPFI,South Plains Financial Inc,Financials,Banks,Regional Banks
SPG,Simon Property Group Inc,Real Estate,Retail REITs,Retail REITs
SPGI,S&P Global Inc,Financials,Capital Markets,Financial Exchanges & Data
SPH,Suburban Propane Partners LP,Utilities,Gas Utilities,Gas Utilities
SPHR,Sphere Entertainment Co,Communication Services,Entertainment,Movies & Entertainment
SPIR,Spire Global Inc,Industrials,Professional Services,Research & Consulting Services
SPNT,Siriuspoint Ltd,Financials,Insurance,Reinsurance
SPOK,Spok Holdings Inc,Communication Services,Wireless Telecommunication Services,Wireless Telecommunication Services
SPOT,Spotify Technology SA,Communication Services,Entertainment,Movies & Entertainment
SPRO,Spero Therapeutics Inc,Health Care,Biotechnology,Biotechnology
SPRY,ARS Pharmaceuticals Inc,Health Care,Biotechnology,Biotechnology
SPSC,SPS Commerce Inc,Information Technology,Software,Application Software
SPT,Sprout Social Inc,Information Technology,Software,Application Software
SPWH,Sportsman's Warehouse Holdings Inc,Consumer Discretionary,Specialty Retail,Other Specialty Retail
SPXC,SPX Technologies Inc,Industrials,Machinery,Industrial Machinery & Supplies & Components
SQM,Sociedad Quimica y Minera de Chile SA,Materials,Chemicals,Specialty Chemicals
SQNS,Sequans Communications SA,Information Technology,Semiconductors & Semiconductor Equipment,Semiconductors
SR,Spire Inc,Utilities,Gas Utilities,Gas Utilities
SRAD,Sportradar Group AG,Consumer Discretionary,"Hotels, Restaurants & Leisure",Casinos & Gaming
SRCE,1st Source Corp,Financials,Banks,Regional Banks
SRE,Sempra,Utilities,Multi-Utilities,Multi-Utilities
SRG,Seritage Growth Properties,Real Estate,Real Estate Management & Development,Real Estate Operating Companies
SRI,Stoneridge Inc,Consumer Discretionary,Automobile Components,Automotive Parts & Equipment
SRPT,Sarepta Therapeutics Inc,Health Care,Biotechnology,Biotechnology
SRRK,Scholar Rock Holding Corp,Health Care,Biotechnology,Biotechnology
SRTA,Strata Critical Medical Inc,Health Care,Health Care Providers & Services,Health Care Services
SRTS,Sensus Healthcare Inc,Health Care,Health Care Equipment & Supplies,Health Care Equipment
SSB,SouthState Bank Corp,Financials,Banks,Regional Banks
SSD,Simpson Manufacturing Co Inc,Industrials,Building Products,Building Products
SSL,Sasol Ltd,Materials,Chemicals,Diversified Chemicals
SSNC,SS&C Technologies Holdings Inc,Industrials,Professional Services,Data Processing & Outsourced Services
SSP,E W Scripps Co,Communication Services,Media,Broadcasting
SSRM,SSR Mining Inc,Materials,Metals & Mining,Gold
SSSS,SuRo Capital Corp,Financials,Capital Markets,Asset Management & Custody Banks
SSTI,SoundThinking Inc,Information Technology,Software,Application Software
SSTK,Shutterstock Inc,Communication Services,Interactive Media & Services,Interactive Media & Services
SSYS,Stratasys Ltd,Industrials,Machinery,Industrial Machinery & Supplies & Components
ST,Sensata Technologies Holding PLC,Industrials,Electrical Equipment,Electrical Components & Equipment
STAA,STAAR Surgical Co,Health Care,Health Care Equipment & Supplies,Health Care Supplies
STAG,STAG Industrial Inc,Real Estate,Industrial REITs,Industrial REITs
STBA,S&T Bancorp Inc,Financials,Banks,Regional Banks
STC,Stewart Information Services Corp,Financials,Insurance,Property & Casualty Insurance
STE,STERIS plc,Health Care,Health Care Equipment & Supplies,Health Care Equipment
STEM,Stem Inc,Industrials,Electrical Equipment,Electrical Components & Equipment
STEP,StepStone Group Inc,Financials,Capital Markets,Asset Management & Custody Banks
STEX,Streamex Corp,Health Care,Health Care Equipment & Supplies,Health Care Equipment
STGW,Stagwell Inc,Communication Services,Media,Advertising
STIM,Neuronetics Inc,Health Care,Health Care Equipment & Supplies,Health Care Equipment
STKL,Sunopta Inc,Consumer Staples,Food Products,Packaged Foods & Meats
STLD,Steel Dynamics Inc,Materials,Metals & Mining,Steel
STM,STMicroelectronics NV,Information Technology,Semiconductors & Semiconductor Equipment,Semiconductors
STN,Stantec Inc,Industrials,Construction & Engineering,Construction & Engineering
STNE,StoneCo Ltd,Financials,Financial Services,Transaction & Payment Processing Services
STNG,Scorpio Tankers Inc,Energy,"Oil, Gas & Consumable Fuels",Oil & Gas Storage & Transportation
STOK,Stoke Therapeutics Inc,Health Care,Biotechnology,Biotechnology
STRA,Strategic Education Inc,Consumer Discretionary,Diversified Consumer Services,Education Services
STRL,Sterling Infrastructure Inc,Industrials,Construction & Engineering,Construction & Engineering
STRO,Sutro Biopharma Inc,Health Care,Biotechnology,Biotechnology
STRZ,Starz Entertainment Corp,Communication Services,Entertainment,Movies & Entertainment
STSS,Sharps Technology Inc,Health Care,Health Care Equipment & Supplies,Health Care Supplies
STT,State Street Corp,Financials,Capital Markets,Asset Management & Custody Banks
STTK,Shattuck Labs Inc,Health Care,Biotechnology,Biotechnology
STUB,StubHub Holdings Inc,Communication Services,Entertainment,Movies & Entertainment
STVN,Stevanato Group SpA,Health Care,Life Sciences Tools & Services,Life Sciences Tools & Services
STWD,Starwood Property Trust Inc,Financials,Mortgage Real Estate Investment Trusts (REITs),Mortgage REITs
STX,Seagate Technology Holdings PLC,Information Technology,"Technology Hardware, Storage & Peripherals","Technology Hardware, Storage & Peripherals"
STXS,Stereotaxis Inc,Health Care,Health Care Equipment & Supplies,Health Care Equipment
STZ,Constellation Brands Inc,Consumer Staples,Beverages,Distillers & Vintners
SU,Suncor Energy Inc,Energy,"Oil, Gas & Consumable Fuels",Integrated Oil & Gas
SUI,Sun Communities Inc,Real Estate,Residential REITs,Single-Family Residential REITs
SUIG,SUI Group Holdings Ltd,Financials,Financial Services,Specialized Finance
SUN,Sunoco LP,Energy,"Oil, Gas & Consumable Fuels",Oil & Gas Refining & Marketing
SUNC,SunocoCorp LLC,Energy,"Oil, Gas & Consumable Fuels",Oil & Gas Refining & Marketing
SUNS,Sunrise Realty Trust Inc,Financials,Mortgage Real Estate Investment Trusts (REITs),Mortgage REITs
SUPN,Supernus Pharmaceuticals Inc,Health Care,Pharmaceuticals,Pharmaceuticals
SUPV,Grupo Supervielle SA,Financials,Banks,Diversified Banks
SVC,Service Properties Trust,Real Estate,Hotel & Resort REITs,Hotel & Resort REITs
SVM,Silvercorp Metals Inc,Materials,Metals & Mining,Silver
SVRA,Savara Inc,Health Care,Biotechnology,Biotechnology
SVV,Savers Value Village Inc,Consumer Discretionary,Broadline Retail,Broadline Retail
SW,Smurfit WestRock PLC,Materials,Containers & Packaging,Paper & Plastic Packaging Products & Materials
SWBI,Smith & Wesson Brands Inc,Consumer Discretionary,Leisure Products,Leisure Products
SWIM,Latham Group Inc,Consumer Discretionary,Leisure Products,Leisure Products
SWK,Stanley Black & Decker Inc,Industrials,Machinery,Industrial Machinery & Supplies & Components
SWKS,Skyworks Solutions Inc,Information Technology,Semiconductors & Semiconductor Equipment,Semiconductors
SWX,Southwest Gas Holdings Inc,Utilities,Gas Utilities,Gas Utilities
SXC,SunCoke Energy Inc,Materials,Metals & Mining,Steel
SXI,Standex International Corp,Industrials,Machinery,Industrial Machinery & Supplies & Components
SXT,Sensient Technologies Corp,Materials,Chemicals,Specialty Chemicals
SY,So-Young International Inc,Communication Services,Interactive Media & Services,Interactive Media & Services
SYBT,Stock Yards Bancorp Inc,Financials,Banks,Regional Banks
SYF,Synchrony Financial,Financials,Consumer Finance,Consumer Finance
SYK,Stryker Corp,Health Care,Health Care Equipment & Supplies,Health Care Equipment
SYM,Symbotic Inc,Industrials,Machinery,Industrial Machinery & Supplies & Components
SYNA,Synaptics Inc,Information Technology,Semiconductors & Semiconductor Equipment,Semiconductors
SYPR,Sypris Solutions Inc,Consumer Discretionary,Automobile Components,Automotive Parts & Equipment
SYRE,Spyre Therapeutics Inc,Health Care,Biotechnology,Biotechnology
SYY,Sysco Corp,Consumer Staples,Consumer Staples Distribution & Retail,Food Distributors
T,AT&T Inc,Communication Services,Diversified Telecommunication Services,Integrated Telecommunication Services
TAC,TransAlta Corp,Utilities,Independent Power & Renewable Electricity Producers,Independent Power Producers & Energy Traders
TAK,Takeda Pharmaceutical Co Ltd,Health Care,Pharmaceuticals,Pharmaceuticals
TAL,TAL Education Group,Consumer Discretionary,Diversified Consumer Services,Education Services
TALK,Talkspace Inc,Health Care,Health Care Providers & Services,Health Care Services
TALO,Talos Energy Inc,Energy,"Oil, Gas & Consumable Fuels",Oil & Gas Exploration & Production
TAP,Molson Coors Beverage Co,Consumer Staples,Beverages,Brewers
TARA,Protara Therapeutics Inc,Health Care,Biotechnology,Biotechnology
TARS,Tarsus Pharmaceuticals Inc,Health Care,Pharmaceuticals,Pharmaceuticals
TASK,Taskus Inc,Industrials,Professional Services,Data Processing & Outsourced Services
TBBB,Bbb Foods Inc,Consumer Staples,Consumer Staples Distribution & Retail,Food Retail
TBBK,Bancorp Inc,Financials,Banks,Regional Banks
TBCH,Turtle Beach Corp,Information Technology,"Technology Hardware, Storage & Peripherals","Technology Hardware, Storage & Peripherals"
TBHC,Brand House Collective Inc,Consumer Discretionary,Specialty Retail,Homefurnishing Retail
TBI,TrueBlue Inc,Industrials,Professional Services,Human Resource & Employment Services
TBLA,Taboola.com Ltd,Communication Services,Interactive Media & Services,Interactive Media & Services
TBPH,Theravance Biopharma Inc,Health Care,Pharmaceuticals,Pharmaceuticals
TBRG,TruBridge Inc,Health Care,Health Care Technology,Health Care Technology
TCBI,Texas Capital Bancshares Inc,Financials,Banks,Regional Banks
TCBK,Trico Bancshares,Financials,Banks,Regional Banks
TCBX,Third Coast Bancshares Inc,Financials,Banks,Regional Banks
TCMD,Tactile Systems Technology Inc,Health Care,Health Care Equipment & Supplies,Health Care Equipment
TCOM,Trip.com Group Ltd,Consumer Discretionary,"Hotels, Restaurants & Leisure","Hotels, Resorts & Cruise Lines"
TCPC,BlackRock TCP Capital Corp,Financials,Capital Markets,Asset Management & Custody Banks
TD,Toronto-Dominion Bank,Financials,Banks,Diversified Banks
TDAY,USA TODAY Co Inc,Communication Services,Media,Publishing
TDC,Teradata Corp,Information Technology,Software,Systems Software
TDG,TransDigm Group Inc,Industrials,Aerospace & Defense,Aerospace & Defense
TDOC,Teladoc Health Inc,Health Care,Health Care Technology,Health Care Technology
TDS,Telephone and Data Systems Inc,Communication Services,Wireless Telecommunication Services,Wireless Telecommunication Services
TDUP,ThredUp Inc,Consumer Discretionary,Specialty Retail,Apparel Retail
TDW,Tidewater Inc,Energy,Energy Equipment & Services,Oil & Gas Equipment & Services
TDY,Teledyne Technologies Inc,Information Technology,"Electronic Equipment, Instruments & Components",Electronic Equipment & Instruments
TE,T1 Energy Inc,Industrials,Electrical Equipment,Electrical Components & Equipment
TEAM,Atlassian Corp,Information Technology,Software,Application Software
TECH,Bio-Techne Corp,Health Care,Life Sciences Tools & Services,Life Sciences Tools & Services
TECX,Tectonic Therapeutic Inc,Health Care,Biotechnology,Biotechnology
TEL,TE Connectivity PLC,Information Technology,"Electronic Equipment, Instruments & Components",Electronic Manufacturing Services
TELFY,Telefonica SA,Communication Services,Diversified Telecommunication Services,Integrated Telecommunication Services
TEM,Tempus AI Inc,Health Care,Life Sciences Tools & Services,Life Sciences Tools & Services
TEN,Tsakos Energy Navigation Ltd,Energy,"Oil, Gas & Consumable Fuels",Oil & Gas Storage & Transportation
TENB,Tenable Holdings Inc,Information Technology,Software,Systems Software
TEO,Telecom Argentina SA,Communication Services,Diversified Telecommunication Services,Integrated Telecommunication Services
TER,Teradyne Inc,Information Technology,Semiconductors & Semiconductor Equipment,Semiconductor Materials & Equipment
TERN,Terns Pharmaceuticals Inc,Health Care,Pharmaceuticals,Pharmaceuticals
TEVA,Teva Pharmaceutical Industries Ltd,Health Care,Pharmaceuticals,Pharmaceuticals
TEX,Terex Corp,Industrials,Machinery,Construction Machinery & Heavy Transportation Equipment
TFC,Truist Financial Corp,Financials,Banks,Regional Banks
TFIN,Triumph Financial Inc,Financials,Banks,Regional Banks
TFSL,TFS Financial Corp,Financials,Banks,Regional Banks
TFX,Teleflex Inc,Health Care,Health Care Equipment & Supplies,Health Care Equipment
TG,Tredegar Corp,Materials,Metals & Mining,Aluminum
TGB,Taseko Mines Ltd,Materials,Metals & Mining,Copper
TGEN,Tecogen Inc,Industrials,Building Products,Building Products
TGLS,Tecnoglass Inc,Industrials,Building Products,Building Products
TGNA,Tegna Inc,Communication Services,Media,Broadcasting
TGS,Transportadora de Gas del Sur SA,Energy,"Oil, Gas & Consumable Fuels",Oil & Gas Storage & Transportation
TGT,Target Corp,Consumer Staples,Consumer Staples Distribution & Retail,Consumer Staples Merchandise Retail
TGTX,TG Therapeutics Inc,Health Care,Biotechnology,Biotechnology
TH,Target Hospitality Corp,Consumer Discretionary,"Hotels, Restaurants & Leisure","Hotels, Resorts & Cruise Lines"
THC,Tenet Healthcare Corp,Health Care,Health Care Providers & Services,Health Care Facilities
THFF,First Financial Corp,Financials,Banks,Regional Banks
THG,Hanover Insurance Group Inc,Financials,Insurance,Property & Casualty Insurance
THO,Thor Industries Inc,Consumer Discretionary,Automobiles,Automobile Manufacturers
THR,Thermon Group Holdings Inc,Industrials,Electrical Equipment,Electrical Components & Equipment
THRM,Gentherm Inc,Consumer Discretionary,Automobile Components,Automotive Parts & Equipment
THRY,Thryv Holdings Inc,Communication Services,Media,Advertising
TIC,TIC Solutions Inc,Industrials,Professional Services,Research & Consulting Services
TIGO,Millicom International Cellular SA,Communication Services,Wireless Telecommunication Services,Wireless Telecommunication Services
TIGR,UP Fintech Holding Ltd,Financials,Capital Markets,Investment Banking & Brokerage
TILE,Interface Inc,Industrials,Commercial Services & Supplies,Office Services & Supplies
TIMB,Tim SA,Communication Services,Wireless Telecommunication Services,Wireless Telecommunication Services
TIPT,Tiptree Inc,Financials,Insurance,Property & Casualty Insurance
TITN,Titan Machinery Inc,Industrials,Trading Companies & Distributors,Trading Companies & Distributors
TJX,TJX Companies Inc,Consumer Discretionary,Specialty Retail,Apparel Retail
TK,Teekay Corp Ltd,Energy,"Oil, Gas & Consumable Fuels",Oil & Gas Storage & Transportation
TKC,Turkcell Iletisim Hizmetleri AS,Communication Services,Wireless Telecommunication Services,Wireless Telecommunication Services
TKNO,Alpha Teknova Inc,Health Care,Life Sciences Tools & Services,Life Sciences Tools & Services
TKO,TKO Group Holdings Inc,Communication Services,Entertainment,Movies & Entertainment
TKR,Timken Co,Industrials,Machinery,Industrial Machinery & Supplies & Components
TLN,Talen Energy Corp,Utilities,Independent Power & Renewable Electricity Producers,Independent Power Producers & Energy Traders
TLRY,Tilray Brands Inc,Health Care,Pharmaceuticals,Pharmaceuticals
TLS,Telos Corp,Information Technology,Software,Systems Software
TLSA,Tiziana Life Sciences Ltd,Health Care,Biotechnology,Biotechnology
TM,Toyota Motor Corp,Consumer Discretionary,Automobiles,Automobile Manufacturers
TMC,TMC the metals company Inc,Materials,Metals & Mining,Diversified Metals & Mining
TMCI,Treace Medical Concepts Inc,Health Care,Health Care Equipment & Supplies,Health Care Equipment
TMDX,Transmedics Group Inc,Health Care,Health Care Equipment & Supplies,Health Care Equipment
TME,Tencent Music Entertainment Group,Communication Services,Entertainment,Movies & Entertainment
TMHC,Taylor Morrison Home Corp,Consumer Discretionary,Household Durables,Homebuilding
TMO,Thermo Fisher Scientific Inc,Health Care,Life Sciences Tools & Services,Life Sciences Tools & Services
TMP,Tompkins Financial Corp,Financials,Banks,Regional Banks
TMUS,T-Mobile US Inc,Communication Services,Wireless Telecommunication Services,Wireless Telecommunication Services
TNC,Tennant Co,Industrials,Machinery,Industrial Machinery & Supplies & Components
TNDM,Tandem Diabetes Care Inc,Health Care,Health Care Equipment & Supplies,Health Care Equipment
TNET,TriNet Group Inc,Industrials,Professional Services,Human Resource & Employment Services
TNGX,Tango Therapeutics Inc,Health Care,Biotechnology,Biotechnology
TNK,Teekay Tankers Ltd,Energy,"Oil, Gas & Consumable Fuels",Oil & Gas Storage & Transportation
TNL,Travel + Leisure Co,Consumer Discretionary,"Hotels, Restaurants & Leisure","Hotels, Resorts & Cruise Lines"
TNXP,Tonix Pharmaceuticals Holding Corp,Health Care,Biotechnology,Biotechnology
TOI,Oncology Institute Inc,Health Care,Health Care Providers & Services,Health Care Facilities
TOL,Toll Brothers Inc,Consumer Discretionary,Household Durables,Homebuilding
TONX,Ton Strategy Co,Information Technology,Software,Application Software
TOST,Toast Inc,Financials,Financial Services,Transaction & Payment Processing Services
TOWN,TowneBank,Financials,Banks,Regional Banks
TPB,Turning Point Brands Inc,Consumer Staples,Tobacco,Tobacco
TPC,Tutor Perini Corp,Industrials,Construction & Engineering,Construction & Engineering
TPG,TPG Inc,Financials,Capital Markets,Asset Management & Custody Banks
TPH,Tri Pointe Homes Inc (Delaware),Consumer Discretionary,Household Durables,Homebuilding
TPL,Texas Pacific Land Corp,Energy,"Oil, Gas & Consumable Fuels",Oil & Gas Exploration & Production
TPR,Tapestry Inc,Consumer Discretionary,"Textiles, Apparel & Luxury Goods","Apparel, Accessories & Luxury Goods"
TPVG,Triplepoint Venture Growth BDC Corp,Financials,Capital Markets,Asset Management & Custody Banks
TR,Tootsie Roll Industries Inc,Consumer Staples,Food Products,Packaged Foods & Meats
TRAK,ReposiTrak Inc,Information Technology,Software,Application Software
TRC,Tejon Ranch Co,Real Estate,Real Estate Management & Development,Diversified Real Estate Activities
TRDA,Entrada Therapeutics Inc,Health Care,Biotechnology,Biotechnology
TREE,Lendingtree Inc,Financials,Consumer Finance,Consumer Finance
TREX,Trex Company Inc,Industrials,Building Products,Building Products
TRGP,Targa Resources Corp,Energy,"Oil, Gas & Consumable Fuels",Oil & Gas Storage & Transportation
TRI,Thomson Reuters Corp,Industrials,Professional Services,Research & Consulting Services
TRIN,Trinity Capital Inc,Financials,Capital Markets,Asset Management & Custody Banks
TRIP,Tripadvisor Inc,Communication Services,Interactive Media & Services,Interactive Media & Services
TRMB,Trimble Inc,Information Technology,Software,Application Software
TRMK,Trustmark Corp,Financials,Banks,Regional Banks
TRN,Trinity Industries Inc,Industrials,Machinery,Construction Machinery & Heavy Transportation Equipment
TRNO,Terreno Realty Corp,Real Estate,Industrial REITs,Industrial REITs
TRNS,Transcat Inc,Industrials,Trading Companies & Distributors,Trading Companies & Distributors
TRON,TRON Inc,Consumer Discretionary,Leisure Products,Leisure Products
TROO,TROOPS Inc,Information Technology,"Electronic Equipment, Instruments & Components",Electronic Equipment & Instruments
TROW,T Rowe Price Group Inc,Financials,Capital Markets,Asset Management & Custody Banks
TROX,Tronox Holdings PLC,Materials,Chemicals,Commodity Chemicals
TRP,TC Energy Corp,Energy,"Oil, Gas & Consumable Fuels",Oil & Gas Storage & Transportation
TRS,TriMas Corp,Materials,Containers & Packaging,"Metal, Glass & Plastic Containers"
TRST,TrustCo Bank Corp NY,Financials,Banks,Regional Banks
TRTX,TPG RE Finance Trust Inc,Financials,Mortgage Real Estate Investment Trusts (REITs),Mortgage REITs
TRU,TransUnion,Industrials,Professional Services,Research & Consulting Services
TRUP,Trupanion Inc,Financials,Insurance,Property & Casualty Insurance
TRV,Travelers Companies Inc,Financials,Insurance,Property & Casualty Insurance
TRVG,Trivago NV,Communication Services,Interactive Media & Services,Interactive Media & Services
TRVI,Trevi Therapeutics Inc,Health Care,Pharmaceuticals,Pharmaceuticals
TRX,TRX Gold Corp,Materials,Metals & Mining,Gold
TS,Tenaris SA,Energy,Energy Equipment & Services,Oil & Gas Equipment & Services
TSAT,Telesat Corp,Communication Services,Diversified Telecommunication Services,Alternative Carriers
TSCO,Tractor Supply Co,Consumer Discretionary,Specialty Retail,Other Specialty Retail
TSEM,Tower Semiconductor Ltd,Information Technology,Semiconductors & Semiconductor Equipment,Semiconductors
TSHA,Taysha Gene Therapies Inc,Health Care,Biotechnology,Biotechnology
TSLA,Tesla Inc,Consumer Discretionary,Automobiles,Automobile Manufacturers
TSLX,Sixth Street Specialty Lending Inc,Financials,Capital Markets,Asset Management & Custody Banks
TSM,Taiwan Semiconductor Manufacturing Co Ltd,Information Technology,Semiconductors & Semiconductor Equipment,Semiconductors
TSN,Tyson Foods Inc,Consumer Staples,Food Products,Packaged Foods & Meats
TSQ,Townsquare Media Inc,Communication Services,Media,Broadcasting
TSSI,TSS Inc,Information Technology,IT Services,IT Consulting & Other Services
TT,Trane Technologies PLC,Industrials,Building Products,Building Products
TTAM,Titan America SA,Materials,Construction Materials,Construction Materials
TTAN,ServiceTitan Inc,Information Technology,Software,Application Software
TTC,Toro Co,Industrials,Machinery,Agricultural & Farm Machinery
TTD,Trade Desk Inc,Communication Services,Media,Advertising
TTEC,TTEC Holdings Inc,Industrials,Professional Services,Data Processing & Outsourced Services
TTEK,Tetra Tech Inc,Industrials,Commercial Services & Supplies,Environmental & Facilities Services
TTGT,TechTarget Inc,Communication Services,Media,Advertising
TTI,Tetra Technologies Inc,Energy,Energy Equipment & Services,Oil & Gas Equipment & Services
TTMI,TTM Technologies Inc,Information Technology,"Electronic Equipment, Instruments & Components",Electronic Manufacturing Services
TTWO,Take-Two Interactive Software Inc,Communication Services,Entertainment,Interactive Home Entertainment
TU,Telus Corp,Communication Services,Diversified Telecommunication Services,Integrated Telecommunication Services
TUSK,Mammoth Energy Services Inc,Energy,Energy Equipment & Services,Oil & Gas Equipment & Services
TUYA,Tuya Inc,Information Technology,Software,Application Software
TV,Grupo Televisa SAB,Communication Services,Diversified Telecommunication Services,Integrated Telecommunication Services
TVTX,Travere Therapeutics Inc,Health Care,Biotechnology,Biotechnology
TW,Tradeweb Markets Inc,Financials,Capital Markets,Financial Exchanges & Data
TWI,Titan International Inc,Industrials,Machinery,Agricultural & Farm Machinery
TWIN,Twin Disc Inc,Industrials,Machinery,Construction Machinery & Heavy Transportation Equipment
TWLO,Twilio Inc,Information Technology,IT Services,Internet Services & Infrastructure
TWO,Two Harbors Investment Corp,Financials,Mortgage Real Estate Investment Trusts (REITs),Mortgage REITs
TWST,Twist Bioscience Corp,Health Care,Biotechnology,Biotechnology
TX,Ternium SA,Materials,Metals & Mining,Steel
TXG,10X Genomics Inc,Health Care,Life Sciences Tools & Services,Life Sciences Tools & Services
TXN,Texas Instruments Inc,Information Technology,Semiconductors & Semiconductor Equipment,Semiconductors
TXNM,TXNM Energy Inc,Utilities,Electric Utilities,Electric Utilities
TXO,TXO Partners LP,Energy,"Oil, Gas & Consumable Fuels",Oil & Gas Exploration & Production
TXRH,Texas Roadhouse Inc,Consumer Discretionary,"Hotels, Restaurants & Leisure",Restaurants
TXT,Textron Inc,Industrials,Aerospace & Defense,Aerospace & Defense
TYL,Tyler Technologies Inc,Information Technology,Software,Application Software
TYRA,Tyra Biosciences Inc,Health Care,Biotechnology,Biotechnology
TZOO,Travelzoo,Communication Services,Interactive Media & Services,Interactive Media & Services
U,Unity Software Inc,Information Technology,Software,Application Software
UAA,Under Armour Inc,Consumer Discretionary,"Textiles, Apparel & Luxury Goods","Apparel, Accessories & Luxury Goods"
UAL,United Airlines Holdings Inc,Industrials,Passenger Airlines,Passenger Airlines
UAMY,United States Antimony Corp,Materials,Metals & Mining,Diversified Metals & Mining
UAN,CVR Partners LP,Materials,Chemicals,Fertilizers & Agricultural Chemicals
UBER,Uber Technologies Inc,Industrials,Ground Transportation,Passenger Ground Transportation
UBS,UBS Group AG,Financials,Capital Markets,Diversified Capital Markets
UBSI,United Bankshares Inc,Financials,Banks,Regional Banks
UCB,United Community Banks Inc,Financials,Banks,Regional Banks
UCTT,Ultra Clean Holdings Inc,Information Technology,Semiconductors & Semiconductor Equipment,Semiconductor Materials & Equipment
UDMY,Udemy Inc,Consumer Discretionary,Diversified Consumer Services,Education Services
UDR,UDR Inc,Real Estate,Residential REITs,Multi-Family Residential REITs
UE,Urban Edge Properties,Real Estate,Retail REITs,Retail REITs
UEC,Uranium Energy Corp,Energy,"Oil, Gas & Consumable Fuels",Coal & Consumable Fuels
UFCS,United Fire Group Inc,Financials,Insurance,Property & Casualty Insurance
UFPI,UFP Industries Inc,Industrials,Building Products,Building Products
UFPT,UFP Technologies Inc,Health Care,Health Care Equipment & Supplies,Health Care Supplies
UGI,UGI Corp,Utilities,Gas Utilities,Gas Utilities
UGP,Ultrapar Participacoes SA,Consumer Discretionary,Specialty Retail,Automotive Retail
UGRO,urban-gro Inc,Industrials,Machinery,Agricultural & Farm Machinery
UHAL,U-Haul Holding Co,Industrials,Ground Transportation,Cargo Ground Transportation
UHS,Universal Health Services Inc,Health Care,Health Care Providers & Services,Health Care Facilities
UHT,Universal Health Realty Income Trust,Real Estate,Health Care REITs,Health Care REITs
UIS,Unisys Corp,Information Technology,IT Services,IT Consulting & Other Services
UL,Unilever PLC,Consumer Staples,Personal Care Products,Personal Care Products
ULCC,Frontier Group Holdings Inc,Industrials,Passenger Airlines,Passenger Airlines
ULS,UL Solutions Inc,Industrials,Professional Services,Research & Consulting Services
ULTA,Ulta Beauty Inc,Consumer Discretionary,Specialty Retail,Other Specialty Retail
UMAC,Unusual Machines Inc,Information Technology,"Electronic Equipment, Instruments & Components",Electronic Equipment & Instruments
UMBF,UMB Financial Corp,Financials,Banks,Regional Banks
UMC,United Microelectronics Corp,Information Technology,Semiconductors & Semiconductor Equipment,Semiconductors
UMH,UMH Properties Inc,Real Estate,Residential REITs,Single-Family Residential REITs
UNCY,Unicycive Therapeutics Inc,Health Care,Biotechnology,Biotechnology
UNF,UniFirst Corp,Industrials,Commercial Services & Supplies,Diversified Support Services
UNFI,United Natural Foods Inc,Consumer Staples,Consumer Staples Distribution & Retail,Food Distributors
UNH,UnitedHealth Group Inc,Health Care,Health Care Providers & Services,Managed Health Care
UNIT,Uniti Group Inc (Delaware),Communication Services,Diversified Telecommunication Services,Integrated Telecommunication Services
UNM,Unum Group,Financials,Insurance,Life & Health Insurance
UNP,Union Pacific Corp,Industrials,Ground Transportation,Rail Transportation
UPB,Upstream Bio Inc,Health Care,Biotechnology,Biotechnology
UPBD,Upbound Group Inc,Consumer Discretionary,Specialty Retail,Other Specialty Retail
UPS,United Parcel Service Inc,Industrials,Air Freight & Logistics,Air Freight & Logistics
UPST,Upstart Holdings Inc,Financials,Consumer Finance,Consumer Finance
UPWK,Upwork Inc,Industrials,Professional Services,Human Resource & Employment Services
URBN,Urban Outfitters Inc,Consumer Discretionary,Specialty Retail,Apparel Retail
URGN,Urogen Pharma Ltd,Health Care,Biotechnology,Biotechnology
URI,United Rentals Inc,Industrials,Trading Companies & Distributors,Trading Companies & Distributors
USAC,USA Compression Partners LP,Energy,Energy Equipment & Services,Oil & Gas Equipment & Services
USAR,USA Rare Earth Inc,Materials,Metals & Mining,Diversified Metals & Mining
USAU,US Gold Corp,Materials,Metals & Mining,Diversified Metals & Mining
USB,US Bancorp,Financials,Banks,Diversified Banks
USFD,US Foods Holding Corp,Consumer Staples,Consumer Staples Distribution & Retail,Food Distributors
USLM,United States Lime & Minerals Inc,Materials,Construction Materials,Construction Materials
USNA,USANA Health Sciences Inc,Consumer Staples,Personal Care Products,Personal Care Products
USPH,US Physical Therapy Inc,Health Care,Health Care Providers & Services,Health Care Facilities
UTHR,United Therapeutics Corp,Health Care,Biotechnology,Biotechnology
UTI,Universal Technical Institute Inc,Consumer Discretionary,Diversified Consumer Services,Education Services
UTL,Unitil Corp,Utilities,Multi-Utilities,Multi-Utilities
UTZ,UTZ Brands Inc,Consumer Staples,Food Products,Packaged Foods & Meats
UUUU,Energy Fuels Inc,Energy,"Oil, Gas & Consumable Fuels",Coal & Consumable Fuels
UVE,Universal Insurance Holdings Inc,Financials,Insurance,Property & Casualty Insurance
UVSP,Univest Financial Corp,Financials,Banks,Regional Banks
UVV,Universal Corp,Consumer Staples,Tobacco,Tobacco
UWMC,UWM Holdings Corp,Financials,Financial Services,Commercial & Residential Mortgage Finance
V,Visa Inc,Financials,Financial Services,Transaction & Payment Processing Services
VAC,Marriott Vacations Worldwide Corp,Consumer Discretionary,"Hotels, Restaurants & Leisure","Hotels, Resorts & Cruise Lines"
VAL,Valaris Ltd,Energy,Energy Equipment & Services,Oil & Gas Drilling
VALE,Vale SA,Materials,Metals & Mining,Steel
VANI,Vivani Medical Inc,Health Care,Health Care Equipment & Supplies,Health Care Equipment
VC,Visteon Corp,Consumer Discretionary,Automobile Components,Automotive Parts & Equipment
VCEL,Vericel Corp,Health Care,Biotechnology,Biotechnology
VCTR,Victory Capital Holdings Inc,Financials,Capital Markets,Asset Management & Custody Banks
VCYT,Veracyte Inc,Health Care,Biotechnology,Biotechnology
VECO,Veeco Instruments Inc,Information Technology,Semiconductors & Semiconductor Equipment,Semiconductor Materials & Equipment
VEEV,Veeva Systems Inc,Health Care,Health Care Technology,Health Care Technology
VEL,Velocity Financial Inc,Financials,Financial Services,Commercial & Residential Mortgage Finance
VELO,Velo3D Inc,Industrials,Machinery,Industrial Machinery & Supplies & Components
VENU,Venu Holding Corp,Consumer Discretionary,"Hotels, Restaurants & Leisure",Restaurants
VEON,VEON Ltd,Communication Services,Wireless Telecommunication Services,Wireless Telecommunication Services
VERA,Vera Therapeutics Inc,Health Care,Biotechnology,Biotechnology
VERI,Veritone Inc,Information Technology,Software,Application Software
VERU,Veru Inc,Health Care,Pharmaceuticals,Pharmaceuticals
VERX,Vertex Inc,Information Technology,Software,Application Software
VFC,VF Corp,Consumer Discretionary,"Textiles, Apparel & Luxury Goods","Apparel, Accessories & Luxury Goods"
VFF,Village Farms International Inc,Consumer Staples,Food Products,Agricultural Products & Services
VFS,VinFast Auto Ltd,Consumer Discretionary,Automobiles,Automobile Manufacturers
VG,Venture Global Inc,Energy,"Oil, Gas & Consumable Fuels",Oil & Gas Exploration & Production
VGZ,Vista Gold Corp,Materials,Metals & Mining,Gold
VIAV,Viavi Solutions Inc,Information Technology,Communications Equipment,Communications Equipment
VICI,VICI Properties Inc,Real Estate,Specialized REITs,Other Specialized REITs
VICR,Vicor Corp,Industrials,Electrical Equipment,Electrical Components & Equipment
VIK,Viking Holdings Ltd,Consumer Discretionary,"Hotels, Restaurants & Leisure","Hotels, Resorts & Cruise Lines"
VINP,Vinci Compass Investments Ltd,Financials,Capital Markets,Asset Management & Custody Banks
VIPS,Vipshop Holdings Ltd,Consumer Discretionary,Broadline Retail,Broadline Retail
VIR,Vir Biotechnology Inc,Health Care,Biotechnology,Biotechnology
VIR,Vir Biotechnology Inc,Health Care,Biotechnology,Biotechnology
VIRT,Virtu Financial Inc,Financials,Capital Markets,Investment Banking & Brokerage
VIST,Vista Energy SAB de CV,Energy,"Oil, Gas & Consumable Fuels",Oil & Gas Exploration & Production
VITL,Vital Farms Inc,Consumer Staples,Food Products,Packaged Foods & Meats
VIV,Telefonica Brasil SA,Communication Services,Diversified Telecommunication Services,Integrated Telecommunication Services
VKTX,Viking Therapeutics Inc,Health Care,Biotechnology,Biotechnology
VLN,Valens Semiconductor Ltd,Information Technology,Semiconductors & Semiconductor Equipment,Semiconductors
VLO,Valero Energy Corp,Energy,"Oil, Gas & Consumable Fuels",Oil & Gas Refining & Marketing
VLRS,Controladora Vuela Compania de Aviacion SAB de CV,Industrials,Passenger Airlines,Passenger Airlines
VLTO,Veralto Corp,Industrials,Commercial Services & Supplies,Environmental & Facilities Services
VLY,Valley National Bancorp,Financials,Banks,Regional Banks
VMC,Vulcan Materials Co,Materials,Construction Materials,Construction Materials
VMD,Viemed Healthcare Inc,Health Care,Health Care Providers & Services,Health Care Services
VMI,Valmont Industries Inc,Industrials,Construction & Engineering,Construction & Engineering
VNDA,Vanda Pharmaceuticals Inc,Health Care,Biotechnology,Biotechnology
VNET,VNET Group Inc,Information Technology,IT Services,Internet Services & Infrastructure
VNO,Vornado Realty Trust,Real Estate,Office REITs,Office REITs
VNOM,Viper Energy Inc,Energy,"Oil, Gas & Consumable Fuels",Oil & Gas Exploration & Production
VNT,Vontier Corp,Information Technology,"Electronic Equipment, Instruments & Components",Electronic Equipment & Instruments
VOC,VOC Energy Trust,Energy,"Oil, Gas & Consumable Fuels",Oil & Gas Exploration & Production
VOD,Vodafone Group PLC,Communication Services,Wireless Telecommunication Services,Wireless Telecommunication Services
VOR,Vor Biopharma Inc,Health Care,Biotechnology,Biotechnology
VOYA,Voya Financial Inc,Financials,Financial Services,Diversified Financial Services
VOYG,Voyager Technologies Inc,Industrials,Aerospace & Defense,Aerospace & Defense
VPG,Vishay Precision Group Inc,Information Technology,"Electronic Equipment, Instruments & Components",Electronic Equipment & Instruments
VRA,Vera Bradley Inc,Consumer Discretionary,"Textiles, Apparel & Luxury Goods","Apparel, Accessories & Luxury Goods"
VRDN,Viridian Therapeutics Inc,Health Care,Biotechnology,Biotechnology
VRE,Veris Residential Inc,Real Estate,Residential REITs,Multi-Family Residential REITs
VREX,Varex Imaging Corp,Health Care,Health Care Equipment & Supplies,Health Care Equipment
VRNS,Varonis Systems Inc,Information Technology,Software,Systems Software
VRRM,Verra Mobility Corp,Industrials,Professional Services,Data Processing & Outsourced Services
VRSK,Verisk Analytics Inc,Industrials,Professional Services,Research & Consulting Services
VRSN,"VeriSign, Inc",Information Technology,IT Services,Internet Services & Infrastructure
VRT,Vertiv Holdings Co,Industrials,Electrical Equipment,Electrical Components & Equipment
VRTX,Vertex Pharmaceuticals Inc,Health Care,Biotechnology,Biotechnology
VSAT,Viasat Inc,Information Technology,Communications Equipment,Communications Equipment
VSCO,Victoria's Secret & Co,Consumer Discretionary,Specialty Retail,Apparel Retail
VSEC,VSE Corp,Industrials,Aerospace & Defense,Aerospace & Defense
VSH,Vishay Intertechnology Inc,Information Technology,"Electronic Equipment, Instruments & Components",Electronic Components
VSNT,Versant Media Group Inc,Communication Services,Media,Cable & Satellite
VST,Vistra Corp,Utilities,Independent Power & Renewable Electricity Producers,Independent Power Producers & Energy Traders
VSTM,Verastem Inc,Health Care,Biotechnology,Biotechnology
VSTS,Vestis Corp,Industrials,Commercial Services & Supplies,Diversified Support Services
VTEX,VTEX,Information Technology,IT Services,Internet Services & Infrastructure
VTOL,Bristow Group Inc,Energy,Energy Equipment & Services,Oil & Gas Equipment & Services
VTR,Ventas Inc,Real Estate,Health Care REITs,Health Care REITs
VTRS,Viatris Inc,Health Care,Pharmaceuticals,Pharmaceuticals
VTS,Vitesse Energy Inc,Energy,"Oil, Gas & Consumable Fuels",Oil & Gas Exploration & Production
VTYX,Ventyx Biosciences Inc,Health Care,Pharmaceuticals,Pharmaceuticals
VUZI,Vuzix Corp,Information Technology,"Electronic Equipment, Instruments & Components",Electronic Equipment & Instruments
VVPR,VivoPower International PLC,Utilities,Independent Power & Renewable Electricity Producers,Renewable Electricity
VVV,Valvoline Inc,Consumer Discretionary,Specialty Retail,Automotive Retail
VVX,V2X Inc,Industrials,Aerospace & Defense,Aerospace & Defense
VWAV,VisionWave Holdings Inc,Industrials,Aerospace & Defense,Aerospace & Defense
VYGR,Voyager Therapeutics Inc,Health Care,Biotechnology,Biotechnology
VYX,NCR Voyix Corp,Information Technology,Software,Application Software
VZ,Verizon Communications Inc,Communication Services,Diversified Telecommunication Services,Integrated Telecommunication Services
W,Wayfair Inc,Consumer Discretionary,Specialty Retail,Homefurnishing Retail
WAB,Westinghouse Air Brake Technologies Corp,Industrials,Machinery,Construction Machinery & Heavy Transportation Equipment
WABC,Westamerica Bancorp,Financials,Banks,Regional Banks
WAFD,WaFd Inc,Financials,Banks,Regional Banks
WAL,Western Alliance Bancorp,Financials,Banks,Regional Banks
WASH,Washington Trust Bancorp Inc,Financials,Banks,Regional Banks
WAT,Waters Corp,Health Care,Life Sciences Tools & Services,Life Sciences Tools & Services
WAY,Waystar Holding Corp,Health Care,Health Care Technology,Health Care Technology
WB,Weibo Corp,Communication Services,Interactive Media & Services,Interactive Media & Services
WBD,Warner Bros Discovery Inc,Communication Services,Entertainment,Movies & Entertainment
WBI,WaterBridge Infrastructure LLC,Energy,Energy Equipment & Services,Oil & Gas Equipment & Services
WBS,Webster Financial Corp,Financials,Banks,Regional Banks
WBTN,Webtoon Entertainment Inc,Communication Services,Interactive Media & Services,Interactive Media & Services
WCC,Wesco International Inc,Industrials,Trading Companies & Distributors,Trading Companies & Distributors
WCN,Waste Connections Inc,Industrials,Commercial Services & Supplies,Environmental & Facilities Services
WD,Walker & Dunlop Inc,Financials,Financial Services,Commercial & Residential Mortgage Finance
WDAY,Workday Inc,Information Technology,Software,Application Software
WDC,Western Digital Corp,Information Technology,"Technology Hardware, Storage & Peripherals","Technology Hardware, Storage & Peripherals"
WDFC,WD-40 Co,Consumer Staples,Household Products,Household Products
WDS,Woodside Energy Group Ltd,Energy,"Oil, Gas & Consumable Fuels",Oil & Gas Exploration & Production
WEAV,Weave Communications Inc,Information Technology,Software,Application Software
WEC,WEC Energy Group Inc,Utilities,Multi-Utilities,Multi-Utilities
WELL,Welltower Inc,Real Estate,Health Care REITs,Health Care REITs
WEN,Wendy's Co,Consumer Discretionary,"Hotels, Restaurants & Leisure",Restaurants
WERN,Werner Enterprises Inc,Industrials,Ground Transportation,Cargo Ground Transportation
WES,Western Midstream Partners LP,Energy,"Oil, Gas & Consumable Fuels",Oil & Gas Storage & Transportation
WEST,Westrock Coffee Co,Consumer Staples,Food Products,Packaged Foods & Meats
WEX,WEX Inc,Financials,Financial Services,Transaction & Payment Processing Services
WFC,Wells Fargo & Co,Financials,Banks,Diversified Banks
WFRD,Weatherford International PLC,Energy,Energy Equipment & Services,Oil & Gas Equipment & Services
WGO,Winnebago Industries Inc,Consumer Discretionary,Automobiles,Automobile Manufacturers
WGS,GeneDx Holdings Corp,Health Care,Health Care Providers & Services,Health Care Services
WH,Wyndham Hotels & Resorts Inc,Consumer Discretionary,"Hotels, Restaurants & Leisure","Hotels, Resorts & Cruise Lines"
WHD,Cactus Inc,Energy,Energy Equipment & Services,Oil & Gas Equipment & Services
WHF,WhiteHorse Finance Inc,Financials,Capital Markets,Asset Management & Custody Banks
WHR,Whirlpool Corp,Consumer Discretionary,Household Durables,Household Appliances
WHWK,Whitehawk Therapeutics Inc,Health Care,Biotechnology,Biotechnology
WIMI,WiMi Hologram Cloud Inc,Communication Services,Media,Advertising
WING,Wingstop Inc,Consumer Discretionary,"Hotels, Restaurants & Leisure",Restaurants
WIT,Wipro Ltd,Information Technology,IT Services,IT Consulting & Other Services
WIX,Wix.Com Ltd,Information Technology,IT Services,Internet Services & Infrastructure
WK,Workiva Inc,Information Technology,Software,Application Software
WKC,World Kinect Corp,Energy,"Oil, Gas & Consumable Fuels",Oil & Gas Refining & Marketing
WLDN,Willdan Group Inc,Industrials,Professional Services,Research & Consulting Services
WLK,Westlake Corp,Materials,Chemicals,Commodity Chemicals
WLKP,Westlake Chemical Partners LP,Materials,Chemicals,Commodity Chemicals
WLTH,Wealthfront Corp,Financials,Capital Markets,Asset Management & Custody Banks
WLY,John Wiley & Sons Inc,Communication Services,Media,Publishing
WM,Waste Management Inc,Industrials,Commercial Services & Supplies,Environmental & Facilities Services
WMB,Williams Companies Inc,Energy,"Oil, Gas & Consumable Fuels",Oil & Gas Storage & Transportation
WMG,Warner Music Group Corp,Communication Services,Entertainment,Movies & Entertainment
WMK,Weis Markets Inc,Consumer Staples,Consumer Staples Distribution & Retail,Food Retail
WMS,Advanced Drainage Systems Inc,Industrials,Building Products,Building Products
WMT,Walmart Inc,Consumer Staples,Consumer Staples Distribution & Retail,Consumer Staples Merchandise Retail
WNC,Wabash National Corp,Industrials,Machinery,Construction Machinery & Heavy Transportation Equipment
WNEB,Western New England Bancorp Inc,Financials,Banks,Regional Banks
WOLF,Wolfspeed Inc,Information Technology,Semiconductors & Semiconductor Equipment,Semiconductors
WOOF,Petco Health and Wellness Company Inc,Consumer Discretionary,Specialty Retail,Other Specialty Retail
WOR,Worthington Enterprises Inc,Industrials,Machinery,Industrial Machinery & Supplies & Components
WPC,WP Carey Inc,Real Estate,Diversified REITs,Diversified REITs
WPM,Wheaton Precious Metals Corp,Materials,Metals & Mining,Gold
WPP,WPP PLC,Communication Services,Media,Advertising
WRAP,Wrap Technologies Inc,Information Technology,"Electronic Equipment, Instruments & Components",Electronic Equipment & Instruments
WRB,W R Berkley Corp,Financials,Insurance,Property & Casualty Insurance
WRBY,Warby Parker Inc,Consumer Discretionary,Specialty Retail,Other Specialty Retail
WRD,WeRide Inc,Consumer Discretionary,Automobile Components,Automotive Parts & Equipment
WS,Worthington Steel Inc,Materials,Metals & Mining,Steel
WSBC,WesBanco Inc,Financials,Banks,Regional Banks
WSC,WillScot Holdings Corp,Industrials,Construction & Engineering,Construction & Engineering
WSFS,WSFS Financial Corp,Financials,Banks,Regional Banks
WSM,Williams-Sonoma Inc,Consumer Discretionary,Specialty Retail,Homefurnishing Retail
WSO,Watsco Inc,Industrials,Trading Companies & Distributors,Trading Companies & Distributors
WSR,Whitestone REIT,Real Estate,Retail REITs,Retail REITs
WST,West Pharmaceutical Services Inc,Health Care,Life Sciences Tools & Services,Life Sciences Tools & Services
WT,WisdomTree Inc,Financials,Capital Markets,Asset Management & Custody Banks
WTFC,Wintrust Financial Corp,Financials,Banks,Regional Banks
WTI,W&T Offshore Inc,Energy,"Oil, Gas & Consumable Fuels",Oil & Gas Exploration & Production
WTRG,Essential Utilities Inc,Utilities,Water Utilities,Water Utilities
WTS,Watts Water Technologies Inc,Industrials,Machinery,Industrial Machinery & Supplies & Components
WTTR,Select Water Solutions Inc,Energy,Energy Equipment & Services,Oil & Gas Equipment & Services
WTW,Willis Towers Watson PLC,Financials,Insurance,Insurance Brokers
WU,Western Union Co,Financials,Financial Services,Transaction & Payment Processing Services
WULF,Terawulf Inc,Information Technology,Software,Application Software
WVE,WAVE Life Sciences Ltd,Health Care,Pharmaceuticals,Pharmaceuticals
WW,WW International Inc,Consumer Discretionary,Diversified Consumer Services,Specialized Consumer Services
WWD,Woodward Inc,Industrials,Aerospace & Defense,Aerospace & Defense
WWW,Wolverine World Wide Inc,Consumer Discretionary,"Textiles, Apparel & Luxury Goods",Footwear
WY,Weyerhaeuser Co,Real Estate,Specialized REITs,Timber REITs
WYFI,WhiteFiber Inc,Information Technology,IT Services,Internet Services & Infrastructure
WYNN,Wynn Resorts Ltd,Consumer Discretionary,"Hotels, Restaurants & Leisure",Casinos & Gaming
WYY,WidePoint Corp,Information Technology,IT Services,IT Consulting & Other Services
XEL,Xcel Energy Inc,Utilities,Electric Utilities,Electric Utilities
XENE,Xenon Pharmaceuticals Inc,Health Care,Biotechnology,Biotechnology
XERS,Xeris Biopharma Holdings Inc,Health Care,Pharmaceuticals,Pharmaceuticals
XGN,Exagen Inc,Health Care,Biotechnology,Biotechnology
XHR,Xenia Hotels & Resorts Inc,Real Estate,Hotel & Resort REITs,Hotel & Resort REITs
XIFR,XPLR Infrastructure LP,Utilities,Independent Power & Renewable Electricity Producers,Renewable Electricity
XMTR,Xometry Inc,Industrials,Trading Companies & Distributors,Trading Companies & Distributors
XNCR,Xencor Inc,Health Care,Biotechnology,Biotechnology
XNET,Xunlei Ltd,Information Technology,Software,Application Software
XOM,Exxon Mobil Corp,Energy,"Oil, Gas & Consumable Fuels",Integrated Oil & Gas
XOMA,Xoma Royalty Corp,Health Care,Biotechnology,Biotechnology
XP,XP Inc,Financials,Capital Markets,Investment Banking & Brokerage
XPEL,Xpel Inc,Consumer Discretionary,Automobile Components,Automotive Parts & Equipment
XPER,Xperi Inc,Information Technology,Software,Systems Software
XPEV,Xpeng Inc,Consumer Discretionary,Automobiles,Automobile Manufacturers
XPO,XPO Inc,Industrials,Ground Transportation,Cargo Ground Transportation
XPOF,Xponential Fitness Inc,Consumer Discretionary,"Hotels, Restaurants & Leisure",Leisure Facilities
XPRO,Expro Group Holdings NV,Energy,Energy Equipment & Services,Oil & Gas Equipment & Services
XRAY,DENTSPLY SIRONA Inc,Health Care,Health Care Equipment & Supplies,Health Care Supplies
XRN,Chiron Real Estate Inc,Real Estate,Health Care REITs,Health Care REITs
XRX,Xerox Holdings Corp,Information Technology,"Technology Hardware, Storage & Peripherals","Technology Hardware, Storage & Peripherals"
XXI,Twenty One Capital Inc,Financials,Capital Markets,Asset Management & Custody Banks
XYL,Xylem Inc,Industrials,Machinery,Industrial Machinery & Supplies & Components
XYZ,Block Inc,Financials,Financial Services,Transaction & Payment Processing Services
YALA,Yalla Group Ltd,Communication Services,Interactive Media & Services,Interactive Media & Services
YELP,Yelp Inc,Communication Services,Interactive Media & Services,Interactive Media & Services
YETI,Yeti Holdings Inc,Consumer Discretionary,Leisure Products,Leisure Products
YEXT,Yext Inc,Information Technology,Software,Application Software
YMM,Full Truck Alliance Co Ltd,Industrials,Ground Transportation,Cargo Ground Transportation
YORW,York Water Co,Utilities,Water Utilities,Water Utilities
YOU,Clear Secure Inc,Information Technology,Software,Application Software
YPF,YPF SA,Energy,"Oil, Gas & Consumable Fuels",Integrated Oil & Gas
YUM,Yum! Brands Inc,Consumer Discretionary,"Hotels, Restaurants & Leisure",Restaurants
YUMC,Yum China Holdings Inc,Consumer Discretionary,"Hotels, Restaurants & Leisure",Restaurants
Z,Zillow Group Inc,Real Estate,Real Estate Management & Development,Real Estate Services
ZBH,Zimmer Biomet Holdings Inc,Health Care,Health Care Equipment & Supplies,Health Care Equipment
ZBIO,Zenas Biopharma Inc,Health Care,Biotechnology,Biotechnology
ZBRA,Zebra Technologies Corp,Information Technology,"Electronic Equipment, Instruments & Components",Electronic Equipment & Instruments
ZD,Ziff Davis Inc,Communication Services,Interactive Media & Services,Interactive Media & Services
ZENA,ZenaTech Inc,Information Technology,Software,Application Software
ZEPP,Zepp Health Corp,Information Technology,"Electronic Equipment, Instruments & Components",Electronic Equipment & Instruments
ZETA,Zeta Global Holdings Corp,Information Technology,Software,Application Software
ZGN,Ermenegildo Zegna NV,Consumer Discretionary,"Textiles, Apparel & Luxury Goods","Apparel, Accessories & Luxury Goods"
ZH,Zhihu Inc,Communication Services,Interactive Media & Services,Interactive Media & Services
ZIM,ZIM Integrated Shipping Services Ltd,Industrials,Marine Transportation,Marine Transportation
ZION,Zions Bancorporation NA,Financials,Banks,Regional Banks
ZIP,Ziprecruiter Inc,Communication Services,Interactive Media & Services,Interactive Media & Services
ZLAB,Zai Lab Ltd,Health Care,Biotechnology,Biotechnology
ZM,Zoom Communications Inc,Information Technology,Software,Application Software
ZNTL,Zentalis Pharmaceuticals Inc,Health Care,Biotechnology,Biotechnology
ZS,Zscaler Inc,Information Technology,Software,Systems Software
ZTO,ZTO Express (Cayman) Inc,Industrials,Air Freight & Logistics,Air Freight & Logistics
ZTS,Zoetis Inc,Health Care,Pharmaceuticals,Pharmaceuticals
ZUMZ,Zumiez Inc,Consumer Discretionary,Specialty Retail,Apparel Retail
ZURA,Zura Bio Ltd,Health Care,Biotechnology,Biotechnology
ZVIA,Zevia PBC,Consumer Staples,Beverages,Soft Drinks & Non-alcoholic Beverages
ZVRA,Zevra Therapeutics Inc,Health Care,Pharmaceuticals,Pharmaceuticals
ZWS,Zurn Elkay Water Solutions Corp,Industrials,Building Products,Building Products
ZYME,Zymeworks Inc,Health Care,Biotechnology,Biotechnology