AAL,American Airlines Group Inc,Industrials,Passenger Airlines,Passenger Airlines,NASDAQ,$7B (Small),"99,968,780"
AAOI,Applied Optoelectronics Inc,Information Technology,Communications Equipment,Communications Equipment,NASDAQ,$10B (Mid),"14,152,780"
AAON,Aaon Inc,Industrials,Building Products,Building Products,NASDAQ,$7B (Small),"1,118,280"
AAPL,Apple Inc,Information Technology,"Technology Hardware, Storage & Peripherals","Technology Hardware, Storage & Peripherals",NASDAQ,$4T (Large),"41,821,390"
AARD,Aardvark Therapeutics Inc,Health Care,Pharmaceuticals,Pharmaceuticals,NASDAQ,$113M (Micro),"726,550"
ABEO,Abeona Therapeutics Inc,Health Care,Biotechnology,Biotechnology,NASDAQ,$271M (Micro),"1,185,510"
ABNB,Airbnb Inc,Consumer Discretionary,"Hotels, Restaurants & Leisure","Hotels, Resorts & Cruise Lines",NASDAQ,$81B (Large),"5,183,820"
ABSI,Absci Corp,Health Care,Biotechnology,Biotechnology,NASDAQ,$368M (Micro),"2,971,140"
ABTC,American Bitcoin Corp,Information Technology,Software,Application Software,NASDAQ,$1B (Micro),"17,928,950"
ABTS,Abits Group Inc,Information Technology,Software,Application Software,NASDAQ,$9M (Micro),"50,420"
ABUS,Arbutus Biopharma Corp,Health Care,Biotechnology,Biotechnology,NASDAQ,$908M (Micro),"3,786,490"
ABVC,ABVC Biopharma Inc,Health Care,Biotechnology,Biotechnology,NASDAQ,$36M (Micro),"64,230"
ABVE,Above Food Ingredients Inc,Consumer Staples,Food Products,Packaged Foods & Meats,NASDAQ,$64M (Micro),"1,310,470"
ACAD,ACADIA Pharmaceuticals Inc,Health Care,Biotechnology,Biotechnology,NASDAQ,$4B (Small),"2,103,490"
ACCL,Acco Group Holdings Ltd,Industrials,Professional Services,Research & Consulting Services,NASDAQ,$21M (Micro),"121,110"
ACDC,ProFrac Holding Corp,Energy,Energy Equipment & Services,Oil & Gas Equipment & Services,NASDAQ,$1B (Micro),"1,388,000"
ACET,Adicet Bio Inc,Health Care,Biotechnology,Biotechnology,NASDAQ,$72M (Micro),"85,370"
ACGL,Arch Capital Group Ltd,Financials,Insurance,Property & Casualty Insurance,NASDAQ,$34B (Mid),"1,573,490"
ACHC,Acadia Healthcare Company Inc,Health Care,Health Care Providers & Services,Health Care Facilities,NASDAQ,$2B (Small),"4,830,420"
ACHV,Achieve Life Sciences Inc,Health Care,Biotechnology,Biotechnology,NASDAQ,$233M (Micro),"364,960"
ACIC,American Coastal Insurance Corp,Financials,Insurance,Property & Casualty Insurance,NASDAQ,$542M (Micro),"309,550"
ACIW,ACI Worldwide Inc,Information Technology,Software,Application Software,NASDAQ,$4B (Small),"1,206,930"
ACLS,Axcelis Technologies Inc,Information Technology,Semiconductors & Semiconductor Equipment,Semiconductor Materials & Equipment,NASDAQ,$3B (Small),"803,190"
ACLX,Arcellx Inc,Health Care,Biotechnology,Biotechnology,NASDAQ,$7B (Small),"3,412,960"
ACMR,ACM Research Inc,Information Technology,Semiconductors & Semiconductor Equipment,Semiconductor Materials & Equipment,NASDAQ,$3B (Small),"1,928,190"
ACNT,Ascent Industries Co,Materials,Chemicals,Specialty Chemicals,NASDAQ,$120M (Micro),"209,630"
ACOG,Alpha Cognition Inc,Health Care,Biotechnology,Biotechnology,NASDAQ,$128M (Micro),"69,070"
ACRV,Acrivon Therapeutics Inc,Health Care,Biotechnology,Biotechnology,NASDAQ,$51M (Micro),"1,237,350"
ACT,Enact Holdings Inc,Financials,Financial Services,Commercial & Residential Mortgage Finance,NASDAQ,$6B (Small),"355,350"
ACTG,Acacia Research Corp,Financials,Financial Services,Specialized Finance,NASDAQ,$482M (Micro),"243,290"
ACTU,Actuate Therapeutics Inc,Health Care,Biotechnology,Biotechnology,NASDAQ,$59M (Micro),"81,820"
ACXP,Acurx Pharmaceuticals Inc,Health Care,Biotechnology,Biotechnology,NASDAQ,$15M (Micro),"4,238,040"
ADAM,Adamas Trust Inc,Financials,Mortgage Real Estate Investment Trusts (REITs),Mortgage REITs,NASDAQ,$727M (Micro),"651,700"
ADBE,Adobe Inc,Information Technology,Software,Application Software,NASDAQ,$112B (Large),"5,038,210"
ADEA,Adeia Inc,Information Technology,Software,Systems Software,NASDAQ,$3B (Small),"1,458,910"
ADI,Analog Devices Inc,Information Technology,Semiconductors & Semiconductor Equipment,Semiconductors,NASDAQ,$156B (Large),"4,624,290"
ADIL,Adial Pharmaceuticals Inc,Health Care,Pharmaceuticals,Pharmaceuticals,NASDAQ,$3M (Micro),"260,900"
ADMA,ADMA Biologics Inc,Health Care,Biotechnology,Biotechnology,NASDAQ,$4B (Small),"4,635,530"
ADP,Automatic Data Processing Inc,Industrials,Professional Services,Human Resource & Employment Services,NASDAQ,$86B (Large),"4,233,240"
ADPT,Adaptive Biotechnologies Corp,Health Care,Life Sciences Tools & Services,Life Sciences Tools & Services,NASDAQ,$2B (Small),"1,848,120"
ADSK,Autodesk Inc,Information Technology,Software,Application Software,NASDAQ,$53B (Large),"2,693,690"
ADTN,ADTRAN Holdings Inc,Information Technology,Communications Equipment,Communications Equipment,NASDAQ,$826M (Micro),"1,547,460"
ADTX,Aditxt Inc,Health Care,Biotechnology,Biotechnology,NASDAQ,$1M (Micro),"59,690"
ADUS,Addus Homecare Corp,Health Care,Health Care Providers & Services,Health Care Services,NASDAQ,$2B (Micro),"244,710"
ADV,Advantage Solutions Inc,Communication Services,Media,Advertising,NASDAQ,$246M (Micro),"1,040,800"
ADVB,Advanced Biomed Inc,Health Care,Health Care Equipment & Supplies,Health Care Supplies,NASDAQ,$7M (Micro),"696,590"
AEBI,Aebi Schmidt Holding AG,Industrials,Machinery,Construction Machinery & Heavy Transportation Equipment,NASDAQ,$1B (Micro),"204,330"
AEHL,Antelope Enterprise Holdings Ltd,Communication Services,Interactive Media & Services,Interactive Media & Services,NASDAQ,$3M (Micro),"4,379,450"
AEHR,Aehr Test Systems,Information Technology,Semiconductors & Semiconductor Equipment,Semiconductor Materials & Equipment,NASDAQ,$1B (Micro),"2,168,710"
AEIS,Advanced Energy Industries Inc,Information Technology,"Electronic Equipment, Instruments & Components",Electronic Equipment & Instruments,NASDAQ,$12B (Mid),"730,290"
AENT,Alliance Entertainment Holding Corp,Consumer Discretionary,Distributors,Distributors,NASDAQ,$352M (Micro),"70,010"
AEP,American Electric Power Company Inc,Utilities,Electric Utilities,Electric Utilities,NASDAQ,$71B (Large),"3,985,140"
AERT,Aeries Technology Inc,Industrials,Professional Services,Research & Consulting Services,NASDAQ,$19M (Micro),"2,056,250"
AEVA,Aeva Technologies Inc,Information Technology,"Electronic Equipment, Instruments & Components",Electronic Equipment & Instruments,NASDAQ,$1B (Micro),"2,062,340"
AEYE,AudioEye Inc,Information Technology,Software,Application Software,NASDAQ,$73M (Micro),"258,150"
AFCG,Advanced Flower Capital Inc,Financials,Capital Markets,Asset Management & Custody Banks,NASDAQ,$62M (Micro),"305,590"
AFRM,Affirm Holdings Inc,Financials,Financial Services,Transaction & Payment Processing Services,NASDAQ,$17B (Mid),"6,813,370"
AFYA,Afya Ltd,Consumer Discretionary,Diversified Consumer Services,Education Services,NASDAQ,$1B (Micro),"97,290"
AGAE,Allied Gaming & Entertainment Inc,Consumer Discretionary,"Hotels, Restaurants & Leisure",Leisure Facilities,NASDAQ,$11M (Micro),"548,420"
AGCC,Agencia Comercial Spirits Ltd,Consumer Discretionary,Distributors,Distributors,NASDAQ,$372M (Micro),"104,450"
AGH,Aureus Greenway Holdings Inc,Consumer Discretionary,"Hotels, Restaurants & Leisure",Leisure Facilities,NASDAQ,$72M (Micro),"3,182,030"
AGIO,Agios Pharmaceuticals Inc,Health Care,Biotechnology,Biotechnology,NASDAQ,$2B (Micro),"828,760"
AGMB,Agomab Therapeutics NV,Health Care,Pharmaceuticals,Pharmaceuticals,NASDAQ,$668M (Micro),"98,230"
AGNC,AGNC Investment Corp,Financials,Mortgage Real Estate Investment Trusts (REITs),Mortgage REITs,NASDAQ,$12B (Mid),"21,883,130"
AGPU,Axe Compute Inc,Health Care,Health Care Equipment & Supplies,Health Care Equipment,NASDAQ,$27M (Micro),"62,280"
AGRZ,Agroz Inc,Industrials,Construction & Engineering,Construction & Engineering,NASDAQ,$9M (Micro),"418,380"
AGYS,Agilysys Inc,Information Technology,Software,Application Software,NASDAQ,$2B (Micro),"369,030"
AHCO,Adapthealth Corp,Health Care,Health Care Providers & Services,Health Care Distributors,NASDAQ,$1B (Micro),"1,843,550"
AIFF,Firefly Neuroscience Inc,Health Care,Health Care Technology,Health Care Technology,NASDAQ,$25M (Micro),"37,833,670"
AIIO,Robo.ai Inc,Consumer Discretionary,Automobiles,Automobile Manufacturers,NASDAQ,$45M (Micro),"7,355,530"
AIOS,AIOS Tech Inc,Information Technology,Software,Application Software,NASDAQ,$44M (Micro),"202,480"
AIP,Arteris Inc,Information Technology,Software,Systems Software,NASDAQ,$710M (Micro),"546,350"
AIRE,reAlpha Tech Corp,Information Technology,Software,Application Software,NASDAQ,$39M (Micro),"1,322,480"
AIRO,AIRO Group Holdings Inc,Industrials,Aerospace & Defense,Aerospace & Defense,NASDAQ,$329M (Micro),"546,430"
AIRS,AirSculpt Technologies Inc,Health Care,Health Care Providers & Services,Health Care Services,NASDAQ,$141M (Micro),"829,640"
AISP,Airship AI Holdings Inc,Information Technology,Software,Systems Software,NASDAQ,$96M (Micro),"438,030"
AIXC,Aixcrypto Holdings Inc,Health Care,Biotechnology,Biotechnology,NASDAQ,$8M (Micro),"65,380"
AIXI,Xiao-I Corp,Information Technology,Software,Application Software,NASDAQ,$3M (Micro),"1,152,620"
AKAM,Akamai Technologies Inc,Information Technology,IT Services,Internet Services & Infrastructure,NASDAQ,$15B (Mid),"3,577,270"
AKAN,Akanda Corp,Health Care,Pharmaceuticals,Pharmaceuticals,NASDAQ,$2M (Micro),"97,670"
AKBA,Akebia Therapeutics Inc,Health Care,Biotechnology,Biotechnology,NASDAQ,$375M (Micro),"3,412,460"
AKTS,Aktis Oncology Inc,Health Care,Biotechnology,Biotechnology,NASDAQ,$983M (Micro),"192,440"
AKTX,Akari Therapeutics PLC,Health Care,Biotechnology,Biotechnology,NASDAQ,$12M (Micro),"318,620"
ALAB,Astera Labs Inc,Information Technology,Semiconductors & Semiconductor Equipment,Semiconductors,NASDAQ,$21B (Mid),"5,137,600"
ALBT,Avalon Globocare Corp,Real Estate,Real Estate Management & Development,Real Estate Operating Companies,NASDAQ,$5M (Micro),"38,625,440"
ALDX,Aldeyra Therapeutics Inc,Health Care,Biotechnology,Biotechnology,NASDAQ,$297M (Micro),"1,255,360"
ALEC,Alector Inc,Health Care,Biotechnology,Biotechnology,NASDAQ,$256M (Micro),"1,156,150"
ALGM,Allegro Microsystems Inc,Information Technology,Semiconductors & Semiconductor Equipment,Semiconductors,NASDAQ,$6B (Small),"1,965,410"
ALGN,Align Technology Inc,Health Care,Health Care Equipment & Supplies,Health Care Supplies,NASDAQ,$12B (Mid),"1,241,620"
ALGT,Allegiant Travel Co,Industrials,Passenger Airlines,Passenger Airlines,NASDAQ,$2B (Micro),"556,250"
ALHC,Alignment Healthcare Inc,Health Care,Health Care Providers & Services,Managed Health Care,NASDAQ,$4B (Small),"3,841,360"
ALKS,Alkermes Plc,Health Care,Biotechnology,Biotechnology,NASDAQ,$5B (Small),"2,448,150"
ALKT,Alkami Technology Inc,Information Technology,Software,Application Software,NASDAQ,$2B (Micro),"3,242,610"
ALLO,Allogene Therapeutics Inc,Health Care,Biotechnology,Biotechnology,NASDAQ,$591M (Micro),"5,252,350"
ALLR,Allarity Therapeutics Inc,Health Care,Biotechnology,Biotechnology,NASDAQ,$20M (Micro),"225,890"
ALLT,Allot Ltd,Information Technology,Software,Systems Software,NASDAQ,$328M (Micro),"1,214,040"
ALMS,Alumis Inc,Health Care,Pharmaceuticals,Pharmaceuticals,NASDAQ,$3B (Small),"1,269,840"
ALMU,Aeluma Inc,Information Technology,Semiconductors & Semiconductor Equipment,Semiconductor Materials & Equipment,NASDAQ,$290M (Micro),"890,040"
ALNT,Allient Inc,Industrials,Electrical Equipment,Electrical Components & Equipment,NASDAQ,$1B (Micro),"227,610"
ALNY,Alnylam Pharmaceuticals Inc,Health Care,Biotechnology,Biotechnology,NASDAQ,$42B (Large),"1,084,520"
ALOY,REalloys Inc,Information Technology,Software,Application Software,NASDAQ,$1B (Micro),"1,644,780"
ALRM,Alarm.com Holdings Inc,Information Technology,Software,Application Software,NASDAQ,$2B (Small),"523,960"
ALRS,Alerus Financial Corp,Financials,Financial Services,Diversified Financial Services,NASDAQ,$601M (Micro),"116,150"
ALTI,"AlTi Global, Inc",Financials,Capital Markets,Asset Management & Custody Banks,NASDAQ,$594M (Micro),"108,950"
ALTO,Alto Ingredients Inc,Materials,Chemicals,Specialty Chemicals,NASDAQ,$354M (Micro),"4,475,290"
ALTS,ALT5 Sigma Corp,Financials,Capital Markets,Financial Exchanges & Data,NASDAQ,$174M (Micro),"2,964,920"
ALXO,ALX Oncology Holdings Inc,Health Care,Biotechnology,Biotechnology,NASDAQ,$283M (Micro),"834,040"
ALZN,Alzamend Neuro Inc,Health Care,Biotechnology,Biotechnology,NASDAQ,$8M (Micro),"51,100"
AMAL,Amalgamated Financial Corp,Financials,Banks,Regional Banks,NASDAQ,$1B (Micro),"153,560"
AMAT,Applied Materials Inc,Information Technology,Semiconductors & Semiconductor Equipment,Semiconductor Materials & Equipment,NASDAQ,$279B (Large),"7,645,410"
AMBA,Ambarella Inc,Information Technology,Semiconductors & Semiconductor Equipment,Semiconductors,NASDAQ,$2B (Small),"1,311,180"
AMBR,Amber International Holding Ltd,Communication Services,Media,Advertising,NASDAQ,$242M (Micro),"83,040"
AMCI,AlphaVest Acquisition Corp,Information Technology,"Electronic Equipment, Instruments & Components",Technology Distributors,NASDAQ,$214M (Micro),"62,910"
AMCX,Amc Networks Inc (Nevada),Communication Services,Media,Broadcasting,NASDAQ,$326M (Micro),"470,520"
AMD,Advanced Micro Devices Inc,Information Technology,Semiconductors & Semiconductor Equipment,Semiconductors,NASDAQ,$334B (Large),"36,167,020"
AMGN,Amgen Inc,Health Care,Biotechnology,Biotechnology,NASDAQ,$204B (Large),"2,638,560"
AMIX,Autonomix Medical Inc,Health Care,Health Care Equipment & Supplies,Health Care Equipment,NASDAQ,$5M (Micro),"243,520"
AMKR,Amkor Technology Inc,Information Technology,Semiconductors & Semiconductor Equipment,Semiconductor Materials & Equipment,NASDAQ,$11B (Mid),"4,258,000"
AMLX,Amylyx Pharmaceuticals Inc,Health Care,Pharmaceuticals,Pharmaceuticals,NASDAQ,$2B (Micro),"1,159,370"
AMOD,Alpha Modus Holdings Inc,Information Technology,Software,Application Software,NASDAQ,$24M (Micro),"305,290"
AMPG,Amplitech Group Inc,Information Technology,"Electronic Equipment, Instruments & Components",Electronic Components,NASDAQ,$66M (Micro),"418,710"
AMPH,Amphastar Pharmaceuticals Inc,Health Care,Pharmaceuticals,Pharmaceuticals,NASDAQ,$852M (Micro),"849,040"
AMPL,Amplitude Inc,Information Technology,Software,Application Software,NASDAQ,$1B (Micro),"2,460,960"
AMRN,Amarin Corporation PLC,Health Care,Biotechnology,Biotechnology,NASDAQ,$340M (Micro),"120,390"
AMRX,Amneal Pharmaceuticals Inc,Health Care,Pharmaceuticals,Pharmaceuticals,NASDAQ,$4B (Small),"2,221,270"
AMSC,American Superconductor Corp,Industrials,Electrical Equipment,Electrical Components & Equipment,NASDAQ,$1B (Micro),"851,630"
AMSF,Amerisafe Inc,Financials,Insurance,Property & Casualty Insurance,NASDAQ,$618M (Micro),"236,400"
AMTX,Aemetis Inc,Energy,"Oil, Gas & Consumable Fuels",Oil & Gas Refining & Marketing,NASDAQ,$102M (Micro),"542,410"
AMWD,American Woodmark Corp,Industrials,Building Products,Building Products,NASDAQ,$593M (Micro),"299,960"
AMZN,Amazon.com Inc,Consumer Discretionary,Broadline Retail,Broadline Retail,NASDAQ,$2T (Large),"49,286,090"
ANAB,AnaptysBio Inc,Health Care,Biotechnology,Biotechnology,NASDAQ,$2B (Micro),"491,500"
ANDE,Andersons Inc,Consumer Staples,Consumer Staples Distribution & Retail,Food Distributors,NASDAQ,$2B (Small),"303,030"
ANGI,Angi Inc,Communication Services,Interactive Media & Services,Interactive Media & Services,NASDAQ,$328M (Micro),"1,213,690"
ANGO,AngioDynamics Inc,Health Care,Health Care Equipment & Supplies,Health Care Equipment,NASDAQ,$455M (Micro),"270,860"
ANIK,Anika Therapeutics Inc,Health Care,Biotechnology,Biotechnology,NASDAQ,$192M (Micro),"188,930"
ANIP,ANI Pharmaceuticals Inc,Health Care,Pharmaceuticals,Pharmaceuticals,NASDAQ,$2B (Micro),"384,160"
ANIX,Anixa Biosciences Inc,Health Care,Biotechnology,Biotechnology,NASDAQ,$99M (Micro),"106,250"
ANL,Adlai Nortye Ltd,Health Care,Biotechnology,Biotechnology,NASDAQ,$515M (Micro),"222,380"
ANNX,Annexon Inc,Health Care,Biotechnology,Biotechnology,NASDAQ,$872M (Micro),"3,347,940"
ANPA,Rich Sparkle Holdings Ltd,Industrials,Commercial Services & Supplies,Commercial Printing,NASDAQ,$112M (Micro),"233,500"
ANTX,AN2 Therapeutics Inc,Health Care,Pharmaceuticals,Pharmaceuticals,NASDAQ,$139M (Micro),"7,171,750"
ANY,Sphere 3D Corp,Information Technology,Software,Application Software,NASDAQ,$5M (Micro),"2,861,420"
AOSL,Alpha and Omega Semiconductor Ltd,Information Technology,Semiconductors & Semiconductor Equipment,Semiconductors,NASDAQ,$643M (Micro),"286,310"
APA,APA Corp (US),Energy,"Oil, Gas & Consumable Fuels",Oil & Gas Exploration & Production,NASDAQ,$12B (Mid),"10,192,590"
APEI,American Public Education Inc,Consumer Discretionary,Diversified Consumer Services,Education Services,NASDAQ,$827M (Micro),"217,950"
APGE,Apogee Therapeutics Inc,Health Care,Biotechnology,Biotechnology,NASDAQ,$5B (Small),"887,100"
APLD,Applied Digital Corp,Information Technology,IT Services,Internet Services & Infrastructure,NASDAQ,$8B (Mid),"16,934,290"
APLS,Apellis Pharmaceuticals Inc,Health Care,Biotechnology,Biotechnology,NASDAQ,$2B (Small),"1,993,600"
APOG,Apogee Enterprises Inc,Industrials,Building Products,Building Products,NASDAQ,$734M (Micro),"147,060"
APP,Applovin Corp,Information Technology,Software,Application Software,NASDAQ,$156B (Large),"5,920,630"
APPF,Appfolio Inc,Information Technology,Software,Application Software,NASDAQ,$6B (Small),"391,470"
APPN,Appian Corp,Information Technology,Software,Systems Software,NASDAQ,$2B (Micro),"917,830"
APRE,Aprea Therapeutics Inc,Health Care,Biotechnology,Biotechnology,NASDAQ,$6M (Micro),"117,150"
APVO,Aptevo Therapeutics Inc,Health Care,Biotechnology,Biotechnology,NASDAQ,$4M (Micro),"107,470"
AQST,Aquestive Therapeutics Inc,Health Care,Pharmaceuticals,Pharmaceuticals,NASDAQ,$521M (Micro),"2,626,030"
ARAI,Arrive AI Inc,Industrials,Air Freight & Logistics,Air Freight & Logistics,NASDAQ,$37M (Micro),"202,430"
ARAY,Accuray Inc,Health Care,Health Care Equipment & Supplies,Health Care Equipment,NASDAQ,$54M (Micro),"887,310"
ARBE,Arbe Robotics Ltd,Information Technology,"Electronic Equipment, Instruments & Components",Electronic Equipment & Instruments,NASDAQ,$90M (Micro),"3,644,940"
ARCB,ArcBest Corp,Industrials,Ground Transportation,Cargo Ground Transportation,NASDAQ,$2B (Micro),"305,900"
ARCC,Ares Capital Corp,Financials,Capital Markets,Asset Management & Custody Banks,NASDAQ,$13B (Mid),"9,951,380"
ARCT,Arcturus Therapeutics Holdings Inc,Health Care,Biotechnology,Biotechnology,NASDAQ,$212M (Micro),"509,920"
ARDX,Ardelyx Inc,Health Care,Biotechnology,Biotechnology,NASDAQ,$1B (Micro),"3,289,200"
AREB,American Rebel Holdings Inc,Industrials,Commercial Services & Supplies,Office Services & Supplies,NASDAQ,$2M (Micro),"7,335,400"
ARGX,argenx SE,Health Care,Biotechnology,Biotechnology,NASDAQ,$45B (Large),"449,680"
ARHS,Arhaus Inc,Consumer Discretionary,Specialty Retail,Homefurnishing Retail,NASDAQ,$1B (Micro),"1,829,820"
ARKO,Arko Corp.,Consumer Discretionary,Specialty Retail,Automotive Retail,NASDAQ,$615M (Micro),"727,130"
ARLP,Alliance Resource Partners LP,Energy,"Oil, Gas & Consumable Fuels",Coal & Consumable Fuels,NASDAQ,$4B (Small),"360,470"
ARM,Arm Holdings PLC,Information Technology,Semiconductors & Semiconductor Equipment,Semiconductors,NASDAQ,$128B (Large),"3,911,490"
AROW,Arrow Financial Corp,Financials,Banks,Regional Banks,NASDAQ,$538M (Micro),"120,390"
ARQ,Arq Inc,Materials,Chemicals,Specialty Chemicals,NASDAQ,$76M (Micro),"1,822,640"
ARQQ,Arqit Quantum Inc,Information Technology,Software,Application Software,NASDAQ,$231M (Micro),"220,700"
ARQT,Arcutis Biotherapeutics Inc,Health Care,Biotechnology,Biotechnology,NASDAQ,$3B (Small),"1,696,390"
ARRY,Array Technologies Inc,Industrials,Electrical Equipment,Electrical Components & Equipment,NASDAQ,$1B (Micro),"11,514,710"
ARTV,Artiva Biotherapeutics Inc,Health Care,Biotechnology,Biotechnology,NASDAQ,$176M (Micro),"159,880"
ARTW,Art's Way Manufacturing Co Inc,Industrials,Machinery,Agricultural & Farm Machinery,NASDAQ,$12M (Micro),"63,390"
ARVN,Arvinas Inc,Health Care,Pharmaceuticals,Pharmaceuticals,NASDAQ,$862M (Micro),"836,230"
ARWR,Arrowhead Pharmaceuticals Inc,Health Care,Biotechnology,Biotechnology,NASDAQ,$8B (Mid),"2,188,570"
ASBP,Aspire Biopharma Holdings Inc,Health Care,Pharmaceuticals,Pharmaceuticals,NASDAQ,$6M (Micro),"177,420"
ASLE,AerSale Corp,Industrials,Aerospace & Defense,Aerospace & Defense,NASDAQ,$304M (Micro),"339,620"
ASMB,Assembly Biosciences Inc,Health Care,Biotechnology,Biotechnology,NASDAQ,$462M (Micro),"92,610"
ASML,ASML Holding NV,Information Technology,Semiconductors & Semiconductor Equipment,Semiconductor Materials & Equipment,NASDAQ,$534B (Large),"1,700,060"
ASND,Ascendis Pharma A/S,Health Care,Biotechnology,Biotechnology,NASDAQ,$14B (Mid),"776,580"
ASNS,Actelis Networks Inc,Information Technology,Communications Equipment,Communications Equipment,NASDAQ,$5M (Micro),"123,742,690"
ASO,Academy Sports and Outdoors Inc,Consumer Discretionary,Specialty Retail,Other Specialty Retail,NASDAQ,$4B (Small),"1,286,590"
ASPI,ASP Isotopes Inc,Materials,Chemicals,Specialty Chemicals,NASDAQ,$711M (Micro),"4,564,400"
ASPS,Altisource Portfolio Solutions SA,Real Estate,Real Estate Management & Development,Real Estate Services,NASDAQ,$72M (Micro),"63,190"
ASST,Strive Inc,Health Care,Health Care Equipment & Supplies,Health Care Equipment,NASDAQ,$582M (Micro),"4,160,330"
ASTE,Astec Industries Inc,Industrials,Machinery,Construction Machinery & Heavy Transportation Equipment,NASDAQ,$1B (Micro),"315,940"
ASTH,Astrana Health Inc,Health Care,Health Care Providers & Services,Health Care Services,NASDAQ,$1B (Micro),"702,040"
ASTI,Ascent Solar Technologies Inc,Information Technology,Semiconductors & Semiconductor Equipment,Semiconductors,NASDAQ,$31M (Micro),"920,680"
ASTL,Algoma Steel Group Inc,Materials,Metals & Mining,Steel,NASDAQ,$454M (Micro),"1,087,260"
ASTS,AST SpaceMobile Inc,Communication Services,Diversified Telecommunication Services,Alternative Carriers,NASDAQ,$34B (Mid),"14,851,930"
ASUR,Asure Software Inc,Industrials,Professional Services,Human Resource & Employment Services,NASDAQ,$262M (Micro),"202,340"
ASYS,Amtech Systems Inc,Information Technology,Semiconductors & Semiconductor Equipment,Semiconductor Materials & Equipment,NASDAQ,$198M (Micro),"166,280"
ATAI,AtaiBeckley Inc,Health Care,Pharmaceuticals,Pharmaceuticals,NASDAQ,$1B (Micro),"6,548,360"
ATAT,Atour Lifestyle Holdings Ltd,Consumer Discretionary,"Hotels, Restaurants & Leisure","Hotels, Resorts & Cruise Lines",NASDAQ,$5B (Small),"995,730"
ATCX,Atlas Critical Minerals Corp,Materials,Metals & Mining,Diversified Metals & Mining,NASDAQ,$34M (Micro),"69,910"
ATEC,Alphatec Holdings Inc,Health Care,Health Care Equipment & Supplies,Health Care Equipment,NASDAQ,$2B (Micro),"2,708,770"
ATER,Aterian Inc,Consumer Discretionary,Household Durables,Household Appliances,NASDAQ,$6M (Micro),"59,070"
ATEX,Anterix Inc,Communication Services,Diversified Telecommunication Services,Alternative Carriers,NASDAQ,$726M (Micro),"324,390"
ATLC,Atlanticus Holdings Corp,Financials,Consumer Finance,Consumer Finance,NASDAQ,$835M (Micro),"70,940"
ATLX,Atlas Lithium Corp,Materials,Metals & Mining,Precious Metals & Minerals,NASDAQ,$146M (Micro),"400,080"
ATNI,ATN International Inc,Communication Services,Diversified Telecommunication Services,Integrated Telecommunication Services,NASDAQ,$365M (Micro),"110,330"
ATOM,Atomera Inc,Information Technology,Semiconductors & Semiconductor Equipment,Semiconductor Materials & Equipment,NASDAQ,$197M (Micro),"1,508,520"
ATON,AlphaTON Capital Corp,Health Care,Biotechnology,Biotechnology,NASDAQ,$9M (Micro),"456,210"
ATOS,Atossa Therapeutics Inc,Health Care,Biotechnology,Biotechnology,NASDAQ,$41M (Micro),"94,070"
ATPC,Agape ATP Corp,Health Care,Health Care Providers & Services,Health Care Distributors,NASDAQ,$4M (Micro),"6,271,220"
ATRA,Atara Biotherapeutics Inc,Health Care,Biotechnology,Biotechnology,NASDAQ,$45M (Micro),"894,320"
ATRC,AtriCure Inc,Health Care,Health Care Equipment & Supplies,Health Care Equipment,NASDAQ,$1B (Micro),"531,200"
ATRO,Astronics Corp,Industrials,Aerospace & Defense,Aerospace & Defense,NASDAQ,$2B (Small),"767,230"
ATXG,Addentax Group Corp,Industrials,Air Freight & Logistics,Air Freight & Logistics,NASDAQ,$3M (Micro),"95,790"
ATYR,aTyr Pharma Inc,Health Care,Biotechnology,Biotechnology,NASDAQ,$90M (Micro),"1,285,950"
AUDC,AudioCodes Ltd,Information Technology,Communications Equipment,Communications Equipment,NASDAQ,$219M (Micro),"150,930"
AUGO,Aura Minerals Inc,Materials,Metals & Mining,Gold,NASDAQ,$7B (Small),"862,780"
AUID,Authid Inc,Information Technology,Software,Systems Software,NASDAQ,$25M (Micro),"322,570"
AUPH,Aurinia Pharmaceuticals Inc,Health Care,Biotechnology,Biotechnology,NASDAQ,$2B (Micro),"1,375,450"
AUR,Aurora Innovation Inc,Information Technology,Software,Application Software,NASDAQ,$9B (Mid),"19,131,060"
AURA,Aura Biosciences Inc,Health Care,Biotechnology,Biotechnology,NASDAQ,$360M (Micro),"255,490"
AURE,Aurelion Inc,Financials,Capital Markets,Asset Management & Custody Banks,NASDAQ,$70M (Micro),"206,630"
AUTL,Autolus Therapeutics PLC,Health Care,Biotechnology,Biotechnology,NASDAQ,$415M (Micro),"1,716,750"
AUUD,Auddia Inc,Information Technology,Software,Application Software,NASDAQ,$3M (Micro),"208,380"
AVAH,Aveanna Healthcare Holdings Inc,Health Care,Health Care Providers & Services,Health Care Services,NASDAQ,$1B (Micro),"1,105,260"
AVAV,AeroVironment Inc,Industrials,Aerospace & Defense,Aerospace & Defense,NASDAQ,$10B (Mid),"3,211,570"
AVBH,Avidbank Holdings Inc,Financials,Banks,Regional Banks,NASDAQ,$301M (Micro),"93,010"
AVBP,ArriVent BioPharma Inc,Health Care,Biotechnology,Biotechnology,NASDAQ,$1B (Micro),"761,630"
AVGO,Broadcom Inc,Information Technology,Semiconductors & Semiconductor Equipment,Semiconductors,NASDAQ,$2T (Large),"32,386,730"
AVIR,Atea Pharmaceuticals Inc,Health Care,Pharmaceuticals,Pharmaceuticals,NASDAQ,$486M (Micro),"746,040"
AVNW,Aviat Networks Inc,Information Technology,Communications Equipment,Communications Equipment,NASDAQ,$335M (Micro),"109,640"
AVO,Mission Produce Inc,Consumer Staples,Food Products,Packaged Foods & Meats,NASDAQ,$944M (Micro),"524,120"
AVPT,AvePoint Inc,Information Technology,Software,Application Software,NASDAQ,$2B (Small),"2,359,010"
AVR,Anteris Technologies Global Corp,Health Care,Health Care Equipment & Supplies,Health Care Equipment,NASDAQ,$650M (Micro),"921,020"
AVT,Avnet Inc,Information Technology,"Electronic Equipment, Instruments & Components",Technology Distributors,NASDAQ,$5B (Small),"836,630"
AVTX,Avalo Therapeutics Inc,Health Care,Biotechnology,Biotechnology,NASDAQ,$310M (Micro),"676,270"
AVX,AVAX One Technology Ltd,Consumer Staples,Food Products,Agricultural Products & Services,NASDAQ,$71M (Micro),"654,530"
AVXL,Anavex Life Sciences Corp,Health Care,Biotechnology,Biotechnology,NASDAQ,$431M (Micro),"1,196,830"
AXGN,AxoGen Inc,Health Care,Health Care Equipment & Supplies,Health Care Equipment,NASDAQ,$2B (Micro),"851,010"
AXON,Axon Enterprise Inc,Industrials,Aerospace & Defense,Aerospace & Defense,NASDAQ,$42B (Large),"1,445,790"
AXSM,Axsome Therapeutics Inc,Health Care,Pharmaceuticals,Pharmaceuticals,NASDAQ,$8B (Mid),"583,530"
AXTI,AXT Inc,Information Technology,Semiconductors & Semiconductor Equipment,Semiconductor Materials & Equipment,NASDAQ,$3B (Small),"10,425,300"
AYTU,Aytu Biopharma Inc,Health Care,Pharmaceuticals,Pharmaceuticals,NASDAQ,$28M (Micro),"51,490"
AZ,A2Z Cust2Mate Solutions Corp,Industrials,Aerospace & Defense,Aerospace & Defense,NASDAQ,$239M (Micro),"273,240"
AZI,Autozi Internet Technology (Global) Ltd,Consumer Discretionary,Specialty Retail,Automotive Retail,NASDAQ,$2M (Micro),"55,376,230"
AZTA,Azenta Inc,Health Care,Life Sciences Tools & Services,Life Sciences Tools & Services,NASDAQ,$1B (Micro),"887,440"
BAER,Bridger Aerospace Group Holdings Inc,Industrials,Commercial Services & Supplies,Diversified Support Services,NASDAQ,$117M (Micro),"647,530"
BAND,Bandwidth Inc,Communication Services,Diversified Telecommunication Services,Alternative Carriers,NASDAQ,$492M (Micro),"547,250"
BANF,BancFirst Corp,Financials,Banks,Regional Banks,NASDAQ,$4B (Small),"166,210"
BANL,CBL International Ltd,Energy,"Oil, Gas & Consumable Fuels",Oil & Gas Storage & Transportation,NASDAQ,$15M (Micro),"4,861,830"
BANR,Banner Corp,Financials,Banks,Regional Banks,NASDAQ,$2B (Micro),"403,430"
BANX,ArrowMark Financial Corp,Financials,Capital Markets,Asset Management & Custody Banks,NASDAQ,$152M (Micro),"78,320"
BATRA,Atlanta Braves Holdings Inc,Communication Services,Entertainment,Movies & Entertainment,NASDAQ,$490M (Micro),"55,650"
BBCP,Concrete Pumping Holdings Inc,Industrials,Construction & Engineering,Construction & Engineering,NASDAQ,$361M (Micro),"104,710"
BBIO,BridgeBio Pharma Inc,Health Care,Biotechnology,Biotechnology,NASDAQ,$14B (Mid),"3,061,720"
BBNX,Beta Bionics Inc,Health Care,Health Care Equipment & Supplies,Health Care Equipment,NASDAQ,$482M (Micro),"1,201,170"
BBOT,BridgeBio Oncology Therapeutics Inc,Health Care,Biotechnology,Biotechnology,NASDAQ,$800M (Micro),"222,330"
BBSI,Barrett Business Services Inc,Industrials,Professional Services,Human Resource & Employment Services,NASDAQ,$681M (Micro),"421,790"
BCAB,Bioatla Inc,Health Care,Biotechnology,Biotechnology,NASDAQ,$14M (Micro),"1,898,200"
BCAL,California Bancorp,Financials,Banks,Regional Banks,NASDAQ,$565M (Micro),"169,140"
BCAX,Bicara Therapeutics Inc,Health Care,Biotechnology,Biotechnology,NASDAQ,$1B (Micro),"813,400"
BCBP,BCB Bancorp Inc,Financials,Banks,Regional Banks,NASDAQ,$140M (Micro),"101,420"
BCDA,BioCardia Inc,Health Care,Biotechnology,Biotechnology,NASDAQ,$14M (Micro),"90,920"
BCIC,BCP Investment Corp,Financials,Capital Markets,Asset Management & Custody Banks,NASDAQ,$111M (Micro),"120,120"
BCPC,Balchem Corp,Materials,Chemicals,Specialty Chemicals,NASDAQ,$5B (Small),"173,470"
BCRX,BioCryst Pharmaceuticals Inc,Health Care,Biotechnology,Biotechnology,NASDAQ,$2B (Small),"6,303,870"
BCYC,Bicycle Therapeutics PLC,Health Care,Biotechnology,Biotechnology,NASDAQ,$364M (Micro),"445,820"
BDMD,Baird Medical Investment Holdings Ltd,Health Care,Health Care Equipment & Supplies,Health Care Equipment,NASDAQ,$95M (Micro),"3,038,940"
BDRX,Biodexa Pharmaceuticals PLC,Health Care,Biotechnology,Biotechnology,NASDAQ,$567K (Micro),"76,120"
BDSX,Biodesix Inc,Health Care,Health Care Providers & Services,Health Care Services,NASDAQ,$188M (Micro),"202,710"
BDTX,Black Diamond Therapeutics Inc,Health Care,Biotechnology,Biotechnology,NASDAQ,$128M (Micro),"767,300"
BEAM,Beam Therapeutics Inc,Health Care,Biotechnology,Biotechnology,NASDAQ,$3B (Small),"2,157,270"
BEAT,Heartbeam Inc,Health Care,Health Care Equipment & Supplies,Health Care Equipment,NASDAQ,$47M (Micro),"3,944,200"
BEEM,Beam Global,Industrials,Electrical Equipment,Electrical Components & Equipment,NASDAQ,$29M (Micro),"383,140"
BETR,Better Home & Finance Holding Co,Financials,Financial Services,Commercial & Residential Mortgage Finance,NASDAQ,$627M (Micro),"381,710"
BFC,Bank First Corp,Financials,Banks,Regional Banks,NASDAQ,$2B (Micro),"104,270"
BFRG,Bullfrog AI Holdings Inc,Health Care,Health Care Technology,Health Care Technology,NASDAQ,$7M (Micro),"167,040"
BFRI,Biofrontera Inc,Health Care,Pharmaceuticals,Pharmaceuticals,NASDAQ,$10M (Micro),"138,590"
BFST,Business First Bancshares Inc,Financials,Banks,Regional Banks,NASDAQ,$860M (Micro),"173,170"
BGC,Bgc Group Inc,Financials,Capital Markets,Investment Banking & Brokerage,NASDAQ,$4B (Small),"2,140,880"
BGL,Blue Gold Ltd,Materials,Metals & Mining,Gold,NASDAQ,$58M (Micro),"1,038,520"
BHAT,Blue Hat Interactive Entertainment Technology,Communication Services,Entertainment,Interactive Home Entertainment,NASDAQ,$4M (Micro),"4,829,130"
BHF,Brighthouse Financial Inc,Financials,Insurance,Life & Health Insurance,NASDAQ,$3B (Small),"1,088,700"
BIAF,bioAffinity Technologies Inc,Health Care,Biotechnology,Biotechnology,NASDAQ,$5M (Micro),"2,178,790"
BIDU,Baidu Inc,Communication Services,Interactive Media & Services,Interactive Media & Services,NASDAQ,$43B (Large),"2,789,250"
BIIB,Biogen Inc,Health Care,Biotechnology,Biotechnology,NASDAQ,$28B (Mid),"903,300"
BILI,Bilibili Inc,Communication Services,Interactive Media & Services,Interactive Media & Services,NASDAQ,$9B (Mid),"3,379,030"
BIOA,BIOAGE Labs Inc,Health Care,Pharmaceuticals,Pharmaceuticals,NASDAQ,$838M (Micro),"479,780"
BIOX,Bioceres Crop Solutions Corp,Materials,Chemicals,Fertilizers & Agricultural Chemicals,NASDAQ,$33M (Micro),"772,730"
BIVI,BioVie Inc,Health Care,Biotechnology,Biotechnology,NASDAQ,$11M (Micro),"76,670"
BIYA,Baiya International Group Inc,Industrials,Professional Services,Human Resource & Employment Services,NASDAQ,$6M (Micro),"1,073,700"
BJDX,Bluejay Diagnostics Inc,Health Care,Health Care Equipment & Supplies,Health Care Equipment,NASDAQ,$2M (Micro),"289,990"
BJRI,BJ's Restaurants Inc,Consumer Discretionary,"Hotels, Restaurants & Leisure",Restaurants,NASDAQ,$749M (Micro),"510,770"
BKNG,Booking Holdings Inc,Consumer Discretionary,"Hotels, Restaurants & Leisure","Hotels, Resorts & Cruise Lines",NASDAQ,$137B (Large),"592,390"
BKR,Baker Hughes Co,Energy,Energy Equipment & Services,Oil & Gas Equipment & Services,NASDAQ,$58B (Large),"10,093,380"
BKYI,BIO-Key International Inc,Information Technology,Software,Systems Software,NASDAQ,$7M (Micro),"629,780"
BL,BlackLine Inc,Information Technology,Software,Application Software,NASDAQ,$2B (Small),"1,189,090"
BLBD,Blue Bird Corp,Industrials,Machinery,Construction Machinery & Heavy Transportation Equipment,NASDAQ,$2B (Micro),"388,950"
BLDP,Ballard Power Systems Inc,Industrials,Electrical Equipment,Electrical Components & Equipment,NASDAQ,$646M (Micro),"2,543,760"
BLFS,BioLife Solutions Inc,Health Care,Life Sciences Tools & Services,Life Sciences Tools & Services,NASDAQ,$918M (Micro),"708,390"
BLFY,Blue Foundry Bancorp,Financials,Banks,Regional Banks,NASDAQ,$268M (Micro),"326,900"
BLKB,Blackbaud Inc,Information Technology,Software,Application Software,NASDAQ,$2B (Micro),"513,000"
BLLN,BillionToOne Inc,Health Care,Health Care Providers & Services,Health Care Services,NASDAQ,$3B (Small),"406,780"
BLMN,Bloomin' Brands Inc,Consumer Discretionary,"Hotels, Restaurants & Leisure",Restaurants,NASDAQ,$485M (Micro),"3,845,060"
BLNE,Beeline Holdings Inc,Financials,Financial Services,Commercial & Residential Mortgage Finance,NASDAQ,$87M (Micro),"630,130"
BLNK,Blink Charging Co,Industrials,Electrical Equipment,Electrical Components & Equipment,NASDAQ,$96M (Micro),"1,319,930"
BLTE,Belite Bio Inc,Health Care,Pharmaceuticals,Pharmaceuticals,NASDAQ,$7B (Small),"233,020"
BMBL,Bumble Inc,Communication Services,Interactive Media & Services,Interactive Media & Services,NASDAQ,$748M (Micro),"2,860,100"
BMEA,Biomea Fusion Inc,Health Care,Biotechnology,Biotechnology,NASDAQ,$106M (Micro),"1,037,720"
BMR,Beamr Imaging Ltd,Information Technology,Software,Application Software,NASDAQ,$26M (Micro),"56,760"
BMRC,Bank of Marin Bancorp,Financials,Banks,Regional Banks,NASDAQ,$387M (Micro),"102,260"
BMRN,BioMarin Pharmaceutical Inc,Health Care,Biotechnology,Biotechnology,NASDAQ,$12B (Mid),"1,904,430"
BNAI,Brand Engagement Network Inc,Information Technology,IT Services,IT Consulting & Other Services,NASDAQ,$210M (Micro),"2,126,580"
BNBX,BNB Plus Corp,Health Care,Life Sciences Tools & Services,Life Sciences Tools & Services,NASDAQ,$4M (Micro),"74,280"
BNGO,Bionano Genomics Inc,Health Care,Life Sciences Tools & Services,Life Sciences Tools & Services,NASDAQ,$12M (Micro),"114,310"
BNKK,Bonk Inc,Consumer Staples,Personal Care Products,Personal Care Products,NASDAQ,$15M (Micro),"75,860"
BNRG,Brenmiller Energy Ltd,Industrials,Electrical Equipment,Heavy Electrical Equipment,NASDAQ,$1M (Micro),"639,170"
BNTC,Benitec Biopharma Inc,Health Care,Biotechnology,Biotechnology,NASDAQ,$421M (Micro),"230,130"
BNTX,Biontech SE,Health Care,Biotechnology,Biotechnology,NASDAQ,$24B (Mid),"1,881,160"
BNZI,Banzai International Inc,Information Technology,Software,Application Software,NASDAQ,$10M (Micro),"684,980"
BOKF,BOK Financial Corp,Financials,Banks,Regional Banks,NASDAQ,$8B (Mid),"359,940"
BOLD,Boundless Bio Inc,Health Care,Biotechnology,Biotechnology,NASDAQ,$26M (Micro),"58,930"
BOOM,DMC Global Inc,Energy,Energy Equipment & Services,Oil & Gas Equipment & Services,NASDAQ,$100M (Micro),"511,970"
BOXL,Boxlight Corp,Information Technology,"Technology Hardware, Storage & Peripherals","Technology Hardware, Storage & Peripherals",NASDAQ,$1M (Micro),"195,500"
BPOP,Popular Inc,Financials,Banks,Regional Banks,NASDAQ,$8B (Mid),"564,490"
BRCB,Black Rock Coffee Bar Inc,Consumer Discretionary,"Hotels, Restaurants & Leisure",Restaurants,NASDAQ,$474M (Micro),"817,120"
BRKR,Bruker Corp,Health Care,Life Sciences Tools & Services,Life Sciences Tools & Services,NASDAQ,$6B (Small),"1,904,630"
BRLT,Brilliant Earth Group Inc,Consumer Discretionary,Specialty Retail,Other Specialty Retail,NASDAQ,$131M (Micro),"109,250"
BRR,ProCap Financial Inc,Financials,Capital Markets,Financial Exchanges & Data,NASDAQ,$233M (Micro),"1,045,020"
BRTX,BioRestorative Therapies Inc,Health Care,Biotechnology,Biotechnology,NASDAQ,$6M (Micro),"20,113,990"
BRZE,Braze Inc,Information Technology,Software,Application Software,NASDAQ,$2B (Micro),"2,743,950"
BSRR,Sierra Bancorp,Financials,Banks,Regional Banks,NASDAQ,$436M (Micro),"63,000"
BSY,Bentley Systems Inc,Information Technology,Software,Application Software,NASDAQ,$12B (Mid),"5,112,790"
BTAI,BioXcel Therapeutics Inc,Health Care,Biotechnology,Biotechnology,NASDAQ,$34M (Micro),"5,600,420"
BTBD,Bt Brands Inc,Consumer Discretionary,"Hotels, Restaurants & Leisure",Restaurants,NASDAQ,$9M (Micro),"278,150"
BTBT,Bit Digital Inc,Information Technology,Software,Application Software,NASDAQ,$528M (Micro),"21,270,450"
BTCS,BTCS Inc,Information Technology,Software,Application Software,NASDAQ,$84M (Micro),"761,220"
BTCT,BTC Digital Ltd,Information Technology,Software,Application Software,NASDAQ,$12M (Micro),"91,170"
BTDR,Bitdeer Technologies Group,Information Technology,Software,Application Software,NASDAQ,$2B (Micro),"7,580,670"
BTM,Bitcoin Depot Inc,Industrials,Commercial Services & Supplies,Diversified Support Services,NASDAQ,$52M (Micro),"199,520"
BTMD,Biote Corp,Health Care,Pharmaceuticals,Pharmaceuticals,NASDAQ,$79M (Micro),"168,250"
BTOC,Armlogi Holding Corp,Industrials,Ground Transportation,Cargo Ground Transportation,NASDAQ,$12M (Micro),"4,150,800"
BTOG,Bit Origin Ltd,Information Technology,Software,Application Software,NASDAQ,$4M (Micro),"101,910"
BTSG,Brightspring Health Services Inc,Health Care,Health Care Providers & Services,Health Care Services,NASDAQ,$8B (Mid),"4,522,140"
BULL,Webull Corp,Financials,Capital Markets,Investment Banking & Brokerage,NASDAQ,$3B (Small),"13,514,400"
BUSE,First Busey Corp,Financials,Banks,Regional Banks,NASDAQ,$2B (Small),"637,350"
BVS,Bioventus Inc,Health Care,Health Care Equipment & Supplies,Health Care Supplies,NASDAQ,$740M (Micro),"450,980"
BWAY,Brainsway Ltd,Health Care,Health Care Equipment & Supplies,Health Care Equipment,NASDAQ,$540M (Micro),"152,730"
BWB,Bridgewater Bancshares Inc,Financials,Banks,Regional Banks,NASDAQ,$479M (Micro),"65,850"
BWEN,Broadwind Inc,Industrials,Electrical Equipment,Heavy Electrical Equipment,NASDAQ,$52M (Micro),"124,920"
BWIN,Baldwin Insurance Group Inc,Financials,Insurance,Insurance Brokers,NASDAQ,$3B (Small),"2,294,580"
BWMN,Bowman Consulting Group Ltd,Industrials,Construction & Engineering,Construction & Engineering,NASDAQ,$494M (Micro),"168,560"
BYAH,Park Ha Biological Technology Co Ltd,Consumer Discretionary,Specialty Retail,Other Specialty Retail,NASDAQ,$4M (Micro),"381,500"
BYND,Beyond Meat Inc,Consumer Staples,Food Products,Packaged Foods & Meats,NASDAQ,$358M (Micro),"42,244,730"
BYRN,Byrna Technologies Inc,Industrials,Aerospace & Defense,Aerospace & Defense,NASDAQ,$240M (Micro),"346,130"
BZ,Kanzhun Ltd,Industrials,Professional Services,Human Resource & Employment Services,NASDAQ,$7B (Small),"4,223,050"
BZAI,Blaize Holdings Inc,Information Technology,Semiconductors & Semiconductor Equipment,Semiconductors,NASDAQ,$140M (Micro),"2,271,630"
BZFD,BuzzFeed Inc,Communication Services,Interactive Media & Services,Interactive Media & Services,NASDAQ,$28M (Micro),"229,400"
BZUN,Baozun Inc,Consumer Discretionary,Broadline Retail,Broadline Retail,NASDAQ,$142M (Micro),"263,460"
CABR,Caring Brands Inc,Consumer Staples,Personal Care Products,Personal Care Products,NASDAQ,$12M (Micro),"78,640"
CAC,Camden National Corp,Financials,Banks,Regional Banks,NASDAQ,$769M (Micro),"90,430"
CACC,Credit Acceptance Corp,Financials,Consumer Finance,Consumer Finance,NASDAQ,$5B (Small),"292,280"
CADL,Candel Therapeutics Inc,Health Care,Biotechnology,Biotechnology,NASDAQ,$374M (Micro),"1,386,570"
CAI,Caris Life Sciences Inc,Health Care,Biotechnology,Biotechnology,NASDAQ,$5B (Small),"2,529,850"
CAKE,Cheesecake Factory Inc,Consumer Discretionary,"Hotels, Restaurants & Leisure",Restaurants,NASDAQ,$3B (Small),"1,219,050"
CALC,CalciMedica Inc,Health Care,Pharmaceuticals,Pharmaceuticals,NASDAQ,$11M (Micro),"642,050"
CALM,Cal-Maine Foods Inc,Consumer Staples,Food Products,Packaged Foods & Meats,NASDAQ,$4B (Small),"797,280"
CAMP,CAMP4 Therapeutics Corp,Health Care,Biotechnology,Biotechnology,NASDAQ,$291M (Micro),"674,590"
CAMT,Camtek Ltd,Information Technology,Semiconductors & Semiconductor Equipment,Semiconductor Materials & Equipment,NASDAQ,$7B (Small),"509,390"
CAN,Canaan Inc,Information Technology,"Technology Hardware, Storage & Peripherals","Technology Hardware, Storage & Peripherals",NASDAQ,$336M (Micro),"9,663,480"
CAPR,Capricor Therapeutics Inc,Health Care,Biotechnology,Biotechnology,NASDAQ,$2B (Micro),"1,544,270"
CAPS,Capstone Holding Corp,Industrials,Trading Companies & Distributors,Trading Companies & Distributors,NASDAQ,$6M (Micro),"537,660"
CAPT,Captivision Inc,Industrials,Building Products,Building Products,NASDAQ,$14M (Micro),"138,720"
CAR,Avis Budget Group Inc,Industrials,Ground Transportation,Passenger Ground Transportation,NASDAQ,$4B (Small),"663,470"
CARE,Carter Bankshares Inc,Financials,Banks,Regional Banks,NASDAQ,$445M (Micro),"196,240"
CARG,CarGurus Inc,Communication Services,Interactive Media & Services,Interactive Media & Services,NASDAQ,$3B (Small),"1,588,020"
CARL,Carlsmed Inc,Health Care,Health Care Equipment & Supplies,Health Care Equipment,NASDAQ,$313M (Micro),"242,870"
CART,Maplebear Inc,Consumer Staples,Consumer Staples Distribution & Retail,Food Retail,NASDAQ,$9B (Mid),"4,887,910"
CASH,Pathward Financial Inc,Financials,Banks,Regional Banks,NASDAQ,$2B (Micro),"244,440"
CASS,Cass Information Systems Inc,Financials,Financial Services,Transaction & Payment Processing Services,NASDAQ,$576M (Micro),"58,520"
CASY,Caseys General Stores Inc,Consumer Staples,Consumer Staples Distribution & Retail,Food Retail,NASDAQ,$25B (Mid),"699,070"
CATY,Cathay General Bancorp,Financials,Banks,Regional Banks,NASDAQ,$3B (Small),"463,210"
CBAT,CBAK Energy Technology Inc,Industrials,Electrical Equipment,Electrical Components & Equipment,NASDAQ,$90M (Micro),"213,890"
CBC,Central Bancompany Inc,Financials,Banks,Regional Banks,NASDAQ,$6B (Small),"389,900"
CBIO,Crescent Biopharma Inc,Health Care,Biotechnology,Biotechnology,NASDAQ,$327M (Micro),"145,210"
CBLL,Ceribell Inc,Health Care,Health Care Equipment & Supplies,Health Care Equipment,NASDAQ,$697M (Micro),"364,980"
CBRL,Cracker Barrel Old Country Store Inc,Consumer Discretionary,"Hotels, Restaurants & Leisure",Restaurants,NASDAQ,$623M (Micro),"1,459,480"
CBSH,Commerce Bancshares Inc,Financials,Banks,Regional Banks,NASDAQ,$7B (Small),"1,449,100"
CBUS,Cibus Inc,Health Care,Biotechnology,Biotechnology,NASDAQ,$275M (Micro),"426,590"
CCAP,Crescent Capital BDC Inc,Financials,Capital Markets,Asset Management & Custody Banks,NASDAQ,$473M (Micro),"209,810"
CCB,Coastal Financial Corp (EVERETT),Financials,Banks,Regional Banks,NASDAQ,$1B (Micro),"212,750"
CCBG,Capital City Bank Group Inc,Financials,Banks,Regional Banks,NASDAQ,$720M (Micro),"98,840"
CCC,CCC Intelligent Solutions Holdings Inc,Information Technology,Software,Application Software,NASDAQ,$4B (Small),"16,080,150"
CCCC,C4 Therapeutics Inc,Health Care,Biotechnology,Biotechnology,NASDAQ,$292M (Micro),"4,367,280"
CCEP,Coca-Cola Europacific Partners PLC,Consumer Staples,Beverages,Soft Drinks & Non-alcoholic Beverages,NASDAQ,$45B (Large),"1,825,190"
CCG,Cheche Group Inc,Financials,Insurance,Insurance Brokers,NASDAQ,$64M (Micro),"68,280"
CCHH,CCH Holdings Ltd,Consumer Discretionary,"Hotels, Restaurants & Leisure",Restaurants,NASDAQ,$16M (Micro),"5,353,060"
CCLD,CareCloud Inc,Health Care,Health Care Technology,Health Care Technology,NASDAQ,$113M (Micro),"264,620"
CCNE,CNB Financial Corp,Financials,Banks,Regional Banks,NASDAQ,$795M (Micro),"135,610"
CCOI,Cogent Communications Holdings Inc,Communication Services,Diversified Telecommunication Services,Alternative Carriers,NASDAQ,$1B (Micro),"1,190,310"
CCRN,Cross Country Healthcare Inc,Health Care,Health Care Providers & Services,Health Care Services,NASDAQ,$316M (Micro),"765,270"
CCSI,Consensus Cloud Solutions Inc,Information Technology,Software,Application Software,NASDAQ,$565M (Micro),"169,130"
CD,Chaince Digital Holdings Inc,Information Technology,Software,Application Software,NASDAQ,$345M (Micro),"252,250"
CDIO,Cardio Diagnostics Holdings Inc,Health Care,Biotechnology,Biotechnology,NASDAQ,$9M (Micro),"4,655,390"
CDLX,Cardlytics Inc,Communication Services,Media,Advertising,NASDAQ,$39M (Micro),"821,060"
CDNA,CareDx Inc,Health Care,Biotechnology,Biotechnology,NASDAQ,$878M (Micro),"732,370"
CDNL,Cardinal Infrastructure Group Inc,Industrials,Construction & Engineering,Construction & Engineering,NASDAQ,$444M (Micro),"295,900"
CDNS,Cadence Design Systems Inc,Information Technology,Software,Application Software,NASDAQ,$81B (Large),"2,828,620"
CDT,CDT Equity Inc,Health Care,Life Sciences Tools & Services,Life Sciences Tools & Services,NASDAQ,$3M (Micro),"117,020"
CDTG,CDT Environmental Technology Investment Holdings Ltd,Industrials,Commercial Services & Supplies,Environmental & Facilities Services,NASDAQ,$5M (Micro),"4,592,970"
CDW,CDW Corp,Information Technology,"Electronic Equipment, Instruments & Components",Technology Distributors,NASDAQ,$15B (Mid),"1,622,820"
CDXS,Codexis Inc,Health Care,Life Sciences Tools & Services,Life Sciences Tools & Services,NASDAQ,$115M (Micro),"1,973,810"
CDZI,Cadiz Inc,Utilities,Water Utilities,Water Utilities,NASDAQ,$432M (Micro),"591,490"
CECO,CECO Environmental Corp,Industrials,Machinery,Industrial Machinery & Supplies & Components,NASDAQ,$2B (Micro),"1,092,200"
CEG,Constellation Energy Corp,Utilities,Electric Utilities,Electric Utilities,NASDAQ,$109B (Large),"3,416,330"
CELC,Celcuity Inc,Health Care,Biotechnology,Biotechnology,NASDAQ,$5B (Small),"649,860"
CELH,Celsius Holdings Inc,Consumer Staples,Beverages,Soft Drinks & Non-alcoholic Beverages,NASDAQ,$12B (Mid),"8,162,020"
CELU,Celularity Inc,Health Care,Biotechnology,Biotechnology,NASDAQ,$37M (Micro),"722,940"
CENN,Cenntro Inc (The Corporation),Consumer Discretionary,Automobiles,Automobile Manufacturers,NASDAQ,$10M (Micro),"897,170"
CENT,Central Garden & Pet Co,Consumer Staples,Household Products,Household Products,NASDAQ,$414M (Micro),"58,870"
CENX,Century Aluminum Co,Materials,Metals & Mining,Aluminum,NASDAQ,$6B (Small),"2,509,700"
CERS,Cerus Corp,Health Care,Health Care Equipment & Supplies,Health Care Supplies,NASDAQ,$344M (Micro),"2,369,690"
CERT,Certara Inc,Health Care,Health Care Technology,Health Care Technology,NASDAQ,$1B (Micro),"3,798,160"
CETX,Cemtrex Inc,Information Technology,"Electronic Equipment, Instruments & Components",Electronic Equipment & Instruments,NASDAQ,$7M (Micro),"766,110"
CETY,Clean Energy Technologies Inc,Energy,"Oil, Gas & Consumable Fuels",Oil & Gas Storage & Transportation,NASDAQ,$11M (Micro),"166,510"
CEVA,CEVA Inc,Information Technology,Semiconductors & Semiconductor Equipment,Semiconductors,NASDAQ,$551M (Micro),"436,630"
CFBK,CF Bankshares Inc,Financials,Banks,Regional Banks,NASDAQ,$188M (Micro),"58,290"
CFFN,Capitol Federal Financial Inc,Financials,Banks,Regional Banks,NASDAQ,$908M (Micro),"875,590"
CFLT,Confluent Inc,Information Technology,Software,Application Software,NASDAQ,$11B (Mid),"7,368,900"
CG,Carlyle Group Inc,Financials,Capital Markets,Asset Management & Custody Banks,NASDAQ,$17B (Mid),"3,883,010"
CGBD,Carlyle Secured Lending Inc,Financials,Capital Markets,Asset Management & Custody Banks,NASDAQ,$782M (Micro),"935,810"
CGEM,Cullinan Therapeutics Inc,Health Care,Biotechnology,Biotechnology,NASDAQ,$866M (Micro),"935,320"
CGEN,Compugen Ltd,Health Care,Biotechnology,Biotechnology,NASDAQ,$216M (Micro),"444,680"
CGNT,Cognyte Software Ltd,Information Technology,Software,Application Software,NASDAQ,$623M (Micro),"467,820"
CGNX,Cognex Corp,Information Technology,"Electronic Equipment, Instruments & Components",Electronic Equipment & Instruments,NASDAQ,$8B (Mid),"2,302,410"
CGON,CG Oncology Inc,Health Care,Biotechnology,Biotechnology,NASDAQ,$5B (Small),"1,062,070"
CGTL,Creative Global Technology Holdings Ltd,Information Technology,"Electronic Equipment, Instruments & Components",Technology Distributors,NASDAQ,$34M (Micro),"163,750"
CGTX,Cognition Therapeutics Inc,Health Care,Pharmaceuticals,Pharmaceuticals,NASDAQ,$101M (Micro),"714,280"
CHA,Chagee Holdings Ltd,Consumer Discretionary,"Hotels, Restaurants & Leisure",Restaurants,NASDAQ,$2B (Micro),"478,590"
CHCO,City Holding Co,Financials,Banks,Regional Banks,NASDAQ,$2B (Micro),"104,040"
CHDN,Churchill Downs Inc,Consumer Discretionary,"Hotels, Restaurants & Leisure",Casinos & Gaming,NASDAQ,$6B (Small),"1,439,930"
CHEF,Chefs' Warehouse Inc,Consumer Staples,Consumer Staples Distribution & Retail,Food Distributors,NASDAQ,$3B (Small),"568,530"
CHKP,Check Point Software Technologies Ltd,Information Technology,Software,Systems Software,NASDAQ,$17B (Mid),"1,344,170"
CHR,Cheer Holding Inc,Communication Services,Interactive Media & Services,Interactive Media & Services,NASDAQ,$5M (Micro),"67,740"
CHRD,Chord Energy Corp,Energy,"Oil, Gas & Consumable Fuels",Oil & Gas Exploration & Production,NASDAQ,$7B (Small),"1,560,050"
CHRS,Coherus Oncology Inc,Health Care,Biotechnology,Biotechnology,NASDAQ,$267M (Micro),"1,379,950"
CHRW,CH Robinson Worldwide Inc,Industrials,Air Freight & Logistics,Air Freight & Logistics,NASDAQ,$21B (Mid),"1,914,010"
CHTR,Charter Communications Inc,Communication Services,Media,Cable & Satellite,NASDAQ,$28B (Mid),"1,564,070"
CHYM,Chime Financial Inc,Financials,Financial Services,Transaction & Payment Processing Services,NASDAQ,$9B (Mid),"5,114,430"
CIFR,Cipher Mining Inc,Information Technology,Software,Application Software,NASDAQ,$6B (Small),"24,805,720"
CIGI,Colliers International Group Inc,Real Estate,Real Estate Management & Development,Real Estate Services,NASDAQ,$6B (Small),"347,240"
CIGL,Concorde International Group Ltd,Industrials,Commercial Services & Supplies,Security & Alarm Services,NASDAQ,$44M (Micro),"70,610"
CIIT,Tianci International Inc,Industrials,Marine Transportation,Marine Transportation,NASDAQ,$8M (Micro),"5,791,010"
CINF,Cincinnati Financial Corp,Financials,Insurance,Property & Casualty Insurance,NASDAQ,$26B (Mid),"816,740"
CING,Cingulate Inc,Health Care,Pharmaceuticals,Pharmaceuticals,NASDAQ,$66M (Micro),"359,120"
CISO,CISO Global Inc,Information Technology,IT Services,IT Consulting & Other Services,NASDAQ,$17M (Micro),"156,280"
CISS,C3is Inc,Industrials,Marine Transportation,Marine Transportation,NASDAQ,$3M (Micro),"1,870,690"
CIVB,Civista Bancshares Inc,Financials,Banks,Regional Banks,NASDAQ,$459M (Micro),"89,350"
CJMB,Callan JMB Inc,Industrials,Air Freight & Logistics,Air Freight & Logistics,NASDAQ,$9M (Micro),"154,650"
CLBK,Columbia Financial Inc,Financials,Banks,Regional Banks,NASDAQ,$2B (Micro),"285,430"
CLBT,Cellebrite DI Ltd,Information Technology,Software,Application Software,NASDAQ,$4B (Small),"1,700,080"
CLDX,Celldex Therapeutics Inc,Health Care,Biotechnology,Biotechnology,NASDAQ,$2B (Micro),"1,426,020"
CLFD,Clearfield Inc,Information Technology,Communications Equipment,Communications Equipment,NASDAQ,$402M (Micro),"79,940"
CLGN,Collplant Biotechnologies Ltd,Health Care,Biotechnology,Biotechnology,NASDAQ,$8M (Micro),"60,600"
CLIR,ClearSign Technologies Corp,Industrials,Machinery,Industrial Machinery & Supplies & Components,NASDAQ,$24M (Micro),"143,830"
CLMB,Climb Global Solutions Inc,Information Technology,"Electronic Equipment, Instruments & Components",Technology Distributors,NASDAQ,$378M (Micro),"94,310"
CLMT,Calumet Inc,Energy,"Oil, Gas & Consumable Fuels",Oil & Gas Refining & Marketing,NASDAQ,$3B (Small),"1,608,970"
CLNE,Clean Energy Fuels Corp,Energy,"Oil, Gas & Consumable Fuels",Oil & Gas Refining & Marketing,NASDAQ,$483M (Micro),"1,323,490"
CLNN,Clene Inc,Health Care,Biotechnology,Biotechnology,NASDAQ,$61M (Micro),"58,570"
CLOV,Clover Health Investments Corp,Health Care,Health Care Providers & Services,Managed Health Care,NASDAQ,$1B (Micro),"6,268,630"
CLPT,Clearpoint Neuro Inc,Health Care,Health Care Equipment & Supplies,Health Care Equipment,NASDAQ,$346M (Micro),"1,658,060"
CLRB,Cellectar Biosciences Inc,Health Care,Biotechnology,Biotechnology,NASDAQ,$13M (Micro),"69,160"
CLSK,CleanSpark Inc,Information Technology,Software,Application Software,NASDAQ,$3B (Small),"18,202,020"
CLYM,Climb Bio Inc,Health Care,Biotechnology,Biotechnology,NASDAQ,$350M (Micro),"776,990"
CMBM,Cambium Networks Corp,Information Technology,Communications Equipment,Communications Equipment,NASDAQ,$34M (Micro),"158,420"
CMCO,Columbus McKinnon Corp,Industrials,Machinery,Industrial Machinery & Supplies & Components,NASDAQ,$468M (Micro),"469,060"
CMCSA,Comcast Corp,Communication Services,Diversified Telecommunication Services,Integrated Telecommunication Services,NASDAQ,$110B (Large),"28,529,340"
CMCT,Creative Media & Community Trust Corporation,Real Estate,Office REITs,Office REITs,NASDAQ,$4M (Micro),"108,860"
CME,CME Group Inc,Financials,Capital Markets,Financial Exchanges & Data,NASDAQ,$109B (Large),"2,708,310"
CMMB,Chemomab Therapeutics Ltd,Health Care,Biotechnology,Biotechnology,NASDAQ,$12M (Micro),"104,560"
CMND,Clearmind Medicine Inc,Health Care,Pharmaceuticals,Pharmaceuticals,NASDAQ,$1M (Micro),"92,990"
CMPR,Cimpress PLC,Industrials,Commercial Services & Supplies,Commercial Printing,NASDAQ,$2B (Micro),"112,610"
CMPS,Compass Pathways PLC,Health Care,Biotechnology,Biotechnology,NASDAQ,$782M (Micro),"3,315,980"
CMPX,Compass Therapeutics Inc.,Health Care,Biotechnology,Biotechnology,NASDAQ,$1B (Micro),"2,501,140"
CMRC,Commerce.com Inc,Information Technology,IT Services,Internet Services & Infrastructure,NASDAQ,$235M (Micro),"914,000"
CMTL,Comtech Telecommunications Corp,Information Technology,Communications Equipment,Communications Equipment,NASDAQ,$151M (Micro),"298,050"
CNDT,Conduent Inc,Industrials,Professional Services,Data Processing & Outsourced Services,NASDAQ,$203M (Micro),"1,455,220"
CNEY,CN Energy Group Inc,Materials,Chemicals,Commodity Chemicals,NASDAQ,$5M (Micro),"179,790"
CNOB,ConnectOne Bancorp Inc,Financials,Banks,Regional Banks,NASDAQ,$1B (Micro),"306,320"
CNTA,Centessa Pharmaceuticals PLC,Health Care,Biotechnology,Biotechnology,NASDAQ,$4B (Small),"1,336,870"
CNTN,Canton Strategic Holdings Inc,Health Care,Biotechnology,Biotechnology,NASDAQ,$240M (Micro),"612,710"
CNVS,Cineverse Corp,Communication Services,Entertainment,Movies & Entertainment,NASDAQ,$59M (Micro),"158,850"
CNXC,Concentrix Corp,Industrials,Professional Services,Data Processing & Outsourced Services,NASDAQ,$2B (Micro),"1,189,030"
CNXN,PC Connection Inc,Information Technology,"Electronic Equipment, Instruments & Components",Technology Distributors,NASDAQ,$2B (Micro),"70,580"
COCH,Envoy Medical Inc,Health Care,Health Care Equipment & Supplies,Health Care Equipment,NASDAQ,$22M (Micro),"204,860"
COCO,Vita Coco Company Inc,Consumer Staples,Beverages,Soft Drinks & Non-alcoholic Beverages,NASDAQ,$3B (Small),"947,480"
CODA,Coda Octopus Group Inc,Information Technology,"Electronic Equipment, Instruments & Components",Electronic Equipment & Instruments,NASDAQ,$165M (Micro),"350,330"
COFS,ChoiceOne Financial Services Inc,Financials,Banks,Regional Banks,NASDAQ,$415M (Micro),"108,150"
COGT,Cogent Biosciences Inc,Health Care,Biotechnology,Biotechnology,NASDAQ,$6B (Small),"1,827,720"
COHU,Cohu Inc,Information Technology,Semiconductors & Semiconductor Equipment,Semiconductor Materials & Equipment,NASDAQ,$1B (Micro),"568,800"
COIN,Coinbase Global Inc,Financials,Capital Markets,Financial Exchanges & Data,NASDAQ,$52B (Large),"14,975,640"
COKE,Coca-Cola Consolidated Inc,Consumer Staples,Beverages,Soft Drinks & Non-alcoholic Beverages,NASDAQ,$14B (Mid),"527,320"
COLB,Columbia Banking System Inc,Financials,Banks,Regional Banks,NASDAQ,$8B (Mid),"3,121,920"
COLL,Collegium Pharmaceutical Inc,Health Care,Pharmaceuticals,Pharmaceuticals,NASDAQ,$1B (Micro),"646,270"
COLM,Columbia Sportswear Co,Consumer Discretionary,"Textiles, Apparel & Luxury Goods","Apparel, Accessories & Luxury Goods",NASDAQ,$3B (Small),"581,760"
COO,Cooper Companies Inc,Health Care,Health Care Equipment & Supplies,Health Care Supplies,NASDAQ,$14B (Mid),"2,488,260"
COOT,Australian Oilseeds Holdings Ltd,Consumer Staples,Food Products,Packaged Foods & Meats,NASDAQ,$22M (Micro),"1,438,390"
CORT,Corcept Therapeutics Inc,Health Care,Pharmaceuticals,Pharmaceuticals,NASDAQ,$4B (Small),"1,437,380"
CORZ,Core Scientific Inc,Information Technology,Software,Application Software,NASDAQ,$5B (Small),"13,553,120"
COSM,Cosmos Health Inc,Health Care,Health Care Providers & Services,Health Care Distributors,NASDAQ,$13M (Micro),"470,690"
COST,Costco Wholesale Corp,Consumer Staples,Consumer Staples Distribution & Retail,Consumer Staples Merchandise Retail,NASDAQ,$440B (Large),"2,247,970"
COYA,Coya Therapeutics Inc,Health Care,Biotechnology,Biotechnology,NASDAQ,$116M (Micro),"107,780"
CPB,Campbell's Co,Consumer Staples,Food Products,Packaged Foods & Meats,NASDAQ,$7B (Small),"8,912,520"
CPOP,Pop Culture Group Co Ltd,Communication Services,Entertainment,Movies & Entertainment,NASDAQ,$26M (Micro),"74,160"
CPRT,Copart Inc,Industrials,Commercial Services & Supplies,Diversified Support Services,NASDAQ,$34B (Mid),"10,276,550"
CPRX,Catalyst Pharmaceuticals Inc,Health Care,Biotechnology,Biotechnology,NASDAQ,$3B (Small),"1,386,360"
CPSH,CPS Technologies Corp,Information Technology,"Electronic Equipment, Instruments & Components",Electronic Components,NASDAQ,$72M (Micro),"222,150"
CRAI,CRA International Inc,Industrials,Professional Services,Research & Consulting Services,NASDAQ,$1B (Micro),"210,390"
CRBP,Corbus Pharmaceuticals Holdings Inc,Health Care,Biotechnology,Biotechnology,NASDAQ,$185M (Micro),"287,460"
CRBU,Caribou Biosciences Inc,Health Care,Biotechnology,Biotechnology,NASDAQ,$190M (Micro),"1,420,370"
CRCT,Cricut Inc,Consumer Discretionary,Household Durables,Household Appliances,NASDAQ,$858M (Micro),"800,270"
CRDF,Cardiff Oncology Inc,Health Care,Biotechnology,Biotechnology,NASDAQ,$137M (Micro),"934,340"
CRDO,Credo Technology Group Holding Ltd,Information Technology,Semiconductors & Semiconductor Equipment,Semiconductors,NASDAQ,$21B (Mid),"9,359,420"
CRE,Cre8 Enterprise Ltd,Industrials,Commercial Services & Supplies,Commercial Printing,NASDAQ,$7M (Micro),"2,493,400"
CREG,Smart Powerr Corp,Industrials,Commercial Services & Supplies,Environmental & Facilities Services,NASDAQ,$25M (Micro),"61,200"
CRESY,Cresud SACIF y A,Consumer Staples,Food Products,Agricultural Products & Services,NASDAQ,$741M (Micro),"314,940"
CRGO,Freightos Ltd,Industrials,Air Freight & Logistics,Air Freight & Logistics,NASDAQ,$65M (Micro),"179,160"
CRIS,Curis Inc,Health Care,Biotechnology,Biotechnology,NASDAQ,$14M (Micro),"101,160"
CRMD,CorMedix Inc,Health Care,Pharmaceuticals,Pharmaceuticals,NASDAQ,$529M (Micro),"1,854,570"
CRML,Critical Metals Corp,Materials,Metals & Mining,Diversified Metals & Mining,NASDAQ,$1B (Micro),"7,845,820"
CRMT,America's CAR-MART Inc,Consumer Discretionary,Specialty Retail,Automotive Retail,NASDAQ,$158M (Micro),"88,620"
CRNC,Cerence Inc,Information Technology,Software,Application Software,NASDAQ,$316M (Micro),"696,230"
CRNT,Ceragon Networks Ltd,Information Technology,Communications Equipment,Communications Equipment,NASDAQ,$203M (Micro),"323,920"
CRNX,Crinetics Pharmaceuticals Inc,Health Care,Pharmaceuticals,Pharmaceuticals,NASDAQ,$4B (Small),"1,132,630"
CROX,Crocs Inc,Consumer Discretionary,"Textiles, Apparel & Luxury Goods",Footwear,NASDAQ,$4B (Small),"1,384,910"
CRSP,CRISPR Therapeutics AG,Health Care,Biotechnology,Biotechnology,NASDAQ,$5B (Small),"2,396,090"
CRSR,Corsair Gaming Inc,Information Technology,"Technology Hardware, Storage & Peripherals","Technology Hardware, Storage & Peripherals",NASDAQ,$608M (Micro),"1,830,710"
CRTO,Criteo SA,Communication Services,Media,Advertising,NASDAQ,$925M (Micro),"868,990"
CRUS,Cirrus Logic Inc,Information Technology,Semiconductors & Semiconductor Equipment,Semiconductors,NASDAQ,$7B (Small),"594,150"
CRVL,CorVel Corp,Health Care,Health Care Providers & Services,Health Care Services,NASDAQ,$3B (Small),"224,050"
CRVO,CervoMed Inc,Health Care,Biotechnology,Biotechnology,NASDAQ,$41M (Micro),"153,850"
CRVS,Corvus Pharmaceuticals Inc,Health Care,Biotechnology,Biotechnology,NASDAQ,$1B (Micro),"1,064,060"
CRWD,CrowdStrike Holdings Inc,Information Technology,Software,Systems Software,NASDAQ,$112B (Large),"5,458,460"
CRWV,CoreWeave Inc,Information Technology,IT Services,Internet Services & Infrastructure,NASDAQ,$43B (Large),"27,777,780"
CSAI,Cloudastructure Inc,Information Technology,IT Services,Internet Services & Infrastructure,NASDAQ,$12M (Micro),"134,490"
CSCO,Cisco Systems Inc,Information Technology,Communications Equipment,Communications Equipment,NASDAQ,$308B (Large),"23,143,540"
CSGP,CoStar Group Inc,Real Estate,Real Estate Management & Development,Real Estate Services,NASDAQ,$19B (Mid),"6,359,110"
CSGS,Csg Systems International Inc,Industrials,Professional Services,Data Processing & Outsourced Services,NASDAQ,$2B (Small),"309,690"
CSIQ,Canadian Solar Inc,Information Technology,Semiconductors & Semiconductor Equipment,Semiconductors,NASDAQ,$1B (Micro),"2,088,220"
CSTE,Caesarstone Ltd,Industrials,Building Products,Building Products,NASDAQ,$26M (Micro),"577,800"
CSTL,Castle Biosciences Inc,Health Care,Health Care Providers & Services,Health Care Services,NASDAQ,$777M (Micro),"526,160"
CSWC,Capital Southwest Corp,Financials,Capital Markets,Asset Management & Custody Banks,NASDAQ,$1B (Micro),"707,620"
CSX,CSX Corp,Industrials,Ground Transportation,Rail Transportation,NASDAQ,$75B (Large),"13,091,170"
CTAS,Cintas Corp,Industrials,Commercial Services & Supplies,Diversified Support Services,NASDAQ,$79B (Large),"2,150,450"
CTBI,Community Trust Bancorp Inc,Financials,Banks,Regional Banks,NASDAQ,$1B (Micro),"81,120"
CTKB,Cytek Biosciences Inc,Health Care,Life Sciences Tools & Services,Life Sciences Tools & Services,NASDAQ,$535M (Micro),"881,130"
CTLP,Cantaloupe Inc,Financials,Financial Services,Transaction & Payment Processing Services,NASDAQ,$771M (Micro),"1,244,080"
CTMX,CytomX Therapeutics Inc,Health Care,Biotechnology,Biotechnology,NASDAQ,$827M (Micro),"2,588,190"
CTNM,Contineum Therapeutics Inc,Health Care,Pharmaceuticals,Pharmaceuticals,NASDAQ,$559M (Micro),"247,790"
CTNT,Cheetah Net Supply Chain Service Inc,Consumer Discretionary,Distributors,Distributors,NASDAQ,$58M (Micro),"70,960"
CTOR,Citius Oncology Inc,Health Care,Biotechnology,Biotechnology,NASDAQ,$82M (Micro),"613,670"
CTRM,Castor Maritime Inc,Industrials,Marine Transportation,Marine Transportation,NASDAQ,$22M (Micro),"82,200"
CTRN,Citi Trends Inc,Consumer Discretionary,Specialty Retail,Apparel Retail,NASDAQ,$410M (Micro),"78,190"
CTSH,Cognizant Technology Solutions Corp,Information Technology,IT Services,IT Consulting & Other Services,NASDAQ,$30B (Mid),"7,877,700"
CTSO,Cytosorbents Corp,Health Care,Health Care Equipment & Supplies,Health Care Equipment,NASDAQ,$46M (Micro),"64,600"
CTXR,Citius Pharmaceuticals Inc,Health Care,Pharmaceuticals,Pharmaceuticals,NASDAQ,$20M (Micro),"826,680"
CUE,Cue Biopharma Inc,Health Care,Biotechnology,Biotechnology,NASDAQ,$26M (Micro),"492,870"
CUPR,Cuprina Holdings (Cayman) Ltd,Health Care,Health Care Equipment & Supplies,Health Care Supplies,NASDAQ,$9M (Micro),"824,020"
CURR,CURRENC Group Inc,Financials,Financial Services,Transaction & Payment Processing Services,NASDAQ,$174M (Micro),"140,220"
CURX,Curanex Pharmaceuticals Inc,Health Care,Pharmaceuticals,Pharmaceuticals,NASDAQ,$12M (Micro),"25,764,810"
CV,CapsoVision Inc,Health Care,Health Care Equipment & Supplies,Health Care Equipment,NASDAQ,$248M (Micro),"219,300"
CVBF,CVB Financial Corp,Financials,Banks,Regional Banks,NASDAQ,$3B (Small),"1,303,220"
CVCO,Cavco Industries Inc,Consumer Discretionary,Household Durables,Homebuilding,NASDAQ,$4B (Small),"175,470"
CVGI,Commercial Vehicle Group Inc,Industrials,Machinery,Construction Machinery & Heavy Transportation Equipment,NASDAQ,$74M (Micro),"345,930"
CVGW,Calavo Growers Inc,Consumer Staples,Food Products,Packaged Foods & Meats,NASDAQ,$450M (Micro),"151,480"
CVKD,Cadrenal Therapeutics Inc,Health Care,Pharmaceuticals,Pharmaceuticals,NASDAQ,$18M (Micro),"53,870"
CVLT,Commvault Systems Inc,Information Technology,Software,Systems Software,NASDAQ,$4B (Small),"1,144,250"
CVRX,CVRx Inc,Health Care,Health Care Equipment & Supplies,Health Care Equipment,NASDAQ,$206M (Micro),"366,020"
CVV,CVD Equipment Corp,Information Technology,Semiconductors & Semiconductor Equipment,Semiconductor Materials & Equipment,NASDAQ,$32M (Micro),"60,620"
CWBC,Community West Bancshares,Financials,Banks,Regional Banks,NASDAQ,$433M (Micro),"136,210"
CWCO,Consolidated Water Co Ltd,Utilities,Water Utilities,Water Utilities,NASDAQ,$547M (Micro),"103,110"
CWD,CaliberCos Inc,Financials,Capital Markets,Asset Management & Custody Banks,NASDAQ,$10M (Micro),"77,930"
CWST,Casella Waste Systems Inc,Industrials,Commercial Services & Supplies,Environmental & Facilities Services,NASDAQ,$6B (Small),"1,090,300"
CXAI,CXApp Inc,Information Technology,Software,Application Software,NASDAQ,$8M (Micro),"14,893,390"
CXDO,Crexendo Inc,Information Technology,IT Services,Internet Services & Infrastructure,NASDAQ,$218M (Micro),"307,830"
CYCN,Cyclerion Therapeutics Inc,Health Care,Biotechnology,Biotechnology,NASDAQ,$6M (Micro),"50,260"
CYCU,Cycurion Inc,Industrials,Professional Services,Research & Consulting Services,NASDAQ,$7M (Micro),"73,540"
CYN,CYNGN Inc,Information Technology,Software,Application Software,NASDAQ,$15M (Micro),"315,160"
CYPH,Cypherpunk Technologies Inc,Health Care,Biotechnology,Biotechnology,NASDAQ,$33M (Micro),"2,212,540"
CYRX,Cryoport Inc,Health Care,Life Sciences Tools & Services,Life Sciences Tools & Services,NASDAQ,$399M (Micro),"486,950"
CYTK,Cytokinetics Inc,Health Care,Biotechnology,Biotechnology,NASDAQ,$8B (Mid),"2,248,550"
CZR,Caesars Entertainment Inc,Consumer Discretionary,"Hotels, Restaurants & Leisure",Casinos & Gaming,NASDAQ,$6B (Small),"7,573,800"
CZWI,Citizens Community Bancorp Inc,Financials,Banks,Regional Banks,NASDAQ,$175M (Micro),"53,990"
DAIC,CID HoldCo Inc,Information Technology,Software,Application Software,NASDAQ,$7M (Micro),"758,910"
DAKT,Daktronics Inc,Information Technology,"Electronic Equipment, Instruments & Components",Electronic Equipment & Instruments,NASDAQ,$1B (Micro),"772,430"
DARE,Dare Bioscience Inc,Health Care,Pharmaceuticals,Pharmaceuticals,NASDAQ,$21M (Micro),"70,090"
DASH,DoorDash Inc,Consumer Discretionary,"Hotels, Restaurants & Leisure",Restaurants,NASDAQ,$74B (Large),"4,337,860"
DAVE,Dave Inc,Financials,Consumer Finance,Consumer Finance,NASDAQ,$3B (Small),"918,950"
DAWN,Day One Biopharmaceuticals Inc,Health Care,Biotechnology,Biotechnology,NASDAQ,$2B (Small),"12,400,810"
DBVT,Dbv Technologies SA,Health Care,Biotechnology,Biotechnology,NASDAQ,$1B (Micro),"244,480"
DBX,Dropbox Inc,Information Technology,Software,Application Software,NASDAQ,$6B (Small),"4,397,060"
DCGO,DocGo Inc,Health Care,Health Care Providers & Services,Health Care Services,NASDAQ,$63M (Micro),"754,420"
DCOM,Dime Community Bancshares Inc,Financials,Banks,Regional Banks,NASDAQ,$1B (Micro),"242,740"
DCTH,Delcath Systems Inc,Health Care,Health Care Equipment & Supplies,Health Care Equipment,NASDAQ,$336M (Micro),"628,490"
DDI,DoubleDown Interactive Co Ltd,Communication Services,Entertainment,Interactive Home Entertainment,NASDAQ,$444M (Micro),"65,260"
DDOG,Datadog Inc,Information Technology,Software,Application Software,NASDAQ,$45B (Large),"5,338,980"
DERM,Journey Medical Corp,Health Care,Pharmaceuticals,Pharmaceuticals,NASDAQ,$223M (Micro),"111,460"
DFDV,DeFi Development Corp,Financials,Consumer Finance,Consumer Finance,NASDAQ,$131M (Micro),"1,480,600"
DFLI,Dragonfly Energy Holdings Corp,Industrials,Electrical Equipment,Electrical Components & Equipment,NASDAQ,$34M (Micro),"274,730"
DFNS,T3 Defense Inc,Information Technology,Software,Application Software,NASDAQ,$31M (Micro),"3,750,480"
DFTX,Definium Therapeutics Inc,Health Care,Pharmaceuticals,Pharmaceuticals,NASDAQ,$2B (Micro),"1,876,880"
DGICA,Donegal Group Inc,Financials,Insurance,Property & Casualty Insurance,NASDAQ,$524M (Micro),"105,240"
DGII,Digi International Inc,Information Technology,Communications Equipment,Communications Equipment,NASDAQ,$2B (Micro),"242,690"
DGNX,Diginex Ltd,Information Technology,Software,Application Software,NASDAQ,$120M (Micro),"2,091,010"
DH,Definitive Healthcare Corp,Health Care,Health Care Technology,Health Care Technology,NASDAQ,$124M (Micro),"435,340"
DHC,Diversified Healthcare Trust,Real Estate,Health Care REITs,Health Care REITs,NASDAQ,$2B (Micro),"2,273,310"
DIBS,1stdibs.Com Inc,Consumer Discretionary,Broadline Retail,Broadline Retail,NASDAQ,$198M (Micro),"286,850"
DIOD,Diodes Inc,Information Technology,Semiconductors & Semiconductor Equipment,Semiconductors,NASDAQ,$3B (Small),"517,670"
DJCO,Daily Journal Corp,Information Technology,Software,Application Software,NASDAQ,$742M (Micro),"113,220"
DJT,Trump Media & Technology Group Corp,Communication Services,Interactive Media & Services,Interactive Media & Services,NASDAQ,$3B (Small),"3,195,550"
DKI,DarkIris Inc,Communication Services,Entertainment,Interactive Home Entertainment,NASDAQ,$9M (Micro),"93,840"
DKNG,Draftkings Inc,Consumer Discretionary,"Hotels, Restaurants & Leisure",Casinos & Gaming,NASDAQ,$13B (Mid),"14,816,810"
DLO,Dlocal Ltd,Financials,Financial Services,Transaction & Payment Processing Services,NASDAQ,$4B (Small),"988,400"
DLTR,Dollar Tree Inc,Consumer Staples,Consumer Staples Distribution & Retail,Consumer Staples Merchandise Retail,NASDAQ,$23B (Mid),"2,543,980"
DLXY,Delixy Holdings Ltd,Energy,"Oil, Gas & Consumable Fuels",Oil & Gas Storage & Transportation,NASDAQ,$14M (Micro),"9,362,150"
DMAC,DiaMedica Therapeutics Inc,Health Care,Biotechnology,Biotechnology,NASDAQ,$402M (Micro),"190,040"
DMLP,Dorchester Minerals LP,Energy,"Oil, Gas & Consumable Fuels",Oil & Gas Exploration & Production,NASDAQ,$1B (Micro),"186,430"
DMRA,Damora Therapeutics Inc,Health Care,Biotechnology,Biotechnology,NASDAQ,$2B (Micro),"204,200"
DMRC,Digimarc Corp,Information Technology,Software,Application Software,NASDAQ,$122M (Micro),"260,790"
DNLI,Denali Therapeutics Inc,Health Care,Biotechnology,Biotechnology,NASDAQ,$3B (Small),"1,615,450"
DNTH,Dianthus Therapeutics Inc,Health Care,Biotechnology,Biotechnology,NASDAQ,$4B (Small),"1,459,130"
DOCU,DocuSign Inc,Information Technology,Software,Application Software,NASDAQ,$10B (Mid),"5,915,680"
DOGZ,Dogness International Corp,Consumer Discretionary,"Textiles, Apparel & Luxury Goods","Apparel, Accessories & Luxury Goods",NASDAQ,$23M (Micro),"121,040"
DOMO,Domo Inc,Information Technology,Software,Application Software,NASDAQ,$208M (Micro),"1,415,100"
DORM,Dorman Products Inc,Consumer Discretionary,Automobile Components,Automotive Parts & Equipment,NASDAQ,$3B (Small),"383,330"
DOX,Amdocs Ltd,Information Technology,IT Services,IT Consulting & Other Services,NASDAQ,$7B (Small),"1,394,250"
DOYU,Douyu International Holdings Ltd,Communication Services,Entertainment,Interactive Home Entertainment,NASDAQ,$167M (Micro),"65,470"
DPZ,Domino's Pizza Inc,Consumer Discretionary,"Hotels, Restaurants & Leisure",Restaurants,NASDAQ,$13B (Mid),"974,360"
DRCT,Direct Digital Holdings Inc,Communication Services,Media,Advertising,NASDAQ,$2M (Micro),"220,440"
DRH,Diamondrock Hospitality Co,Real Estate,Hotel & Resort REITs,Hotel & Resort REITs,NASDAQ,$2B (Micro),"2,575,170"
DRMA,Dermata Therapeutics Inc,Health Care,Biotechnology,Biotechnology,NASDAQ,$3M (Micro),"148,930"
DRS,Leonardo DRS Inc,Industrials,Aerospace & Defense,Aerospace & Defense,NASDAQ,$12B (Mid),"1,623,110"
DRTS,Alpha Tau Medical Ltd,Health Care,Health Care Equipment & Supplies,Health Care Equipment,NASDAQ,$620M (Micro),"374,160"
DRVN,Driven Brands Holdings Inc,Consumer Discretionary,Diversified Consumer Services,Specialized Consumer Services,NASDAQ,$2B (Micro),"3,956,020"
DSGN,Design Therapeutics Inc,Health Care,Biotechnology,Biotechnology,NASDAQ,$617M (Micro),"199,740"
DSGR,Distribution Solutions Group Inc,Industrials,Trading Companies & Distributors,Trading Companies & Distributors,NASDAQ,$952M (Micro),"169,870"
DSGX,Descartes Systems Group Inc,Information Technology,Software,Application Software,NASDAQ,$6B (Small),"818,790"
DSP,Viant Technology Inc,Information Technology,Software,Application Software,NASDAQ,$692M (Micro),"185,330"
DTCK,Davis Commodities Ltd,Consumer Staples,Consumer Staples Distribution & Retail,Food Distributors,NASDAQ,$4M (Micro),"3,866,110"
DTCX,Datacentrex Inc,Information Technology,Software,Application Software,NASDAQ,$91M (Micro),"236,440"
DTIL,Precision BioSciences Inc,Health Care,Biotechnology,Biotechnology,NASDAQ,$116M (Micro),"244,000"
DUOL,Duolingo Inc,Consumer Discretionary,Diversified Consumer Services,Education Services,NASDAQ,$5B (Small),"5,360,100"
DUOT,Duos Technologies Group Inc,Information Technology,Software,Systems Software,NASDAQ,$222M (Micro),"822,140"
DVLT,Datavault AI Inc,Information Technology,Semiconductors & Semiconductor Equipment,Semiconductors,NASDAQ,$413M (Micro),"29,679,120"
DWSN,Dawson Geophysical Co,Energy,Energy Equipment & Services,Oil & Gas Equipment & Services,NASDAQ,$134M (Micro),"170,800"
DXCM,Dexcom Inc,Health Care,Health Care Equipment & Supplies,Health Care Equipment,NASDAQ,$26B (Mid),"3,762,300"
DXLG,Destination XL Group Inc,Consumer Discretionary,Specialty Retail,Apparel Retail,NASDAQ,$27M (Micro),"110,010"
DXPE,DXP Enterprises Inc,Industrials,Trading Companies & Distributors,Trading Companies & Distributors,NASDAQ,$2B (Micro),"117,440"
DXST,Decent Holding Inc,Industrials,Commercial Services & Supplies,Environmental & Facilities Services,NASDAQ,$20M (Micro),"214,480,630"
DYAI,Dyadic International Inc,Health Care,Biotechnology,Biotechnology,NASDAQ,$29M (Micro),"100,740"
DYN,Dyne Therapeutics Inc,Health Care,Biotechnology,Biotechnology,NASDAQ,$3B (Small),"2,760,740"
EA,Electronic Arts Inc,Communication Services,Entertainment,Interactive Home Entertainment,NASDAQ,$50B (Large),"2,527,990"
EBAY,eBay Inc,Consumer Discretionary,Broadline Retail,Broadline Retail,NASDAQ,$41B (Mid),"4,979,030"
EBC,Eastern Bankshares Inc,Financials,Banks,Regional Banks,NASDAQ,$4B (Small),"2,467,430"
ECOR,"electroCore, Inc.",Health Care,Health Care Equipment & Supplies,Health Care Equipment,NASDAQ,$51M (Micro),"56,480"
ECPG,Encore Capital Group Inc,Financials,Consumer Finance,Consumer Finance,NASDAQ,$1B (Micro),"463,500"
ECX,Ecarx Holdings Inc.,Consumer Discretionary,Automobile Components,Automotive Parts & Equipment,NASDAQ,$449M (Micro),"9,201,100"
EDAP,Edap Tms SA,Health Care,Health Care Equipment & Supplies,Health Care Equipment,NASDAQ,$155M (Micro),"51,050"
EDBL,Edible Garden AG Inc,Consumer Staples,Food Products,Agricultural Products & Services,NASDAQ,$1M (Micro),"197,720"
EDIT,Editas Medicine Inc,Health Care,Biotechnology,Biotechnology,NASDAQ,$260M (Micro),"2,387,850"
EDSA,Edesa Biotech Inc,Health Care,Biotechnology,Biotechnology,NASDAQ,$55M (Micro),"13,784,260"
EEFT,Euronet Worldwide Inc,Financials,Financial Services,Transaction & Payment Processing Services,NASDAQ,$3B (Small),"765,540"
EEIQ,EpicQuest Education Group International Ltd,Consumer Discretionary,Diversified Consumer Services,Education Services,NASDAQ,$4M (Micro),"118,370"
EFSC,Enterprise Financial Services Corp,Financials,Banks,Regional Banks,NASDAQ,$2B (Micro),"210,610"
EGAN,eGain Corp,Information Technology,Software,Application Software,NASDAQ,$257M (Micro),"219,910"
EGBN,Eagle Bancorp Inc,Financials,Banks,Regional Banks,NASDAQ,$743M (Micro),"307,730"
EGHT,8x8 Inc,Information Technology,Software,Application Software,NASDAQ,$304M (Micro),"1,256,440"
EH,EHang Holdings Ltd,Industrials,Aerospace & Defense,Aerospace & Defense,NASDAQ,$883M (Micro),"513,470"
EHGO,Eshallgo Inc,Industrials,Commercial Services & Supplies,Office Services & Supplies,NASDAQ,$7M (Micro),"64,030"
EHTH,eHealth Inc,Financials,Insurance,Insurance Brokers,NASDAQ,$48M (Micro),"1,757,060"
EIKN,Eikon Therapeutics Inc,Health Care,Biotechnology,Biotechnology,NASDAQ,$712M (Micro),"279,640"
EJH,E-Home Household Service Holdings Ltd,Consumer Discretionary,Diversified Consumer Services,Specialized Consumer Services,NASDAQ,$9M (Micro),"5,021,350"
EKSO,Ekso Bionics Holdings Inc,Health Care,Health Care Equipment & Supplies,Health Care Equipment,NASDAQ,$45M (Micro),"90,490"
ELAB,PMGC Holdings Inc,Consumer Staples,Personal Care Products,Personal Care Products,NASDAQ,$2M (Micro),"77,680"
ELDN,Eledon Pharmaceuticals Inc,Health Care,Biotechnology,Biotechnology,NASDAQ,$219M (Micro),"1,291,010"
ELOG,Eastern International Ltd,Industrials,Ground Transportation,Cargo Ground Transportation,NASDAQ,$14M (Micro),"184,580"
ELPW,eLong Power Holding Ltd,Industrials,Electrical Equipment,Electrical Components & Equipment,NASDAQ,$6M (Micro),"144,707,760"
ELTX,Elicio Therapeutics Inc,Health Care,Biotechnology,Biotechnology,NASDAQ,$206M (Micro),"195,850"
ELUT,Elutia Inc,Health Care,Biotechnology,Biotechnology,NASDAQ,$47M (Micro),"201,340"
ELVN,Enliven Therapeutics Inc,Health Care,Pharmaceuticals,Pharmaceuticals,NASDAQ,$2B (Micro),"755,070"
ELWT,Elauwit Connection Inc,Communication Services,Diversified Telecommunication Services,Alternative Carriers,NASDAQ,$45M (Micro),"79,490"
EMAT,Evolution Metals & Technologies Corp,Materials,Metals & Mining,Diversified Metals & Mining,NASDAQ,$4B (Small),"269,410"
EMBC,Embecta Corp,Health Care,Health Care Equipment & Supplies,Health Care Supplies,NASDAQ,$533M (Micro),"870,970"
EMPD,Empery Digital Inc,Consumer Discretionary,Automobiles,Motorcycle Manufacturers,NASDAQ,$157M (Micro),"1,182,680"
ENGN,enGene Holdings Inc,Health Care,Biotechnology,Biotechnology,NASDAQ,$461M (Micro),"623,230"
ENGS,Energys Group Ltd,Industrials,Construction & Engineering,Construction & Engineering,NASDAQ,$25M (Micro),"63,730"
ENLV,Enlivex Therapeutics Ltd,Health Care,Biotechnology,Biotechnology,NASDAQ,$266M (Micro),"179,760"
ENPH,Enphase Energy Inc,Information Technology,Semiconductors & Semiconductor Equipment,Semiconductor Materials & Equipment,NASDAQ,$6B (Small),"5,444,220"
ENSC,Ensysce Biosciences Inc,Health Care,Biotechnology,Biotechnology,NASDAQ,$2M (Micro),"30,604,390"
ENSG,Ensign Group Inc,Health Care,Health Care Providers & Services,Health Care Facilities,NASDAQ,$12B (Mid),"310,250"
ENTA,Enanta Pharmaceuticals Inc,Health Care,Biotechnology,Biotechnology,NASDAQ,$411M (Micro),"172,040"
ENTG,Entegris Inc,Information Technology,Semiconductors & Semiconductor Equipment,Semiconductor Materials & Equipment,NASDAQ,$18B (Mid),"2,463,550"
ENTX,Entera Bio Ltd,Health Care,Biotechnology,Biotechnology,NASDAQ,$64M (Micro),"111,470"
ENVB,Enveric Biosciences Inc,Health Care,Pharmaceuticals,Pharmaceuticals,NASDAQ,$3M (Micro),"97,310"
ENVX,Enovix Corp,Industrials,Electrical Equipment,Electrical Components & Equipment,NASDAQ,$1B (Micro),"7,852,330"
EOLS,Evolus Inc,Health Care,Pharmaceuticals,Pharmaceuticals,NASDAQ,$351M (Micro),"2,320,900"
EOSE,Eos Energy Enterprises Inc,Industrials,Electrical Equipment,Electrical Components & Equipment,NASDAQ,$2B (Small),"43,497,480"
EPOW,Sunrise New Energy Co Ltd,Industrials,Professional Services,Research & Consulting Services,NASDAQ,$27M (Micro),"97,670"
EPSM,Epsium Enterprise Ltd,Consumer Discretionary,Distributors,Distributors,NASDAQ,$26M (Micro),"552,920"
EPSN,Epsilon Energy Ltd,Energy,"Oil, Gas & Consumable Fuels",Oil & Gas Exploration & Production,NASDAQ,$169M (Micro),"294,890"
EQ,Equillium Inc,Health Care,Biotechnology,Biotechnology,NASDAQ,$121M (Micro),"338,510"
EQIX,Equinix Inc,Real Estate,Specialized REITs,Data Center REITs,NASDAQ,$96B (Large),"701,580"
EQPT,Equipmentshare.Com Inc,Industrials,Trading Companies & Distributors,Trading Companies & Distributors,NASDAQ,$7B (Small),"796,600"
ERAS,Erasca Inc,Health Care,Biotechnology,Biotechnology,NASDAQ,$5B (Small),"4,324,050"
ERIC,Telefonaktiebolaget LM Ericsson,Information Technology,Communications Equipment,Communications Equipment,NASDAQ,$35B (Mid),"8,420,230"
ERIE,Erie Indemnity Co,Financials,Insurance,Property & Casualty Insurance,NASDAQ,$13B (Mid),"232,030"
ERII,Energy Recovery Inc,Industrials,Machinery,Industrial Machinery & Supplies & Components,NASDAQ,$569M (Micro),"1,430,030"
ERNA,Ernexa Therapeutics Inc,Health Care,Biotechnology,Biotechnology,NASDAQ,$8M (Micro),"1,226,310"
ESEA,Euroseas Ltd,Industrials,Marine Transportation,Marine Transportation,NASDAQ,$478M (Micro),"101,780"
ESLT,Elbit Systems Ltd,Industrials,Aerospace & Defense,Aerospace & Defense,NASDAQ,$41B (Mid),"256,990"
ESOA,Energy Services Of America Corp,Energy,Energy Equipment & Services,Oil & Gas Equipment & Services,NASDAQ,$255M (Micro),"232,520"
ESPR,Esperion Therapeutics Inc,Health Care,Pharmaceuticals,Pharmaceuticals,NASDAQ,$665M (Micro),"5,578,000"
ESQ,Esquire Financial Holdings Inc,Financials,Banks,Regional Banks,NASDAQ,$847M (Micro),"68,980"
ESTA,Establishment Labs Holdings Inc,Health Care,Health Care Equipment & Supplies,Health Care Supplies,NASDAQ,$2B (Micro),"564,090"
ETON,Eton Pharmaceuticals Inc,Health Care,Pharmaceuticals,Pharmaceuticals,NASDAQ,$485M (Micro),"352,380"
ETOR,eToro Group Ltd,Financials,Capital Markets,Investment Banking & Brokerage,NASDAQ,$2B (Small),"1,408,720"
EUDA,EUDA Health Holdings Ltd,Health Care,Health Care Providers & Services,Health Care Services,NASDAQ,$25M (Micro),"214,330"
EVCM,EverCommerce Inc,Information Technology,Software,Application Software,NASDAQ,$2B (Small),"143,110"
EVER,EverQuote Inc,Communication Services,Interactive Media & Services,Interactive Media & Services,NASDAQ,$571M (Micro),"972,560"
EVGN,Evogene Ltd,Health Care,Biotechnology,Biotechnology,NASDAQ,$7M (Micro),"62,640"
EVGO,EVgo Inc,Consumer Discretionary,Specialty Retail,Automotive Retail,NASDAQ,$686M (Micro),"5,446,400"
EVLV,Evolv Technologies Holdings Inc,Information Technology,"Electronic Equipment, Instruments & Components",Electronic Equipment & Instruments,NASDAQ,$1B (Micro),"3,174,730"
EVO,Evotec SE,Health Care,Life Sciences Tools & Services,Life Sciences Tools & Services,NASDAQ,$888M (Micro),"131,690"
EVRG,Evergy Inc,Utilities,Electric Utilities,Electric Utilities,NASDAQ,$19B (Mid),"2,292,720"
EVTV,Envirotech Vehicles Inc,Consumer Discretionary,Automobiles,Automobile Manufacturers,NASDAQ,$17M (Micro),"597,090"
EWBC,East West Bancorp Inc,Financials,Banks,Regional Banks,NASDAQ,$15B (Mid),"1,101,280"
EWCZ,European Wax Center Inc,Consumer Discretionary,Diversified Consumer Services,Specialized Consumer Services,NASDAQ,$314M (Micro),"689,680"
EWTX,Edgewise Therapeutics Inc,Health Care,Pharmaceuticals,Pharmaceuticals,NASDAQ,$3B (Small),"973,210"
EXAS,Exact Sciences Corp,Health Care,Biotechnology,Biotechnology,NASDAQ,$20B (Mid),"2,376,770"
EXC,Exelon Corp,Utilities,Electric Utilities,Electric Utilities,NASDAQ,$50B (Large),"10,512,490"
EXE,Expand Energy Corp,Energy,"Oil, Gas & Consumable Fuels",Oil & Gas Exploration & Production,NASDAQ,$26B (Mid),"3,332,340"
EXEL,Exelixis Inc,Health Care,Biotechnology,Biotechnology,NASDAQ,$11B (Mid),"3,875,430"
EXFY,Expensify Inc,Information Technology,Software,Application Software,NASDAQ,$77M (Micro),"1,377,120"
EXLS,Exlservice Holdings Inc,Industrials,Professional Services,Data Processing & Outsourced Services,NASDAQ,$5B (Small),"2,413,260"
EXPE,Expedia Group Inc,Consumer Discretionary,"Hotels, Restaurants & Leisure","Hotels, Resorts & Cruise Lines",NASDAQ,$28B (Mid),"3,568,640"
EXPI,eXp World Holdings Inc,Real Estate,Real Estate Management & Development,Real Estate Services,NASDAQ,$957M (Micro),"1,244,270"
EXPO,Exponent Inc,Industrials,Professional Services,Research & Consulting Services,NASDAQ,$3B (Small),"464,710"
EXTR,Extreme Networks Inc,Information Technology,Communications Equipment,Communications Equipment,NASDAQ,$2B (Micro),"1,506,210"
EYE,National Vision Holdings Inc,Consumer Discretionary,Specialty Retail,Other Specialty Retail,NASDAQ,$2B (Micro),"1,677,620"
EYPT,EyePoint Inc,Health Care,Pharmaceuticals,Pharmaceuticals,NASDAQ,$1B (Micro),"1,806,200"
EZPW,EZCORP Inc,Financials,Consumer Finance,Consumer Finance,NASDAQ,$2B (Micro),"863,340"
EZRA,Reliance Global Group Inc,Financials,Insurance,Insurance Brokers,NASDAQ,$4M (Micro),"6,201,370"
FA,First Advantage Corp,Industrials,Professional Services,Human Resource & Employment Services,NASDAQ,$2B (Micro),"2,127,770"
FANG,Diamondback Energy Inc,Energy,"Oil, Gas & Consumable Fuels",Oil & Gas Exploration & Production,NASDAQ,$50B (Large),"3,810,490"
FARM,Farmer Bros Co,Consumer Staples,Food Products,Packaged Foods & Meats,NASDAQ,$27M (Micro),"546,030"
FAST,Fastenal Co,Industrials,Trading Companies & Distributors,Trading Companies & Distributors,NASDAQ,$54B (Large),"8,244,080"
FATE,Fate Therapeutics Inc,Health Care,Biotechnology,Biotechnology,NASDAQ,$143M (Micro),"1,627,780"
FATN,FatPipe Inc,Information Technology,Software,Application Software,NASDAQ,$26M (Micro),"122,000"
FBGL,FBS Global Ltd,Industrials,Construction & Engineering,Construction & Engineering,NASDAQ,$8M (Micro),"2,118,440"
FBLA,FB Bancorp Inc,Financials,Banks,Regional Banks,NASDAQ,$232M (Micro),"124,240"
FBLG,Fibrobiologics Inc,Health Care,Biotechnology,Biotechnology,NASDAQ,$23M (Micro),"1,515,440"
FBNC,First Bancorp (North Carolina),Financials,Banks,Regional Banks,NASDAQ,$2B (Small),"197,610"
FBRX,Forte Biosciences Inc,Health Care,Biotechnology,Biotechnology,NASDAQ,$343M (Micro),"235,480"
FBYD,Falcon's Beyond Global Inc,Industrials,Professional Services,Research & Consulting Services,NASDAQ,$838M (Micro),"106,980"
FCBC,First Community Bankshares Inc,Financials,Banks,Regional Banks,NASDAQ,$752M (Micro),"85,970"
FCCO,First Community Corp (South Carolina),Financials,Banks,Regional Banks,NASDAQ,$216M (Micro),"51,050"
FCEL,Fuelcell Energy Inc,Industrials,Electrical Equipment,Electrical Components & Equipment,NASDAQ,$377M (Micro),"1,493,170"
FCFS,Firstcash Holdings Inc,Financials,Consumer Finance,Consumer Finance,NASDAQ,$8B (Mid),"328,030"
FCHL,Fitness Champs Holdings Ltd,Consumer Discretionary,Diversified Consumer Services,Education Services,NASDAQ,$4M (Micro),"119,390"
FCNCA,First Citizens BancShares Inc (Delaware),Financials,Banks,Diversified Banks,NASDAQ,$20B (Mid),"119,740"
FDMT,4D Molecular Therapeutics Inc,Health Care,Biotechnology,Biotechnology,NASDAQ,$436M (Micro),"854,350"
FDUS,Fidus Investment Corp,Financials,Capital Markets,Asset Management & Custody Banks,NASDAQ,$683M (Micro),"336,280"
FEAM,5E Advanced Materials Inc,Materials,Metals & Mining,Diversified Metals & Mining,NASDAQ,$81M (Micro),"251,210"
FEED,ENvue Medical Inc,Health Care,Health Care Equipment & Supplies,Health Care Equipment,NASDAQ,$2M (Micro),"364,530"
FEIM,Frequency Electronics Inc,Information Technology,"Electronic Equipment, Instruments & Components",Electronic Equipment & Instruments,NASDAQ,$541M (Micro),"150,510"
FELE,Franklin Electric Co Inc,Industrials,Machinery,Industrial Machinery & Supplies & Components,NASDAQ,$4B (Small),"360,990"
FEMY,Femasys Inc,Health Care,Health Care Equipment & Supplies,Health Care Equipment,NASDAQ,$33M (Micro),"549,790"
FENC,Fennec Pharmaceuticals Inc,Health Care,Biotechnology,Biotechnology,NASDAQ,$272M (Micro),"137,040"
FFAI,Faraday Future Intelligent Electric Inc,Consumer Discretionary,Automobiles,Automobile Manufacturers,NASDAQ,$76M (Micro),"13,746,420"
FFBC,First Financial Bancorp,Financials,Banks,Regional Banks,NASDAQ,$3B (Small),"836,410"
FFIC,Flushing Financial Corp,Financials,Banks,Regional Banks,NASDAQ,$514M (Micro),"184,770"
FFIN,First Financial Bankshares Inc,Financials,Banks,Regional Banks,NASDAQ,$4B (Small),"1,016,350"
FFIV,F5 Inc,Information Technology,Communications Equipment,Communications Equipment,NASDAQ,$16B (Mid),"725,620"
FGL,Founder Group Ltd,Industrials,Construction & Engineering,Construction & Engineering,NASDAQ,$3M (Micro),"181,660"
FGNX,FG Nexus Inc,Financials,Insurance,Property & Casualty Insurance,NASDAQ,$45M (Micro),"95,900"
FHB,First Hawaiian Inc,Financials,Banks,Regional Banks,NASDAQ,$3B (Small),"1,452,610"
FHTX,Foghorn Therapeutics Inc,Health Care,Biotechnology,Biotechnology,NASDAQ,$331M (Micro),"152,330"
FIBK,First Interstate Bancsystem Inc,Financials,Banks,Regional Banks,NASDAQ,$3B (Small),"1,174,050"
FIGR,Figure Technology Solutions Inc,Financials,Consumer Finance,Consumer Finance,NASDAQ,$8B (Mid),"9,712,700"
FIP,Ftai Infrastructure Inc,Industrials,Ground Transportation,Rail Transportation,NASDAQ,$626M (Micro),"1,360,270"
FISI,Financial Institutions Inc,Financials,Banks,Regional Banks,NASDAQ,$596M (Micro),"164,790"
FISV,Fiserv Inc,Financials,Financial Services,Transaction & Payment Processing Services,NASDAQ,$31B (Mid),"6,631,110"
FITB,Fifth Third Bancorp,Financials,Banks,Diversified Banks,NASDAQ,$41B (Mid),"10,430,740"
FIVE,Five Below Inc,Consumer Discretionary,Specialty Retail,Other Specialty Retail,NASDAQ,$12B (Mid),"884,550"
FIVN,Five9 Inc,Information Technology,Software,Application Software,NASDAQ,$1B (Micro),"3,098,470"
FIZZ,National Beverage Corp,Consumer Staples,Beverages,Soft Drinks & Non-alcoholic Beverages,NASDAQ,$3B (Small),"231,470"
FLD,Fold Holdings Inc,Financials,Capital Markets,Financial Exchanges & Data,NASDAQ,$63M (Micro),"121,280"
FLEX,Flex Ltd,Information Technology,"Electronic Equipment, Instruments & Components",Electronic Manufacturing Services,NASDAQ,$23B (Mid),"3,340,620"
FLGT,Fulgent Genetics Inc,Health Care,Health Care Providers & Services,Health Care Services,NASDAQ,$449M (Micro),"1,080,050"
FLL,Full House Resorts Inc,Consumer Discretionary,"Hotels, Restaurants & Leisure",Casinos & Gaming,NASDAQ,$103M (Micro),"183,050"
FLNC,Fluence Energy Inc,Industrials,Electrical Equipment,Electrical Components & Equipment,NASDAQ,$3B (Small),"4,827,360"
FLUX,Flux Power Holdings Inc,Industrials,Electrical Equipment,Electrical Components & Equipment,NASDAQ,$31M (Micro),"153,260"
FLX,BingEx Ltd,Industrials,Air Freight & Logistics,Air Freight & Logistics,NASDAQ,$176M (Micro),"301,710"
FLY,Firefly Aerospace Inc,Industrials,Aerospace & Defense,Aerospace & Defense,NASDAQ,$3B (Small),"2,438,610"
FLYW,Flywire Corp,Financials,Financial Services,Transaction & Payment Processing Services,NASDAQ,$2B (Micro),"2,844,630"
FMBH,First Mid Bancshares Inc,Financials,Banks,Regional Banks,NASDAQ,$1B (Micro),"120,450"
FMFC,Kandal M Venture Ltd,Consumer Discretionary,"Textiles, Apparel & Luxury Goods","Apparel, Accessories & Luxury Goods",NASDAQ,$8M (Micro),"718,240"
FMNB,Farmers National Banc Corp,Financials,Banks,Regional Banks,NASDAQ,$733M (Micro),"616,210"
FNGR,FingerMotion Inc,Communication Services,Wireless Telecommunication Services,Wireless Telecommunication Services,NASDAQ,$79M (Micro),"118,630"
FNKO,Funko Inc,Consumer Discretionary,Leisure Products,Leisure Products,NASDAQ,$249M (Micro),"1,046,060"
FOLD,Amicus Therapeutics Inc,Health Care,Biotechnology,Biotechnology,NASDAQ,$5B (Small),"3,839,330"
FONR,Fonar Corp,Health Care,Health Care Equipment & Supplies,Health Care Equipment,NASDAQ,$135M (Micro),"59,340"
FORM,FormFactor Inc,Information Technology,Semiconductors & Semiconductor Equipment,Semiconductor Materials & Equipment,NASDAQ,$7B (Small),"1,554,990"
FORR,Forrester Research Inc,Industrials,Professional Services,Research & Consulting Services,NASDAQ,$119M (Micro),"144,400"
FOSL,Fossil Group Inc,Consumer Discretionary,"Textiles, Apparel & Luxury Goods","Apparel, Accessories & Luxury Goods",NASDAQ,$225M (Micro),"908,590"
FOXA,Fox Corp,Communication Services,Media,Broadcasting,NASDAQ,$12B (Mid),"4,253,800"
FOXF,Fox Factory Holding Corp,Consumer Discretionary,Automobile Components,Automotive Parts & Equipment,NASDAQ,$672M (Micro),"1,044,020"
FRBA,FIRST BANK (Hamilton),Financials,Banks,Regional Banks,NASDAQ,$380M (Micro),"74,790"
FRGT,Freight Technologies Inc,Industrials,Air Freight & Logistics,Air Freight & Logistics,NASDAQ,$2M (Micro),"1,579,900"
FRHC,Freedom Holding Corp,Financials,Capital Markets,Investment Banking & Brokerage,NASDAQ,$8B (Mid),"108,340"
FRME,First Merchants Corp,Financials,Banks,Regional Banks,NASDAQ,$2B (Small),"467,310"
FRMI,Fermi Inc,Real Estate,Specialized REITs,Data Center REITs,NASDAQ,$5B (Small),"8,070,110"
FROG,Jfrog Ltd,Information Technology,Software,Systems Software,NASDAQ,$5B (Small),"3,861,410"
FRPT,Freshpet Inc,Consumer Staples,Food Products,Packaged Foods & Meats,NASDAQ,$4B (Small),"1,444,430"
FRSH,Freshworks Inc,Information Technology,Software,Application Software,NASDAQ,$2B (Small),"6,347,440"
FRST,Primis Financial Corp,Financials,Banks,Regional Banks,NASDAQ,$316M (Micro),"110,810"
FSBC,Five Star Bancorp,Financials,Banks,Regional Banks,NASDAQ,$787M (Micro),"79,870"
FSLR,First Solar Inc,Information Technology,Semiconductors & Semiconductor Equipment,Semiconductors,NASDAQ,$21B (Mid),"3,209,980"
FSLY,Fastly Inc,Information Technology,IT Services,Internet Services & Infrastructure,NASDAQ,$4B (Small),"12,264,190"
FSUN,Firstsun Capital Bancorp,Financials,Banks,Regional Banks,NASDAQ,$980M (Micro),"134,180"
FTAI,FTAI Aviation Ltd,Industrials,Aerospace & Defense,Aerospace & Defense,NASDAQ,$27B (Mid),"2,584,280"
FTCI,FTC Solar Inc,Industrials,Electrical Equipment,Electrical Components & Equipment,NASDAQ,$73M (Micro),"242,390"
FTDR,Frontdoor Inc,Consumer Discretionary,Diversified Consumer Services,Specialized Consumer Services,NASDAQ,$5B (Small),"818,400"
FTEK,Fuel Tech Inc,Industrials,Commercial Services & Supplies,Environmental & Facilities Services,NASDAQ,$40M (Micro),"315,250"
FTHM,Fathom Holdings Inc,Real Estate,Real Estate Management & Development,Real Estate Services,NASDAQ,$26M (Micro),"96,520"
FTNT,Fortinet Inc,Information Technology,Software,Systems Software,NASDAQ,$62B (Large),"6,143,770"
FTRE,Fortrea Holdings Inc,Health Care,Life Sciences Tools & Services,Life Sciences Tools & Services,NASDAQ,$881M (Micro),"2,077,260"
FTRK,Fast Track Group,Communication Services,Media,Advertising,NASDAQ,$13M (Micro),"132,880"
FUFU,BitFuFu Inc,Information Technology,Software,Application Software,NASDAQ,$336M (Micro),"50,240"
FULC,Fulcrum Therapeutics Inc,Health Care,Pharmaceuticals,Pharmaceuticals,NASDAQ,$519M (Micro),"1,371,630"
FULT,Fulton Financial Corp,Financials,Banks,Regional Banks,NASDAQ,$4B (Small),"2,159,580"
FUSE,Fusemachines Inc,Information Technology,IT Services,IT Consulting & Other Services,NASDAQ,$41M (Micro),"72,880"
FUTU,Futu Holdings Ltd,Financials,Capital Markets,Investment Banking & Brokerage,NASDAQ,$14B (Mid),"1,537,740"
FVCB,FVCBankcorp Inc,Financials,Banks,Regional Banks,NASDAQ,$263M (Micro),"59,280"
FWONA,Formula One Group,Communication Services,Entertainment,Movies & Entertainment,NASDAQ,$2B (Micro),"195,020"
FWRD,Forward Air Corp (Delaware),Industrials,Air Freight & Logistics,Air Freight & Logistics,NASDAQ,$575M (Micro),"694,700"
FWRG,First Watch Restaurant Group Inc,Consumer Discretionary,"Hotels, Restaurants & Leisure",Restaurants,NASDAQ,$761M (Micro),"2,608,790"
FXNC,First National Corp,Financials,Banks,Regional Banks,NASDAQ,$239M (Micro),"83,500"
GABC,German American Bancorp Inc,Financials,Banks,Regional Banks,NASDAQ,$1B (Micro),"132,380"
GAIN,Gladstone Investment Corp,Financials,Capital Markets,Asset Management & Custody Banks,NASDAQ,$544M (Micro),"232,440"
GAMB,Gambling.com Group Ltd,Communication Services,Media,Advertising,NASDAQ,$146M (Micro),"499,890"
GAME,GameSquare Holdings Inc,Communication Services,Interactive Media & Services,Interactive Media & Services,NASDAQ,$30M (Micro),"1,290,090"
GANX,Gain Therapeutics Inc,Health Care,Biotechnology,Biotechnology,NASDAQ,$109M (Micro),"759,300"
GASS,StealthGas Inc,Energy,"Oil, Gas & Consumable Fuels",Oil & Gas Storage & Transportation,NASDAQ,$353M (Micro),"372,990"
GAUZ,Gauzy Ltd,Information Technology,"Electronic Equipment, Instruments & Components",Electronic Components,NASDAQ,$9M (Micro),"231,460"
GBDC,Golub Capital BDC Inc,Financials,Capital Markets,Asset Management & Custody Banks,NASDAQ,$3B (Small),"3,177,250"
GBFH,GBank Financial Holdings Inc,Financials,Banks,Regional Banks,NASDAQ,$386M (Micro),"70,100"
GCL,GCL Global Holdings Ltd,Communication Services,Entertainment,Interactive Home Entertainment,NASDAQ,$89M (Micro),"238,240"
GCMG,GCM Grosvenor Inc,Financials,Capital Markets,Asset Management & Custody Banks,NASDAQ,$2B (Small),"693,600"
GCT,GigaCloud Technology Inc,Consumer Discretionary,Distributors,Distributors,NASDAQ,$2B (Micro),"1,013,900"
GDEN,Golden Entertainment Inc,Consumer Discretionary,"Hotels, Restaurants & Leisure",Casinos & Gaming,NASDAQ,$725M (Micro),"158,670"
GDRX,GoodRx Holdings Inc,Health Care,Health Care Technology,Health Care Technology,NASDAQ,$771M (Micro),"5,639,550"
GDS,GDS Holdings Ltd,Information Technology,IT Services,Internet Services & Infrastructure,NASDAQ,$9B (Mid),"2,760,930"
GDYN,Grid Dynamics Holdings Inc,Information Technology,IT Services,IT Consulting & Other Services,NASDAQ,$565M (Micro),"1,777,500"
GECC,Great Elm Capital Corp,Financials,Capital Markets,Asset Management & Custody Banks,NASDAQ,$78M (Micro),"116,830"
GEG,Great Elm Group Inc,Financials,Capital Markets,Asset Management & Custody Banks,NASDAQ,$67M (Micro),"67,080"
GEHC,GE Healthcare Technologies Inc,Health Care,Health Care Equipment & Supplies,Health Care Equipment,NASDAQ,$33B (Mid),"3,178,100"
GEMI,Gemini Space Station Inc,Financials,Capital Markets,Financial Exchanges & Data,NASDAQ,$1B (Micro),"1,716,080"
GEN,Gen Digital Inc,Information Technology,Software,Systems Software,NASDAQ,$13B (Mid),"5,502,190"
GEOS,Geospace Technologies Corp,Energy,Energy Equipment & Services,Oil & Gas Equipment & Services,NASDAQ,$153M (Micro),"205,860"
GERN,Geron Corp,Health Care,Biotechnology,Biotechnology,NASDAQ,$1B (Micro),"18,712,680"
GEVO,Gevo Inc,Energy,"Oil, Gas & Consumable Fuels",Oil & Gas Refining & Marketing,NASDAQ,$558M (Micro),"5,026,090"
GFAI,Guardforce AI Co Ltd,Industrials,Commercial Services & Supplies,Diversified Support Services,NASDAQ,$12M (Micro),"877,110"
GFS,GlobalFoundries Inc,Information Technology,Semiconductors & Semiconductor Equipment,Semiconductors,NASDAQ,$25B (Mid),"3,232,380"
GGAL,Grupo Financiero Galicia SA,Financials,Banks,Diversified Banks,NASDAQ,$6B (Small),"1,437,970"
GGRP,Glimpse Group Inc,Information Technology,IT Services,IT Consulting & Other Services,NASDAQ,$13M (Micro),"61,370"
GH,Guardant Health Inc,Health Care,Health Care Providers & Services,Health Care Services,NASDAQ,$12B (Mid),"1,634,220"
GHRS,GH Research PLC,Health Care,Pharmaceuticals,Pharmaceuticals,NASDAQ,$938M (Micro),"267,450"
GIII,G-III Apparel Group Ltd,Consumer Discretionary,"Textiles, Apparel & Luxury Goods","Apparel, Accessories & Luxury Goods",NASDAQ,$1B (Micro),"462,560"
GILD,Gilead Sciences Inc,Health Care,Biotechnology,Biotechnology,NASDAQ,$181B (Large),"6,841,720"
GILT,Gilat Satellite Networks Ltd,Information Technology,Communications Equipment,Communications Equipment,NASDAQ,$1B (Micro),"799,890"
GIPR,Generation Income Properties Inc,Real Estate,Diversified REITs,Diversified REITs,NASDAQ,$2M (Micro),"171,380"
GITS,Global Interactive Technologies Inc,Communication Services,Interactive Media & Services,Interactive Media & Services,NASDAQ,$10M (Micro),"102,130"
GLAD,Gladstone Capital Corp,Financials,Capital Markets,Asset Management & Custody Banks,NASDAQ,$406M (Micro),"203,630"
GLBE,Global-E Online Ltd,Consumer Discretionary,Broadline Retail,Broadline Retail,NASDAQ,$6B (Small),"1,076,450"
GLBS,Globus Maritime Ltd,Industrials,Marine Transportation,Marine Transportation,NASDAQ,$34M (Micro),"110,490"
GLDD,Great Lakes Dredge & Dock Corp,Industrials,Construction & Engineering,Construction & Engineering,NASDAQ,$1B (Micro),"1,819,600"
GLE,Global Engine Group Holding Ltd,Information Technology,IT Services,IT Consulting & Other Services,NASDAQ,$7M (Micro),"87,620"
GLNG,Golar LNG Ltd,Energy,"Oil, Gas & Consumable Fuels",Oil & Gas Storage & Transportation,NASDAQ,$5B (Small),"2,698,640"
GLOO,Gloo Holdings Inc,Information Technology,Software,Application Software,NASDAQ,$504M (Micro),"92,200"
GLPG,Galapagos NV,Health Care,Biotechnology,Biotechnology,NASDAQ,$2B (Small),"110,900"
GLPI,Gaming and Leisure Properties Inc,Real Estate,Specialized REITs,Other Specialized REITs,NASDAQ,$14B (Mid),"2,656,120"
GLRE,Greenlight Capital Re Ltd,Financials,Insurance,Reinsurance,NASDAQ,$506M (Micro),"100,110"
GLSI,Greenwich Lifesciences Inc,Health Care,Biotechnology,Biotechnology,NASDAQ,$368M (Micro),"166,170"
GLUE,Monte Rosa Therapeutics Inc,Health Care,Biotechnology,Biotechnology,NASDAQ,$1B (Micro),"989,320"
GLXY,Galaxy Digital Inc,Financials,Capital Markets,Asset Management & Custody Banks,NASDAQ,$8B (Mid),"5,073,460"
GMAB,Genmab A/S,Health Care,Biotechnology,Biotechnology,NASDAQ,$17B (Mid),"1,718,900"
GNLN,Greenlane Holdings Inc,Consumer Discretionary,Distributors,Distributors,NASDAQ,$4M (Micro),"86,380"
GNLX,Genelux Corp,Health Care,Biotechnology,Biotechnology,NASDAQ,$124M (Micro),"165,140"
GNPX,Genprex Inc,Health Care,Biotechnology,Biotechnology,NASDAQ,$5M (Micro),"557,710"
GNSS,Genasys Inc,Information Technology,Communications Equipment,Communications Equipment,NASDAQ,$84M (Micro),"120,700"
GNTX,Gentex Corp,Consumer Discretionary,Automobile Components,Automotive Parts & Equipment,NASDAQ,$5B (Small),"1,952,620"
GO,Grocery Outlet Holding Corp,Consumer Staples,Consumer Staples Distribution & Retail,Food Retail,NASDAQ,$609M (Micro),"6,313,280"
GOCO,Gohealth Inc,Financials,Insurance,Insurance Brokers,NASDAQ,$53M (Micro),"102,970"
GOGO,Gogo Inc,Communication Services,Wireless Telecommunication Services,Wireless Telecommunication Services,NASDAQ,$617M (Micro),"2,279,670"
GOOD,Gladstone Commercial Corp,Real Estate,Diversified REITs,Diversified REITs,NASDAQ,$593M (Micro),"467,120"
GOOGL,Alphabet Inc,Communication Services,Interactive Media & Services,Interactive Media & Services,NASDAQ,$2T (Large),"32,473,990"
GOSS,Gossamer Bio Inc,Health Care,Biotechnology,Biotechnology,NASDAQ,$113M (Micro),"24,794,890"
GOVX,GeoVax Labs Inc,Health Care,Biotechnology,Biotechnology,NASDAQ,$4M (Micro),"66,740"
GPCR,Structure Therapeutics Inc,Health Care,Pharmaceuticals,Pharmaceuticals,NASDAQ,$4B (Small),"789,830"
GPRE,Green Plains Inc,Energy,"Oil, Gas & Consumable Fuels",Oil & Gas Refining & Marketing,NASDAQ,$1B (Micro),"1,570,280"
GPRO,GoPro Inc,Consumer Discretionary,Household Durables,Consumer Electronics,NASDAQ,$125M (Micro),"7,363,640"
GRAL,Grail Inc,Health Care,Biotechnology,Biotechnology,NASDAQ,$2B (Micro),"1,357,790"
GRAN,Grande Group Ltd,Financials,Capital Markets,Investment Banking & Brokerage,NASDAQ,$33M (Micro),"55,510"
GRDX,GridAI Technologies Corp,Health Care,Biotechnology,Biotechnology,NASDAQ,$8M (Micro),"141,340"
GREE,Greenidge Generation Holdings Inc,Information Technology,Software,Application Software,NASDAQ,$22M (Micro),"235,640"
GRFS,Grifols SA,Health Care,Biotechnology,Biotechnology,NASDAQ,$2B (Micro),"958,740"
GRPN,Groupon Inc,Consumer Discretionary,Broadline Retail,Broadline Retail,NASDAQ,$451M (Micro),"1,180,840"
GRRR,Gorilla Technology Group Inc,Information Technology,Software,Application Software,NASDAQ,$267M (Micro),"732,140"
GRWG,GrowGeneration Corp,Consumer Discretionary,Specialty Retail,Home Improvement Retail,NASDAQ,$66M (Micro),"251,600"
GSAT,Globalstar Inc,Communication Services,Diversified Telecommunication Services,Alternative Carriers,NASDAQ,$7B (Small),"710,260"
GSBC,Great Southern Bancorp Inc,Financials,Banks,Regional Banks,NASDAQ,$668M (Micro),"74,920"
GSHD,Goosehead Insurance Inc,Financials,Insurance,Insurance Brokers,NASDAQ,$2B (Micro),"473,240"
GSIT,GSI Technology Inc,Information Technology,Semiconductors & Semiconductor Equipment,Semiconductors,NASDAQ,$311M (Micro),"792,140"
GSIW,Garden Stage Ltd,Financials,Capital Markets,Investment Banking & Brokerage,NASDAQ,$255M (Micro),"260,720"
GSM,Ferroglobe PLC,Materials,Metals & Mining,Diversified Metals & Mining,NASDAQ,$925M (Micro),"1,314,240"
GSUN,Golden Sun Technology Group Ltd,Consumer Discretionary,Diversified Consumer Services,Education Services,NASDAQ,$6M (Micro),"92,000"
GT,Goodyear Tire & Rubber Co,Consumer Discretionary,Automobile Components,Tires & Rubber,NASDAQ,$2B (Micro),"7,791,980"
GTBP,GT Biopharma Inc,Health Care,Biotechnology,Biotechnology,NASDAQ,$14M (Micro),"787,900"
GTEC,Greenland Technologies Holding Corp,Industrials,Machinery,Industrial Machinery & Supplies & Components,NASDAQ,$16M (Micro),"145,340"
GTLB,GitLab Inc,Information Technology,Software,Systems Software,NASDAQ,$4B (Small),"9,145,550"
GTM,Zoominfo Technologies Inc,Communication Services,Interactive Media & Services,Interactive Media & Services,NASDAQ,$2B (Micro),"7,233,790"
GTX,Garrett Motion Inc,Consumer Discretionary,Automobile Components,Automotive Parts & Equipment,NASDAQ,$3B (Small),"2,335,500"
GUTS,Fractyl Health Inc,Health Care,Health Care Equipment & Supplies,Health Care Equipment,NASDAQ,$72M (Micro),"2,789,100"
GV,Visionary Holdings Inc,Consumer Discretionary,Diversified Consumer Services,Education Services,NASDAQ,$3M (Micro),"132,270"
GVH,Globavend Holdings Ltd,Industrials,Air Freight & Logistics,Air Freight & Logistics,NASDAQ,$3M (Micro),"67,680"
GWRS,Global Water Resources Inc,Utilities,Water Utilities,Water Utilities,NASDAQ,$216M (Micro),"76,860"
GXAI,Gaxos.ai Inc.,Communication Services,Entertainment,Interactive Home Entertainment,NASDAQ,$13M (Micro),"26,415,210"
GYRE,Gyre Therapeutics Inc,Health Care,Biotechnology,Biotechnology,NASDAQ,$757M (Micro),"152,760"
HAFC,Hanmi Financial Corp,Financials,Banks,Regional Banks,NASDAQ,$753M (Micro),"265,980"
HAIN,Hain Celestial Group Inc,Consumer Staples,Food Products,Packaged Foods & Meats,NASDAQ,$58M (Micro),"1,585,340"
HALO,Halozyme Therapeutics Inc,Health Care,Biotechnology,Biotechnology,NASDAQ,$8B (Mid),"1,621,100"
HAS,Hasbro Inc,Consumer Discretionary,Leisure Products,Leisure Products,NASDAQ,$13B (Mid),"1,484,510"
HBAN,Huntington Bancshares Inc,Financials,Banks,Regional Banks,NASDAQ,$32B (Mid),"26,200,280"
HBCP,Home Bancorp Inc,Financials,Banks,Regional Banks,NASDAQ,$455M (Micro),"98,200"
HBIO,Harvard Bioscience Inc,Health Care,Life Sciences Tools & Services,Life Sciences Tools & Services,NASDAQ,$23M (Micro),"265,670"
HBNC,Horizon Bancorp Inc,Financials,Banks,Regional Banks,NASDAQ,$816M (Micro),"427,350"
HBT,HBT Financial Inc,Financials,Banks,Regional Banks,NASDAQ,$958M (Micro),"108,500"
HCAI,Huachen AI Parking Management Technology Holding Co Ltd,Industrials,Machinery,Construction Machinery & Heavy Transportation Equipment,NASDAQ,$7M (Micro),"1,154,610"
HCAT,Health Catalyst Inc,Health Care,Health Care Technology,Health Care Technology,NASDAQ,$142M (Micro),"1,003,870"
HCHL,Happy City Holdings Ltd,Consumer Discretionary,"Hotels, Restaurants & Leisure",Restaurants,NASDAQ,$31M (Micro),"91,410"
HCKT,Hackett Group Inc,Information Technology,IT Services,IT Consulting & Other Services,NASDAQ,$363M (Micro),"350,840"
HCSG,Healthcare Services Group Inc,Industrials,Commercial Services & Supplies,Diversified Support Services,NASDAQ,$1B (Micro),"582,430"
HCWB,HCW Biologics Inc,Health Care,Biotechnology,Biotechnology,NASDAQ,$3M (Micro),"180,000"
HDSN,Hudson Technologies Inc,Industrials,Trading Companies & Distributors,Trading Companies & Distributors,NASDAQ,$247M (Micro),"419,020"
HELE,Helen of Troy Ltd,Consumer Discretionary,Household Durables,Household Appliances,NASDAQ,$378M (Micro),"564,390"
HEPS,D Market Elektronik Hizmetler ve Ticaret AS,Consumer Discretionary,Broadline Retail,Broadline Retail,NASDAQ,$923M (Micro),"320,490"
HERE,Here Group Ltd,Consumer Discretionary,Leisure Products,Leisure Products,NASDAQ,$243M (Micro),"79,850"
HFFG,Hf Foods Group Inc,Consumer Staples,Consumer Staples Distribution & Retail,Food Distributors,NASDAQ,$100M (Micro),"232,470"
HFWA,Heritage Financial Corp,Financials,Banks,Regional Banks,NASDAQ,$1B (Micro),"275,440"
HIFS,Hingham Institution For Savings,Financials,Banks,Regional Banks,NASDAQ,$605M (Micro),"64,960"
HIHO,Highway Holdings Ltd,Industrials,Machinery,Industrial Machinery & Supplies & Components,NASDAQ,$4M (Micro),"115,460"
HIMX,Himax Technologies Inc,Information Technology,Semiconductors & Semiconductor Equipment,Semiconductors,NASDAQ,$2B (Micro),"1,411,530"
HIND,Vyome Holdings Inc,Health Care,Pharmaceuticals,Pharmaceuticals,NASDAQ,$15M (Micro),"72,310"
HIT,Health In Tech Inc,Financials,Insurance,Insurance Brokers,NASDAQ,$113M (Micro),"220,410"
HKIT,Hitek Global Inc,Information Technology,IT Services,IT Consulting & Other Services,NASDAQ,$143M (Micro),"133,770"
HLIT,Harmonic Inc,Information Technology,Communications Equipment,Communications Equipment,NASDAQ,$1B (Micro),"1,349,810"
HLMN,Hillman Solutions Corp,Industrials,Machinery,Industrial Machinery & Supplies & Components,NASDAQ,$2B (Micro),"2,448,850"
HLNE,Hamilton Lane Inc,Financials,Capital Markets,Asset Management & Custody Banks,NASDAQ,$5B (Small),"905,480"
HLP,Hongli Group Inc,Materials,Metals & Mining,Steel,NASDAQ,$75M (Micro),"79,530"
HMR,Heidmar Maritime Holdings Corp,Energy,"Oil, Gas & Consumable Fuels",Oil & Gas Storage & Transportation,NASDAQ,$56M (Micro),"292,640"
HNRG,Hallador Energy Co,Utilities,Independent Power & Renewable Electricity Producers,Independent Power Producers & Energy Traders,NASDAQ,$888M (Micro),"465,270"
HNST,Honest Company Inc,Consumer Staples,Personal Care Products,Personal Care Products,NASDAQ,$317M (Micro),"2,915,380"
HOLO,MicroCloud Hologram Inc,Information Technology,Software,Application Software,NASDAQ,$34M (Micro),"304,030"
HOLX,Hologic Inc,Health Care,Health Care Equipment & Supplies,Health Care Equipment,NASDAQ,$17B (Mid),"2,741,820"
HON,Honeywell International Inc,Industrials,Industrial Conglomerates,Industrial Conglomerates,NASDAQ,$152B (Large),"4,173,530"
HOOD,Robinhood Markets Inc,Financials,Capital Markets,Investment Banking & Brokerage,NASDAQ,$71B (Large),"28,731,790"
HOPE,Hope Bancorp Inc,Financials,Banks,Regional Banks,NASDAQ,$1B (Micro),"850,090"
HOTH,Hoth Therapeutics Inc,Health Care,Pharmaceuticals,Pharmaceuticals,NASDAQ,$18M (Micro),"297,360"
HOVR,New Horizon Aircraft Ltd,Industrials,Aerospace & Defense,Aerospace & Defense,NASDAQ,$85M (Micro),"656,950"
HOWL,Werewolf Therapeutics Inc,Health Care,Biotechnology,Biotechnology,NASDAQ,$41M (Micro),"530,120"
HPK,Highpeak Energy Inc,Energy,"Oil, Gas & Consumable Fuels",Oil & Gas Exploration & Production,NASDAQ,$735M (Micro),"1,268,160"
HQY,Healthequity Inc,Health Care,Health Care Providers & Services,Managed Health Care,NASDAQ,$7B (Small),"867,390"
HRMY,Harmony Biosciences Holdings Inc,Health Care,Pharmaceuticals,Pharmaceuticals,NASDAQ,$2B (Micro),"907,140"
HROW,Harrow Inc,Health Care,Pharmaceuticals,Pharmaceuticals,NASDAQ,$1B (Micro),"1,496,280"
HRTX,Heron Therapeutics Inc,Health Care,Biotechnology,Biotechnology,NASDAQ,$183M (Micro),"3,062,520"
HRZN,Horizon Technology Finance Corp,Financials,Capital Markets,Asset Management & Custody Banks,NASDAQ,$203M (Micro),"2,176,830"
HSAI,Hesai Group,Consumer Discretionary,Automobile Components,Automotive Parts & Equipment,NASDAQ,$4B (Small),"1,796,140"
HSDT,Solana Co,Health Care,Health Care Equipment & Supplies,Health Care Equipment,NASDAQ,$116M (Micro),"484,950"
HSIC,Henry Schein Inc,Health Care,Health Care Providers & Services,Health Care Distributors,NASDAQ,$9B (Mid),"1,619,750"
HST,Host Hotels & Resorts Inc,Real Estate,Hotel & Resort REITs,Hotel & Resort REITs,NASDAQ,$13B (Mid),"9,926,420"
HSTM,HealthStream Inc,Health Care,Health Care Technology,Health Care Technology,NASDAQ,$602M (Micro),"387,260"
HTBK,Heritage Commerce Corp,Financials,Banks,Regional Banks,NASDAQ,$748M (Micro),"668,340"
HTCR,HeartCore Enterprises Inc,Information Technology,Software,Application Software,NASDAQ,$6M (Micro),"452,280"
HTFL,Heartflow Inc,Health Care,Health Care Technology,Health Care Technology,NASDAQ,$2B (Micro),"1,030,510"
HTHT,H World Group Ltd,Consumer Discretionary,"Hotels, Restaurants & Leisure","Hotels, Resorts & Cruise Lines",NASDAQ,$16B (Mid),"1,921,250"
HTLD,Heartland Express Inc,Industrials,Ground Transportation,Cargo Ground Transportation,NASDAQ,$754M (Micro),"498,920"
HTO,H2O America,Utilities,Water Utilities,Water Utilities,NASDAQ,$2B (Small),"967,300"
HTZ,Hertz Global Holdings Inc,Industrials,Ground Transportation,Passenger Ground Transportation,NASDAQ,$1B (Micro),"6,871,720"
HUBC,Hub Cyber Security Ltd,Information Technology,IT Services,IT Consulting & Other Services,NASDAQ,$2M (Micro),"725,000"
HUBG,Hub Group Inc,Industrials,Air Freight & Logistics,Air Freight & Logistics,NASDAQ,$2B (Small),"917,930"
HUDI,"Huadi International Group Co., Ltd.",Materials,Metals & Mining,Steel,NASDAQ,$21M (Micro),"250,320"
HUMA,Humacyte Inc,Health Care,Biotechnology,Biotechnology,NASDAQ,$230M (Micro),"4,583,460"
HURA,TuHURA Biosciences Inc,Health Care,Biotechnology,Biotechnology,NASDAQ,$121M (Micro),"907,620"
HURN,Huron Consulting Group Inc,Industrials,Professional Services,Research & Consulting Services,NASDAQ,$2B (Small),"439,870"
HUT,Hut 8 Corp,Information Technology,Software,Application Software,NASDAQ,$6B (Small),"4,450,810"
HWC,Hancock Whitney Corp,Financials,Banks,Regional Banks,NASDAQ,$5B (Small),"801,410"
HWKN,Hawkins Inc,Materials,Chemicals,Commodity Chemicals,NASDAQ,$3B (Small),"145,470"
HXHX,Haoxin Holdings Ltd,Industrials,Ground Transportation,Cargo Ground Transportation,NASDAQ,$6M (Micro),"76,750"
HYFT,MindWalk Holdings Corp,Health Care,Life Sciences Tools & Services,Life Sciences Tools & Services,NASDAQ,$60M (Micro),"697,570"
HYMC,Hycroft Mining Holding Corporation,Materials,Metals & Mining,Gold,NASDAQ,$4B (Small),"4,886,000"
HYPR,Hyperfine Inc,Health Care,Health Care Equipment & Supplies,Health Care Equipment,NASDAQ,$119M (Micro),"544,240"
IAC,IAC Inc,Communication Services,Interactive Media & Services,Interactive Media & Services,NASDAQ,$3B (Small),"1,096,930"
IART,Integra Lifesciences Holdings Corp,Health Care,Health Care Equipment & Supplies,Health Care Equipment,NASDAQ,$749M (Micro),"981,170"
IBCP,Independent Bank Corp (Michigan),Financials,Banks,Regional Banks,NASDAQ,$681M (Micro),"156,060"
IBEX,Ibex Ltd,Industrials,Professional Services,Data Processing & Outsourced Services,NASDAQ,$393M (Micro),"130,360"
IBG,Innovation Beverage Group Ltd,Consumer Staples,Beverages,Distillers & Vintners,NASDAQ,$2M (Micro),"1,852,670"
IBIO,iBio Inc,Health Care,Biotechnology,Biotechnology,NASDAQ,$84M (Micro),"1,313,350"
IBKR,Interactive Brokers Group Inc,Financials,Capital Markets,Investment Banking & Brokerage,NASDAQ,$116B (Large),"4,952,170"
IBOC,International Bancshares Corp,Financials,Banks,Regional Banks,NASDAQ,$4B (Small),"377,130"
IBRX,Immunitybio Inc,Health Care,Biotechnology,Biotechnology,NASDAQ,$9B (Mid),"34,426,070"
ICCM,Icecure Medical Ltd,Health Care,Health Care Equipment & Supplies,Health Care Equipment,NASDAQ,$46M (Micro),"188,540"
ICFI,ICF International Inc,Industrials,Professional Services,Research & Consulting Services,NASDAQ,$1B (Micro),"268,350"
ICHR,Ichor Holdings Ltd,Information Technology,Semiconductors & Semiconductor Equipment,Semiconductor Materials & Equipment,NASDAQ,$2B (Micro),"892,690"
ICLR,ICON PLC,Health Care,Life Sciences Tools & Services,Life Sciences Tools & Services,NASDAQ,$8B (Mid),"1,307,200"
ICON,Icon Energy Corp,Industrials,Marine Transportation,Marine Transportation,NASDAQ,$3M (Micro),"915,810"
ICU,SeaStar Medical Holding Corp,Health Care,Health Care Equipment & Supplies,Health Care Equipment,NASDAQ,$10M (Micro),"55,310"
ICUI,ICU Medical Inc,Health Care,Health Care Equipment & Supplies,Health Care Supplies,NASDAQ,$3B (Small),"280,800"
IDAI,T Stamp Inc,Information Technology,Software,Systems Software,NASDAQ,$13M (Micro),"56,920"
IDCC,InterDigital Inc,Information Technology,Software,Application Software,NASDAQ,$9B (Mid),"261,140"
IDN,Intellicheck Inc,Information Technology,Software,Application Software,NASDAQ,$95M (Micro),"96,000"
IDXX,IDEXX Laboratories Inc,Health Care,Health Care Equipment & Supplies,Health Care Equipment,NASDAQ,$48B (Large),"541,550"
IDYA,IDEAYA Biosciences Inc,Health Care,Biotechnology,Biotechnology,NASDAQ,$3B (Small),"922,210"
IEP,Icahn Enterprises LP,Industrials,Industrial Conglomerates,Industrial Conglomerates,NASDAQ,$5B (Small),"1,333,470"
IESC,IES Holdings Inc,Industrials,Construction & Engineering,Construction & Engineering,NASDAQ,$9B (Mid),"254,080"
IFRX,InflaRx NV,Health Care,Biotechnology,Biotechnology,NASDAQ,$65M (Micro),"226,970"
IGIC,International General Insurance Holdings Ltd,Financials,Insurance,Property & Casualty Insurance,NASDAQ,$1B (Micro),"63,280"
IHRT,iHeartMedia Inc,Communication Services,Media,Broadcasting,NASDAQ,$445M (Micro),"1,234,140"
III,Information Services Group Inc,Information Technology,IT Services,IT Consulting & Other Services,NASDAQ,$198M (Micro),"335,370"
IIIV,I3 Verticals Inc,Information Technology,Software,Application Software,NASDAQ,$708M (Micro),"318,580"
IINN,Inspira Technologies Oxy BHN Ltd,Health Care,Health Care Equipment & Supplies,Health Care Equipment,NASDAQ,$25M (Micro),"133,750"
IKT,Inhibikase Therapeutics Inc,Health Care,Biotechnology,Biotechnology,NASDAQ,$244M (Micro),"1,736,300"
ILMN,Illumina Inc,Health Care,Life Sciences Tools & Services,Life Sciences Tools & Services,NASDAQ,$19B (Mid),"2,024,360"
ILPT,Industrial Logistics Properties Trust,Real Estate,Industrial REITs,Industrial REITs,NASDAQ,$415M (Micro),"273,460"
IMCR,Immunocore Holdings PLC,Health Care,Biotechnology,Biotechnology,NASDAQ,$2B (Micro),"440,780"
IMDX,Insight Molecular Diagnostics Inc,Health Care,Biotechnology,Biotechnology,NASDAQ,$174M (Micro),"104,020"
IMKTA,Ingles Markets Inc,Consumer Staples,Consumer Staples Distribution & Retail,Food Retail,NASDAQ,$2B (Micro),"130,510"
IMMP,Immutep Ltd,Health Care,Biotechnology,Biotechnology,NASDAQ,$407M (Micro),"151,000"
IMMR,Immersion Corp,Information Technology,"Technology Hardware, Storage & Peripherals","Technology Hardware, Storage & Peripherals",NASDAQ,$209M (Micro),"295,880"
IMMX,Immix Biopharma Inc,Health Care,Biotechnology,Biotechnology,NASDAQ,$546M (Micro),"635,380"
IMNM,Immunome Inc,Health Care,Biotechnology,Biotechnology,NASDAQ,$2B (Small),"1,192,990"
IMPP,Imperial Petroleum Inc,Energy,"Oil, Gas & Consumable Fuels",Oil & Gas Storage & Transportation,NASDAQ,$214M (Micro),"1,341,020"
IMRX,Immuneering Corp,Health Care,Biotechnology,Biotechnology,NASDAQ,$365M (Micro),"809,080"
IMSR,Terrestrial Energy Inc,Industrials,Construction & Engineering,Construction & Engineering,NASDAQ,$732M (Micro),"1,489,190"
IMTE,Integrated Media Technology Ltd,Information Technology,"Electronic Equipment, Instruments & Components",Electronic Equipment & Instruments,NASDAQ,$2M (Micro),"1,254,170"
IMTX,Immatics NV,Health Care,Biotechnology,Biotechnology,NASDAQ,$1B (Micro),"421,170"
IMUX,Immunic Inc,Health Care,Biotechnology,Biotechnology,NASDAQ,$189M (Micro),"3,485,990"
IMVT,Immunovant Inc,Health Care,Biotechnology,Biotechnology,NASDAQ,$5B (Small),"1,162,880"
IMXI,International Money Express Inc,Financials,Financial Services,Transaction & Payment Processing Services,NASDAQ,$476M (Micro),"534,280"
INBK,First Internet Bancorp,Financials,Banks,Regional Banks,NASDAQ,$171M (Micro),"51,480"
INBS,Intelligent Bio Solutions Inc,Health Care,Health Care Equipment & Supplies,Health Care Equipment,NASDAQ,$7M (Micro),"189,280"
INBX,Inhibrx Biosciences Inc,Health Care,Biotechnology,Biotechnology,NASDAQ,$1B (Micro),"196,190"
INCY,Incyte Corp,Health Care,Biotechnology,Biotechnology,NASDAQ,$19B (Mid),"1,667,400"
INDB,Independent Bank Corp (Massachusetts),Financials,Banks,Regional Banks,NASDAQ,$4B (Small),"309,370"
INDI,indie Semiconductor Inc,Information Technology,Semiconductors & Semiconductor Equipment,Semiconductors,NASDAQ,$579M (Micro),"8,553,340"
INDP,Indaptus Therapeutics Inc,Health Care,Biotechnology,Biotechnology,NASDAQ,$4M (Micro),"72,670"
INDV,"Indivior Pharmaceuticals, Inc",Health Care,Pharmaceuticals,Pharmaceuticals,NASDAQ,$4B (Small),"2,608,610"
INEO,INNEOVA Holdings Ltd,Consumer Discretionary,Distributors,Distributors,NASDAQ,$8M (Micro),"669,070"
INGN,Inogen Inc,Health Care,Health Care Equipment & Supplies,Health Care Equipment,NASDAQ,$170M (Micro),"461,890"
INHD,Inno Holdings Inc,Materials,Metals & Mining,Steel,NASDAQ,$10M (Micro),"176,240"
INKT,Mink Therapeutics Inc,Health Care,Biotechnology,Biotechnology,NASDAQ,$52M (Micro),"1,595,180"
INLF,INLIF Ltd,Industrials,Machinery,Industrial Machinery & Supplies & Components,NASDAQ,$74M (Micro),"122,410"
INM,InMed Pharmaceuticals Inc,Health Care,Pharmaceuticals,Pharmaceuticals,NASDAQ,$2M (Micro),"144,400"
INMB,INmune Bio Inc,Health Care,Biotechnology,Biotechnology,NASDAQ,$38M (Micro),"620,450"
INMD,Inmode Ltd,Health Care,Health Care Equipment & Supplies,Health Care Equipment,NASDAQ,$833M (Micro),"767,710"
INNV,InnovAge Holding Corp,Health Care,Health Care Providers & Services,Health Care Services,NASDAQ,$1B (Micro),"421,800"
INO,Inovio Pharmaceuticals Inc,Health Care,Biotechnology,Biotechnology,NASDAQ,$116M (Micro),"620,720"
INOD,Innodata Inc,Industrials,Professional Services,Research & Consulting Services,NASDAQ,$1B (Micro),"1,148,260"
INSE,Inspired Entertainment Inc,Consumer Discretionary,"Hotels, Restaurants & Leisure",Casinos & Gaming,NASDAQ,$195M (Micro),"99,590"
INSG,Inseego Corp,Information Technology,Communications Equipment,Communications Equipment,NASDAQ,$190M (Micro),"161,820"
INSM,Insmed Inc,Health Care,Biotechnology,Biotechnology,NASDAQ,$30B (Mid),"2,246,930"
INTA,Intapp Inc,Information Technology,Software,Application Software,NASDAQ,$2B (Micro),"1,787,790"
INTC,Intel Corp,Information Technology,Semiconductors & Semiconductor Equipment,Semiconductors,NASDAQ,$240B (Large),"78,883,270"
INTR,Inter & Co Inc,Financials,Banks,Diversified Banks,NASDAQ,$4B (Small),"3,068,950"
INTU,Intuit Inc,Information Technology,Software,Application Software,NASDAQ,$122B (Large),"6,096,700"
INTZ,Intrusion Inc,Information Technology,Software,Systems Software,NASDAQ,$23M (Micro),"151,020"
INVA,Innoviva Inc,Health Care,Pharmaceuticals,Pharmaceuticals,NASDAQ,$2B (Micro),"780,340"
INVZ,Innoviz Technologies Ltd,Information Technology,"Electronic Equipment, Instruments & Components",Electronic Equipment & Instruments,NASDAQ,$159M (Micro),"2,338,220"
IOBT,IO Biotech Inc,Health Care,Biotechnology,Biotechnology,NASDAQ,$18M (Micro),"868,120"
IONS,Ionis Pharmaceuticals Inc,Health Care,Biotechnology,Biotechnology,NASDAQ,$12B (Mid),"2,781,400"
IOSP,Innospec Inc,Materials,Chemicals,Specialty Chemicals,NASDAQ,$2B (Micro),"216,350"
IOVA,Iovance Biotherapeutics Inc,Health Care,Biotechnology,Biotechnology,NASDAQ,$2B (Micro),"25,496,570"
IPAR,Interparfums Inc,Consumer Staples,Personal Care Products,Personal Care Products,NASDAQ,$3B (Small),"312,480"
IPDN,Professional Diversity Network Inc,Industrials,Professional Services,Human Resource & Employment Services,NASDAQ,$8M (Micro),"152,160"
IPGP,IPG Photonics Corp,Information Technology,"Electronic Equipment, Instruments & Components",Electronic Manufacturing Services,NASDAQ,$5B (Small),"557,720"
IPSC,Century Therapeutics Inc,Health Care,Biotechnology,Biotechnology,NASDAQ,$490M (Micro),"1,294,380"
IPST,Heritage Distilling Holding Company Inc,Consumer Staples,Beverages,Distillers & Vintners,NASDAQ,$5M (Micro),"103,410"
IPW,iPower Inc,Industrials,Trading Companies & Distributors,Trading Companies & Distributors,NASDAQ,$3M (Micro),"76,460"
IPX,Iperionx Ltd,Materials,Metals & Mining,Diversified Metals & Mining,NASDAQ,$2B (Micro),"159,170"
IQ,iQIYI Inc,Communication Services,Entertainment,Movies & Entertainment,NASDAQ,$1B (Micro),"16,747,130"
IQST,iQSTEL Inc,Communication Services,Diversified Telecommunication Services,Alternative Carriers,NASDAQ,$9M (Micro),"95,370"
IRD,Opus Genetics Inc,Health Care,Biotechnology,Biotechnology,NASDAQ,$350M (Micro),"1,134,300"
IRDM,Iridium Communications Inc,Communication Services,Diversified Telecommunication Services,Alternative Carriers,NASDAQ,$3B (Small),"1,917,300"
IREN,IREN Ltd,Information Technology,Software,Application Software,NASDAQ,$17B (Mid),"34,950,170"
IRMD,IRadimed Corp,Health Care,Health Care Equipment & Supplies,Health Care Equipment,NASDAQ,$1B (Micro),"64,750"
IRON,Disc Medicine Inc,Health Care,Biotechnology,Biotechnology,NASDAQ,$2B (Small),"661,640"
IRTC,Irhythm Technologies Inc,Health Care,Health Care Equipment & Supplies,Health Care Equipment,NASDAQ,$4B (Small),"719,240"
ISPC,iSpecimen Inc,Health Care,Health Care Technology,Health Care Technology,NASDAQ,$2M (Micro),"421,160"
ISPR,Ispire Technology Inc,Consumer Staples,Tobacco,Tobacco,NASDAQ,$111M (Micro),"107,700"
ISRG,Intuitive Surgical Inc,Health Care,Health Care Equipment & Supplies,Health Care Equipment,NASDAQ,$175B (Large),"1,718,250"
ISSC,Innovative Solutions and Support Inc,Industrials,Aerospace & Defense,Aerospace & Defense,NASDAQ,$533M (Micro),"730,470"
ISTR,Investar Holding Corp,Financials,Banks,Regional Banks,NASDAQ,$372M (Micro),"114,780"
ITRI,Itron Inc,Information Technology,"Electronic Equipment, Instruments & Components",Electronic Equipment & Instruments,NASDAQ,$4B (Small),"1,083,650"
ITRM,Iterum Therapeutics PLC,Health Care,Pharmaceuticals,Pharmaceuticals,NASDAQ,$9M (Micro),"2,774,390"
ITRN,Ituran Location and Control Ltd,Information Technology,Communications Equipment,Communications Equipment,NASDAQ,$994M (Micro),"117,320"
IVDA,Iveda Solutions Inc,Information Technology,Software,Systems Software,NASDAQ,$3M (Micro),"619,730"
IVF,INVO Fertility Inc,Health Care,Health Care Equipment & Supplies,Health Care Equipment,NASDAQ,$6M (Micro),"219,360"
IVVD,Invivyd Inc,Health Care,Biotechnology,Biotechnology,NASDAQ,$537M (Micro),"2,110,030"
IXHL,Incannex Healthcare Inc,Health Care,Pharmaceuticals,Pharmaceuticals,NASDAQ,$71M (Micro),"675,950"
JACK,Jack in the Box Inc,Consumer Discretionary,"Hotels, Restaurants & Leisure",Restaurants,NASDAQ,$255M (Micro),"786,650"
JAGX,Jaguar Health Inc,Health Care,Pharmaceuticals,Pharmaceuticals,NASDAQ,$3M (Micro),"779,830"
JAKK,JAKKS Pacific Inc,Consumer Discretionary,Leisure Products,Leisure Products,NASDAQ,$234M (Micro),"149,760"
JANX,Janux Therapeutics Inc,Health Care,Biotechnology,Biotechnology,NASDAQ,$857M (Micro),"822,990"
JAZZ,Jazz Pharmaceuticals PLC,Health Care,Pharmaceuticals,Pharmaceuticals,NASDAQ,$11B (Mid),"1,407,840"
JBHT,J B Hunt Transport Services Inc,Industrials,Ground Transportation,Cargo Ground Transportation,NASDAQ,$20B (Mid),"892,050"
JBIO,Jade Biosciences Inc,Health Care,Biotechnology,Biotechnology,NASDAQ,$691M (Micro),"368,310"
JBLU,JetBlue Airways Corp,Industrials,Passenger Airlines,Passenger Airlines,NASDAQ,$2B (Micro),"20,807,570"
JBSS,John B Sanfilippo & Son Inc,Consumer Staples,Food Products,Packaged Foods & Meats,NASDAQ,$889M (Micro),"59,380"
JCAP,Jefferson Capital Inc,Financials,Consumer Finance,Consumer Finance,NASDAQ,$1B (Micro),"326,230"
JCSE,JE Cleantech Holdings Ltd,Industrials,Machinery,Industrial Machinery & Supplies & Components,NASDAQ,$6M (Micro),"64,350"
JD,JD.com Inc,Consumer Discretionary,Broadline Retail,Broadline Retail,NASDAQ,$45B (Large),"14,014,940"
JDZG,JIADE Ltd,Consumer Discretionary,Diversified Consumer Services,Education Services,NASDAQ,$3M (Micro),"7,816,510"
JEM,707 Cayman Holdings Ltd,Consumer Discretionary,Distributors,Distributors,NASDAQ,$3M (Micro),"36,518,700"
JFB,JFB Construction Holdings,Industrials,Construction & Engineering,Construction & Engineering,NASDAQ,$188M (Micro),"153,120"
JJSF,J&J Snack Foods Corp,Consumer Staples,Food Products,Packaged Foods & Meats,NASDAQ,$2B (Micro),"231,190"
JKHY,Jack Henry & Associates Inc,Financials,Financial Services,Transaction & Payment Processing Services,NASDAQ,$12B (Mid),"1,071,150"
JOUT,Johnson Outdoors Inc,Consumer Discretionary,Leisure Products,Leisure Products,NASDAQ,$463M (Micro),"76,600"
JOYY,JOYY Inc,Communication Services,Interactive Media & Services,Interactive Media & Services,NASDAQ,$3B (Small),"279,760"
JRVR,James River Group Holdings Inc,Financials,Insurance,Property & Casualty Insurance,NASDAQ,$295M (Micro),"341,030"
JSPR,Jasper Therapeutics Inc,Health Care,Biotechnology,Biotechnology,NASDAQ,$37M (Micro),"382,400"
JTAI,Jet.AI Inc,Industrials,Passenger Airlines,Passenger Airlines,NASDAQ,$12M (Micro),"19,959,660"
JUNS,Jupiter Neurosciences Inc,Health Care,Pharmaceuticals,Pharmaceuticals,NASDAQ,$14M (Micro),"186,450"
JYNT,Joint Corp,Health Care,Health Care Providers & Services,Health Care Facilities,NASDAQ,$127M (Micro),"73,930"
JZ,Jianzhi Education Technology Group Co Ltd,Consumer Discretionary,Diversified Consumer Services,Education Services,NASDAQ,$12M (Micro),"61,520"
JZXN,Jiuzi Holdings Inc,Consumer Discretionary,Specialty Retail,Automotive Retail,NASDAQ,$2M (Micro),"6,356,910"
KALA,KALA BIO Inc,Health Care,Biotechnology,Biotechnology,NASDAQ,$333M (Micro),"1,086,980"
KALU,Kaiser Aluminum Corp,Materials,Metals & Mining,Aluminum,NASDAQ,$2B (Micro),"203,430"
KALV,Kalvista Pharmaceuticals Inc,Health Care,Biotechnology,Biotechnology,NASDAQ,$922M (Micro),"950,760"
KC,Kingsoft Cloud Holdings Ltd,Information Technology,IT Services,Internet Services & Infrastructure,NASDAQ,$4B (Small),"1,909,780"
KDK,Kodiak AI Inc,Consumer Discretionary,Automobile Components,Automotive Parts & Equipment,NASDAQ,$2B (Micro),"416,970"
KDP,Keurig Dr Pepper Inc,Consumer Staples,Beverages,Soft Drinks & Non-alcoholic Beverages,NASDAQ,$38B (Mid),"10,906,700"
KE,Kimball Electronics Inc,Information Technology,"Electronic Equipment, Instruments & Components",Electronic Manufacturing Services,NASDAQ,$559M (Micro),"151,960"
KELYA,Kelly Services Inc,Industrials,Professional Services,Human Resource & Employment Services,NASDAQ,$274M (Micro),"360,780"
KHC,Kraft Heinz Co,Consumer Staples,Food Products,Packaged Foods & Meats,NASDAQ,$27B (Mid),"15,937,750"
KIDS,OrthoPediatrics Corp,Health Care,Health Care Equipment & Supplies,Health Care Supplies,NASDAQ,$450M (Micro),"181,350"
KINS,Kingstone Companies Inc,Financials,Insurance,Property & Casualty Insurance,NASDAQ,$218M (Micro),"104,900"
KITT,Nauticus Robotics Inc,Industrials,Machinery,Construction Machinery & Heavy Transportation Equipment,NASDAQ,$22M (Micro),"8,638,600"
KLAC,KLA Corp,Information Technology,Semiconductors & Semiconductor Equipment,Semiconductor Materials & Equipment,NASDAQ,$192B (Large),"1,020,100"
KLIC,Kulicke and Soffa Industries Inc,Information Technology,Semiconductors & Semiconductor Equipment,Semiconductor Materials & Equipment,NASDAQ,$3B (Small),"703,190"
KLTO,Klotho Neurosciences Inc,Health Care,Biotechnology,Biotechnology,NASDAQ,$57M (Micro),"11,086,040"
KLTR,Kaltura Inc,Information Technology,Software,Application Software,NASDAQ,$199M (Micro),"355,300"
KLXE,KLX Energy Services Holdings Inc,Energy,Energy Equipment & Services,Oil & Gas Equipment & Services,NASDAQ,$53M (Micro),"265,310"
KMB,Kimberly-Clark Corp,Consumer Staples,Household Products,Household Products,NASDAQ,$33B (Mid),"5,081,080"
KMDA,Kamada Ltd,Health Care,Biotechnology,Biotechnology,NASDAQ,$493M (Micro),"62,840"
KMTS,Kestra Medical Technologies Ltd,Health Care,Health Care Equipment & Supplies,Health Care Equipment,NASDAQ,$1B (Micro),"316,710"
KNDI,Kandi Technologies Group Inc,Consumer Discretionary,Automobile Components,Automotive Parts & Equipment,NASDAQ,$80M (Micro),"65,410"
KNSA,Kiniksa Pharmaceuticals International PLC,Health Care,Biotechnology,Biotechnology,NASDAQ,$4B (Small),"788,720"
KOD,Kodiak Sciences Inc,Health Care,Biotechnology,Biotechnology,NASDAQ,$1B (Micro),"542,710"
KOPN,Kopin Corp,Information Technology,Semiconductors & Semiconductor Equipment,Semiconductors,NASDAQ,$411M (Micro),"1,871,280"
KPTI,Karyopharm Therapeutics Inc,Health Care,Biotechnology,Biotechnology,NASDAQ,$161M (Micro),"678,530"
KRMD,KORU Medical Systems Inc,Health Care,Health Care Equipment & Supplies,Health Care Equipment,NASDAQ,$209M (Micro),"139,540"
KRNT,Kornit Digital Ltd,Industrials,Machinery,Industrial Machinery & Supplies & Components,NASDAQ,$663M (Micro),"256,160"
KRNY,Kearny Financial Corp,Financials,Banks,Regional Banks,NASDAQ,$475M (Micro),"312,870"
KROS,Keros Therapeutics Inc,Health Care,Biotechnology,Biotechnology,NASDAQ,$222M (Micro),"482,410"
KRRO,Korro Bio Inc,Health Care,Biotechnology,Biotechnology,NASDAQ,$117M (Micro),"197,750"
KRT,Karat Packaging Inc,Industrials,Trading Companies & Distributors,Trading Companies & Distributors,NASDAQ,$459M (Micro),"60,250"
KRUS,Kura Sushi USA Inc,Consumer Discretionary,"Hotels, Restaurants & Leisure",Restaurants,NASDAQ,$715M (Micro),"193,810"
KRYS,Krystal Biotech Inc,Health Care,Biotechnology,Biotechnology,NASDAQ,$7B (Small),"240,340"
KSPI,Kaspi.kz AO,Financials,Consumer Finance,Consumer Finance,NASDAQ,$14B (Mid),"785,550"
KTOS,Kratos Defense and Security Solutions Inc,Industrials,Aerospace & Defense,Aerospace & Defense,NASDAQ,$17B (Mid),"6,738,010"
KTTA,Pasithea Therapeutics Corp,Health Care,Biotechnology,Biotechnology,NASDAQ,$20M (Micro),"81,780"
KURA,Kura Oncology Inc,Health Care,Biotechnology,Biotechnology,NASDAQ,$814M (Micro),"1,767,250"
KUST,Kustom Entertainment Inc,Information Technology,"Electronic Equipment, Instruments & Components",Electronic Equipment & Instruments,NASDAQ,$817K (Micro),"182,310"
KWM,K Wave Media Ltd,Communication Services,Entertainment,Movies & Entertainment,NASDAQ,$38M (Micro),"135,060"
KXIN,Kaixin Holdings,Consumer Discretionary,Specialty Retail,Automotive Retail,NASDAQ,$435K (Micro),"426,010"
KYIV,Kyivstar Group Ltd,Communication Services,Wireless Telecommunication Services,Wireless Telecommunication Services,NASDAQ,$3B (Small),"465,020"
KYMR,Kymera Therapeutics Inc,Health Care,Biotechnology,Biotechnology,NASDAQ,$7B (Small),"918,050"
KYTX,Kyverna Therapeutics Inc,Health Care,Biotechnology,Biotechnology,NASDAQ,$502M (Micro),"650,950"
KZIA,Kazia Therapeutics Ltd,Health Care,Biotechnology,Biotechnology,NASDAQ,$87M (Micro),"202,900"
LAB,Standard BioTools Inc,Health Care,Life Sciences Tools & Services,Life Sciences Tools & Services,NASDAQ,$374M (Micro),"3,233,890"
LAKE,Lakeland Industries Inc,Consumer Discretionary,"Textiles, Apparel & Luxury Goods","Apparel, Accessories & Luxury Goods",NASDAQ,$86M (Micro),"110,150"
LAMR,Lamar Advertising Co,Real Estate,Specialized REITs,Other Specialized REITs,NASDAQ,$14B (Mid),"640,330"
LAND,Gladstone Land Corp,Real Estate,Specialized REITs,Other Specialized REITs,NASDAQ,$495M (Micro),"803,060"
LASE,Laser Photonics Corp,Industrials,Machinery,Industrial Machinery & Supplies & Components,NASDAQ,$34M (Micro),"2,292,600"
LASR,nLIGHT Inc,Information Technology,"Electronic Equipment, Instruments & Components",Electronic Equipment & Instruments,NASDAQ,$4B (Small),"2,871,210"
LAUR,Laureate Education Inc,Consumer Discretionary,Diversified Consumer Services,Education Services,NASDAQ,$5B (Small),"1,917,260"
LBGJ,Li Bang International Corporation Inc,Industrials,Machinery,Industrial Machinery & Supplies & Components,NASDAQ,$2M (Micro),"20,771,360"
LBRDA,Liberty Broadband Corp,Communication Services,Media,Cable & Satellite,NASDAQ,$951M (Micro),"134,180"
LBRX,LB Pharmaceuticals Inc,Health Care,Pharmaceuticals,Pharmaceuticals,NASDAQ,$706M (Micro),"200,420"
LBTYA,Liberty Global Ltd,Communication Services,Diversified Telecommunication Services,Alternative Carriers,NASDAQ,$2B (Small),"2,575,390"
LCID,Lucid Group Inc,Consumer Discretionary,Automobiles,Automobile Manufacturers,NASDAQ,$3B (Small),"6,857,740"
LE,Lands' End Inc,Consumer Discretionary,Specialty Retail,Apparel Retail,NASDAQ,$471M (Micro),"263,960"
LECO,Lincoln Electric Holdings Inc,Industrials,Machinery,Industrial Machinery & Supplies & Components,NASDAQ,$15B (Mid),"298,120"
LEE,Lee Enterprises Inc,Communication Services,Media,Publishing,NASDAQ,$206M (Micro),"143,370"
LEGH,Legacy Housing Corporation,Consumer Discretionary,Household Durables,Homebuilding,NASDAQ,$470M (Micro),"119,130"
LEGN,Legend Biotech Corp,Health Care,Biotechnology,Biotechnology,NASDAQ,$4B (Small),"1,671,730"
LENZ,LENZ Therapeutics Inc,Health Care,Pharmaceuticals,Pharmaceuticals,NASDAQ,$376M (Micro),"706,570"
LESL,Leslie's Inc,Consumer Discretionary,Specialty Retail,Other Specialty Retail,NASDAQ,$10M (Micro),"102,530"
LEXX,Lexaria Bioscience Corp,Health Care,Pharmaceuticals,Pharmaceuticals,NASDAQ,$18M (Micro),"160,210"
LFCR,Lifecore Biomedical Inc,Health Care,Life Sciences Tools & Services,Life Sciences Tools & Services,NASDAQ,$255M (Micro),"120,620"
LFMD,LifeMD Inc,Health Care,Health Care Technology,Health Care Technology,NASDAQ,$195M (Micro),"1,482,480"
LFST,LifeStance Health Group Inc,Health Care,Health Care Providers & Services,Health Care Services,NASDAQ,$3B (Small),"4,408,730"
LFUS,Littelfuse Inc,Information Technology,"Electronic Equipment, Instruments & Components",Electronic Components,NASDAQ,$8B (Mid),"403,720"
LFVN,LifeVantage Corp,Consumer Staples,Personal Care Products,Personal Care Products,NASDAQ,$68M (Micro),"140,790"
LGHL,Lion Group Holding Ltd,Financials,Capital Markets,Investment Banking & Brokerage,NASDAQ,$644K (Micro),"194,660"
LGIH,LGI Homes Inc,Consumer Discretionary,Household Durables,Homebuilding,NASDAQ,$955M (Micro),"354,890"
LGN,Legence Corp,Industrials,Construction & Engineering,Construction & Engineering,NASDAQ,$6B (Small),"914,150"
LGND,Ligand Pharmaceuticals Inc,Health Care,Pharmaceuticals,Pharmaceuticals,NASDAQ,$4B (Small),"203,430"
LGVN,Longeveron Inc,Health Care,Biotechnology,Biotechnology,NASDAQ,$17M (Micro),"25,944,060"
LHAI,Linkhome Holdings Inc,Real Estate,Real Estate Management & Development,Real Estate Services,NASDAQ,$23M (Micro),"100,210"
LHSW,Lianhe Sowell International Group Ltd,Information Technology,"Electronic Equipment, Instruments & Components",Technology Distributors,NASDAQ,$10M (Micro),"2,065,800"
LI,Li Auto Inc,Consumer Discretionary,Automobiles,Automobile Manufacturers,NASDAQ,$20B (Mid),"2,846,160"
LIDR,AEye Inc,Information Technology,"Electronic Equipment, Instruments & Components",Electronic Equipment & Instruments,NASDAQ,$73M (Micro),"380,520"
LIFE,Ethos Technologies Inc,Financials,Insurance,Insurance Brokers,NASDAQ,$789M (Micro),"389,230"
LILA,Liberty Latin America Ltd,Communication Services,Diversified Telecommunication Services,Alternative Carriers,NASDAQ,$285M (Micro),"284,260"
LIMN,Liminatus Pharma Inc,Health Care,Biotechnology,Biotechnology,NASDAQ,$10M (Micro),"1,774,230"
LIN,Linde PLC,Materials,Chemicals,Industrial Gases,NASDAQ,$223B (Large),"2,923,000"
LINC,Lincoln Educational Services Corp,Consumer Discretionary,Diversified Consumer Services,Education Services,NASDAQ,$1B (Micro),"667,370"
LIND,Lindblad Expeditions Holdings Inc,Consumer Discretionary,"Hotels, Restaurants & Leisure","Hotels, Resorts & Cruise Lines",NASDAQ,$1B (Micro),"950,660"
LINE,Lineage Inc,Real Estate,Industrial REITs,Industrial REITs,NASDAQ,$9B (Mid),"1,153,600"
LITE,Lumentum Holdings Inc,Information Technology,Communications Equipment,Communications Equipment,NASDAQ,$48B (Large),"7,150,040"
LITS,Lite Strategy Inc,Health Care,Biotechnology,Biotechnology,NASDAQ,$43M (Micro),"367,570"
LIVN,LivaNova PLC,Health Care,Health Care Equipment & Supplies,Health Care Equipment,NASDAQ,$3B (Small),"1,141,000"
LKFN,Lakeland Financial Corp,Financials,Banks,Regional Banks,NASDAQ,$1B (Micro),"179,820"
LKQ,LKQ Corp,Consumer Discretionary,Distributors,Distributors,NASDAQ,$8B (Mid),"1,951,750"
LLYVA,Liberty Live Holdings Inc,Consumer Discretionary,Diversified Consumer Services,Specialized Consumer Services,NASDAQ,$2B (Small),"190,030"
LMAT,LeMaitre Vascular Inc,Health Care,Health Care Equipment & Supplies,Health Care Equipment,NASDAQ,$2B (Small),"363,260"
LMB,Limbach Holdings Inc,Industrials,Construction & Engineering,Construction & Engineering,NASDAQ,$936M (Micro),"222,840"
LMFA,LM Funding America Inc,Information Technology,Software,Application Software,NASDAQ,$6M (Micro),"324,400"
LMNR,Limoneira Co,Consumer Staples,Food Products,Agricultural Products & Services,NASDAQ,$248M (Micro),"61,310"
LMRI,Lumexa Imaging Holdings Inc,Health Care,Health Care Providers & Services,Health Care Services,NASDAQ,$1B (Micro),"527,790"
LNAI,Lunai Bioworks Inc,Health Care,Biotechnology,Biotechnology,NASDAQ,$5M (Micro),"397,250"
LNKB,LINKBANCORP Inc,Financials,Banks,Regional Banks,NASDAQ,$313M (Micro),"123,340"
LNKS,Linkers Industries Ltd,Industrials,Electrical Equipment,Electrical Components & Equipment,NASDAQ,$13M (Micro),"728,100"
LNT,Alliant Energy Corp,Utilities,Electric Utilities,Electric Utilities,NASDAQ,$18B (Mid),"3,350,190"
LNTH,Lantheus Holdings Inc,Health Care,Health Care Equipment & Supplies,Health Care Supplies,NASDAQ,$5B (Small),"1,483,280"
LOCO,El Pollo Loco Holdings Inc,Consumer Discretionary,"Hotels, Restaurants & Leisure",Restaurants,NASDAQ,$333M (Micro),"182,600"
LOGI,Logitech International SA,Information Technology,"Technology Hardware, Storage & Peripherals","Technology Hardware, Storage & Peripherals",NASDAQ,$14B (Mid),"1,038,380"
LOPE,Grand Canyon Education Inc,Consumer Discretionary,Diversified Consumer Services,Education Services,NASDAQ,$4B (Small),"291,570"
LOT,Lotus Technology Inc,Consumer Discretionary,Automobiles,Automobile Manufacturers,NASDAQ,$808M (Micro),"74,400"
LOVE,Lovesac Co,Consumer Discretionary,Household Durables,Home Furnishings,NASDAQ,$162M (Micro),"191,970"
LPCN,Lipocine Inc,Health Care,Pharmaceuticals,Pharmaceuticals,NASDAQ,$66M (Micro),"143,680"
LPLA,LPL Financial Holdings Inc,Financials,Capital Markets,Investment Banking & Brokerage,NASDAQ,$24B (Mid),"958,480"
LPRO,Open Lending Corp,Financials,Capital Markets,Financial Exchanges & Data,NASDAQ,$157M (Micro),"376,880"
LPSN,LivePerson Inc,Information Technology,Software,Application Software,NASDAQ,$33M (Micro),"120,720"
LPTH,LightPath Technologies Inc,Information Technology,"Electronic Equipment, Instruments & Components",Electronic Equipment & Instruments,NASDAQ,$628M (Micro),"2,386,830"
LQDA,Liquidia Corp,Health Care,Pharmaceuticals,Pharmaceuticals,NASDAQ,$3B (Small),"2,121,770"
LQDT,Liquidity Services Inc,Industrials,Commercial Services & Supplies,Diversified Support Services,NASDAQ,$969M (Micro),"162,100"
LRCX,Lam Research Corp,Information Technology,Semiconductors & Semiconductor Equipment,Semiconductor Materials & Equipment,NASDAQ,$273B (Large),"11,283,490"
LRHC,La Rosa Holdings,Real Estate,Real Estate Management & Development,Real Estate Services,NASDAQ,$3M (Micro),"6,984,200"
LRMR,Larimar Therapeutics Inc,Health Care,Biotechnology,Biotechnology,NASDAQ,$561M (Micro),"11,746,430"
LSAK,Lesaka Technologies Inc,Financials,Financial Services,Transaction & Payment Processing Services,NASDAQ,$389M (Micro),"67,590"
LSCC,Lattice Semiconductor Corp,Information Technology,Semiconductors & Semiconductor Equipment,Semiconductors,NASDAQ,$12B (Mid),"1,872,230"
LSE,Leishen Energy Holding Co Ltd,Energy,Energy Equipment & Services,Oil & Gas Equipment & Services,NASDAQ,$82M (Micro),"58,070"
LSTA,Lisata Therapeutics Inc,Health Care,Biotechnology,Biotechnology,NASDAQ,$44M (Micro),"107,380"
LSTR,Landstar System Inc,Industrials,Ground Transportation,Cargo Ground Transportation,NASDAQ,$5B (Small),"586,500"
LTBR,Lightbridge Corp,Energy,"Oil, Gas & Consumable Fuels",Coal & Consumable Fuels,NASDAQ,$414M (Micro),"997,030"
LTRN,Lantern Pharma Inc,Health Care,Biotechnology,Biotechnology,NASDAQ,$30M (Micro),"62,190"
LTRX,Lantronix Inc,Information Technology,Communications Equipment,Communications Equipment,NASDAQ,$244M (Micro),"685,760"
LUCD,Lucid Diagnostics Inc,Health Care,Health Care Equipment & Supplies,Health Care Equipment,NASDAQ,$190M (Micro),"868,110"
LUCY,Innovative Eyewear Inc,Health Care,Health Care Equipment & Supplies,Health Care Supplies,NASDAQ,$6M (Micro),"78,700"
LULU,Lululemon Athletica Inc,Consumer Discretionary,"Textiles, Apparel & Luxury Goods","Apparel, Accessories & Luxury Goods",NASDAQ,$19B (Mid),"2,316,470"
LUNG,Pulmonx Corp,Health Care,Health Care Equipment & Supplies,Health Care Equipment,NASDAQ,$76M (Micro),"1,104,540"
LUNR,Intuitive Machines Inc,Industrials,Aerospace & Defense,Aerospace & Defense,NASDAQ,$4B (Small),"11,753,340"
LVO,LiveOne Inc,Communication Services,Entertainment,Movies & Entertainment,NASDAQ,$63M (Micro),"76,600"
LWLG,Lightwave Logic Inc,Information Technology,"Electronic Equipment, Instruments & Components",Electronic Components,NASDAQ,$730M (Micro),"3,078,650"
LX,Lexinfintech Holdings Ltd,Financials,Consumer Finance,Consumer Finance,NASDAQ,$448M (Micro),"1,044,540"
LXEH,Lixiang Education Holding Co Ltd,Consumer Discretionary,Diversified Consumer Services,Education Services,NASDAQ,$4M (Micro),"1,000,100"
LXEO,Lexeo Therapeutics Inc,Health Care,Biotechnology,Biotechnology,NASDAQ,$500M (Micro),"872,410"
LXRX,Lexicon Pharmaceuticals Inc,Health Care,Pharmaceuticals,Pharmaceuticals,NASDAQ,$729M (Micro),"3,064,110"
LYEL,Lyell Immunopharma Inc,Health Care,Biotechnology,Biotechnology,NASDAQ,$534M (Micro),"100,380"
LYFT,Lyft Inc,Industrials,Ground Transportation,Passenger Ground Transportation,NASDAQ,$5B (Small),"17,773,860"
LYRA,Lyra Therapeutics Inc,Health Care,Pharmaceuticals,Pharmaceuticals,NASDAQ,$2M (Micro),"110,640"
LYTS,LSI Industries Inc,Industrials,Electrical Equipment,Electrical Components & Equipment,NASDAQ,$710M (Micro),"517,900"
LZ,LegalZoom.com Inc,Industrials,Professional Services,Research & Consulting Services,NASDAQ,$1B (Micro),"2,866,760"
MAMA,Mama's Creations Inc,Consumer Staples,Food Products,Packaged Foods & Meats,NASDAQ,$651M (Micro),"530,470"
MAMO,Massimo Group,Consumer Discretionary,Automobiles,Motorcycle Manufacturers,NASDAQ,$44M (Micro),"195,850"
MANH,Manhattan Associates Inc,Information Technology,Software,Application Software,NASDAQ,$9B (Mid),"762,370"
MAPS,WM Technology Inc,Information Technology,Software,Application Software,NASDAQ,$120M (Micro),"864,760"
MAR,Marriott International Inc,Consumer Discretionary,"Hotels, Restaurants & Leisure","Hotels, Resorts & Cruise Lines",NASDAQ,$86B (Large),"1,791,240"
MARA,MARA Holdings Inc,Information Technology,Software,Application Software,NASDAQ,$3B (Small),"56,526,170"
MARPS,Marine Petroleum Trust,Energy,"Oil, Gas & Consumable Fuels",Oil & Gas Exploration & Production,NASDAQ,$10M (Micro),"241,040"
MASI,Masimo Corp,Health Care,Health Care Equipment & Supplies,Health Care Equipment,NASDAQ,$9B (Mid),"1,842,130"
MASK,3 E Network Technology Group Ltd,Information Technology,IT Services,IT Consulting & Other Services,NASDAQ,$2M (Micro),"757,070"
MASS,908 Devices Inc,Information Technology,"Electronic Equipment, Instruments & Components",Electronic Equipment & Instruments,NASDAQ,$234M (Micro),"316,680"
MAT,Mattel Inc,Consumer Discretionary,Leisure Products,Leisure Products,NASDAQ,$5B (Small),"5,235,310"
MATW,Matthews International Corp,Consumer Discretionary,Diversified Consumer Services,Specialized Consumer Services,NASDAQ,$805M (Micro),"177,780"
MAXN,Maxeon Solar Technologies Ltd,Information Technology,Semiconductors & Semiconductor Equipment,Semiconductors,NASDAQ,$41M (Micro),"116,630"
MAZE,Maze Therapeutics Inc,Health Care,Pharmaceuticals,Pharmaceuticals,NASDAQ,$2B (Small),"466,980"
MBAI,Check Cap Ltd,Health Care,Health Care Equipment & Supplies,Health Care Equipment,NASDAQ,$13M (Micro),"68,730"
MBIN,Merchants Bancorp,Financials,Financial Services,Commercial & Residential Mortgage Finance,NASDAQ,$2B (Micro),"244,720"
MBLY,Mobileye Global Inc,Consumer Discretionary,Automobile Components,Automotive Parts & Equipment,NASDAQ,$7B (Small),"4,930,410"
MBOT,Microbot Medical Inc,Health Care,Health Care Equipment & Supplies,Health Care Equipment,NASDAQ,$191M (Micro),"1,917,230"
MBRX,Moleculin Biotech Inc,Health Care,Biotechnology,Biotechnology,NASDAQ,$10M (Micro),"160,150"
MBUU,Malibu Boats Inc,Consumer Discretionary,Leisure Products,Leisure Products,NASDAQ,$484M (Micro),"387,870"
MBWM,Mercantile Bank Corp,Financials,Banks,Regional Banks,NASDAQ,$863M (Micro),"124,490"
MBX,MBX Biosciences Inc,Health Care,Pharmaceuticals,Pharmaceuticals,NASDAQ,$1B (Micro),"621,340"
MCBS,Metrocity Bankshares Inc,Financials,Banks,Regional Banks,NASDAQ,$812M (Micro),"86,660"
MCFT,Mastercraft Boat Holdings Inc,Consumer Discretionary,Leisure Products,Leisure Products,NASDAQ,$326M (Micro),"171,450"
MCHB,Mechanics Bancorp,Financials,Banks,Regional Banks,NASDAQ,$3B (Small),"436,080"
MCHP,Microchip Technology Inc,Information Technology,Semiconductors & Semiconductor Equipment,Semiconductors,NASDAQ,$36B (Mid),"9,589,590"
MCRI,Monarch Casino & Resort Inc,Consumer Discretionary,"Hotels, Restaurants & Leisure",Casinos & Gaming,NASDAQ,$2B (Micro),"118,120"
MCW,Mister Car Wash Inc,Consumer Discretionary,Diversified Consumer Services,Specialized Consumer Services,NASDAQ,$2B (Small),"2,192,610"
MDAI,Spectral AI Inc,Health Care,Health Care Equipment & Supplies,Health Care Equipment,NASDAQ,$42M (Micro),"221,260"
MDB,MongoDB Inc,Information Technology,IT Services,Internet Services & Infrastructure,NASDAQ,$22B (Mid),"3,759,450"
MDCX,Medicus Pharma Ltd,Health Care,Biotechnology,Biotechnology,NASDAQ,$12M (Micro),"19,664,570"
MDGL,Madrigal Pharmaceuticals Inc,Health Care,Biotechnology,Biotechnology,NASDAQ,$10B (Mid),"328,580"
MDLN,Medline Inc,Health Care,Health Care Equipment & Supplies,Health Care Supplies,NASDAQ,$56B (Large),"9,591,870"
MDLZ,Mondelez International Inc,Consumer Staples,Food Products,Packaged Foods & Meats,NASDAQ,$71B (Large),"9,929,360"
MDWD,Mediwound Ltd,Health Care,Pharmaceuticals,Pharmaceuticals,NASDAQ,$221M (Micro),"87,160"
MDXG,MiMedx Group Inc,Health Care,Biotechnology,Biotechnology,NASDAQ,$677M (Micro),"1,139,280"
MEDP,Medpace Holdings Inc,Health Care,Life Sciences Tools & Services,Life Sciences Tools & Services,NASDAQ,$14B (Mid),"323,200"
MEHA,Functional Brands Inc,Consumer Staples,Personal Care Products,Personal Care Products,NASDAQ,$3M (Micro),"1,790,110"
MELI,MercadoLibre Inc,Consumer Discretionary,Broadline Retail,Broadline Retail,NASDAQ,$90B (Large),"855,440"
MENS,Jyong Biotech Ltd,Health Care,Biotechnology,Biotechnology,NASDAQ,$170M (Micro),"223,690"
MEOH,Methanex Corp,Materials,Chemicals,Commodity Chemicals,NASDAQ,$4B (Small),"1,335,850"
MERC,Mercer International Inc,Materials,Paper & Forest Products,Paper Products,NASDAQ,$110M (Micro),"355,650"
MESO,Mesoblast Ltd,Health Care,Biotechnology,Biotechnology,NASDAQ,$2B (Micro),"402,990"
META,Meta Platforms Inc,Communication Services,Interactive Media & Services,Interactive Media & Services,NASDAQ,$2T (Large),"12,041,110"
METC,Ramaco Resources Inc,Materials,Metals & Mining,Steel,NASDAQ,$881M (Micro),"2,494,540"
MFIC,MidCap Financial Investment Corp,Financials,Capital Markets,Asset Management & Custody Banks,NASDAQ,$941M (Micro),"1,737,440"
MFIN,Medallion Financial Corp,Financials,Consumer Finance,Consumer Finance,NASDAQ,$223M (Micro),"68,190"
MGEE,MGE Energy Inc,Utilities,Electric Utilities,Electric Utilities,NASDAQ,$3B (Small),"145,220"
MGNI,Magnite Inc,Communication Services,Media,Advertising,NASDAQ,$2B (Micro),"2,904,410"
MGPI,MGP Ingredients Inc,Consumer Staples,Beverages,Distillers & Vintners,NASDAQ,$389M (Micro),"572,190"
MGRC,McGrath RentCorp,Industrials,Trading Companies & Distributors,Trading Companies & Distributors,NASDAQ,$3B (Small),"152,820"
MGRX,Mangoceuticals Inc,Consumer Staples,Consumer Staples Distribution & Retail,Drug Retail,NASDAQ,$6M (Micro),"4,140,520"
MGTX,MeiraGTx Holdings PLC,Health Care,Biotechnology,Biotechnology,NASDAQ,$629M (Micro),"440,030"
MGX,Metagenomi Inc,Health Care,Biotechnology,Biotechnology,NASDAQ,$62M (Micro),"288,500"
MIDD,Middleby Corp,Industrials,Machinery,Industrial Machinery & Supplies & Components,NASDAQ,$7B (Small),"672,530"
MIGI,Mawson Infrastructure Group Inc,Information Technology,Software,Application Software,NASDAQ,$3M (Micro),"53,570"
MIMI,Mint Incorporation Ltd,Industrials,Commercial Services & Supplies,Diversified Support Services,NASDAQ,$9M (Micro),"4,331,010"
MIND,Mind Technology Inc,Energy,Energy Equipment & Services,Oil & Gas Equipment & Services,NASDAQ,$75M (Micro),"143,250"
MIRA,MIRA Pharmaceuticals Inc,Health Care,Pharmaceuticals,Pharmaceuticals,NASDAQ,$51M (Micro),"172,080"
MIRM,Mirum Pharmaceuticals Inc,Health Care,Biotechnology,Biotechnology,NASDAQ,$6B (Small),"994,840"
MIST,Milestone Pharmaceuticals Inc,Health Care,Pharmaceuticals,Pharmaceuticals,NASDAQ,$146M (Micro),"1,178,080"
MITK,Mitek Systems Inc,Information Technology,Software,Application Software,NASDAQ,$663M (Micro),"1,225,430"
MKDW,MKDWELL Tech Inc,Consumer Discretionary,Automobile Components,Automotive Parts & Equipment,NASDAQ,$8M (Micro),"75,720"
MKSI,MKS Inc,Information Technology,Semiconductors & Semiconductor Equipment,Semiconductor Materials & Equipment,NASDAQ,$15B (Mid),"1,510,390"
MKTX,Marketaxess Holdings Inc,Financials,Capital Markets,Financial Exchanges & Data,NASDAQ,$6B (Small),"556,050"
MLAB,Mesa Laboratories Inc,Health Care,Life Sciences Tools & Services,Life Sciences Tools & Services,NASDAQ,$445M (Micro),"142,660"
MLCI,Mount Logan Capital Inc,Financials,Financial Services,Specialized Finance,NASDAQ,$68M (Micro),"56,670"
MLCO,Melco Resorts & Entertainment Ltd,Consumer Discretionary,"Hotels, Restaurants & Leisure",Casinos & Gaming,NASDAQ,$2B (Small),"2,459,770"
MLEC,Moolec Science SA,Consumer Staples,Food Products,Packaged Foods & Meats,NASDAQ,$7M (Micro),"129,690"
MLGO,MicroAlgo Inc,Information Technology,IT Services,IT Consulting & Other Services,NASDAQ,$52M (Micro),"113,290"
MLKN,MillerKnoll Inc,Industrials,Commercial Services & Supplies,Office Services & Supplies,NASDAQ,$1B (Micro),"512,080"
MLTX,MoonLake Immunotherapeutics,Health Care,Biotechnology,Biotechnology,NASDAQ,$1B (Micro),"909,170"
MLYS,Mineralys Therapeutics Inc,Health Care,Biotechnology,Biotechnology,NASDAQ,$2B (Small),"1,264,420"
MMSI,Merit Medical Systems Inc,Health Care,Health Care Equipment & Supplies,Health Care Supplies,NASDAQ,$4B (Small),"884,170"
MMYT,MakeMyTrip Ltd,Consumer Discretionary,"Hotels, Restaurants & Leisure","Hotels, Resorts & Cruise Lines",NASDAQ,$5B (Small),"1,416,010"
MNDR,Mobile-health Network Solutions,Health Care,Health Care Providers & Services,Health Care Services,NASDAQ,$2M (Micro),"76,660"
MNDY,monday.com Ltd,Information Technology,Software,Systems Software,NASDAQ,$4B (Small),"1,972,190"
MNKD,MannKind Corp,Health Care,Biotechnology,Biotechnology,NASDAQ,$869M (Micro),"12,894,150"
MNOV,MediciNova Inc,Health Care,Biotechnology,Biotechnology,NASDAQ,$70M (Micro),"72,460"
MNPR,Monopar Therapeutics Inc,Health Care,Biotechnology,Biotechnology,NASDAQ,$381M (Micro),"148,380"
MNRO,Monro Inc,Consumer Discretionary,Specialty Retail,Automotive Retail,NASDAQ,$516M (Micro),"687,910"
MNSB,MainStreet Bancshares Inc,Financials,Banks,Regional Banks,NASDAQ,$158M (Micro),"98,660"
MNST,Monster Beverage Corp,Consumer Staples,Beverages,Soft Drinks & Non-alcoholic Beverages,NASDAQ,$76B (Large),"7,850,770"
MNTK,Montauk Renewables Inc,Utilities,Independent Power & Renewable Electricity Producers,Renewable Electricity,NASDAQ,$195M (Micro),"203,290"
MNY,MoneyHero Ltd,Communication Services,Interactive Media & Services,Interactive Media & Services,NASDAQ,$63M (Micro),"75,340"
MOB,Mobilicom Ltd,Information Technology,Communications Equipment,Communications Equipment,NASDAQ,$69M (Micro),"188,300"
MOBX,"MOBIX LABS, INC.",Information Technology,Semiconductors & Semiconductor Equipment,Semiconductors,NASDAQ,$69M (Micro),"262,690,120"
MODD,Modular Medical Inc,Health Care,Health Care Equipment & Supplies,Health Care Equipment,NASDAQ,$31M (Micro),"3,186,570"
MOMO,Hello Group Inc,Communication Services,Interactive Media & Services,Interactive Media & Services,NASDAQ,$957M (Micro),"772,760"
MORN,Morningstar Inc,Financials,Capital Markets,Financial Exchanges & Data,NASDAQ,$7B (Small),"627,780"
MPAA,Motorcar Parts of America Inc,Consumer Discretionary,Automobile Components,Automotive Parts & Equipment,NASDAQ,$201M (Micro),"134,930"
MPB,Mid Penn Bancorp Inc,Financials,Banks,Regional Banks,NASDAQ,$727M (Micro),"131,380"
MPLT,MapLight Therapeutics Inc,Health Care,Biotechnology,Biotechnology,NASDAQ,$861M (Micro),"141,710"
MPWR,Monolithic Power Systems Inc,Information Technology,Semiconductors & Semiconductor Equipment,Semiconductors,NASDAQ,$53B (Large),"638,740"
MQ,Marqeta Inc,Financials,Financial Services,Transaction & Payment Processing Services,NASDAQ,$2B (Micro),"5,428,330"
MRAM,Everspin Technologies Inc,Information Technology,Semiconductors & Semiconductor Equipment,Semiconductors,NASDAQ,$212M (Micro),"642,410"
MRBK,Meridian Corp,Financials,Banks,Regional Banks,NASDAQ,$221M (Micro),"75,560"
MRCC,Monroe Capital Corp,Financials,Capital Markets,Asset Management & Custody Banks,NASDAQ,$103M (Micro),"223,180"
MRCY,Mercury Systems Inc,Industrials,Aerospace & Defense,Aerospace & Defense,NASDAQ,$5B (Small),"542,520"
MREO,Mereo BioPharma Group PLC,Health Care,Biotechnology,Biotechnology,NASDAQ,$63M (Micro),"1,733,680"
MRKR,Marker Therapeutics Inc,Health Care,Biotechnology,Biotechnology,NASDAQ,$23M (Micro),"123,960"
MRM,Medirom Healthcare Technologies Inc,Consumer Discretionary,Diversified Consumer Services,Specialized Consumer Services,NASDAQ,$10M (Micro),"1,791,750"
MRNA,Moderna Inc,Health Care,Biotechnology,Biotechnology,NASDAQ,$22B (Mid),"11,205,550"
MRNO,Murano Global Investments Plc,Real Estate,Real Estate Management & Development,Real Estate Operating Companies,NASDAQ,$68M (Micro),"8,869,140"
MRTN,Marten Transport Ltd,Industrials,Ground Transportation,Cargo Ground Transportation,NASDAQ,$985M (Micro),"542,040"
MRVL,Marvell Technology Inc,Information Technology,Semiconductors & Semiconductor Equipment,Semiconductors,NASDAQ,$79B (Large),"28,690,180"
MRX,Marex Group PLC,Financials,Capital Markets,Investment Banking & Brokerage,NASDAQ,$3B (Small),"1,066,990"
MSAI,MultiSensor AI Holdings Inc,Information Technology,"Electronic Equipment, Instruments & Components",Electronic Equipment & Instruments,NASDAQ,$24M (Micro),"824,470"
MSBI,Midland States Bancorp Inc,Financials,Banks,Regional Banks,NASDAQ,$435M (Micro),"115,760"
MSEX,Middlesex Water Co,Utilities,Water Utilities,Water Utilities,NASDAQ,$952M (Micro),"111,830"
MSFT,Microsoft Corp,Information Technology,Software,Systems Software,NASDAQ,$3T (Large),"37,084,410"
MSGY,Masonglory Ltd,Industrials,Construction & Engineering,Construction & Engineering,NASDAQ,$7M (Micro),"330,910"
MSS,Maison Solutions Inc,Consumer Staples,Consumer Staples Distribution & Retail,Food Retail,NASDAQ,$6M (Micro),"653,760"
MSTR,Strategy Inc,Information Technology,Software,Application Software,NASDAQ,$43B (Large),"21,811,800"
MSW,Ming Shing Group Holdings Ltd,Industrials,Construction & Engineering,Construction & Engineering,NASDAQ,$15M (Micro),"133,750"
MTCH,Match Group Inc,Communication Services,Interactive Media & Services,Interactive Media & Services,NASDAQ,$7B (Small),"4,182,430"
MTEK,Maris Tech Ltd,Information Technology,"Electronic Equipment, Instruments & Components",Electronic Equipment & Instruments,NASDAQ,$15M (Micro),"4,311,940"
MTEN,Mingteng International Corp Inc,Consumer Discretionary,Automobile Components,Automotive Parts & Equipment,NASDAQ,$2M (Micro),"591,460"
MTLS,Materialise NV,Information Technology,Software,Application Software,NASDAQ,$311M (Micro),"74,040"
MTRX,Matrix Service Co,Industrials,Construction & Engineering,Construction & Engineering,NASDAQ,$298M (Micro),"210,530"
MTSI,MACOM Technology Solutions Holdings Inc,Information Technology,Semiconductors & Semiconductor Equipment,Semiconductors,NASDAQ,$17B (Mid),"1,410,640"
MTVA,MetaVia Inc,Health Care,Biotechnology,Biotechnology,NASDAQ,$5M (Micro),"123,940"
MU,Micron Technology Inc,Information Technology,Semiconductors & Semiconductor Equipment,Semiconductors,NASDAQ,$471B (Large),"32,680,020"
MVIS,MicroVision Inc,Information Technology,"Electronic Equipment, Instruments & Components",Electronic Equipment & Instruments,NASDAQ,$173M (Micro),"10,687,950"
MVST,Microvast Holdings Inc,Industrials,Machinery,Construction Machinery & Heavy Transportation Equipment,NASDAQ,$738M (Micro),"2,369,260"
MWH,Solv Energy Inc,Industrials,Construction & Engineering,Construction & Engineering,NASDAQ,$6B (Small),"771,470"
MXCT,MaxCyte Inc,Health Care,Life Sciences Tools & Services,Life Sciences Tools & Services,NASDAQ,$86M (Micro),"1,226,230"
MXL,Maxlinear Inc,Information Technology,Semiconductors & Semiconductor Equipment,Semiconductors,NASDAQ,$1B (Micro),"1,218,150"
MYGN,Myriad Genetics Inc,Health Care,Biotechnology,Biotechnology,NASDAQ,$473M (Micro),"2,046,720"
MYNZ,Mainz Biomed NV,Health Care,Biotechnology,Biotechnology,NASDAQ,$8M (Micro),"171,080"
MYPS,PLAYSTUDIOS Inc,Communication Services,Entertainment,Interactive Home Entertainment,NASDAQ,$63M (Micro),"275,450"
MYRG,MYR Group Inc,Industrials,Construction & Engineering,Construction & Engineering,NASDAQ,$4B (Small),"368,300"
MYSZ,My Size Inc,Information Technology,Software,Application Software,NASDAQ,$2M (Micro),"51,110"
MZTI,Marzetti Co,Consumer Staples,Food Products,Packaged Foods & Meats,NASDAQ,$4B (Small),"206,390"
NA,Nano Labs Ltd,Information Technology,Semiconductors & Semiconductor Equipment,Semiconductors,NASDAQ,$87M (Micro),"100,320"
NAGE,Niagen Bioscience Inc,Consumer Staples,Personal Care Products,Personal Care Products,NASDAQ,$392M (Micro),"2,497,230"
NAKA,Kindly MD Inc,Health Care,Health Care Providers & Services,Health Care Services,NASDAQ,$189M (Micro),"5,839,180"
NAMS,NewAmsterdam Pharma Company NV,Health Care,Biotechnology,Biotechnology,NASDAQ,$4B (Small),"1,060,320"
NATR,Nature's Sunshine Products Inc,Consumer Staples,Personal Care Products,Personal Care Products,NASDAQ,$433M (Micro),"117,740"
NAUT,Nautilus Biotechnology Inc,Health Care,Life Sciences Tools & Services,Life Sciences Tools & Services,NASDAQ,$306M (Micro),"218,630"
NAVI,Navient Corp,Financials,Consumer Finance,Consumer Finance,NASDAQ,$771M (Micro),"987,130"
NAVN,Navan Inc,Consumer Discretionary,"Hotels, Restaurants & Leisure","Hotels, Resorts & Cruise Lines",NASDAQ,$2B (Small),"1,585,630"
NB,NioCorp Developments Ltd,Materials,Metals & Mining,Diversified Metals & Mining,NASDAQ,$715M (Micro),"5,332,270"
NBBK,NB Bancorp Inc,Financials,Banks,Regional Banks,NASDAQ,$954M (Micro),"413,870"
NBIS,Nebius Group NV,Information Technology,Software,Systems Software,NASDAQ,$28B (Mid),"10,810,320"
NBIX,Neurocrine Biosciences Inc,Health Care,Biotechnology,Biotechnology,NASDAQ,$13B (Mid),"1,048,720"
NBN,Northeast Bank,Financials,Banks,Regional Banks,NASDAQ,$928M (Micro),"107,610"
NBTB,NBT Bancorp Inc,Financials,Banks,Regional Banks,NASDAQ,$2B (Small),"226,620"
NBTX,Nanobiotix SA,Health Care,Biotechnology,Biotechnology,NASDAQ,$2B (Micro),"67,900"
NCI,Neo-Concept International Group Holdings Ltd,Consumer Discretionary,"Textiles, Apparel & Luxury Goods","Apparel, Accessories & Luxury Goods",NASDAQ,$221M (Micro),"1,310,390"
NCNO,nCino Inc,Information Technology,Software,Application Software,NASDAQ,$2B (Micro),"2,331,860"
NCPL,Netcapital Inc,Financials,Capital Markets,Asset Management & Custody Banks,NASDAQ,$4M (Micro),"213,290"
NCT,Intercont (Cayman) Ltd,Industrials,Marine Transportation,Marine Transportation,NASDAQ,$5M (Micro),"2,294,860"
NDAQ,Nasdaq Inc,Financials,Capital Markets,Financial Exchanges & Data,NASDAQ,$49B (Large),"4,811,250"
NDLS,Noodles & Co,Consumer Discretionary,"Hotels, Restaurants & Leisure",Restaurants,NASDAQ,$35M (Micro),"63,760"
NDSN,Nordson Corp,Industrials,Machinery,Industrial Machinery & Supplies & Components,NASDAQ,$15B (Mid),"363,330"
NEO,Neogenomics Inc,Health Care,Health Care Providers & Services,Health Care Services,NASDAQ,$1B (Micro),"1,897,160"
NEOG,Neogen Corp,Health Care,Health Care Equipment & Supplies,Health Care Supplies,NASDAQ,$2B (Small),"2,960,210"
NEON,Neonode Inc,Information Technology,"Electronic Equipment, Instruments & Components",Electronic Manufacturing Services,NASDAQ,$27M (Micro),"109,350"
NERV,Minerva Neurosciences Inc,Health Care,Biotechnology,Biotechnology,NASDAQ,$316M (Micro),"224,620"
NESR,National Energy Services Reunited Corp,Energy,Energy Equipment & Services,Oil & Gas Equipment & Services,NASDAQ,$2B (Micro),"2,456,440"
NEUP,Neuphoria Therapeutics Inc,Health Care,Biotechnology,Biotechnology,NASDAQ,$26M (Micro),"73,940"
NEWT,NewtekOne Inc,Financials,Financial Services,Diversified Financial Services,NASDAQ,$345M (Micro),"191,260"
NEXN,Nexxen International Ltd,Communication Services,Media,Advertising,NASDAQ,$417M (Micro),"404,030"
NEXT,NextDecade Corp,Energy,"Oil, Gas & Consumable Fuels",Oil & Gas Storage & Transportation,NASDAQ,$2B (Micro),"4,174,130"
NFBK,Northfield Bancorp Inc,Financials,Banks,Regional Banks,NASDAQ,$548M (Micro),"303,940"
NFE,New Fortress Energy Inc,Energy,"Oil, Gas & Consumable Fuels",Oil & Gas Storage & Transportation,NASDAQ,$313M (Micro),"10,718,650"
NFLX,Netflix Inc,Communication Services,Entertainment,Movies & Entertainment,NASDAQ,$401B (Large),"73,161,290"
NGNE,Neurogene Inc,Health Care,Biotechnology,Biotechnology,NASDAQ,$357M (Micro),"325,340"
NICE,Nice Ltd,Information Technology,Software,Application Software,NASDAQ,$7B (Small),"823,660"
NIU,NIU Technologies,Consumer Discretionary,Automobiles,Motorcycle Manufacturers,NASDAQ,$326M (Micro),"476,550"
NIVF,NewGenIvf Group Ltd,Health Care,Health Care Providers & Services,Health Care Services,NASDAQ,$507K (Micro),"131,000"
NIXX,Nixxy Inc,Industrials,Professional Services,Human Resource & Employment Services,NASDAQ,$14M (Micro),"407,050"
NKLR,Terra Innovatum Global NV,Industrials,Electrical Equipment,Heavy Electrical Equipment,NASDAQ,$313M (Micro),"450,020"
NKTR,Nektar Therapeutics,Health Care,Pharmaceuticals,Pharmaceuticals,NASDAQ,$2B (Micro),"1,038,070"
NKTX,Nkarta Inc,Health Care,Biotechnology,Biotechnology,NASDAQ,$173M (Micro),"792,680"
NMFC,New Mountain Finance Corp,Financials,Capital Markets,Asset Management & Custody Banks,NASDAQ,$809M (Micro),"2,048,530"
NMIH,NMI Holdings Inc,Financials,Financial Services,Commercial & Residential Mortgage Finance,NASDAQ,$3B (Small),"451,710"
NMRK,Newmark Group Inc,Real Estate,Real Estate Management & Development,Real Estate Services,NASDAQ,$3B (Small),"2,033,400"
NMTC,NeuroOne Medical Technologies Corp,Health Care,Health Care Equipment & Supplies,Health Care Equipment,NASDAQ,$40M (Micro),"284,150"
NN,NextNav Inc,Information Technology,Software,Application Software,NASDAQ,$2B (Small),"1,186,180"
NNBR,NN Inc,Industrials,Machinery,Industrial Machinery & Supplies & Components,NASDAQ,$64M (Micro),"262,420"
NNDM,Nano Dimension Ltd,Industrials,Machinery,Industrial Machinery & Supplies & Components,NASDAQ,$398M (Micro),"1,280,370"
NNE,Nano Nuclear Energy Inc,Industrials,Electrical Equipment,Heavy Electrical Equipment,NASDAQ,$1B (Micro),"1,445,030"
NNNN,Anbio Biotechnology,Health Care,Biotechnology,Biotechnology,NASDAQ,$962M (Micro),"58,640"
NNOX,Nano-X Imaging Ltd,Health Care,Health Care Providers & Services,Health Care Services,NASDAQ,$182M (Micro),"807,910"
NOTV,Inotiv Inc,Health Care,Life Sciences Tools & Services,Life Sciences Tools & Services,NASDAQ,$13M (Micro),"614,100"
NOVT,Novanta Inc,Information Technology,"Electronic Equipment, Instruments & Components",Electronic Equipment & Instruments,NASDAQ,$5B (Small),"497,410"
NPCE,Neuropace Inc,Health Care,Health Care Equipment & Supplies,Health Care Equipment,NASDAQ,$492M (Micro),"265,170"
NPT,Texxon Holding Ltd,Industrials,Trading Companies & Distributors,Trading Companies & Distributors,NASDAQ,$383M (Micro),"1,779,720"
NRC,National Research Corp,Health Care,Health Care Providers & Services,Health Care Services,NASDAQ,$364M (Micro),"138,790"
NRDS,NerdWallet Inc,Financials,Consumer Finance,Consumer Finance,NASDAQ,$712M (Micro),"1,398,300"
NRIM,Northrim BanCorp Inc,Financials,Banks,Regional Banks,NASDAQ,$497M (Micro),"170,260"
NRIX,Nurix Therapeutics Inc,Health Care,Biotechnology,Biotechnology,NASDAQ,$2B (Micro),"794,640"
NRSN,Neurosense Therapeutics Ltd,Health Care,Biotechnology,Biotechnology,NASDAQ,$29M (Micro),"98,090"
NRXP,NRX Pharmaceuticals Inc,Health Care,Pharmaceuticals,Pharmaceuticals,NASDAQ,$59M (Micro),"609,790"
NSIT,Insight Enterprises Inc,Information Technology,"Electronic Equipment, Instruments & Components",Technology Distributors,NASDAQ,$3B (Small),"394,670"
NSSC,NAPCO Security Technologies Inc,Information Technology,"Electronic Equipment, Instruments & Components",Electronic Equipment & Instruments,NASDAQ,$2B (Micro),"650,420"
NTAP,NetApp Inc,Information Technology,"Technology Hardware, Storage & Peripherals","Technology Hardware, Storage & Peripherals",NASDAQ,$19B (Mid),"2,631,150"
NTCL,NetClass Technology Inc,Consumer Discretionary,Diversified Consumer Services,Education Services,NASDAQ,$6M (Micro),"427,430"
NTCT,Netscout Systems Inc,Information Technology,Communications Equipment,Communications Equipment,NASDAQ,$2B (Small),"581,600"
NTES,NetEase Inc,Communication Services,Entertainment,Interactive Home Entertainment,NASDAQ,$73B (Large),"1,223,770"
NTGR,NETGEAR Inc,Information Technology,Communications Equipment,Communications Equipment,NASDAQ,$600M (Micro),"377,000"
NTLA,Intellia Therapeutics Inc,Health Care,Biotechnology,Biotechnology,NASDAQ,$2B (Micro),"5,355,270"
NTNX,Nutanix Inc,Information Technology,Software,Application Software,NASDAQ,$10B (Mid),"9,083,840"
NTRA,Natera Inc,Health Care,Biotechnology,Biotechnology,NASDAQ,$28B (Mid),"1,388,550"
NTRS,Northern Trust Corp,Financials,Capital Markets,Asset Management & Custody Banks,NASDAQ,$26B (Mid),"1,174,160"
NTSK,Netskope Inc,Information Technology,Software,Systems Software,NASDAQ,$5B (Small),"3,332,720"
NUAI,New Era Energy & Digital Inc,Energy,"Oil, Gas & Consumable Fuels",Oil & Gas Exploration & Production,NASDAQ,$282M (Micro),"2,404,770"
NUTX,Nutex Health Inc,Health Care,Health Care Providers & Services,Health Care Facilities,NASDAQ,$631M (Micro),"272,300"
NUVL,Nuvalent Inc,Health Care,Biotechnology,Biotechnology,NASDAQ,$8B (Mid),"512,550"
NUWE,Nuwellis Inc,Health Care,Health Care Equipment & Supplies,Health Care Equipment,NASDAQ,$3M (Micro),"84,330"
NVA,Nova Minerals Ltd,Materials,Metals & Mining,Diversified Metals & Mining,NASDAQ,$262M (Micro),"645,790"
NVAX,Novavax Inc,Health Care,Biotechnology,Biotechnology,NASDAQ,$2B (Micro),"7,019,460"
NVCR,Novocure Ltd,Health Care,Health Care Equipment & Supplies,Health Care Equipment,NASDAQ,$1B (Micro),"2,794,550"
NVCT,Nuvectis Pharma Inc,Health Care,Biotechnology,Biotechnology,NASDAQ,$247M (Micro),"57,080"
NVDA,NVIDIA Corp,Information Technology,Semiconductors & Semiconductor Equipment,Semiconductors,NASDAQ,$5T (Large),"223,214,130"
NVMI,Nova Ltd,Information Technology,Semiconductors & Semiconductor Equipment,Semiconductor Materials & Equipment,NASDAQ,$14B (Mid),"423,520"
NVNI,Nvni Group Ltd,Information Technology,Software,Application Software,NASDAQ,$13M (Micro),"60,420"
NVTS,Navitas Semiconductor Corp,Information Technology,Semiconductors & Semiconductor Equipment,Semiconductors,NASDAQ,$3B (Small),"19,615,700"
NVVE,Nuvve Holding Corp,Industrials,Electrical Equipment,Electrical Components & Equipment,NASDAQ,$1M (Micro),"1,492,930"
NVX,NOVONIX Ltd,Information Technology,"Electronic Equipment, Instruments & Components",Electronic Equipment & Instruments,NASDAQ,$188M (Micro),"517,630"
NWBI,Northwest Bancshares Inc,Financials,Banks,Regional Banks,NASDAQ,$2B (Micro),"1,126,170"
NWE,NorthWestern Energy Group Inc,Utilities,Multi-Utilities,Multi-Utilities,NASDAQ,$4B (Small),"421,050"
NWL,Newell Brands Inc,Consumer Discretionary,Household Durables,Housewares & Specialties,NASDAQ,$2B (Micro),"5,260,240"
NWPX,NWPX Infrastructure Inc,Industrials,Construction & Engineering,Construction & Engineering,NASDAQ,$717M (Micro),"115,490"
NWSA,News Corp,Communication Services,Media,Publishing,NASDAQ,$9B (Mid),"3,538,190"
NXGL,Nexgel Inc,Health Care,Health Care Equipment & Supplies,Health Care Supplies,NASDAQ,$7M (Micro),"766,240"
NXL,Nexalin Technology Inc,Health Care,Health Care Equipment & Supplies,Health Care Equipment,NASDAQ,$8M (Micro),"159,010"
NXPI,NXP Semiconductors NV,Information Technology,Semiconductors & Semiconductor Equipment,Semiconductors,NASDAQ,$51B (Large),"2,746,570"
NXPL,NextPlat Corp,Communication Services,Diversified Telecommunication Services,Alternative Carriers,NASDAQ,$12M (Micro),"2,755,740"
NXST,Nexstar Media Group Inc,Communication Services,Media,Broadcasting,NASDAQ,$7B (Small),"348,450"
NXT,Nextpower Inc,Industrials,Electrical Equipment,Electrical Components & Equipment,NASDAQ,$17B (Mid),"2,024,090"
NXTS,Nexentis Technologies Inc,Materials,Chemicals,Fertilizers & Agricultural Chemicals,NASDAQ,$3M (Micro),"315,230"
NXXT,NextNRG Inc,Energy,"Oil, Gas & Consumable Fuels",Oil & Gas Storage & Transportation,NASDAQ,$69M (Micro),"1,275,800"
OABI,OmniAb Inc,Health Care,Life Sciences Tools & Services,Life Sciences Tools & Services,NASDAQ,$283M (Micro),"350,920"
OBAI,TG-17 Inc,Industrials,Commercial Services & Supplies,Security & Alarm Services,NASDAQ,$28M (Micro),"1,200,450"
OBIO,Orchestra Biomed Holdings Inc,Health Care,Health Care Equipment & Supplies,Health Care Equipment,NASDAQ,$260M (Micro),"221,680"
OBT,Orange County Bancorp Inc,Financials,Banks,Regional Banks,NASDAQ,$415M (Micro),"55,690"
OCC,Optical Cable Corp,Information Technology,Communications Equipment,Communications Equipment,NASDAQ,$71M (Micro),"165,040"
OCFC,OceanFirst Financial Corp,Financials,Banks,Regional Banks,NASDAQ,$1B (Micro),"582,440"
OCG,Oriental Culture Holding Ltd,Communication Services,Interactive Media & Services,Interactive Media & Services,NASDAQ,$4M (Micro),"246,660"
OCGN,Ocugen Inc,Health Care,Biotechnology,Biotechnology,NASDAQ,$754M (Micro),"7,861,600"
OCS,Oculis Holding AG,Health Care,Pharmaceuticals,Pharmaceuticals,NASDAQ,$1B (Micro),"490,860"
OCSL,Oaktree Specialty Lending Corp,Financials,Capital Markets,Asset Management & Custody Banks,NASDAQ,$997M (Micro),"743,090"
OCUL,Ocular Therapeutix Inc,Health Care,Pharmaceuticals,Pharmaceuticals,NASDAQ,$2B (Micro),"7,588,820"
ODD,Oddity Tech Ltd,Consumer Staples,Personal Care Products,Personal Care Products,NASDAQ,$721M (Micro),"7,022,190"
ODFL,Old Dominion Freight Line Inc,Industrials,Ground Transportation,Cargo Ground Transportation,NASDAQ,$39B (Mid),"2,459,680"
OFAL,OFA Group,Industrials,Professional Services,Research & Consulting Services,NASDAQ,$6M (Micro),"54,670"
OFIX,Orthofix Medical Inc,Health Care,Health Care Equipment & Supplies,Health Care Equipment,NASDAQ,$493M (Micro),"344,490"
OFLX,Omega Flex Inc,Industrials,Machinery,Industrial Machinery & Supplies & Components,NASDAQ,$286M (Micro),"65,800"
OKTA,Okta Inc,Information Technology,IT Services,Internet Services & Infrastructure,NASDAQ,$14B (Mid),"4,738,820"
OKYO,OKYO Pharma Ltd,Health Care,Biotechnology,Biotechnology,NASDAQ,$88M (Micro),"142,030"
OLB,OLB Group Inc,Financials,Financial Services,Transaction & Payment Processing Services,NASDAQ,$9M (Micro),"719,140"
OLED,Universal Display Corp,Information Technology,Semiconductors & Semiconductor Equipment,Semiconductors,NASDAQ,$5B (Small),"669,270"
OLLI,Ollie's Bargain Outlet Holdings Inc,Consumer Discretionary,Broadline Retail,Broadline Retail,NASDAQ,$6B (Small),"1,164,450"
OLMA,Olema Pharmaceuticals Inc,Health Care,Biotechnology,Biotechnology,NASDAQ,$1B (Micro),"2,711,130"
OLOX,Olenox Industries Inc,Industrials,Construction & Engineering,Construction & Engineering,NASDAQ,$8M (Micro),"5,501,700"
OLPX,Olaplex Holdings Inc,Consumer Staples,Personal Care Products,Personal Care Products,NASDAQ,$877M (Micro),"2,502,530"
OMAB,Grupo Aeroportuario del Centro Norte SAB de CV,Industrials,Transportation Infrastructure,Airport Services,NASDAQ,$5B (Small),"110,640"
OMCL,Omnicell Inc,Health Care,Health Care Equipment & Supplies,Health Care Equipment,NASDAQ,$2B (Micro),"612,140"
OMDA,Omada Health Inc,Health Care,Health Care Providers & Services,Health Care Services,NASDAQ,$810M (Micro),"2,210,150"
OMER,Omeros Corp,Health Care,Pharmaceuticals,Pharmaceuticals,NASDAQ,$846M (Micro),"826,220"
OMEX,Odyssey Marine Exploration Inc,Industrials,Commercial Services & Supplies,Diversified Support Services,NASDAQ,$92M (Micro),"473,780"
ON,ON Semiconductor Corp,Information Technology,Semiconductors & Semiconductor Equipment,Semiconductors,NASDAQ,$23B (Mid),"8,244,800"
ONB,Old National Bancorp,Financials,Banks,Regional Banks,NASDAQ,$9B (Mid),"3,638,440"
ONC,BeOne Medicines AG,Health Care,Biotechnology,Biotechnology,NASDAQ,$33B (Mid),"367,850"
ONCO,Onconetix Inc,Health Care,Biotechnology,Biotechnology,NASDAQ,$972K (Micro),"734,400"
ONCY,Oncolytics Biotech Inc,Health Care,Biotechnology,Biotechnology,NASDAQ,$109M (Micro),"1,188,990"
ONDS,Ondas Inc,Information Technology,Communications Equipment,Communications Equipment,NASDAQ,$4B (Small),"101,716,460"
ONEG,OneConstruction Group Ltd,Industrials,Construction & Engineering,Construction & Engineering,NASDAQ,$30M (Micro),"216,780"
ONEW,OneWater Marine Inc,Consumer Discretionary,Specialty Retail,Automotive Retail,NASDAQ,$171M (Micro),"158,590"
ONMD,Onemednet Corp,Health Care,Health Care Technology,Health Care Technology,NASDAQ,$39M (Micro),"23,245,440"
OPAL,Opal Fuels Inc,Energy,"Oil, Gas & Consumable Fuels",Oil & Gas Refining & Marketing,NASDAQ,$364M (Micro),"181,300"
OPCH,Option Care Health Inc,Health Care,Health Care Providers & Services,Health Care Services,NASDAQ,$5B (Small),"2,381,880"
OPEN,Opendoor Technologies Inc,Real Estate,Real Estate Management & Development,Real Estate Services,NASDAQ,$5B (Small),"42,081,860"
OPK,OPKO Health Inc,Health Care,Health Care Providers & Services,Health Care Services,NASDAQ,$881M (Micro),"2,462,030"
OPRA,Opera Ltd,Information Technology,Software,Application Software,NASDAQ,$1B (Micro),"1,024,600"
OPRT,Oportun Financial Corp,Financials,Consumer Finance,Consumer Finance,NASDAQ,$208M (Micro),"761,440"
OPRX,OptimizeRx Corp,Health Care,Health Care Technology,Health Care Technology,NASDAQ,$125M (Micro),"599,310"
OPTX,Syntec Optics Holdings Inc,Information Technology,"Electronic Equipment, Instruments & Components",Electronic Manufacturing Services,NASDAQ,$258M (Micro),"728,180"
OPXS,Optex Systems Holdings Inc,Industrials,Aerospace & Defense,Aerospace & Defense,NASDAQ,$97M (Micro),"51,510"
ORBS,Eightco Holdings Inc,Materials,Containers & Packaging,Paper & Plastic Packaging Products & Materials,NASDAQ,$160M (Micro),"5,015,470"
ORGN,Origin Materials Inc,Materials,Chemicals,Commodity Chemicals,NASDAQ,$21M (Micro),"1,566,160"
ORGO,Organogenesis Holdings Inc,Health Care,Biotechnology,Biotechnology,NASDAQ,$343M (Micro),"1,012,220"
ORIC,Oric Pharmaceuticals Inc,Health Care,Biotechnology,Biotechnology,NASDAQ,$1B (Micro),"1,962,350"
ORIS,Oriental Rise Holdings Ltd,Consumer Staples,Food Products,Packaged Foods & Meats,NASDAQ,$3M (Micro),"115,740"
ORKA,Oruka Therapeutics Inc,Health Care,Biotechnology,Biotechnology,NASDAQ,$2B (Micro),"337,250"
ORKT,Orangekloud Technology Inc,Information Technology,IT Services,IT Consulting & Other Services,NASDAQ,$6M (Micro),"147,120"
ORLY,O'Reilly Automotive Inc,Consumer Discretionary,Specialty Retail,Automotive Retail,NASDAQ,$79B (Large),"6,499,630"
ORRF,Orrstown Financial Services Inc,Financials,Banks,Regional Banks,NASDAQ,$668M (Micro),"185,600"
OS,OneStream Inc,Information Technology,Software,Systems Software,NASDAQ,$6B (Small),"2,588,780"
OSBC,Old Second Bancorp Inc,Financials,Banks,Regional Banks,NASDAQ,$1B (Micro),"405,410"
OSIS,OSI Systems Inc,Information Technology,"Electronic Equipment, Instruments & Components",Electronic Equipment & Instruments,NASDAQ,$5B (Small),"251,220"
OSPN,OneSpan Inc,Information Technology,Software,Systems Software,NASDAQ,$405M (Micro),"824,260"
OSRH,OSR Holdings Inc,Health Care,Biotechnology,Biotechnology,NASDAQ,$12M (Micro),"476,110"
OSS,One Stop Systems Inc,Information Technology,"Technology Hardware, Storage & Peripherals","Technology Hardware, Storage & Peripherals",NASDAQ,$243M (Micro),"1,256,250"
OSW,Onespaworld Holdings Ltd,Consumer Discretionary,Diversified Consumer Services,Specialized Consumer Services,NASDAQ,$2B (Micro),"1,022,250"
OTEX,Open Text Corp,Information Technology,Software,Application Software,NASDAQ,$6B (Small),"2,120,800"
OTLK,Outlook Therapeutics Inc,Health Care,Biotechnology,Biotechnology,NASDAQ,$36M (Micro),"941,070"
OTLY,Oatly Group AB (publ),Consumer Staples,Food Products,Packaged Foods & Meats,NASDAQ,$333M (Micro),"52,300"
OTTR,Otter Tail Corp,Utilities,Electric Utilities,Electric Utilities,NASDAQ,$4B (Small),"298,800"
OUST,Ouster Inc,Information Technology,"Electronic Equipment, Instruments & Components",Electronic Equipment & Instruments,NASDAQ,$2B (Micro),"2,583,450"
OVID,Ovid Therapeutics Inc,Health Care,Biotechnology,Biotechnology,NASDAQ,$269M (Micro),"2,617,600"
OXSQ,Oxford Square Capital Corp,Financials,Capital Markets,Asset Management & Custody Banks,NASDAQ,$158M (Micro),"1,328,490"
OZK,Bank Ozk,Financials,Banks,Regional Banks,NASDAQ,$5B (Small),"1,231,100"
PAA,Plains All American Pipeline LP,Energy,"Oil, Gas & Consumable Fuels",Oil & Gas Storage & Transportation,NASDAQ,$15B (Mid),"4,384,360"
PACB,Pacific Biosciences of California Inc,Health Care,Life Sciences Tools & Services,Life Sciences Tools & Services,NASDAQ,$408M (Micro),"6,170,640"
PAGP,Plains GP Holdings LP,Energy,"Oil, Gas & Consumable Fuels",Oil & Gas Storage & Transportation,NASDAQ,$5B (Small),"2,281,960"
PAHC,Phibro Animal Health Corp,Health Care,Pharmaceuticals,Pharmaceuticals,NASDAQ,$2B (Micro),"254,800"
PAL,Proficient Auto Logistics Inc,Industrials,Ground Transportation,Cargo Ground Transportation,NASDAQ,$176M (Micro),"229,550"
PALI,Palisade Bio Inc,Health Care,Biotechnology,Biotechnology,NASDAQ,$298M (Micro),"2,798,920"
PANL,Pangaea Logistics Solutions Ltd,Industrials,Marine Transportation,Marine Transportation,NASDAQ,$469M (Micro),"602,910"
PANW,Palo Alto Networks Inc,Information Technology,Software,Systems Software,NASDAQ,$135B (Large),"9,332,040"
PASW,Ping An Biomedical Co Ltd,Consumer Discretionary,Distributors,Distributors,NASDAQ,$3M (Micro),"452,690"
PATK,Patrick Industries Inc,Consumer Discretionary,Automobile Components,Automotive Parts & Equipment,NASDAQ,$4B (Small),"321,760"
PAVS,Paranovus Entertainment Technology Ltd,Consumer Staples,Personal Care Products,Personal Care Products,NASDAQ,$8M (Micro),"51,140"
PAX,Patria Investments Ltd,Financials,Capital Markets,Asset Management & Custody Banks,NASDAQ,$2B (Micro),"1,004,740"
PAYO,Payoneer Global Inc,Financials,Financial Services,Transaction & Payment Processing Services,NASDAQ,$2B (Micro),"4,924,040"
PAYX,Paychex Inc,Industrials,Professional Services,Human Resource & Employment Services,NASDAQ,$34B (Mid),"4,276,240"
PBYI,Puma Biotechnology Inc,Health Care,Biotechnology,Biotechnology,NASDAQ,$305M (Micro),"650,090"
PCAR,Paccar Inc,Industrials,Machinery,Construction Machinery & Heavy Transportation Equipment,NASDAQ,$62B (Large),"3,586,460"
PCRX,Pacira Biosciences Inc,Health Care,Pharmaceuticals,Pharmaceuticals,NASDAQ,$924M (Micro),"1,137,580"
PCT,Purecycle Technologies Inc,Materials,Chemicals,Commodity Chemicals,NASDAQ,$1B (Micro),"6,554,910"
PCTY,Paylocity Holding Corp,Industrials,Professional Services,Human Resource & Employment Services,NASDAQ,$6B (Small),"911,810"
PCVX,Vaxcyte Inc,Health Care,Biotechnology,Biotechnology,NASDAQ,$8B (Mid),"1,481,970"
PDD,PDD Holdings Inc,Consumer Discretionary,Broadline Retail,Broadline Retail,NASDAQ,$146B (Large),"5,763,980"
PDFS,PDF Solutions Inc,Information Technology,Semiconductors & Semiconductor Equipment,Semiconductor Materials & Equipment,NASDAQ,$1B (Micro),"313,160"
PDLB,Ponce Financial Group Inc,Financials,Banks,Regional Banks,NASDAQ,$392M (Micro),"77,380"
PDSB,PDS Biotechnology Corp,Health Care,Biotechnology,Biotechnology,NASDAQ,$36M (Micro),"258,450"
PDYN,Palladyne AI Corp,Industrials,Machinery,Industrial Machinery & Supplies & Components,NASDAQ,$345M (Micro),"6,330,580"
PEBO,Peoples Bancorp Inc,Financials,Banks,Regional Banks,NASDAQ,$1B (Micro),"212,650"
PECO,Phillips Edison & Co Inc,Real Estate,Retail REITs,Retail REITs,NASDAQ,$5B (Small),"797,610"
PEGA,Pegasystems Inc,Information Technology,Software,Application Software,NASDAQ,$7B (Small),"2,165,570"
PENG,Penguin Solutions Inc,Information Technology,Semiconductors & Semiconductor Equipment,Semiconductors,NASDAQ,$971M (Micro),"1,102,490"
PENN,PENN Entertainment Inc,Consumer Discretionary,"Hotels, Restaurants & Leisure",Casinos & Gaming,NASDAQ,$2B (Micro),"6,432,930"
PEP,PepsiCo Inc,Consumer Staples,Beverages,Soft Drinks & Non-alcoholic Beverages,NASDAQ,$219B (Large),"7,030,400"
PEPG,PepGen Inc,Health Care,Biotechnology,Biotechnology,NASDAQ,$435M (Micro),"832,520"
PERI,Perion Network Ltd,Communication Services,Media,Advertising,NASDAQ,$351M (Micro),"411,800"
PESI,Perma-Fix Environmental Services Inc,Industrials,Commercial Services & Supplies,Environmental & Facilities Services,NASDAQ,$246M (Micro),"127,630"
PETS,Petmed Express Inc,Consumer Discretionary,Specialty Retail,Other Specialty Retail,NASDAQ,$53M (Micro),"99,910"
PFBC,Preferred Bank,Financials,Banks,Regional Banks,NASDAQ,$1B (Micro),"102,850"
PFG,Principal Financial Group Inc,Financials,Insurance,Life & Health Insurance,NASDAQ,$19B (Mid),"1,808,740"
PFSA,Profusa Inc,Health Care,Health Care Equipment & Supplies,Health Care Equipment,NASDAQ,$1M (Micro),"1,494,640"
PGC,Peapack-Gladstone Financial Corp,Financials,Banks,Regional Banks,NASDAQ,$591M (Micro),"148,210"
PGNY,Progyny Inc,Health Care,Health Care Providers & Services,Managed Health Care,NASDAQ,$1B (Micro),"2,261,020"
PGY,Pagaya Technologies Ltd,Information Technology,Software,Application Software,NASDAQ,$947M (Micro),"2,995,840"
PHAT,Phathom Pharmaceuticals Inc,Health Care,Pharmaceuticals,Pharmaceuticals,NASDAQ,$878M (Micro),"1,168,650"
PHIO,Phio Pharmaceuticals Corp,Health Care,Biotechnology,Biotechnology,NASDAQ,$15M (Micro),"500,900"
PHUN,Phunware Inc,Information Technology,Software,Application Software,NASDAQ,$35M (Micro),"100,560"
PHVS,Pharvaris NV,Health Care,Pharmaceuticals,Pharmaceuticals,NASDAQ,$2B (Micro),"144,060"
PI,Impinj Inc,Information Technology,Semiconductors & Semiconductor Equipment,Semiconductors,NASDAQ,$3B (Small),"758,770"
PICS,Pics NV,Financials,Financial Services,Transaction & Payment Processing Services,NASDAQ,$2B (Micro),"503,440"
PKBK,Parke Bancorp Inc,Financials,Banks,Regional Banks,NASDAQ,$316M (Micro),"96,570"
PLAB,Photronics Inc,Information Technology,Semiconductors & Semiconductor Equipment,Semiconductor Materials & Equipment,NASDAQ,$2B (Micro),"1,384,240"
PLAY,"Dave and Buster's Entertainment, Inc",Consumer Discretionary,"Hotels, Restaurants & Leisure",Leisure Facilities,NASDAQ,$459M (Micro),"1,114,780"
PLBY,Playboy Inc,Consumer Discretionary,"Textiles, Apparel & Luxury Goods","Apparel, Accessories & Luxury Goods",NASDAQ,$194M (Micro),"628,180"
PLMR,Palomar Holdings Inc,Financials,Insurance,Property & Casualty Insurance,NASDAQ,$3B (Small),"203,940"
PLPC,Preformed Line Products Co,Industrials,Electrical Equipment,Electrical Components & Equipment,NASDAQ,$1B (Micro),"148,790"
PLRX,Pliant Therapeutics Inc,Health Care,Pharmaceuticals,Pharmaceuticals,NASDAQ,$82M (Micro),"453,040"
PLSE,Pulse Biosciences Inc,Health Care,Health Care Equipment & Supplies,Health Care Equipment,NASDAQ,$1B (Micro),"245,150"
PLTK,Playtika Holding Corp,Communication Services,Entertainment,Interactive Home Entertainment,NASDAQ,$1B (Micro),"3,470,200"
PLTR,Palantir Technologies Inc,Information Technology,Software,Application Software,NASDAQ,$362B (Large),"57,856,790"
PLUG,Plug Power Inc,Industrials,Electrical Equipment,Electrical Components & Equipment,NASDAQ,$3B (Small),"108,506,740"
PLUS,ePlus inc,Information Technology,"Electronic Equipment, Instruments & Components",Technology Distributors,NASDAQ,$2B (Micro),"137,330"
PLXS,Plexus Corp,Information Technology,"Electronic Equipment, Instruments & Components",Electronic Manufacturing Services,NASDAQ,$5B (Small),"330,750"
PLYX,Polaryx Therapeutics Inc,Health Care,Pharmaceuticals,Pharmaceuticals,NASDAQ,$273M (Micro),"2,742,650"
PMAX,Powell Max Ltd,Financials,Capital Markets,Financial Exchanges & Data,NASDAQ,$2M (Micro),"167,660"
PMCB,PharmaCyte Biotech Inc,Health Care,Biotechnology,Biotechnology,NASDAQ,$7M (Micro),"120,050"
PMEC,Primech Holdings Ltd,Industrials,Commercial Services & Supplies,Environmental & Facilities Services,NASDAQ,$28M (Micro),"273,250"
PMN,ProMIS Neurosciences Inc,Health Care,Biotechnology,Biotechnology,NASDAQ,$43M (Micro),"72,440"
PMTS,CPI Card Group Inc,Information Technology,"Technology Hardware, Storage & Peripherals","Technology Hardware, Storage & Peripherals",NASDAQ,$184M (Micro),"124,640"
PMVP,PMV Pharmaceuticals Inc,Health Care,Biotechnology,Biotechnology,NASDAQ,$85M (Micro),"2,200,010"
PN,Skycorp Solar Group Ltd,Industrials,Electrical Equipment,Electrical Components & Equipment,NASDAQ,$14M (Micro),"51,910"
PNBK,Patriot National Bancorp Inc,Financials,Banks,Regional Banks,NASDAQ,$153M (Micro),"220,420"
PNTG,Pennant Group Inc,Health Care,Health Care Providers & Services,Health Care Services,NASDAQ,$1B (Micro),"380,400"
PODC,Podcastone Inc,Communication Services,Entertainment,Movies & Entertainment,NASDAQ,$61M (Micro),"68,260"
PODD,Insulet Corp,Health Care,Health Care Equipment & Supplies,Health Care Equipment,NASDAQ,$17B (Mid),"998,480"
POET,POET Technologies Inc,Information Technology,Semiconductors & Semiconductor Equipment,Semiconductors,NASDAQ,$1B (Micro),"9,125,770"
POLA,Polar Power Inc,Industrials,Electrical Equipment,Heavy Electrical Equipment,NASDAQ,$5M (Micro),"287,280"
POM,PomDoctor Ltd,Health Care,Health Care Providers & Services,Health Care Distributors,NASDAQ,$42M (Micro),"525,000"
PONY,Pony AI Inc,Information Technology,Software,Application Software,NASDAQ,$5B (Small),"3,301,150"
POOL,Pool Corp,Consumer Discretionary,Distributors,Distributors,NASDAQ,$8B (Mid),"783,520"
POWI,Power Integrations Inc,Information Technology,Semiconductors & Semiconductor Equipment,Semiconductors,NASDAQ,$3B (Small),"1,058,410"
POWL,Powell Industries Inc,Industrials,Electrical Equipment,Electrical Components & Equipment,NASDAQ,$6B (Small),"219,750"
POWW,Outdoor Holding Company,Consumer Discretionary,Specialty Retail,Other Specialty Retail,NASDAQ,$237M (Micro),"913,990"
PPC,Pilgrims Pride Corp,Consumer Staples,Food Products,Packaged Foods & Meats,NASDAQ,$9B (Mid),"900,430"
PPCB,Propanc Biopharma Inc,Health Care,Biotechnology,Biotechnology,NASDAQ,$2M (Micro),"2,160,830"
PPIH,Perma-Pipe International Holdings Inc,Industrials,Machinery,Industrial Machinery & Supplies & Components,NASDAQ,$237M (Micro),"92,990"
PRAA,PRA Group Inc,Financials,Consumer Finance,Consumer Finance,NASDAQ,$661M (Micro),"968,740"
PRAX,Praxis Precision Medicines Inc,Health Care,Biotechnology,Biotechnology,NASDAQ,$8B (Mid),"383,180"
PRCH,Porch Group Inc,Information Technology,Software,Application Software,NASDAQ,$945M (Micro),"1,238,730"
PRCT,Procept Biorobotics Corp,Health Care,Health Care Equipment & Supplies,Health Care Equipment,NASDAQ,$2B (Micro),"3,357,060"
PRDO,Perdoceo Education Corp,Consumer Discretionary,Diversified Consumer Services,Education Services,NASDAQ,$2B (Small),"603,570"
PRE,Prenetics Global Ltd,Health Care,Health Care Providers & Services,Health Care Services,NASDAQ,$290M (Micro),"250,690"
PRGS,Progress Software Corp,Information Technology,Software,Systems Software,NASDAQ,$2B (Micro),"815,650"
PRHI,Presurance Holdings Inc,Financials,Insurance,Property & Casualty Insurance,NASDAQ,$19M (Micro),"359,120"
PROK,Prokidney Corp,Health Care,Biotechnology,Biotechnology,NASDAQ,$740M (Micro),"640,470"
PROP,Prairie Operating Co,Energy,"Oil, Gas & Consumable Fuels",Oil & Gas Exploration & Production,NASDAQ,$121M (Micro),"3,477,410"
PRPL,Purple Innovation Inc,Consumer Discretionary,Household Durables,Home Furnishings,NASDAQ,$79M (Micro),"189,840"
PRQR,ProQR Therapeutics NV,Health Care,Biotechnology,Biotechnology,NASDAQ,$191M (Micro),"338,350"
PRSO,Peraso Inc,Information Technology,Semiconductors & Semiconductor Equipment,Semiconductors,NASDAQ,$13M (Micro),"40,764,850"
PRTA,Prothena Corporation PLC,Health Care,Biotechnology,Biotechnology,NASDAQ,$516M (Micro),"560,990"
PRTH,Priority Technology Holdings Inc,Financials,Financial Services,Transaction & Payment Processing Services,NASDAQ,$429M (Micro),"278,940"
PRTS,Carparts.Com Inc,Consumer Discretionary,Specialty Retail,Automotive Retail,NASDAQ,$54M (Micro),"1,114,410"
PRVA,Privia Health Group Inc,Health Care,Health Care Providers & Services,Health Care Services,NASDAQ,$3B (Small),"1,246,510"
PRZO,Parazero Technologies Ltd,Information Technology,"Electronic Equipment, Instruments & Components",Electronic Equipment & Instruments,NASDAQ,$25M (Micro),"894,710"
PSEC,Prospect Capital Corp,Financials,Capital Markets,Asset Management & Custody Banks,NASDAQ,$1B (Micro),"3,824,510"
PSHG,Performance Shipping Inc,Industrials,Marine Transportation,Marine Transportation,NASDAQ,$29M (Micro),"318,680"
PSIG,PS International Group Ltd,Industrials,Air Freight & Logistics,Air Freight & Logistics,NASDAQ,$49M (Micro),"91,760"
PSIX,Power Solutions International Inc,Industrials,Electrical Equipment,Heavy Electrical Equipment,NASDAQ,$1B (Micro),"802,800"
PSKY,Paramount Skydance Corp,Communication Services,Media,Broadcasting,NASDAQ,$11B (Mid),"24,812,910"
PSMT,PriceSmart Inc,Consumer Staples,Consumer Staples Distribution & Retail,Consumer Staples Merchandise Retail,NASDAQ,$4B (Small),"195,170"
PSNL,Personalis Inc,Health Care,Life Sciences Tools & Services,Life Sciences Tools & Services,NASDAQ,$832M (Micro),"1,687,140"
PSNY,Polestar Automotive Holding UK PLC,Consumer Discretionary,Automobiles,Automobile Manufacturers,NASDAQ,$1B (Micro),"325,810"
PSTV,Plus Therapeutics Inc,Health Care,Biotechnology,Biotechnology,NASDAQ,$57M (Micro),"5,346,130"
PTC,PTC Inc,Information Technology,Software,Application Software,NASDAQ,$19B (Mid),"1,161,960"
PTCT,PTC Therapeutics Inc,Health Care,Biotechnology,Biotechnology,NASDAQ,$5B (Small),"1,381,250"
PTEN,Patterson-UTI Energy Inc,Energy,Energy Equipment & Services,Oil & Gas Drilling,NASDAQ,$4B (Small),"11,295,190"
PTGX,Protagonist Therapeutics Inc,Health Care,Biotechnology,Biotechnology,NASDAQ,$6B (Small),"701,700"
PTLE,PTL Ltd,Energy,"Oil, Gas & Consumable Fuels",Oil & Gas Storage & Transportation,NASDAQ,$56M (Micro),"70,100"
PTLO,Portillos Inc,Consumer Discretionary,"Hotels, Restaurants & Leisure",Restaurants,NASDAQ,$399M (Micro),"1,232,440"
PTRN,Pattern Group Inc,Consumer Discretionary,Broadline Retail,Broadline Retail,NASDAQ,$2B (Small),"1,567,080"
PUBM,PubMatic Inc,Communication Services,Media,Advertising,NASDAQ,$399M (Micro),"1,233,120"
PULM,Pulmatrix Inc,Health Care,Pharmaceuticals,Pharmaceuticals,NASDAQ,$8M (Micro),"88,700"
PVLA,Palvella Therapeutics Inc,Health Care,Biotechnology,Biotechnology,NASDAQ,$2B (Micro),"439,540"
PWP,Perella Weinberg Partners,Financials,Capital Markets,Investment Banking & Brokerage,NASDAQ,$2B (Micro),"811,930"
PYPL,PayPal Holdings Inc,Financials,Financial Services,Transaction & Payment Processing Services,NASDAQ,$42B (Large),"23,960,360"
PYXS,Pyxis Oncology Inc,Health Care,Biotechnology,Biotechnology,NASDAQ,$97M (Micro),"317,760"
PZZA,Papa John's International Inc,Consumer Discretionary,"Hotels, Restaurants & Leisure",Restaurants,NASDAQ,$1B (Micro),"1,642,710"
QCOM,Qualcomm Inc,Information Technology,Semiconductors & Semiconductor Equipment,Semiconductors,NASDAQ,$143B (Large),"9,801,610"
QCRH,QCR Holdings Inc,Financials,Banks,Regional Banks,NASDAQ,$1B (Micro),"138,990"
QDEL,QuidelOrtho Corp,Health Care,Health Care Equipment & Supplies,Health Care Equipment,NASDAQ,$1B (Micro),"1,107,410"
QFIN,Qfin Holdings Inc,Financials,Consumer Finance,Consumer Finance,NASDAQ,$2B (Micro),"2,387,950"
QH,Quhuo Ltd,Industrials,Commercial Services & Supplies,Diversified Support Services,NASDAQ,$3M (Micro),"21,048,030"
QLYS,Qualys Inc,Information Technology,Software,Systems Software,NASDAQ,$3B (Small),"701,280"
QMCO,Quantum Corp,Information Technology,"Technology Hardware, Storage & Peripherals","Technology Hardware, Storage & Peripherals",NASDAQ,$84M (Micro),"496,020"
QNCX,Quince Therapeutics Inc,Health Care,Biotechnology,Biotechnology,NASDAQ,$6M (Micro),"60,171,700"
QNST,QuinStreet Inc,Communication Services,Interactive Media & Services,Interactive Media & Services,NASDAQ,$674M (Micro),"757,220"
QRVO,Qorvo Inc,Information Technology,Semiconductors & Semiconductor Equipment,Semiconductors,NASDAQ,$7B (Small),"1,436,980"
QS,Quantumscape Corp,Consumer Discretionary,Automobile Components,Automotive Parts & Equipment,NASDAQ,$4B (Small),"12,673,060"
QSI,Quantum-Si Inc,Health Care,Life Sciences Tools & Services,Life Sciences Tools & Services,NASDAQ,$227M (Micro),"3,932,000"
QTRX,Quanterix Corp,Health Care,Life Sciences Tools & Services,Life Sciences Tools & Services,NASDAQ,$235M (Micro),"801,560"
QTTB,Q32 Bio Inc,Health Care,Biotechnology,Biotechnology,NASDAQ,$101M (Micro),"231,870"
QUBT,Quantum Computing Inc,Information Technology,"Technology Hardware, Storage & Peripherals","Technology Hardware, Storage & Peripherals",NASDAQ,$2B (Micro),"13,464,290"
QUIK,Quicklogic Corp,Information Technology,Semiconductors & Semiconductor Equipment,Semiconductors,NASDAQ,$162M (Micro),"239,310"
QURE,Uniqure NV,Health Care,Biotechnology,Biotechnology,NASDAQ,$1B (Micro),"10,215,200"
RAIL,FreightCar America Inc,Industrials,Machinery,Construction Machinery & Heavy Transportation Equipment,NASDAQ,$182M (Micro),"244,210"
RANI,Rani Therapeutics Holdings Inc,Health Care,Pharmaceuticals,Pharmaceuticals,NASDAQ,$166M (Micro),"979,140"
RAPP,Rapport Therapeutics Inc,Health Care,Pharmaceuticals,Pharmaceuticals,NASDAQ,$1B (Micro),"380,800"
RARE,Ultragenyx Pharmaceutical Inc,Health Care,Biotechnology,Biotechnology,NASDAQ,$2B (Small),"1,748,050"
RAYA,Erayak Power Solution Group Inc,Industrials,Electrical Equipment,Electrical Components & Equipment,NASDAQ,$3M (Micro),"184,190"
RBB,RBB Bancorp,Financials,Banks,Regional Banks,NASDAQ,$357M (Micro),"89,640"
RBBN,Ribbon Communications Inc,Information Technology,Communications Equipment,Communications Equipment,NASDAQ,$395M (Micro),"1,149,870"
RBCAA,Republic Bancorp Inc,Financials,Banks,Regional Banks,NASDAQ,$1B (Micro),"51,910"
RBNE,Robin Energy Ltd,Industrials,Marine Transportation,Marine Transportation,NASDAQ,$5M (Micro),"4,733,730"
RCAT,Red Cat Holdings Inc,Industrials,Aerospace & Defense,Aerospace & Defense,NASDAQ,$2B (Micro),"25,696,770"
RCEL,AVITA Medical Inc,Health Care,Biotechnology,Biotechnology,NASDAQ,$147M (Micro),"215,670"
RCKT,Rocket Pharmaceuticals Inc,Health Care,Biotechnology,Biotechnology,NASDAQ,$539M (Micro),"3,952,490"
RCKY,Rocky Brands Inc,Consumer Discretionary,"Textiles, Apparel & Luxury Goods",Footwear,NASDAQ,$327M (Micro),"97,560"
RCMT,R C M Technologies Inc,Industrials,Professional Services,Research & Consulting Services,NASDAQ,$148M (Micro),"53,290"
RCON,Recon Technology Ltd,Energy,Energy Equipment & Services,Oil & Gas Equipment & Services,NASDAQ,$37M (Micro),"181,290"
RCT,RedCloud Holdings PLC,Consumer Discretionary,Distributors,Distributors,NASDAQ,$49M (Micro),"60,550"
RDCM,Radcom Ltd,Information Technology,Software,Application Software,NASDAQ,$176M (Micro),"53,020"
RDHL,Redhill Biopharma Ltd,Health Care,Pharmaceuticals,Pharmaceuticals,NASDAQ,$4M (Micro),"61,720"
RDNT,RadNet Inc,Health Care,Health Care Providers & Services,Health Care Services,NASDAQ,$5B (Small),"1,040,410"
RDNW,RideNow Group Inc,Consumer Discretionary,Specialty Retail,Automotive Retail,NASDAQ,$228M (Micro),"58,970"
RDVT,Red Violet Inc,Information Technology,Software,Application Software,NASDAQ,$609M (Micro),"101,510"
RDWR,Radware Ltd,Information Technology,Software,Systems Software,NASDAQ,$1B (Micro),"234,330"
RDZN,Roadzen Inc,Information Technology,Software,Application Software,NASDAQ,$98M (Micro),"104,650"
REAL,RealReal Inc,Consumer Discretionary,Specialty Retail,Apparel Retail,NASDAQ,$1B (Micro),"4,856,500"
REAX,Real Brokerage Inc,Real Estate,Real Estate Management & Development,Real Estate Services,NASDAQ,$505M (Micro),"1,957,580"
REBN,Reborn Coffee Inc,Consumer Staples,Consumer Staples Distribution & Retail,Food Retail,NASDAQ,$12M (Micro),"109,180"
REE,REE Automotive Ltd,Consumer Discretionary,Automobile Components,Automotive Parts & Equipment,NASDAQ,$18M (Micro),"63,260"
REFI,Chicago Atlantic Real Estate Finance Inc,Financials,Mortgage Real Estate Investment Trusts (REITs),Mortgage REITs,NASDAQ,$256M (Micro),"110,250"
REG,Regency Centers Corp,Real Estate,Retail REITs,Retail REITs,NASDAQ,$14B (Mid),"1,337,700"
REGN,Regeneron Pharmaceuticals Inc,Health Care,Biotechnology,Biotechnology,NASDAQ,$82B (Large),"671,230"
REKR,Rekor Systems Inc,Information Technology,Software,Application Software,NASDAQ,$135M (Micro),"1,775,170"
RELL,Richardson Electronics Ltd,Information Technology,"Electronic Equipment, Instruments & Components",Technology Distributors,NASDAQ,$166M (Micro),"110,710"
RELY,Remitly Global Inc,Financials,Financial Services,Transaction & Payment Processing Services,NASDAQ,$4B (Small),"3,480,810"
RENT,Rent the Runway Inc,Consumer Discretionary,Specialty Retail,Other Specialty Retail,NASDAQ,$152M (Micro),"73,960"
RENX,RenX Enterprises Corp,Real Estate,Real Estate Management & Development,Real Estate Development,NASDAQ,$7M (Micro),"12,786,050"
REPL,Replimune Group Inc,Health Care,Biotechnology,Biotechnology,NASDAQ,$652M (Micro),"1,489,280"
RETO,ReTo Eco-Solutions Inc,Materials,Construction Materials,Construction Materials,NASDAQ,$10M (Micro),"2,269,950"
REVB,Revelation Biosciences Inc,Health Care,Biotechnology,Biotechnology,NASDAQ,$5M (Micro),"86,860"
REYN,Reynolds Consumer Products Inc,Consumer Staples,Household Products,Household Products,NASDAQ,$5B (Small),"875,340"
RFIL,RF Industries Ltd,Information Technology,"Electronic Equipment, Instruments & Components",Electronic Manufacturing Services,NASDAQ,$118M (Micro),"251,600"
RGC,Regencell Bioscience Holdings Ltd,Health Care,Pharmaceuticals,Pharmaceuticals,NASDAQ,$12B (Mid),"106,900"
RGEN,Repligen Corp,Health Care,Life Sciences Tools & Services,Life Sciences Tools & Services,NASDAQ,$7B (Small),"844,920"
RGLD,Royal Gold Inc,Materials,Metals & Mining,Gold,NASDAQ,$23B (Mid),"848,470"
RGNX,Regenxbio Inc,Health Care,Biotechnology,Biotechnology,NASDAQ,$484M (Micro),"1,140,430"
RGTI,Rigetti Computing Inc,Information Technology,Semiconductors & Semiconductor Equipment,Semiconductors,NASDAQ,$6B (Small),"30,552,320"
RICK,RCI Hospitality Holdings Inc,Consumer Discretionary,"Hotels, Restaurants & Leisure",Restaurants,NASDAQ,$171M (Micro),"66,040"
RIGL,Rigel Pharmaceuticals Inc,Health Care,Biotechnology,Biotechnology,NASDAQ,$503M (Micro),"523,220"
RILY,BRC Group Holdings Inc,Financials,Capital Markets,Investment Banking & Brokerage,NASDAQ,$237M (Micro),"776,110"
RIME,Algorhythm Holdings Inc,Consumer Discretionary,Household Durables,Consumer Electronics,NASDAQ,$8M (Micro),"1,882,070"
RIOT,Riot Platforms Inc,Information Technology,Software,Application Software,NASDAQ,$6B (Small),"18,598,310"
RITR,Reitar Logtech Holdings Ltd,Real Estate,Real Estate Management & Development,Real Estate Operating Companies,NASDAQ,$40M (Micro),"2,398,020"
RIVN,Rivian Automotive Inc,Consumer Discretionary,Automobiles,Automobile Manufacturers,NASDAQ,$21B (Mid),"27,571,810"
RJET,Republic Airways Holdings Inc,Industrials,Passenger Airlines,Passenger Airlines,NASDAQ,$814M (Micro),"103,240"
RKLB,Rocket Lab Corp,Industrials,Aerospace & Defense,Aerospace & Defense,NASDAQ,$41B (Mid),"18,274,350"
RLAY,Relay Therapeutics Inc,Health Care,Biotechnology,Biotechnology,NASDAQ,$2B (Micro),"3,071,790"
RLMD,Relmada Therapeutics Inc,Health Care,Pharmaceuticals,Pharmaceuticals,NASDAQ,$463M (Micro),"5,089,830"
RLYB,Rallybio Corp,Health Care,Biotechnology,Biotechnology,NASDAQ,$53M (Micro),"547,390"
RMBS,Rambus Inc,Information Technology,Semiconductors & Semiconductor Equipment,Semiconductors,NASDAQ,$10B (Mid),"1,915,170"
RMR,RMR Group Inc,Real Estate,Real Estate Management & Development,Diversified Real Estate Activities,NASDAQ,$537M (Micro),"173,750"
RMTI,Rockwell Medical Inc,Health Care,Health Care Equipment & Supplies,Health Care Supplies,NASDAQ,$36M (Micro),"265,570"
RNAC,Cartesian Therapeutics Inc,Health Care,Biotechnology,Biotechnology,NASDAQ,$219M (Micro),"467,110"
RNTX,Rein Therapeutics Inc,Health Care,Biotechnology,Biotechnology,NASDAQ,$33M (Micro),"113,000"
RNW,Renew Energy Global PLC,Utilities,Independent Power & Renewable Electricity Producers,Renewable Electricity,NASDAQ,$2B (Micro),"631,070"
RNXT,RenovoRx Inc,Health Care,Biotechnology,Biotechnology,NASDAQ,$29M (Micro),"317,640"
ROAD,Construction Partners Inc,Industrials,Construction & Engineering,Construction & Engineering,NASDAQ,$7B (Small),"532,790"
ROC,Rank One Computing Corp,Information Technology,Software,Application Software,NASDAQ,$115M (Micro),"92,370"
ROCK,Gibraltar Industries Inc,Industrials,Building Products,Building Products,NASDAQ,$1B (Micro),"378,660"
ROIV,Roivant Sciences Ltd,Health Care,Biotechnology,Biotechnology,NASDAQ,$21B (Mid),"6,132,910"
ROKU,Roku Inc,Communication Services,Entertainment,Movies & Entertainment,NASDAQ,$15B (Mid),"3,743,550"
ROMA,Roma Green Finance Ltd,Industrials,Commercial Services & Supplies,Environmental & Facilities Services,NASDAQ,$288M (Micro),"113,700"
ROOT,Root Inc,Financials,Insurance,Property & Casualty Insurance,NASDAQ,$690M (Micro),"510,510"
ROP,Roper Technologies Inc,Information Technology,Software,Application Software,NASDAQ,$36B (Mid),"1,474,230"
ROST,Ross Stores Inc,Consumer Discretionary,Specialty Retail,Apparel Retail,NASDAQ,$69B (Large),"3,701,990"
RPAY,Repay Holdings Corp,Financials,Financial Services,Transaction & Payment Processing Services,NASDAQ,$248M (Micro),"1,796,440"
RPD,Rapid7 Inc,Information Technology,Software,Systems Software,NASDAQ,$463M (Micro),"1,862,820"
RPGL,Republic Power Group Ltd,Information Technology,IT Services,IT Consulting & Other Services,NASDAQ,$4M (Micro),"980,910"
RPID,Rapid Micro Biosystems Inc,Health Care,Life Sciences Tools & Services,Life Sciences Tools & Services,NASDAQ,$194M (Micro),"96,430"
RPRX,Royalty Pharma PLC,Health Care,Pharmaceuticals,Pharmaceuticals,NASDAQ,$27B (Mid),"3,443,180"
RR,Richtech Robotics Inc,Industrials,Machinery,Industrial Machinery & Supplies & Components,NASDAQ,$543M (Micro),"10,673,240"
RRBI,Red River Bancshares Inc,Financials,Banks,Regional Banks,NASDAQ,$573M (Micro),"56,010"
RRR,Red Rock Resorts Inc,Consumer Discretionary,"Hotels, Restaurants & Leisure",Casinos & Gaming,NASDAQ,$6B (Small),"960,890"
RSSS,Research Solutions Inc,Information Technology,IT Services,IT Consulting & Other Services,NASDAQ,$76M (Micro),"54,630"
RSVR,Reservoir Media Inc,Communication Services,Entertainment,Movies & Entertainment,NASDAQ,$645M (Micro),"234,190"
RUBI,Rubico Inc,Energy,"Oil, Gas & Consumable Fuels",Oil & Gas Storage & Transportation,NASDAQ,$3M (Micro),"9,090,710"
RUM,Rumble Inc,Communication Services,Interactive Media & Services,Interactive Media & Services,NASDAQ,$2B (Micro),"2,597,360"
RUN,Sunrun Inc,Industrials,Electrical Equipment,Electrical Components & Equipment,NASDAQ,$3B (Small),"18,032,430"
RUSHA,Rush Enterprises Inc,Industrials,Trading Companies & Distributors,Trading Companies & Distributors,NASDAQ,$4B (Small),"512,250"
RVMD,Revolution Medicines Inc,Health Care,Biotechnology,Biotechnology,NASDAQ,$20B (Mid),"2,795,310"
RVPH,Reviva Pharmaceuticals Holdings Inc,Health Care,Pharmaceuticals,Pharmaceuticals,NASDAQ,$18M (Micro),"295,010"
RWAY,Runway Growth Finance Corp,Financials,Capital Markets,Asset Management & Custody Banks,NASDAQ,$265M (Micro),"515,990"
RXST,Rxsight Inc,Health Care,Health Care Equipment & Supplies,Health Care Supplies,NASDAQ,$305M (Micro),"892,570"
RXT,Rackspace Technology Inc,Information Technology,IT Services,Internet Services & Infrastructure,NASDAQ,$474M (Micro),"39,275,580"
RYAAY,Ryanair Holdings PLC,Industrials,Passenger Airlines,Passenger Airlines,NASDAQ,$33B (Mid),"1,725,280"
RYTM,Rhythm Pharmaceuticals Inc,Health Care,Biotechnology,Biotechnology,NASDAQ,$6B (Small),"876,590"
RZLV,Rezolve AI PLC,Information Technology,Software,Application Software,NASDAQ,$945M (Micro),"12,157,420"
SABR,Sabre Corp,Consumer Discretionary,"Hotels, Restaurants & Leisure","Hotels, Resorts & Cruise Lines",NASDAQ,$656M (Micro),"21,552,370"
SABS,SAB Biotherapeutics Inc,Health Care,Biotechnology,Biotechnology,NASDAQ,$233M (Micro),"446,210"
SAFT,Safety Insurance Group Inc,Financials,Insurance,Property & Casualty Insurance,NASDAQ,$1B (Micro),"76,780"
SAFX,XCF Global Inc,Energy,"Oil, Gas & Consumable Fuels",Coal & Consumable Fuels,NASDAQ,$116M (Micro),"35,075,110"
SAIA,Saia Inc,Industrials,Ground Transportation,Cargo Ground Transportation,NASDAQ,$9B (Mid),"656,190"
SAIC,Science Applications International Corp,Industrials,Professional Services,Research & Consulting Services,NASDAQ,$4B (Small),"639,710"
SAIL,SailPoint Inc,Information Technology,Software,Application Software,NASDAQ,$9B (Mid),"2,730,560"
SANM,Sanmina Corp,Information Technology,"Electronic Equipment, Instruments & Components",Electronic Manufacturing Services,NASDAQ,$7B (Small),"821,790"
SATS,EchoStar Corp,Communication Services,Media,Cable & Satellite,NASDAQ,$32B (Mid),"5,020,180"
SBAC,SBA Communications Corp,Real Estate,Specialized REITs,Telecom Tower REITs,NASDAQ,$20B (Mid),"1,317,110"
SBCF,Seacoast Banking Corporation of Florida,Financials,Banks,Regional Banks,NASDAQ,$3B (Small),"750,380"
SBET,Sharplink Inc,Consumer Discretionary,"Hotels, Restaurants & Leisure",Casinos & Gaming,NASDAQ,$1B (Micro),"7,791,370"
SBGI,Sinclair Inc,Communication Services,Media,Broadcasting,NASDAQ,$1B (Micro),"662,160"
SBLK,Star Bulk Carriers Corp,Industrials,Marine Transportation,Marine Transportation,NASDAQ,$3B (Small),"2,922,730"
SBLX,StableX Technologies Inc,Consumer Discretionary,Automobiles,Automobile Manufacturers,NASDAQ,$4M (Micro),"150,320"
SBRA,Sabra Health Care REIT Inc,Real Estate,Health Care REITs,Health Care REITs,NASDAQ,$5B (Small),"2,491,870"
SBUX,Starbucks Corp,Consumer Discretionary,"Hotels, Restaurants & Leisure",Restaurants,NASDAQ,$116B (Large),"7,832,930"
SCHL,Scholastic Corp,Communication Services,Media,Publishing,NASDAQ,$867M (Micro),"404,850"
SCKT,Socket Mobile Inc,Information Technology,"Technology Hardware, Storage & Peripherals","Technology Hardware, Storage & Peripherals",NASDAQ,$7M (Micro),"563,320"
SCNI,Scinai Immunotherapeutics Ltd,Health Care,Biotechnology,Biotechnology,NASDAQ,$3M (Micro),"83,800"
SCNX,Scienture Holdings Inc,Health Care,Health Care Technology,Health Care Technology,NASDAQ,$19M (Micro),"273,290"
SCSC,Scansource Inc,Information Technology,"Electronic Equipment, Instruments & Components",Technology Distributors,NASDAQ,$777M (Micro),"188,700"
SCVL,Shoe Carnival Inc,Consumer Discretionary,Specialty Retail,Apparel Retail,NASDAQ,$500M (Micro),"372,710"
SCYX,SCYNEXIS Inc,Health Care,Pharmaceuticals,Pharmaceuticals,NASDAQ,$40M (Micro),"435,270"
SDA,SunCar Technology Group Inc,Consumer Discretionary,Diversified Consumer Services,Specialized Consumer Services,NASDAQ,$203M (Micro),"783,730"
SDGR,Schrodinger Inc,Health Care,Health Care Technology,Health Care Technology,NASDAQ,$940M (Micro),"1,579,120"
SEAT,Vivid Seats Inc,Communication Services,Entertainment,Movies & Entertainment,NASDAQ,$89M (Micro),"103,640"
SEDG,Solaredge Technologies Inc,Information Technology,Semiconductors & Semiconductor Equipment,Semiconductor Materials & Equipment,NASDAQ,$2B (Small),"3,461,420"
SEED,Origin Agritech Ltd,Consumer Staples,Food Products,Agricultural Products & Services,NASDAQ,$16M (Micro),"303,110"
SEER,Seer Inc,Health Care,Life Sciences Tools & Services,Life Sciences Tools & Services,NASDAQ,$99M (Micro),"478,640"
SEGG,Sports Entertainment Gaming Global Corp,Consumer Discretionary,"Hotels, Restaurants & Leisure",Casinos & Gaming,NASDAQ,$14M (Micro),"579,990"
SEIC,SEI Investments Co,Financials,Capital Markets,Asset Management & Custody Banks,NASDAQ,$10B (Mid),"924,680"
SENEA,Seneca Foods Corp,Consumer Staples,Food Products,Packaged Foods & Meats,NASDAQ,$751M (Micro),"74,770"
SENS,Senseonics Holdings Inc,Health Care,Health Care Equipment & Supplies,Health Care Equipment,NASDAQ,$244M (Micro),"655,110"
SEPN,Septerna Inc,Health Care,Pharmaceuticals,Pharmaceuticals,NASDAQ,$1B (Micro),"368,060"
SERV,Serve Robotics Inc,Consumer Discretionary,"Hotels, Restaurants & Leisure",Restaurants,NASDAQ,$795M (Micro),"3,408,500"
SEVN,Seven Hills Realty Trust,Financials,Mortgage Real Estate Investment Trusts (REITs),Mortgage REITs,NASDAQ,$192M (Micro),"98,010"
SEZL,Sezzle Inc,Financials,Financial Services,Transaction & Payment Processing Services,NASDAQ,$2B (Small),"1,196,760"
SFD,Smithfield Foods Inc,Consumer Staples,Food Products,Packaged Foods & Meats,NASDAQ,$9B (Mid),"888,920"
SFM,Sprouts Farmers Market Inc,Consumer Staples,Consumer Staples Distribution & Retail,Food Retail,NASDAQ,$7B (Small),"3,020,270"
SFNC,Simmons First National Corp,Financials,Banks,Regional Banks,NASDAQ,$3B (Small),"1,179,770"
SFST,Southern First Bancshares Inc,Financials,Banks,Regional Banks,NASDAQ,$431M (Micro),"104,850"
SGMO,Sangamo Therapeutics Inc,Health Care,Biotechnology,Biotechnology,NASDAQ,$146M (Micro),"4,020,240"
SGMT,Sagimet Biosciences Inc,Health Care,Biotechnology,Biotechnology,NASDAQ,$187M (Micro),"308,740"
SGRY,Surgery Partners Inc,Health Care,Health Care Providers & Services,Health Care Facilities,NASDAQ,$2B (Micro),"2,449,970"
SHBI,Shore Bancshares Inc,Financials,Banks,Regional Banks,NASDAQ,$592M (Micro),"227,920"
SHC,Sotera Health Co,Health Care,Life Sciences Tools & Services,Life Sciences Tools & Services,NASDAQ,$4B (Small),"4,133,300"
SHEN,Shenandoah Telecommunications Co,Communication Services,Diversified Telecommunication Services,Integrated Telecommunication Services,NASDAQ,$804M (Micro),"342,510"
SHFS,SHF Holdings Inc,Financials,Financial Services,Specialized Finance,NASDAQ,$3M (Micro),"191,950"
SHIP,Seanergy Maritime Holdings Corp,Industrials,Marine Transportation,Marine Transportation,NASDAQ,$286M (Micro),"382,210"
SHLS,Shoals Technologies Group Inc,Industrials,Electrical Equipment,Electrical Components & Equipment,NASDAQ,$1B (Micro),"7,297,080"
SHMD,SCHMID Group NV,Information Technology,"Electronic Equipment, Instruments & Components",Electronic Manufacturing Services,NASDAQ,$382M (Micro),"1,236,600"
SHOO,Steven Madden Ltd,Consumer Discretionary,"Textiles, Apparel & Luxury Goods",Footwear,NASDAQ,$2B (Small),"1,808,130"
SHOP,Shopify Inc,Information Technology,IT Services,Internet Services & Infrastructure,NASDAQ,$169B (Large),"11,008,390"
SHPH,Shuttle Pharmaceuticals Holdings Inc,Health Care,Biotechnology,Biotechnology,NASDAQ,$5M (Micro),"103,350"
SIBN,SI-BONE Inc,Health Care,Health Care Equipment & Supplies,Health Care Equipment,NASDAQ,$621M (Micro),"612,100"
SIDU,Sidus Space Inc,Industrials,Aerospace & Defense,Aerospace & Defense,NASDAQ,$132M (Micro),"4,184,500"
SIEB,Siebert Financial Corp,Financials,Capital Markets,Investment Banking & Brokerage,NASDAQ,$83M (Micro),"53,200"
SIFY,Sify Technologies Ltd,Communication Services,Diversified Telecommunication Services,Alternative Carriers,NASDAQ,$1B (Micro),"54,340"
SIGA,SIGA Technologies Inc,Health Care,Pharmaceuticals,Pharmaceuticals,NASDAQ,$392M (Micro),"721,110"
SIGI,Selective Insurance Group Inc,Financials,Insurance,Property & Casualty Insurance,NASDAQ,$5B (Small),"515,780"
SILC,Silicom Ltd,Information Technology,Communications Equipment,Communications Equipment,NASDAQ,$109M (Micro),"55,400"
SILO,Silo Pharma Inc,Health Care,Biotechnology,Biotechnology,NASDAQ,$5M (Micro),"501,160"
SIMO,Silicon Motion Technology Corp,Information Technology,Semiconductors & Semiconductor Equipment,Semiconductors,NASDAQ,$4B (Small),"586,710"
SION,Sionna Therapeutics Inc,Health Care,Biotechnology,Biotechnology,NASDAQ,$2B (Micro),"272,000"
SIRI,Sirius XM Holdings Inc,Communication Services,Media,Cable & Satellite,NASDAQ,$7B (Small),"4,288,620"
SITM,SiTime Corp,Information Technology,Semiconductors & Semiconductor Equipment,Semiconductors,NASDAQ,$9B (Mid),"446,660"
SKBL,Skyline Builders Group Holding Ltd,Industrials,Construction & Engineering,Construction & Engineering,NASDAQ,$36M (Micro),"168,730"
SKIN,Beauty Health Co,Consumer Staples,Personal Care Products,Personal Care Products,NASDAQ,$143M (Micro),"840,430"
SKK,SKK Holdings Ltd,Industrials,Construction & Engineering,Construction & Engineering,NASDAQ,$5M (Micro),"101,650"
SKWD,Skyward Specialty Insurance Group Inc,Financials,Insurance,Property & Casualty Insurance,NASDAQ,$2B (Micro),"567,100"
SKYE,Skye Bioscience Inc,Health Care,Biotechnology,Biotechnology,NASDAQ,$24M (Micro),"1,911,730"
SKYQ,Sky Quarry Inc,Energy,"Oil, Gas & Consumable Fuels",Oil & Gas Refining & Marketing,NASDAQ,$10M (Micro),"4,082,870"
SKYT,Skywater Technology Inc,Information Technology,Semiconductors & Semiconductor Equipment,Semiconductors,NASDAQ,$1B (Micro),"1,087,820"
SKYW,SkyWest Inc,Industrials,Passenger Airlines,Passenger Airlines,NASDAQ,$4B (Small),"328,440"
SKYX,SKYX Platforms Corp,Industrials,Electrical Equipment,Electrical Components & Equipment,NASDAQ,$251M (Micro),"854,780"
SLAB,Silicon Laboratories Inc,Information Technology,Semiconductors & Semiconductor Equipment,Semiconductors,NASDAQ,$7B (Small),"848,220"
SLDB,Solid Biosciences Inc,Health Care,Biotechnology,Biotechnology,NASDAQ,$601M (Micro),"1,781,220"
SLDE,Slide Insurance Holdings Inc,Financials,Insurance,Property & Casualty Insurance,NASDAQ,$2B (Small),"2,791,110"
SLGB,Smart Logistics Global Ltd,Industrials,Ground Transportation,Cargo Ground Transportation,NASDAQ,$46M (Micro),"110,330"
SLM,SLM Corp,Financials,Consumer Finance,Consumer Finance,NASDAQ,$4B (Small),"6,232,810"
SLMT,Brera Holdings PLC,Communication Services,Entertainment,Movies & Entertainment,NASDAQ,$81M (Micro),"880,510"
SLN,Silence Therapeutics PLC,Health Care,Biotechnology,Biotechnology,NASDAQ,$330M (Micro),"280,620"
SLNH,Soluna Holdings Inc,Information Technology,Software,Application Software,NASDAQ,$83M (Micro),"3,383,850"
SLNO,Soleno Therapeutics Inc,Health Care,Biotechnology,Biotechnology,NASDAQ,$2B (Micro),"1,752,690"
SLP,Simulations Plus Inc,Health Care,Health Care Technology,Health Care Technology,NASDAQ,$251M (Micro),"215,050"
SLRC,SLR Investment Corp,Financials,Capital Markets,Asset Management & Custody Banks,NASDAQ,$795M (Micro),"324,250"
SLS,Sellas Life Sciences Group Inc,Health Care,Biotechnology,Biotechnology,NASDAQ,$933M (Micro),"7,840,820"
SMBC,Southern Missouri Bancorp Inc,Financials,Banks,Regional Banks,NASDAQ,$679M (Micro),"77,010"
SMCI,Super Micro Computer Inc,Information Technology,"Technology Hardware, Storage & Peripherals","Technology Hardware, Storage & Peripherals",NASDAQ,$19B (Mid),"26,987,780"
SMMT,Summit Therapeutics Inc,Health Care,Biotechnology,Biotechnology,NASDAQ,$12B (Mid),"2,196,020"
SMPL,Simply Good Foods Co,Consumer Staples,Food Products,Packaged Foods & Meats,NASDAQ,$1B (Micro),"1,839,780"
SMSI,Smith Micro Software Inc,Information Technology,Software,Application Software,NASDAQ,$20M (Micro),"1,252,450"
SMTC,Semtech Corp,Information Technology,Semiconductors & Semiconductor Equipment,Semiconductors,NASDAQ,$8B (Mid),"1,623,150"
SMTI,Sanara Medtech Inc,Health Care,Health Care Equipment & Supplies,Health Care Supplies,NASDAQ,$175M (Micro),"68,460"
SMTK,SmartKem Inc,Information Technology,Semiconductors & Semiconductor Equipment,Semiconductors,NASDAQ,$2M (Micro),"425,880"
SMX,SMX (Security Matters) PLC,Information Technology,"Electronic Equipment, Instruments & Components",Electronic Equipment & Instruments,NASDAQ,$49M (Micro),"135,860"
SMXT,SolarMax Technology Inc,Industrials,Electrical Equipment,Electrical Components & Equipment,NASDAQ,$41M (Micro),"142,790"
SNBR,Sleep Number Corp,Consumer Discretionary,Specialty Retail,Homefurnishing Retail,NASDAQ,$105M (Micro),"886,180"
SNCY,Sun Country Airlines Holdings Inc,Industrials,Passenger Airlines,Passenger Airlines,NASDAQ,$885M (Micro),"959,200"
SNDK,Sandisk Corp,Information Technology,"Technology Hardware, Storage & Peripherals","Technology Hardware, Storage & Peripherals",NASDAQ,$97B (Large),"18,499,130"
SNDL,SNDL Inc,Health Care,Pharmaceuticals,Pharmaceuticals,NASDAQ,$396M (Micro),"966,480"
SNDX,Syndax Pharmaceuticals Inc,Health Care,Biotechnology,Biotechnology,NASDAQ,$2B (Small),"1,568,890"
SNEX,StoneX Group Inc,Financials,Capital Markets,Investment Banking & Brokerage,NASDAQ,$6B (Small),"375,110"
SNGX,Soligenix Inc,Health Care,Biotechnology,Biotechnology,NASDAQ,$12M (Micro),"152,350"
SNPS,Synopsys Inc,Information Technology,Software,Application Software,NASDAQ,$83B (Large),"2,970,800"
SNSE,Sensei Biotherapeutics Inc,Health Care,Biotechnology,Biotechnology,NASDAQ,$37M (Micro),"158,650"
SNTI,Senti Biosciences Inc,Health Care,Biotechnology,Biotechnology,NASDAQ,$27M (Micro),"130,810"
SNWV,SANUWAVE Health Inc,Health Care,Health Care Equipment & Supplies,Health Care Equipment,NASDAQ,$191M (Micro),"60,240"
SNY,Sanofi SA,Health Care,Pharmaceuticals,Pharmaceuticals,NASDAQ,$106B (Large),"4,643,810"
SOBR,Sobr Safe Inc,Information Technology,"Electronic Equipment, Instruments & Components",Electronic Equipment & Instruments,NASDAQ,$2M (Micro),"150,680"
SOFI,SoFi Technologies Inc,Financials,Consumer Finance,Consumer Finance,NASDAQ,$24B (Mid),"74,504,920"
SOLS,Solstice Advanced Materials Inc,Materials,Chemicals,Specialty Chemicals,NASDAQ,$12B (Mid),"2,957,530"
SONO,Sonos Inc,Consumer Discretionary,Household Durables,Consumer Electronics,NASDAQ,$2B (Micro),"1,692,380"
SOPA,Society Pass Inc,Communication Services,Interactive Media & Services,Interactive Media & Services,NASDAQ,$9M (Micro),"399,990"
SOPH,SOPHiA GENETICS SA,Health Care,Health Care Technology,Health Care Technology,NASDAQ,$323M (Micro),"111,250"
SOUN,SoundHound AI Inc,Information Technology,Software,Application Software,NASDAQ,$3B (Small),"29,551,260"
SPAI,Safe Pro Group Inc,Industrials,Aerospace & Defense,Aerospace & Defense,NASDAQ,$105M (Micro),"424,210"
SPFI,South Plains Financial Inc,Financials,Banks,Regional Banks,NASDAQ,$664M (Micro),"98,930"
SPOK,Spok Holdings Inc,Communication Services,Wireless Telecommunication Services,Wireless Telecommunication Services,NASDAQ,$251M (Micro),"268,440"
SPRO,Spero Therapeutics Inc,Health Care,Biotechnology,Biotechnology,NASDAQ,$146M (Micro),"277,850"
SPRY,ARS Pharmaceuticals Inc,Health Care,Biotechnology,Biotechnology,NASDAQ,$832M (Micro),"1,092,520"
SPSC,SPS Commerce Inc,Information Technology,Software,Application Software,NASDAQ,$2B (Small),"852,560"
SPT,Sprout Social Inc,Information Technology,Software,Application Software,NASDAQ,$358M (Micro),"2,222,980"
SPWH,Sportsman's Warehouse Holdings Inc,Consumer Discretionary,Specialty Retail,Other Specialty Retail,NASDAQ,$52M (Micro),"640,770"
SPWR,SunPower Inc,Industrials,Electrical Equipment,Electrical Components & Equipment,NASDAQ,$159M (Micro),"1,656,130"
SRAD,Sportradar Group AG,Consumer Discretionary,"Hotels, Restaurants & Leisure",Casinos & Gaming,NASDAQ,$5B (Small),"2,690,820"
SRCE,1st Source Corp,Financials,Banks,Regional Banks,NASDAQ,$2B (Micro),"137,390"
SRPT,Sarepta Therapeutics Inc,Health Care,Biotechnology,Biotechnology,NASDAQ,$2B (Micro),"2,965,510"
SRRK,Scholar Rock Holding Corp,Health Care,Biotechnology,Biotechnology,NASDAQ,$5B (Small),"1,638,830"
SRTA,Strata Critical Medical Inc,Health Care,Health Care Providers & Services,Health Care Services,NASDAQ,$411M (Micro),"1,118,260"
SRTS,Sensus Healthcare Inc,Health Care,Health Care Equipment & Supplies,Health Care Equipment,NASDAQ,$67M (Micro),"102,480"
SRZN,Surrozen Inc,Health Care,Biotechnology,Biotechnology,NASDAQ,$231M (Micro),"94,250"
SSII,SS Innovations International Inc,Health Care,Health Care Equipment & Supplies,Health Care Equipment,NASDAQ,$943M (Micro),"52,420"
SSNC,SS&C Technologies Holdings Inc,Industrials,Professional Services,Data Processing & Outsourced Services,NASDAQ,$18B (Mid),"2,551,830"
SSP,E W Scripps Co,Communication Services,Media,Broadcasting,NASDAQ,$371M (Micro),"960,090"
SSRM,SSR Mining Inc,Materials,Metals & Mining,Gold,NASDAQ,$6B (Small),"4,716,880"
SSSS,SuRo Capital Corp,Financials,Capital Markets,Asset Management & Custody Banks,NASDAQ,$261M (Micro),"346,840"
SSTI,SoundThinking Inc,Information Technology,Software,Application Software,NASDAQ,$92M (Micro),"211,480"
SSYS,Stratasys Ltd,Industrials,Machinery,Industrial Machinery & Supplies & Components,NASDAQ,$715M (Micro),"1,428,320"
STAA,STAAR Surgical Co,Health Care,Health Care Equipment & Supplies,Health Care Supplies,NASDAQ,$874M (Micro),"1,453,450"
STAK,STAK Inc,Energy,Energy Equipment & Services,Oil & Gas Equipment & Services,NASDAQ,$15M (Micro),"27,528,720"
STBA,S&T Bancorp Inc,Financials,Banks,Regional Banks,NASDAQ,$1B (Micro),"295,660"
STEP,StepStone Group Inc,Financials,Capital Markets,Asset Management & Custody Banks,NASDAQ,$5B (Small),"1,792,550"
STEX,Streamex Corp,Health Care,Health Care Equipment & Supplies,Health Care Equipment,NASDAQ,$375M (Micro),"1,357,570"
STFS,Star Fashion Culture Holdings Ltd,Communication Services,Media,Advertising,NASDAQ,$5M (Micro),"1,100,700"
STGW,Stagwell Inc,Communication Services,Media,Advertising,NASDAQ,$2B (Micro),"2,267,750"
STI,Solidion Technology Inc,Industrials,Electrical Equipment,Electrical Components & Equipment,NASDAQ,$30M (Micro),"54,880"
STIM,Neuronetics Inc,Health Care,Health Care Equipment & Supplies,Health Care Equipment,NASDAQ,$88M (Micro),"908,030"
STKL,Sunopta Inc,Consumer Staples,Food Products,Packaged Foods & Meats,NASDAQ,$765M (Micro),"3,181,080"
STLD,Steel Dynamics Inc,Materials,Metals & Mining,Steel,NASDAQ,$27B (Mid),"1,136,540"
STNE,StoneCo Ltd,Financials,Financial Services,Transaction & Payment Processing Services,NASDAQ,$4B (Small),"7,450,240"
STOK,Stoke Therapeutics Inc,Health Care,Biotechnology,Biotechnology,NASDAQ,$2B (Small),"828,220"
STRA,Strategic Education Inc,Consumer Discretionary,Diversified Consumer Services,Education Services,NASDAQ,$2B (Micro),"403,150"
STRL,Sterling Infrastructure Inc,Industrials,Construction & Engineering,Construction & Engineering,NASDAQ,$13B (Mid),"638,410"
STRO,Sutro Biopharma Inc,Health Care,Biotechnology,Biotechnology,NASDAQ,$403M (Micro),"155,700"
STRZ,Starz Entertainment Corp,Communication Services,Entertainment,Movies & Entertainment,NASDAQ,$264M (Micro),"326,820"
STSS,Sharps Technology Inc,Health Care,Health Care Equipment & Supplies,Health Care Supplies,NASDAQ,$54M (Micro),"320,140"
STTK,Shattuck Labs Inc,Health Care,Biotechnology,Biotechnology,NASDAQ,$421M (Micro),"922,380"
STX,Seagate Technology Holdings PLC,Information Technology,"Technology Hardware, Storage & Peripherals","Technology Hardware, Storage & Peripherals",NASDAQ,$86B (Large),"3,601,210"
SUIG,SUI Group Holdings Ltd,Financials,Financial Services,Specialized Finance,NASDAQ,$114M (Micro),"502,510"
SUNE,Sunation Energy Inc,Industrials,Electrical Equipment,Electrical Components & Equipment,NASDAQ,$5M (Micro),"313,660"
SUNS,Sunrise Realty Trust Inc,Financials,Mortgage Real Estate Investment Trusts (REITs),Mortgage REITs,NASDAQ,$122M (Micro),"72,020"
SUPN,Supernus Pharmaceuticals Inc,Health Care,Pharmaceuticals,Pharmaceuticals,NASDAQ,$3B (Small),"960,170"
SUPX,SuperX AI Technology Ltd,Consumer Discretionary,Diversified Consumer Services,Specialized Consumer Services,NASDAQ,$428M (Micro),"343,910"
SURG,Surgepays Inc,Communication Services,Wireless Telecommunication Services,Wireless Telecommunication Services,NASDAQ,$21M (Micro),"145,100"
SVC,Service Properties Trust,Real Estate,Hotel & Resort REITs,Hotel & Resort REITs,NASDAQ,$351M (Micro),"1,880,360"
SVRA,Savara Inc,Health Care,Biotechnology,Biotechnology,NASDAQ,$1B (Micro),"1,232,080"
SVRN,Oceanpal Inc,Industrials,Marine Transportation,Marine Transportation,NASDAQ,$12M (Micro),"14,625,660"
SWBI,Smith & Wesson Brands Inc,Consumer Discretionary,Leisure Products,Leisure Products,NASDAQ,$623M (Micro),"835,410"
SWIM,Latham Group Inc,Consumer Discretionary,Leisure Products,Leisure Products,NASDAQ,$745M (Micro),"1,702,770"
SWKS,Skyworks Solutions Inc,Information Technology,Semiconductors & Semiconductor Equipment,Semiconductors,NASDAQ,$8B (Mid),"3,361,240"
SYBT,Stock Yards Bancorp Inc,Financials,Banks,Regional Banks,NASDAQ,$2B (Micro),"161,590"
SYM,Symbotic Inc,Industrials,Machinery,Industrial Machinery & Supplies & Components,NASDAQ,$31B (Mid),"1,352,140"
SYNA,Synaptics Inc,Information Technology,Semiconductors & Semiconductor Equipment,Semiconductors,NASDAQ,$3B (Small),"670,140"
SYRE,Spyre Therapeutics Inc,Health Care,Biotechnology,Biotechnology,NASDAQ,$3B (Small),"688,850"
TALK,Talkspace Inc,Health Care,Health Care Providers & Services,Health Care Services,NASDAQ,$863M (Micro),"7,514,840"
TAOX,TAO Synergies Inc,Information Technology,Software,Application Software,NASDAQ,$35M (Micro),"105,080"
TARA,Protara Therapeutics Inc,Health Care,Biotechnology,Biotechnology,NASDAQ,$303M (Micro),"1,380,150"
TARS,Tarsus Pharmaceuticals Inc,Health Care,Pharmaceuticals,Pharmaceuticals,NASDAQ,$3B (Small),"563,380"
TASK,Taskus Inc,Industrials,Professional Services,Data Processing & Outsourced Services,NASDAQ,$967M (Micro),"1,029,830"
TATT,TAT Technologies Ltd,Industrials,Aerospace & Defense,Aerospace & Defense,NASDAQ,$744M (Micro),"136,790"
TBBK,Bancorp Inc,Financials,Banks,Regional Banks,NASDAQ,$2B (Small),"623,500"
TBCH,Turtle Beach Corp,Information Technology,"Technology Hardware, Storage & Peripherals","Technology Hardware, Storage & Peripherals",NASDAQ,$260M (Micro),"237,380"
TBH,Brag House Holdings Inc,Communication Services,Entertainment,Movies & Entertainment,NASDAQ,$5M (Micro),"391,460"
TBHC,Brand House Collective Inc,Consumer Discretionary,Specialty Retail,Homefurnishing Retail,NASDAQ,$22M (Micro),"76,810"
TBPH,Theravance Biopharma Inc,Health Care,Pharmaceuticals,Pharmaceuticals,NASDAQ,$700M (Micro),"1,361,800"
TBRG,TruBridge Inc,Health Care,Health Care Technology,Health Care Technology,NASDAQ,$267M (Micro),"99,940"
TCBI,Texas Capital Bancshares Inc,Financials,Banks,Regional Banks,NASDAQ,$4B (Small),"482,500"
TCBK,Trico Bancshares,Financials,Banks,Regional Banks,NASDAQ,$2B (Micro),"194,030"
TCMD,Tactile Systems Technology Inc,Health Care,Health Care Equipment & Supplies,Health Care Equipment,NASDAQ,$625M (Micro),"312,130"
TCOM,Trip.com Group Ltd,Consumer Discretionary,"Hotels, Restaurants & Leisure","Hotels, Resorts & Cruise Lines",NASDAQ,$34B (Mid),"4,335,830"
TCRX,TScan Therapeutics Inc,Health Care,Biotechnology,Biotechnology,NASDAQ,$65M (Micro),"651,920"
TDIC,Dreamland Ltd,Communication Services,Entertainment,Movies & Entertainment,NASDAQ,$6M (Micro),"717,540"
TDTH,Trident Digital Tech Holdings Ltd,Information Technology,IT Services,IT Consulting & Other Services,NASDAQ,$18M (Micro),"350,560"
TEAM,Atlassian Corp,Information Technology,Software,Application Software,NASDAQ,$20B (Mid),"7,386,280"
TECH,Bio-Techne Corp,Health Care,Life Sciences Tools & Services,Life Sciences Tools & Services,NASDAQ,$8B (Mid),"2,333,200"
TECX,Tectonic Therapeutic Inc,Health Care,Biotechnology,Biotechnology,NASDAQ,$653M (Micro),"480,430"
TELO,Telomir Pharmaceuticals Inc,Health Care,Pharmaceuticals,Pharmaceuticals,NASDAQ,$49M (Micro),"86,730"
TEM,Tempus AI Inc,Health Care,Life Sciences Tools & Services,Life Sciences Tools & Services,NASDAQ,$9B (Mid),"5,870,120"
TENB,Tenable Holdings Inc,Information Technology,Software,Systems Software,NASDAQ,$2B (Small),"2,731,740"
TENX,Tenax Therapeutics Inc,Health Care,Biotechnology,Biotechnology,NASDAQ,$251M (Micro),"480,830"
TER,Teradyne Inc,Information Technology,Semiconductors & Semiconductor Equipment,Semiconductor Materials & Equipment,NASDAQ,$47B (Large),"4,118,840"
TERN,Terns Pharmaceuticals Inc,Health Care,Pharmaceuticals,Pharmaceuticals,NASDAQ,$5B (Small),"2,125,730"
TFSL,TFS Financial Corp,Financials,Banks,Regional Banks,NASDAQ,$4B (Small),"890,100"
TGTX,TG Therapeutics Inc,Health Care,Biotechnology,Biotechnology,NASDAQ,$4B (Small),"1,931,150"
TH,Target Hospitality Corp,Consumer Discretionary,"Hotels, Restaurants & Leisure","Hotels, Resorts & Cruise Lines",NASDAQ,$906M (Micro),"428,260"
THFF,First Financial Corp,Financials,Banks,Regional Banks,NASDAQ,$726M (Micro),"72,210"
THH,TryHard Holdings Ltd,Communication Services,Entertainment,Movies & Entertainment,NASDAQ,$23M (Micro),"307,620"
THRM,Gentherm Inc,Consumer Discretionary,Automobile Components,Automotive Parts & Equipment,NASDAQ,$890M (Micro),"245,490"
TIGO,Millicom International Cellular SA,Communication Services,Wireless Telecommunication Services,Wireless Telecommunication Services,NASDAQ,$12B (Mid),"1,631,380"
TIGR,UP Fintech Holding Ltd,Financials,Capital Markets,Investment Banking & Brokerage,NASDAQ,$1B (Micro),"2,229,320"
TILE,Interface Inc,Industrials,Commercial Services & Supplies,Office Services & Supplies,NASDAQ,$2B (Micro),"431,220"
TIPT,Tiptree Inc,Financials,Insurance,Property & Casualty Insurance,NASDAQ,$611M (Micro),"243,930"
TITN,Titan Machinery Inc,Industrials,Trading Companies & Distributors,Trading Companies & Distributors,NASDAQ,$420M (Micro),"152,670"
TIVC,Tivic Health Systems Inc,Health Care,Health Care Equipment & Supplies,Health Care Equipment,NASDAQ,$2M (Micro),"916,330"
TKNO,Alpha Teknova Inc,Health Care,Life Sciences Tools & Services,Life Sciences Tools & Services,NASDAQ,$145M (Micro),"167,060"
TLF,Tandy Leather Factory Inc,Consumer Discretionary,Specialty Retail,Apparel Retail,NASDAQ,$19M (Micro),"94,280"
TLIH,Ten-League International Holdings Ltd,Industrials,Trading Companies & Distributors,Trading Companies & Distributors,NASDAQ,$9M (Micro),"561,690"
TLN,Talen Energy Corp,Utilities,Independent Power & Renewable Electricity Producers,Independent Power Producers & Energy Traders,NASDAQ,$14B (Mid),"863,670"
TLPH,Talphera Inc,Health Care,Pharmaceuticals,Pharmaceuticals,NASDAQ,$42M (Micro),"152,970"
TLRY,Tilray Brands Inc,Health Care,Pharmaceuticals,Pharmaceuticals,NASDAQ,$841M (Micro),"2,786,360"
TLS,Telos Corp,Information Technology,Software,Systems Software,NASDAQ,$313M (Micro),"747,880"
TLSA,Tiziana Life Sciences Ltd,Health Care,Biotechnology,Biotechnology,NASDAQ,$165M (Micro),"106,600"
TLSI,TriSalus Life Sciences Inc,Health Care,Biotechnology,Biotechnology,NASDAQ,$255M (Micro),"245,350"
TMC,TMC the metals company Inc,Materials,Metals & Mining,Diversified Metals & Mining,NASDAQ,$3B (Small),"4,489,740"
TMCI,Treace Medical Concepts Inc,Health Care,Health Care Equipment & Supplies,Health Care Equipment,NASDAQ,$90M (Micro),"1,440,270"
TMDX,Transmedics Group Inc,Health Care,Health Care Equipment & Supplies,Health Care Equipment,NASDAQ,$4B (Small),"1,180,770"
TMUS,T-Mobile US Inc,Communication Services,Wireless Telecommunication Services,Wireless Telecommunication Services,NASDAQ,$235B (Large),"5,460,490"
TNDM,Tandem Diabetes Care Inc,Health Care,Health Care Equipment & Supplies,Health Care Equipment,NASDAQ,$2B (Micro),"2,451,850"
TNGX,Tango Therapeutics Inc,Health Care,Biotechnology,Biotechnology,NASDAQ,$2B (Small),"5,053,810"
TNON,Tenon Medical Inc,Health Care,Health Care Equipment & Supplies,Health Care Equipment,NASDAQ,$9M (Micro),"128,730"
TNXP,Tonix Pharmaceuticals Holding Corp,Health Care,Biotechnology,Biotechnology,NASDAQ,$179M (Micro),"322,270"
TNYA,Tenaya Therapeutics Inc,Health Care,Biotechnology,Biotechnology,NASDAQ,$184M (Micro),"8,367,810"
TOI,Oncology Institute Inc,Health Care,Health Care Providers & Services,Health Care Facilities,NASDAQ,$272M (Micro),"1,509,950"
TOMZ,TOMI Environmental Solutions Inc,Industrials,Commercial Services & Supplies,Environmental & Facilities Services,NASDAQ,$14M (Micro),"103,140"
TOUR,Tuniu Corp,Consumer Discretionary,"Hotels, Restaurants & Leisure","Hotels, Resorts & Cruise Lines",NASDAQ,$81M (Micro),"147,070"
TOWN,TowneBank,Financials,Banks,Regional Banks,NASDAQ,$3B (Small),"466,680"
TOYO,"TOYO Co., Ltd",Information Technology,Semiconductors & Semiconductor Equipment,Semiconductors,NASDAQ,$304M (Micro),"75,610"
TPG,TPG Inc,Financials,Capital Markets,Asset Management & Custody Banks,NASDAQ,$16B (Mid),"3,883,240"
TPST,Tempest Therapeutics Inc,Health Care,Biotechnology,Biotechnology,NASDAQ,$32M (Micro),"131,470"
TRDA,Entrada Therapeutics Inc,Health Care,Biotechnology,Biotechnology,NASDAQ,$517M (Micro),"288,790"
TREE,Lendingtree Inc,Financials,Consumer Finance,Consumer Finance,NASDAQ,$562M (Micro),"708,510"
TRI,Thomson Reuters Corp,Industrials,Professional Services,Research & Consulting Services,NASDAQ,$46B (Large),"4,103,610"
TRIB,Trinity Biotech PLC,Health Care,Health Care Equipment & Supplies,Health Care Equipment,NASDAQ,$13M (Micro),"185,160"
TRIN,Trinity Capital Inc,Financials,Capital Markets,Asset Management & Custody Banks,NASDAQ,$1B (Micro),"1,572,880"
TRIP,Tripadvisor Inc,Communication Services,Interactive Media & Services,Interactive Media & Services,NASDAQ,$1B (Micro),"3,374,730"
TRMB,Trimble Inc,Information Technology,Software,Application Software,NASDAQ,$16B (Mid),"1,870,960"
TRMK,Trustmark Corp,Financials,Banks,Regional Banks,NASDAQ,$2B (Small),"521,160"
TRNR,Interactive Strength Inc,Consumer Discretionary,Leisure Products,Leisure Products,NASDAQ,$3M (Micro),"324,640"
TRNS,Transcat Inc,Industrials,Trading Companies & Distributors,Trading Companies & Distributors,NASDAQ,$694M (Micro),"135,810"
TRON,TRON Inc,Consumer Discretionary,Leisure Products,Leisure Products,NASDAQ,$381M (Micro),"632,000"
TROO,TROOPS Inc,Information Technology,"Electronic Equipment, Instruments & Components",Electronic Equipment & Instruments,NASDAQ,$352M (Micro),"208,180"
TROW,T Rowe Price Group Inc,Financials,Capital Markets,Asset Management & Custody Banks,NASDAQ,$19B (Mid),"2,123,090"
TRS,TriMas Corp,Materials,Containers & Packaging,"Metal, Glass & Plastic Containers",NASDAQ,$1B (Micro),"651,320"
TRST,TrustCo Bank Corp NY,Financials,Banks,Regional Banks,NASDAQ,$776M (Micro),"141,160"
TRUG,Trugolf Holdings Inc,Communication Services,Entertainment,Interactive Home Entertainment,NASDAQ,$4M (Micro),"50,740"
TRUP,Trupanion Inc,Financials,Insurance,Property & Casualty Insurance,NASDAQ,$1B (Micro),"435,050"
TRVI,Trevi Therapeutics Inc,Health Care,Pharmaceuticals,Pharmaceuticals,NASDAQ,$2B (Micro),"1,434,560"
TSAT,Telesat Corp,Communication Services,Diversified Telecommunication Services,Alternative Carriers,NASDAQ,$2B (Micro),"135,390"
TSCO,Tractor Supply Co,Consumer Discretionary,Specialty Retail,Other Specialty Retail,NASDAQ,$26B (Mid),"6,537,070"
TSEM,Tower Semiconductor Ltd,Information Technology,Semiconductors & Semiconductor Equipment,Semiconductors,NASDAQ,$13B (Mid),"2,067,680"
TSHA,Taysha Gene Therapies Inc,Health Care,Biotechnology,Biotechnology,NASDAQ,$1B (Micro),"2,634,340"
TSLA,Tesla Inc,Consumer Discretionary,Automobiles,Automobile Manufacturers,NASDAQ,$2T (Large),"59,357,160"
TSSI,TSS Inc,Information Technology,IT Services,IT Consulting & Other Services,NASDAQ,$344M (Micro),"1,121,440"
TTAN,ServiceTitan Inc,Information Technology,Software,Application Software,NASDAQ,$7B (Small),"1,425,590"
TTD,Trade Desk Inc,Communication Services,Media,Advertising,NASDAQ,$13B (Mid),"31,300,890"
TTEC,TTEC Holdings Inc,Industrials,Professional Services,Data Processing & Outsourced Services,NASDAQ,$130M (Micro),"1,103,460"
TTEK,Tetra Tech Inc,Industrials,Commercial Services & Supplies,Environmental & Facilities Services,NASDAQ,$9B (Mid),"2,589,240"
TTMI,TTM Technologies Inc,Information Technology,"Electronic Equipment, Instruments & Components",Electronic Manufacturing Services,NASDAQ,$10B (Mid),"2,029,070"
TTWO,Take-Two Interactive Software Inc,Communication Services,Entertainment,Interactive Home Entertainment,NASDAQ,$39B (Mid),"2,114,230"
TUSK,Mammoth Energy Services Inc,Energy,Energy Equipment & Services,Oil & Gas Equipment & Services,NASDAQ,$106M (Micro),"363,070"
TVGN,Tevogen Bio Holdings Inc,Health Care,Biotechnology,Biotechnology,NASDAQ,$30M (Micro),"50,720"
TVTX,Travere Therapeutics Inc,Health Care,Biotechnology,Biotechnology,NASDAQ,$3B (Small),"1,366,900"
TW,Tradeweb Markets Inc,Financials,Capital Markets,Financial Exchanges & Data,NASDAQ,$26B (Mid),"1,498,570"
TWAV,TaoWeave Inc,Information Technology,Software,Application Software,NASDAQ,$4M (Micro),"66,630"
TWFG,TWFG Inc,Financials,Insurance,Insurance Brokers,NASDAQ,$292M (Micro),"337,740"
TWIN,Twin Disc Inc,Industrials,Machinery,Construction Machinery & Heavy Transportation Equipment,NASDAQ,$223M (Micro),"51,820"
TWST,Twist Bioscience Corp,Health Care,Biotechnology,Biotechnology,NASDAQ,$3B (Small),"921,410"
TXG,10X Genomics Inc,Health Care,Life Sciences Tools & Services,Life Sciences Tools & Services,NASDAQ,$3B (Small),"2,423,610"
TXN,Texas Instruments Inc,Information Technology,Semiconductors & Semiconductor Equipment,Semiconductors,NASDAQ,$181B (Large),"6,987,470"
TXRH,Texas Roadhouse Inc,Consumer Discretionary,"Hotels, Restaurants & Leisure",Restaurants,NASDAQ,$11B (Mid),"904,900"
TYRA,Tyra Biosciences Inc,Health Care,Biotechnology,Biotechnology,NASDAQ,$2B (Micro),"1,540,230"
TZOO,Travelzoo,Communication Services,Interactive Media & Services,Interactive Media & Services,NASDAQ,$71M (Micro),"241,850"
UAL,United Airlines Holdings Inc,Industrials,Passenger Airlines,Passenger Airlines,NASDAQ,$29B (Mid),"10,157,120"
UBSI,United Bankshares Inc,Financials,Banks,Regional Banks,NASDAQ,$5B (Small),"1,019,520"
UCAR,U Power Ltd,Consumer Discretionary,Specialty Retail,Automotive Retail,NASDAQ,$3M (Micro),"115,680"
UCTT,Ultra Clean Holdings Inc,Information Technology,Semiconductors & Semiconductor Equipment,Semiconductor Materials & Equipment,NASDAQ,$3B (Small),"2,628,050"
UDMY,Udemy Inc,Consumer Discretionary,Diversified Consumer Services,Education Services,NASDAQ,$697M (Micro),"1,795,010"
UFCS,United Fire Group Inc,Financials,Insurance,Property & Casualty Insurance,NASDAQ,$938M (Micro),"104,100"
UFG,Uni-Fuels Holdings Ltd,Energy,"Oil, Gas & Consumable Fuels",Oil & Gas Storage & Transportation,NASDAQ,$35M (Micro),"563,020"
UFPI,UFP Industries Inc,Industrials,Building Products,Building Products,NASDAQ,$5B (Small),"316,040"
UFPT,UFP Technologies Inc,Health Care,Health Care Equipment & Supplies,Health Care Supplies,NASDAQ,$2B (Micro),"272,380"
UGRO,urban-gro Inc,Industrials,Machinery,Agricultural & Farm Machinery,NASDAQ,$2M (Micro),"59,000"
UHG,United Homes Group Inc,Consumer Discretionary,Household Durables,Homebuilding,NASDAQ,$69M (Micro),"239,360"
ULBI,Ultralife Corp,Industrials,Electrical Equipment,Electrical Components & Equipment,NASDAQ,$98M (Micro),"51,850"
ULTA,Ulta Beauty Inc,Consumer Discretionary,Specialty Retail,Other Specialty Retail,NASDAQ,$29B (Mid),"496,940"
UMBF,UMB Financial Corp,Financials,Banks,Regional Banks,NASDAQ,$9B (Mid),"594,000"
UNCY,Unicycive Therapeutics Inc,Health Care,Biotechnology,Biotechnology,NASDAQ,$151M (Micro),"537,980"
UNIT,Uniti Group Inc (Delaware),Communication Services,Diversified Telecommunication Services,Integrated Telecommunication Services,NASDAQ,$2B (Micro),"1,920,630"
UOKA,MDJM Ltd,Real Estate,Real Estate Management & Development,Real Estate Services,NASDAQ,$3M (Micro),"74,999,110"
UPB,Upstream Bio Inc,Health Care,Biotechnology,Biotechnology,NASDAQ,$506M (Micro),"1,125,500"
UPBD,Upbound Group Inc,Consumer Discretionary,Specialty Retail,Other Specialty Retail,NASDAQ,$1B (Micro),"813,740"
UPLD,Upland Software Inc,Information Technology,Software,Application Software,NASDAQ,$16M (Micro),"377,100"
UPST,Upstart Holdings Inc,Financials,Consumer Finance,Consumer Finance,NASDAQ,$3B (Small),"4,946,600"
UPWK,Upwork Inc,Industrials,Professional Services,Human Resource & Employment Services,NASDAQ,$2B (Micro),"3,334,730"
UPXI,Upexi Inc,Consumer Staples,Personal Care Products,Personal Care Products,NASDAQ,$72M (Micro),"8,842,710"
URBN,Urban Outfitters Inc,Consumer Discretionary,Specialty Retail,Apparel Retail,NASDAQ,$6B (Small),"2,290,620"
URGN,Urogen Pharma Ltd,Health Care,Biotechnology,Biotechnology,NASDAQ,$917M (Micro),"1,202,540"
USAR,USA Rare Earth Inc,Materials,Metals & Mining,Diversified Metals & Mining,NASDAQ,$5B (Small),"11,953,880"
USAU,US Gold Corp,Materials,Metals & Mining,Diversified Metals & Mining,NASDAQ,$298M (Micro),"317,730"
USEA,United Maritime Corp,Industrials,Marine Transportation,Marine Transportation,NASDAQ,$19M (Micro),"147,150"
USEG,US Energy Corp,Energy,"Oil, Gas & Consumable Fuels",Oil & Gas Exploration & Production,NASDAQ,$56M (Micro),"22,559,310"
USGO,US GoldMining Inc,Materials,Metals & Mining,Diversified Metals & Mining,NASDAQ,$180M (Micro),"158,430"
USLM,United States Lime & Minerals Inc,Materials,Construction Materials,Construction Materials,NASDAQ,$3B (Small),"99,960"
UTHR,United Therapeutics Corp,Health Care,Biotechnology,Biotechnology,NASDAQ,$24B (Mid),"683,370"
UVSP,Univest Financial Corp,Financials,Banks,Regional Banks,NASDAQ,$923M (Micro),"159,770"
VANI,Vivani Medical Inc,Health Care,Health Care Equipment & Supplies,Health Care Equipment,NASDAQ,$93M (Micro),"151,180"
VBIX,Viewbix Inc,Communication Services,Media,Advertising,NASDAQ,$19M (Micro),"149,400"
VC,Visteon Corp,Consumer Discretionary,Automobile Components,Automotive Parts & Equipment,NASDAQ,$2B (Small),"569,210"
VCEL,Vericel Corp,Health Care,Biotechnology,Biotechnology,NASDAQ,$2B (Micro),"527,960"
VCIG,VCI Global Ltd,Industrials,Professional Services,Research & Consulting Services,NASDAQ,$5M (Micro),"2,857,500"
VCTR,Victory Capital Holdings Inc,Financials,Capital Markets,Asset Management & Custody Banks,NASDAQ,$4B (Small),"1,165,020"
VCYT,Veracyte Inc,Health Care,Biotechnology,Biotechnology,NASDAQ,$3B (Small),"1,094,040"
VECO,Veeco Instruments Inc,Information Technology,Semiconductors & Semiconductor Equipment,Semiconductor Materials & Equipment,NASDAQ,$2B (Micro),"1,223,920"
VEEA,Veea Inc,Information Technology,Software,Application Software,NASDAQ,$29M (Micro),"8,385,130"
VEEE,Twin Vee PowerCats Co,Consumer Discretionary,Leisure Products,Leisure Products,NASDAQ,$3M (Micro),"5,315,140"
VELO,Velo3D Inc,Industrials,Machinery,Industrial Machinery & Supplies & Components,NASDAQ,$344M (Micro),"1,328,890"
VEON,VEON Ltd,Communication Services,Wireless Telecommunication Services,Wireless Telecommunication Services,NASDAQ,$4B (Small),"92,910"
VERA,Vera Therapeutics Inc,Health Care,Biotechnology,Biotechnology,NASDAQ,$3B (Small),"1,350,800"
VERU,Veru Inc,Health Care,Pharmaceuticals,Pharmaceuticals,NASDAQ,$41M (Micro),"57,930"
VERX,Vertex Inc,Information Technology,Software,Application Software,NASDAQ,$2B (Small),"1,865,800"
VHUB,Venhub Global Inc,Industrials,Machinery,Industrial Machinery & Supplies & Components,NASDAQ,$154M (Micro),"378,610"
VIAV,Viavi Solutions Inc,Information Technology,Communications Equipment,Communications Equipment,NASDAQ,$7B (Small),"7,172,070"
VICR,Vicor Corp,Industrials,Electrical Equipment,Electrical Components & Equipment,NASDAQ,$8B (Mid),"917,290"
VINP,Vinci Compass Investments Ltd,Financials,Capital Markets,Asset Management & Custody Banks,NASDAQ,$859M (Micro),"76,570"
VIOT,Viomi Technology Co Ltd,Consumer Discretionary,Household Durables,Household Appliances,NASDAQ,$92M (Micro),"293,420"
VIR,Vir Biotechnology Inc,Health Care,Biotechnology,Biotechnology,NASDAQ,$2B (Micro),"6,967,570"
VITL,Vital Farms Inc,Consumer Staples,Food Products,Packaged Foods & Meats,NASDAQ,$789M (Micro),"3,470,060"
VIVS,VivoSim Labs Inc,Health Care,Biotechnology,Biotechnology,NASDAQ,$5M (Micro),"88,080"
VKTX,Viking Therapeutics Inc,Health Care,Biotechnology,Biotechnology,NASDAQ,$4B (Small),"2,260,660"
VLY,Valley National Bancorp,Financials,Banks,Regional Banks,NASDAQ,$7B (Small),"8,178,020"
VMAR,Vision Marine Technologies Inc,Consumer Discretionary,Leisure Products,Leisure Products,NASDAQ,$2M (Micro),"175,630"
VMD,Viemed Healthcare Inc,Health Care,Health Care Providers & Services,Health Care Services,NASDAQ,$351M (Micro),"321,920"
VNDA,Vanda Pharmaceuticals Inc,Health Care,Biotechnology,Biotechnology,NASDAQ,$549M (Micro),"2,248,450"
VNET,VNET Group Inc,Information Technology,IT Services,Internet Services & Infrastructure,NASDAQ,$3B (Small),"7,511,260"
VNOM,Viper Energy Inc,Energy,"Oil, Gas & Consumable Fuels",Oil & Gas Exploration & Production,NASDAQ,$16B (Mid),"5,840,870"
VOD,Vodafone Group PLC,Communication Services,Wireless Telecommunication Services,Wireless Telecommunication Services,NASDAQ,$33B (Mid),"4,108,000"
VOR,Vor Biopharma Inc,Health Care,Biotechnology,Biotechnology,NASDAQ,$618M (Micro),"660,150"
VRA,Vera Bradley Inc,Consumer Discretionary,"Textiles, Apparel & Luxury Goods","Apparel, Accessories & Luxury Goods",NASDAQ,$70M (Micro),"169,950"
VRAX,Virax Biolabs Group Ltd,Health Care,Health Care Providers & Services,Health Care Distributors,NASDAQ,$2M (Micro),"219,510"
VRCA,Verrica Pharmaceuticals Inc,Health Care,Pharmaceuticals,Pharmaceuticals,NASDAQ,$100M (Micro),"126,060"
VRDN,Viridian Therapeutics Inc,Health Care,Biotechnology,Biotechnology,NASDAQ,$3B (Small),"1,272,970"
VREX,Varex Imaging Corp,Health Care,Health Care Equipment & Supplies,Health Care Equipment,NASDAQ,$473M (Micro),"312,700"
VRME,VerifyMe Inc,Information Technology,"Electronic Equipment, Instruments & Components",Electronic Equipment & Instruments,NASDAQ,$12M (Micro),"252,740"
VRNS,Varonis Systems Inc,Information Technology,Software,Systems Software,NASDAQ,$3B (Small),"2,116,440"
VRRM,Verra Mobility Corp,Industrials,Professional Services,Data Processing & Outsourced Services,NASDAQ,$2B (Small),"1,966,680"
VRSK,Verisk Analytics Inc,Industrials,Professional Services,Research & Consulting Services,NASDAQ,$28B (Mid),"2,395,640"
VRSN,"VeriSign, Inc",Information Technology,IT Services,Internet Services & Infrastructure,NASDAQ,$22B (Mid),"798,710"
VRTX,Vertex Pharmaceuticals Inc,Health Care,Biotechnology,Biotechnology,NASDAQ,$125B (Large),"1,382,370"
VSAT,Viasat Inc,Information Technology,Communications Equipment,Communications Equipment,NASDAQ,$6B (Small),"1,189,320"
VSEC,VSE Corp,Industrials,Aerospace & Defense,Aerospace & Defense,NASDAQ,$6B (Small),"580,740"
VSEE,Vsee Health Inc,Health Care,Health Care Technology,Health Care Technology,NASDAQ,$12M (Micro),"874,260"
VSME,VS Media Holdings Ltd,Communication Services,Interactive Media & Services,Interactive Media & Services,NASDAQ,$3M (Micro),"2,099,640"
VSNT,Versant Media Group Inc,Communication Services,Media,Cable & Satellite,NASDAQ,$6B (Small),"3,486,250"
VSTD,Vestand Inc,Consumer Discretionary,"Hotels, Restaurants & Leisure",Restaurants,NASDAQ,$5M (Micro),"183,980"
VSTM,Verastem Inc,Health Care,Biotechnology,Biotechnology,NASDAQ,$544M (Micro),"1,476,920"
VTGN,Vistagen Therapeutics Inc,Health Care,Biotechnology,Biotechnology,NASDAQ,$24M (Micro),"582,870"
VTRS,Viatris Inc,Health Care,Pharmaceuticals,Pharmaceuticals,NASDAQ,$16B (Mid),"12,919,790"
VTVT,vTv Therapeutics Inc,Health Care,Biotechnology,Biotechnology,NASDAQ,$138M (Micro),"62,620"
VUZI,Vuzix Corp,Information Technology,"Electronic Equipment, Instruments & Components",Electronic Equipment & Instruments,NASDAQ,$208M (Micro),"971,300"
VVOS,Vivos Therapeutics Inc,Health Care,Health Care Providers & Services,Health Care Services,NASDAQ,$13M (Micro),"86,050"
VVPR,VivoPower International PLC,Utilities,Independent Power & Renewable Electricity Producers,Renewable Electricity,NASDAQ,$33M (Micro),"507,360"
VWAV,VisionWave Holdings Inc,Industrials,Aerospace & Defense,Aerospace & Defense,NASDAQ,$145M (Micro),"305,710"
VYGR,Voyager Therapeutics Inc,Health Care,Biotechnology,Biotechnology,NASDAQ,$289M (Micro),"1,038,620"
VYNE,Vyne Therapeutics Inc,Health Care,Pharmaceuticals,Pharmaceuticals,NASDAQ,$20M (Micro),"194,640"
WABC,Westamerica Bancorp,Financials,Banks,Regional Banks,NASDAQ,$1B (Micro),"197,360"
WAFD,WaFd Inc,Financials,Banks,Regional Banks,NASDAQ,$2B (Small),"615,520"
WALD,Waldencast PLC,Consumer Staples,Personal Care Products,Personal Care Products,NASDAQ,$195M (Micro),"67,360"
WASH,Washington Trust Bancorp Inc,Financials,Banks,Regional Banks,NASDAQ,$618M (Micro),"150,070"
WATT,Energous Corp,Industrials,Electrical Equipment,Electrical Components & Equipment,NASDAQ,$29M (Micro),"218,420"
WAY,Waystar Holding Corp,Health Care,Health Care Technology,Health Care Technology,NASDAQ,$5B (Small),"2,324,180"
WB,Weibo Corp,Communication Services,Interactive Media & Services,Interactive Media & Services,NASDAQ,$2B (Small),"893,630"
WBD,Warner Bros Discovery Inc,Communication Services,Entertainment,Movies & Entertainment,NASDAQ,$69B (Large),"31,013,960"
WBTN,Webtoon Entertainment Inc,Communication Services,Interactive Media & Services,Interactive Media & Services,NASDAQ,$1B (Micro),"474,650"
WDAY,Workday Inc,Information Technology,Software,Application Software,NASDAQ,$35B (Mid),"8,034,860"
WDC,Western Digital Corp,Information Technology,"Technology Hardware, Storage & Peripherals","Technology Hardware, Storage & Peripherals",NASDAQ,$91B (Large),"9,135,250"
WDFC,WD-40 Co,Consumer Staples,Household Products,Household Products,NASDAQ,$3B (Small),"158,130"
WEN,Wendy's Co,Consumer Discretionary,"Hotels, Restaurants & Leisure",Restaurants,NASDAQ,$1B (Micro),"7,230,450"
WERN,Werner Enterprises Inc,Industrials,Ground Transportation,Cargo Ground Transportation,NASDAQ,$2B (Micro),"992,910"
WETH,Wetouch Technology Inc,Information Technology,"Electronic Equipment, Instruments & Components",Electronic Components,NASDAQ,$17M (Micro),"59,260"
WFF,WF Holding Ltd,Industrials,Machinery,Industrial Machinery & Supplies & Components,NASDAQ,$12M (Micro),"2,944,780"
WFRD,Weatherford International PLC,Energy,Energy Equipment & Services,Oil & Gas Equipment & Services,NASDAQ,$7B (Small),"1,456,660"
WGRX,Wellgistics Health Inc,Health Care,Health Care Providers & Services,Health Care Distributors,NASDAQ,$17M (Micro),"1,400,670"
WGS,GeneDx Holdings Corp,Health Care,Health Care Providers & Services,Health Care Services,NASDAQ,$2B (Small),"868,300"
WHF,WhiteHorse Finance Inc,Financials,Capital Markets,Asset Management & Custody Banks,NASDAQ,$166M (Micro),"156,940"
WHLR,Wheeler Real Estate Investment Trust Inc,Real Estate,Retail REITs,Retail REITs,NASDAQ,$2M (Micro),"561,500"
WHWK,Whitehawk Therapeutics Inc,Health Care,Biotechnology,Biotechnology,NASDAQ,$189M (Micro),"227,520"
WIMI,WiMi Hologram Cloud Inc,Communication Services,Media,Advertising,NASDAQ,$20M (Micro),"57,470"
WINA,Winmark Corp,Consumer Discretionary,Specialty Retail,Other Specialty Retail,NASDAQ,$2B (Micro),"101,380"
WING,Wingstop Inc,Consumer Discretionary,"Hotels, Restaurants & Leisure",Restaurants,NASDAQ,$6B (Small),"968,800"
WIX,Wix.Com Ltd,Information Technology,IT Services,Internet Services & Infrastructure,NASDAQ,$5B (Small),"3,949,590"
WKEY,Wisekey International Holding AG,Information Technology,Semiconductors & Semiconductor Equipment,Semiconductors,NASDAQ,$61M (Micro),"93,060"
WKSP,Worksport Ltd,Consumer Discretionary,Automobile Components,Automotive Parts & Equipment,NASDAQ,$11M (Micro),"272,500"
WLDN,Willdan Group Inc,Industrials,Professional Services,Research & Consulting Services,NASDAQ,$1B (Micro),"443,460"
WLFC,Willis Lease Finance Corp,Industrials,Trading Companies & Distributors,Trading Companies & Distributors,NASDAQ,$1B (Micro),"53,270"
WLTH,Wealthfront Corp,Financials,Capital Markets,Asset Management & Custody Banks,NASDAQ,$1B (Micro),"1,049,320"
WMG,Warner Music Group Corp,Communication Services,Entertainment,Movies & Entertainment,NASDAQ,$14B (Mid),"2,223,930"
WMT,Walmart Inc,Consumer Staples,Consumer Staples Distribution & Retail,Consumer Staples Merchandise Retail,NASDAQ,$984B (Large),"20,352,310"
WNEB,Western New England Bancorp Inc,Financials,Banks,Regional Banks,NASDAQ,$254M (Micro),"93,090"
WOOF,Petco Health and Wellness Company Inc,Consumer Discretionary,Specialty Retail,Other Specialty Retail,NASDAQ,$766M (Micro),"2,046,190"
WORX,Scworx Corp,Health Care,Health Care Technology,Health Care Technology,NASDAQ,$2M (Micro),"9,767,820"
WRAP,Wrap Technologies Inc,Information Technology,"Electronic Equipment, Instruments & Components",Electronic Equipment & Instruments,NASDAQ,$89M (Micro),"292,220"
WRD,WeRide Inc,Consumer Discretionary,Automobile Components,Automotive Parts & Equipment,NASDAQ,$2B (Small),"3,424,570"
WRLD,World Acceptance Corp,Financials,Consumer Finance,Consumer Finance,NASDAQ,$667M (Micro),"155,350"
WSBC,WesBanco Inc,Financials,Banks,Regional Banks,NASDAQ,$3B (Small),"621,200"
WSBF,Waterstone Financial Inc,Financials,Financial Services,Commercial & Residential Mortgage Finance,NASDAQ,$326M (Micro),"52,720"
WSC,WillScot Holdings Corp,Industrials,Construction & Engineering,Construction & Engineering,NASDAQ,$3B (Small),"2,496,840"
WSFS,WSFS Financial Corp,Financials,Banks,Regional Banks,NASDAQ,$3B (Small),"399,760"
WSHP,WeShop Holdings Ltd,Communication Services,Interactive Media & Services,Interactive Media & Services,NASDAQ,$399M (Micro),"62,310"
WTFC,Wintrust Financial Corp,Financials,Banks,Regional Banks,NASDAQ,$9B (Mid),"471,940"
WTW,Willis Towers Watson PLC,Financials,Insurance,Insurance Brokers,NASDAQ,$27B (Mid),"740,530"
WULF,Terawulf Inc,Information Technology,Software,Application Software,NASDAQ,$6B (Small),"29,597,660"
WVE,WAVE Life Sciences Ltd,Health Care,Pharmaceuticals,Pharmaceuticals,NASDAQ,$3B (Small),"2,492,020"
WW,WW International Inc,Consumer Discretionary,Diversified Consumer Services,Specialized Consumer Services,NASDAQ,$224M (Micro),"132,910"
WWD,Woodward Inc,Industrials,Aerospace & Defense,Aerospace & Defense,NASDAQ,$23B (Mid),"627,090"
WYFI,WhiteFiber Inc,Information Technology,IT Services,Internet Services & Infrastructure,NASDAQ,$656M (Micro),"584,600"
WYNN,Wynn Resorts Ltd,Consumer Discretionary,"Hotels, Restaurants & Leisure",Casinos & Gaming,NASDAQ,$10B (Mid),"2,360,420"
XAIR,Beyond Air Inc,Health Care,Health Care Equipment & Supplies,Health Care Equipment,NASDAQ,$8M (Micro),"192,150"
XCH,XCHG Ltd,Industrials,Electrical Equipment,Electrical Components & Equipment,NASDAQ,$93M (Micro),"107,280"
XEL,Xcel Energy Inc,Utilities,Electric Utilities,Electric Utilities,NASDAQ,$51B (Large),"4,448,050"
XENE,Xenon Pharmaceuticals Inc,Health Care,Biotechnology,Biotechnology,NASDAQ,$5B (Small),"2,428,550"
XERS,Xeris Biopharma Holdings Inc,Health Care,Pharmaceuticals,Pharmaceuticals,NASDAQ,$988M (Micro),"2,862,640"
XFOR,X4 Pharmaceuticals Inc,Health Care,Biotechnology,Biotechnology,NASDAQ,$379M (Micro),"779,350"
XLO,Xilio Therapeutics Inc,Health Care,Biotechnology,Biotechnology,NASDAQ,$36M (Micro),"428,690"
XMTR,Xometry Inc,Industrials,Trading Companies & Distributors,Trading Companies & Distributors,NASDAQ,$2B (Small),"1,305,070"
XNCR,Xencor Inc,Health Care,Biotechnology,Biotechnology,NASDAQ,$883M (Micro),"973,690"
XNET,Xunlei Ltd,Information Technology,Software,Application Software,NASDAQ,$379M (Micro),"198,930"
XOMA,Xoma Royalty Corp,Health Care,Biotechnology,Biotechnology,NASDAQ,$334M (Micro),"137,220"
XP,XP Inc,Financials,Capital Markets,Investment Banking & Brokerage,NASDAQ,$10B (Mid),"5,799,320"
XPEL,Xpel Inc,Consumer Discretionary,Automobile Components,Automotive Parts & Equipment,NASDAQ,$1B (Micro),"322,480"
XPON,Expion360 Inc,Industrials,Electrical Equipment,Electrical Components & Equipment,NASDAQ,$7M (Micro),"188,620"
XRAY,DENTSPLY SIRONA Inc,Health Care,Health Care Equipment & Supplies,Health Care Supplies,NASDAQ,$3B (Small),"6,607,410"
XRX,Xerox Holdings Corp,Information Technology,"Technology Hardware, Storage & Peripherals","Technology Hardware, Storage & Peripherals",NASDAQ,$225M (Micro),"3,813,560"
XTKG,X3 Holdings Co Ltd,Information Technology,Software,Systems Software,NASDAQ,$2M (Micro),"452,420"
XWEL,XWELL Inc,Consumer Discretionary,Diversified Consumer Services,Specialized Consumer Services,NASDAQ,$8M (Micro),"45,941,140"
XWIN,XMax Inc,Consumer Discretionary,Household Durables,Home Furnishings,NASDAQ,$321M (Micro),"713,070"
YAAS,Youxin Technology Ltd,Information Technology,IT Services,IT Consulting & Other Services,NASDAQ,$10M (Micro),"70,310"
YDDL,One and one Green Technologies.INC,Materials,Metals & Mining,Diversified Metals & Mining,NASDAQ,$437M (Micro),"94,930"
YDKG,Yueda Digital Holding,Communication Services,Media,Advertising,NASDAQ,$5M (Micro),"83,500"
YHC,LQR House Inc,Communication Services,Media,Advertising,NASDAQ,$18M (Micro),"178,320"
YMAT,J-Star Holding Co Ltd,Consumer Discretionary,Leisure Products,Leisure Products,NASDAQ,$6M (Micro),"130,490"
YMT,Yimutian Inc,Communication Services,Interactive Media & Services,Interactive Media & Services,NASDAQ,$60M (Micro),"182,410"
YORW,York Water Co,Utilities,Water Utilities,Water Utilities,NASDAQ,$449M (Micro),"91,710"
YSXT,YSX Tech Co Ltd,Consumer Discretionary,Diversified Consumer Services,Specialized Consumer Services,NASDAQ,$32M (Micro),"350,160"
YTRA,Yatra Online Inc,Consumer Discretionary,"Hotels, Restaurants & Leisure","Hotels, Resorts & Cruise Lines",NASDAQ,$66M (Micro),"73,290"
YYAI,AiRWA Inc,Consumer Discretionary,Leisure Products,Leisure Products,NASDAQ,$37M (Micro),"676,450"
YYGH,YY Group Holding Ltd,Industrials,Commercial Services & Supplies,Environmental & Facilities Services,NASDAQ,$8M (Micro),"4,780,610"
Z,Zillow Group Inc,Real Estate,Real Estate Management & Development,Real Estate Services,NASDAQ,$8B (Mid),"4,733,720"
ZBAO,Zhibao Technology Inc,Financials,Insurance,Insurance Brokers,NASDAQ,$32M (Micro),"452,640"
ZBIO,Zenas Biopharma Inc,Health Care,Biotechnology,Biotechnology,NASDAQ,$1B (Micro),"625,160"
ZBRA,Zebra Technologies Corp,Information Technology,"Electronic Equipment, Instruments & Components",Electronic Equipment & Instruments,NASDAQ,$11B (Mid),"857,140"
ZD,Ziff Davis Inc,Communication Services,Interactive Media & Services,Interactive Media & Services,NASDAQ,$2B (Micro),"2,618,540"
ZENA,ZenaTech Inc,Information Technology,Software,Application Software,NASDAQ,$110M (Micro),"1,126,810"
ZENV,Zenvia Inc,Information Technology,Software,Application Software,NASDAQ,$33M (Micro),"1,565,220"
ZEO,Zeo Energy Corp,Industrials,Electrical Equipment,Electrical Components & Equipment,NASDAQ,$53M (Micro),"214,940"
ZION,Zions Bancorporation NA,Financials,Banks,Regional Banks,NASDAQ,$8B (Mid),"1,758,060"
ZJYL,Jin Medical International Ltd,Health Care,Health Care Equipment & Supplies,Health Care Equipment,NASDAQ,$22M (Micro),"287,720"
ZLAB,Zai Lab Ltd,Health Care,Biotechnology,Biotechnology,NASDAQ,$2B (Small),"709,330"
ZM,Zoom Communications Inc,Information Technology,Software,Application Software,NASDAQ,$22B (Mid),"6,622,750"
ZNB,Zeta Network Group,Consumer Discretionary,Diversified Consumer Services,Education Services,NASDAQ,$16M (Micro),"764,040"
ZNTL,Zentalis Pharmaceuticals Inc,Health Care,Biotechnology,Biotechnology,NASDAQ,$214M (Micro),"773,070"
ZS,Zscaler Inc,Information Technology,Software,Systems Software,NASDAQ,$25B (Mid),"4,140,400"
ZSPC,"zSpace, Inc.",Consumer Discretionary,Diversified Consumer Services,Education Services,NASDAQ,$7M (Micro),"455,740"
ZUMZ,Zumiez Inc,Consumer Discretionary,Specialty Retail,Apparel Retail,NASDAQ,$393M (Micro),"152,760"
ZURA,Zura Bio Ltd,Health Care,Biotechnology,Biotechnology,NASDAQ,$603M (Micro),"774,900"
ZVRA,Zevra Therapeutics Inc,Health Care,Pharmaceuticals,Pharmaceuticals,NASDAQ,$611M (Micro),"1,666,720"
ZYME,Zymeworks Inc,Health Care,Biotechnology,Biotechnology,NASDAQ,$2B (Micro),"926,030"
A,Agilent Technologies Inc,Health Care,Life Sciences Tools & Services,Life Sciences Tools & Services,NYS,$33B (Mid),"3,267,780"
AA,Alcoa Corp,Materials,Metals & Mining,Aluminum,NYS,$18B (Mid),"7,481,680"
AAMI,Acadian Asset Management Inc,Financials,Capital Markets,Asset Management & Custody Banks,NYS,$2B (Micro),"310,780"
AAP,Advance Auto Parts Inc,Consumer Discretionary,Specialty Retail,Automotive Retail,NYS,$3B (Small),"1,629,690"
AAT,American Assets Trust Inc,Real Estate,Diversified REITs,Diversified REITs,NYS,$1B (Micro),"437,540"
AB,AllianceBernstein Holding LP,Financials,Capital Markets,Asset Management & Custody Banks,NYS,$4B (Small),"335,780"
ABBV,AbbVie Inc,Health Care,Biotechnology,Biotechnology,NYS,$403B (Large),"6,812,810"
ABCB,Ameris Bancorp,Financials,Banks,Regional Banks,NYS,$5B (Small),"666,170"
ABEV,Ambev SA,Consumer Staples,Beverages,Brewers,NYS,$47B (Large),"19,698,820"
ABG,Asbury Automotive Group Inc,Consumer Discretionary,Specialty Retail,Automotive Retail,NYS,$4B (Small),"225,010"
ABM,ABM Industries Inc,Industrials,Commercial Services & Supplies,Environmental & Facilities Services,NYS,$2B (Small),"567,400"
ABR,Arbor Realty Trust Inc,Financials,Mortgage Real Estate Investment Trusts (REITs),Mortgage REITs,NYS,$2B (Micro),"6,122,090"
ABT,Abbott Laboratories,Health Care,Health Care Equipment & Supplies,Health Care Equipment,NYS,$192B (Large),"8,806,330"
ABX,Abacus Global Management Inc,Financials,Insurance,Insurance Brokers,NYS,$987M (Micro),"587,400"
ACA,Arcosa Inc,Industrials,Construction & Engineering,Construction & Engineering,NYS,$5B (Small),"530,500"
ACEL,Accel Entertainment Inc,Consumer Discretionary,"Hotels, Restaurants & Leisure",Casinos & Gaming,NYS,$928M (Micro),"670,850"
ACH,Accendra Health Inc,Health Care,Health Care Providers & Services,Health Care Distributors,NYS,$187M (Micro),"779,990"
ACHR,Archer Aviation Inc,Industrials,Aerospace & Defense,Aerospace & Defense,NYS,$5B (Small),"33,058,060"
ACI,Albertsons Companies Inc,Consumer Staples,Consumer Staples Distribution & Retail,Food Retail,NYS,$8B (Mid),"5,779,350"
ACM,AECOM,Industrials,Construction & Engineering,Construction & Engineering,NYS,$12B (Mid),"1,139,980"
ACN,Accenture PLC,Information Technology,IT Services,IT Consulting & Other Services,NYS,$124B (Large),"7,850,020"
ACRE,Ares Commercial Real Estate Corp,Financials,Mortgage Real Estate Investment Trusts (REITs),Mortgage REITs,NYS,$279M (Micro),"431,430"
ACVA,ACV Auctions Inc,Industrials,Commercial Services & Supplies,Diversified Support Services,NYS,$870M (Micro),"3,964,600"
AD,Array Digital Infrastructure Inc,Communication Services,Wireless Telecommunication Services,Wireless Telecommunication Services,NYS,$4B (Small),"200,890"
ADC,Agree Realty Corp,Real Estate,Retail REITs,Retail REITs,NYS,$10B (Mid),"1,355,510"
ADCT,ADC Therapeutics SA,Health Care,Biotechnology,Biotechnology,NYS,$620M (Micro),"965,310"
ADM,Archer-Daniels-Midland Co,Consumer Staples,Food Products,Agricultural Products & Services,NYS,$34B (Mid),"3,398,120"
ADNT,Adient PLC,Consumer Discretionary,Automobile Components,Automotive Parts & Equipment,NYS,$2B (Micro),"816,250"
ADT,ADT Inc,Consumer Discretionary,Diversified Consumer Services,Specialized Consumer Services,NYS,$5B (Small),"11,983,730"
AEE,Ameren Corp,Utilities,Multi-Utilities,Multi-Utilities,NYS,$30B (Mid),"1,835,340"
AEG,Aegon Ltd,Financials,Insurance,Life & Health Insurance,NYS,$11B (Mid),"6,024,400"
AEM,Agnico Eagle Mines Ltd,Materials,Metals & Mining,Gold,NYS,$112B (Large),"2,594,780"
AEO,American Eagle Outfitters Inc,Consumer Discretionary,Specialty Retail,Apparel Retail,NYS,$3B (Small),"8,139,400"
AEON,Aeon Biopharma Inc,Health Care,Biotechnology,Biotechnology,NYS,$29M (Micro),"65,860"
AER,AerCap Holdings NV,Industrials,Trading Companies & Distributors,Trading Companies & Distributors,NYS,$24B (Mid),"1,875,190"
AES,AES Corp,Utilities,Independent Power & Renewable Electricity Producers,Independent Power Producers & Energy Traders,NYS,$10B (Mid),"26,042,290"
AESI,Atlas Energy Solutions Inc,Energy,Energy Equipment & Services,Oil & Gas Equipment & Services,NYS,$2B (Micro),"3,991,350"
AFG,American Financial Group Inc,Financials,Insurance,Property & Casualty Insurance,NYS,$11B (Mid),"1,027,610"
AFL,Aflac Inc,Financials,Insurance,Life & Health Insurance,NYS,$56B (Large),"2,354,230"
AGCO,AGCO Corp,Industrials,Machinery,Agricultural & Farm Machinery,NYS,$9B (Mid),"658,520"
AGIG,"Abundia Global Impact Group, Inc",Energy,"Oil, Gas & Consumable Fuels",Oil & Gas Exploration & Production,NYS,$77M (Micro),"2,623,180"
AGL,agilon health inc,Health Care,Health Care Providers & Services,Health Care Services,NYS,$264M (Micro),"6,769,810"
AGM,Federal Agricultural Mortgage Corp,Financials,Financial Services,Commercial & Residential Mortgage Finance,NYS,$1B (Micro),"102,340"
AGO,Assured Guaranty Ltd,Financials,Insurance,Property & Casualty Insurance,NYS,$4B (Small),"340,860"
AGRO,Adecoagro SA,Consumer Staples,Food Products,Packaged Foods & Meats,NYS,$1B (Micro),"1,116,920"
AGX,Argan Inc,Industrials,Construction & Engineering,Construction & Engineering,NYS,$7B (Small),"424,460"
AHR,American Healthcare REIT Inc,Real Estate,Health Care REITs,Health Care REITs,NYS,$10B (Mid),"2,860,030"
AHRT,"AH Realty Trust, Inc",Real Estate,Diversified REITs,Diversified REITs,NYS,$593M (Micro),"1,469,160"
AI,C3.ai Inc,Information Technology,Software,Application Software,NYS,$1B (Micro),"10,200,120"
AIG,American International Group Inc,Financials,Insurance,Property & Casualty Insurance,NYS,$42B (Large),"4,433,860"
AII,American Integrity Insurance Group Inc,Financials,Insurance,Property & Casualty Insurance,NYS,$372M (Micro),"207,010"
AIM,AIM ImmunoTech Inc,Health Care,Biotechnology,Biotechnology,NYS,$3M (Micro),"210,510"
AIN,Albany International Corp,Industrials,Machinery,Industrial Machinery & Supplies & Components,NYS,$2B (Micro),"363,330"
AIR,AAR Corp,Industrials,Aerospace & Defense,Aerospace & Defense,NYS,$4B (Small),"404,760"
AIT,Applied Industrial Technologies Inc,Industrials,Trading Companies & Distributors,Trading Companies & Distributors,NYS,$10B (Mid),"236,320"
AIV,Apartment Investment and Management Co,Real Estate,Residential REITs,Multi-Family Residential REITs,NYS,$614M (Micro),"8,842,120"
AIZ,Assurant Inc,Financials,Insurance,Property & Casualty Insurance,NYS,$11B (Mid),"369,480"
AJG,Arthur J. Gallagher & Co.,Financials,Insurance,Insurance Brokers,NYS,$54B (Large),"2,298,450"
AKR,Acadia Realty Trust,Real Estate,Retail REITs,Retail REITs,NYS,$3B (Small),"1,126,180"
AL,Air Lease Corp,Industrials,Trading Companies & Distributors,Trading Companies & Distributors,NYS,$7B (Small),"3,184,220"
ALB,Albemarle Corp,Materials,Chemicals,Specialty Chemicals,NYS,$20B (Mid),"2,575,170"
ALEX,Alexander & Baldwin Inc (Hawaii),Real Estate,Diversified REITs,Diversified REITs,NYS,$2B (Micro),"871,290"
ALG,Alamo Group Inc,Industrials,Machinery,Agricultural & Farm Machinery,NYS,$2B (Small),"189,460"
ALH,Alliance Laundry Holdings Inc,Industrials,Machinery,Industrial Machinery & Supplies & Components,NYS,$4B (Small),"530,620"
ALIT,Alight Inc,Industrials,Professional Services,Human Resource & Employment Services,NYS,$501M (Micro),"53,973,060"
ALK,Alaska Air Group Inc,Industrials,Passenger Airlines,Passenger Airlines,NYS,$5B (Small),"4,597,820"
ALL,Allstate Corp,Financials,Insurance,Property & Casualty Insurance,NYS,$53B (Large),"1,420,420"
ALLE,Allegion PLC,Industrials,Building Products,Building Products,NYS,$13B (Mid),"971,890"
ALSN,Allison Transmission Holdings Inc,Industrials,Machinery,Construction Machinery & Heavy Transportation Equipment,NYS,$9B (Mid),"1,140,810"
ALTG,Alta Equipment Group Inc,Industrials,Trading Companies & Distributors,Trading Companies & Distributors,NYS,$207M (Micro),"316,840"
ALV,Autoliv Inc,Consumer Discretionary,Automobile Components,Automotive Parts & Equipment,NYS,$8B (Mid),"747,890"
ALX,Alexander's Inc,Real Estate,Retail REITs,Retail REITs,NYS,$1B (Micro),"90,670"
AM,Antero Midstream Corp,Energy,"Oil, Gas & Consumable Fuels",Oil & Gas Storage & Transportation,NYS,$11B (Mid),"2,691,570"
AMBP,Ardagh Metal Packaging SA,Materials,Containers & Packaging,"Metal, Glass & Plastic Containers",NYS,$3B (Small),"3,041,910"
AMBQ,Ambiq Micro Inc,Information Technology,Semiconductors & Semiconductor Equipment,Semiconductors,NYS,$667M (Micro),"382,450"
AMC,AMC Entertainment Holdings Inc,Communication Services,Entertainment,Movies & Entertainment,NYS,$593M (Micro),"29,782,100"
AMCR,Amcor PLC,Materials,Containers & Packaging,Paper & Plastic Packaging Products & Materials,NYS,$20B (Mid),"5,176,470"
AME,AMETEK Inc,Industrials,Electrical Equipment,Electrical Components & Equipment,NYS,$51B (Large),"1,703,810"
AMG,Affiliated Managers Group Inc,Financials,Capital Markets,Asset Management & Custody Banks,NYS,$8B (Small),"380,840"
AMH,American Homes 4 Rent,Real Estate,Residential REITs,Single-Family Residential REITs,NYS,$11B (Mid),"6,124,350"
AMN,AMN Healthcare Services Inc,Health Care,Health Care Providers & Services,Health Care Services,NYS,$788M (Micro),"1,264,080"
AMP,Ameriprise Financial Inc,Financials,Capital Markets,Asset Management & Custody Banks,NYS,$41B (Mid),"614,650"
AMPX,Amprius Technologies Inc,Industrials,Electrical Equipment,Electrical Components & Equipment,NYS,$3B (Small),"13,129,520"
AMPY,Amplify Energy Corp,Energy,"Oil, Gas & Consumable Fuels",Oil & Gas Exploration & Production,NYS,$230M (Micro),"1,014,050"
AMR,Alpha Metallurgical Resources Inc,Materials,Metals & Mining,Steel,NYS,$2B (Small),"377,500"
AMRC,Ameresco Inc,Industrials,Construction & Engineering,Construction & Engineering,NYS,$1B (Micro),"527,460"
AMRZ,Amrize AG,Materials,Construction Materials,Construction Materials,NYS,$32B (Mid),"3,776,790"
AMT,American Tower Corp,Real Estate,Specialized REITs,Telecom Tower REITs,NYS,$85B (Large),"3,176,580"
AMTB,Amerant Bancorp Inc,Financials,Banks,Regional Banks,NYS,$845M (Micro),"302,850"
AMTD,AMTD IDEA Group,Financials,Capital Markets,Investment Banking & Brokerage,NYS,$45M (Micro),"69,240"
AMTM,Amentum Holdings Inc,Industrials,Professional Services,Research & Consulting Services,NYS,$7B (Small),"1,881,280"
AMWL,American Well Corp,Health Care,Health Care Technology,Health Care Technology,NYS,$96M (Micro),"84,760"
AMX,America Movil SAB de CV,Communication Services,Wireless Telecommunication Services,Wireless Telecommunication Services,NYS,$71B (Large),"3,419,140"
AMZE,Amaze Holdings Inc,Consumer Staples,Beverages,Distillers & Vintners,NYS,$11M (Micro),"899,460"
AN,AutoNation Inc,Consumer Discretionary,Specialty Retail,Automotive Retail,NYS,$7B (Small),"457,740"
ANDG,Andersen Group Inc,Industrials,Professional Services,Research & Consulting Services,NYS,$3B (Small),"150,270"
ANET,Arista Networks Inc,Information Technology,Communications Equipment,Communications Equipment,NYS,$174B (Large),"6,973,400"
ANF,Abercrombie & Fitch Co,Consumer Discretionary,Specialty Retail,Apparel Retail,NYS,$4B (Small),"1,908,650"
ANGX,Angel Studios Inc,Communication Services,Entertainment,Movies & Entertainment,NYS,$732M (Micro),"818,180"
ANRO,Alto Neuroscience Inc,Health Care,Pharmaceuticals,Pharmaceuticals,NYS,$716M (Micro),"177,340"
ANVS,Annovis Bio Inc,Health Care,Biotechnology,Biotechnology,NYS,$66M (Micro),"339,190"
AOMR,Angel Oak Mortgage REIT Inc,Financials,Mortgage Real Estate Investment Trusts (REITs),Mortgage REITs,NYS,$210M (Micro),"89,790"
AON,Aon PLC,Financials,Insurance,Insurance Brokers,NYS,$68B (Large),"1,517,460"
AORT,Artivion Inc,Health Care,Health Care Equipment & Supplies,Health Care Equipment,NYS,$2B (Micro),"465,650"
AOS,A O Smith Corp,Industrials,Building Products,Building Products,NYS,$9B (Mid),"1,383,910"
AP,Ampco-Pittsburgh Corp,Materials,Metals & Mining,Steel,NYS,$194M (Micro),"246,290"
APAM,Artisan Partners Asset Management Inc,Financials,Capital Markets,Asset Management & Custody Banks,NYS,$3B (Small),"756,730"
APD,Air Products and Chemicals Inc,Materials,Chemicals,Industrial Gases,NYS,$62B (Large),"1,585,050"
APG,APi Group Corp,Industrials,Construction & Engineering,Construction & Engineering,NYS,$18B (Mid),"2,945,720"
APH,Amphenol Corp,Information Technology,"Electronic Equipment, Instruments & Components",Electronic Components,NYS,$165B (Large),"10,258,040"
APLE,Apple Hospitality REIT Inc,Real Estate,Hotel & Resort REITs,Hotel & Resort REITs,NYS,$3B (Small),"2,515,870"
APO,Apollo Global Management Inc,Financials,Financial Services,Diversified Financial Services,NYS,$61B (Large),"6,974,550"
APTV,Aptiv PLC,Consumer Discretionary,Automobile Components,Automotive Parts & Equipment,NYS,$15B (Mid),"2,316,080"
AR,Antero Resources Corp,Energy,"Oil, Gas & Consumable Fuels",Oil & Gas Exploration & Production,NYS,$12B (Mid),"6,778,410"
ARCO,Arcos Dorados Holdings Inc,Consumer Discretionary,"Hotels, Restaurants & Leisure",Restaurants,NYS,$2B (Micro),"1,584,370"
ARDT,Ardent Health Inc,Health Care,Health Care Providers & Services,Health Care Facilities,NYS,$1B (Micro),"523,700"
ARE,Alexandria Real Estate Equities Inc,Real Estate,Health Care REITs,Health Care REITs,NYS,$9B (Mid),"2,947,410"
ARES,Ares Management Corp,Financials,Capital Markets,Asset Management & Custody Banks,NYS,$34B (Mid),"3,859,210"
ARI,Apollo Commercial Real Estate Finance Inc,Financials,Mortgage Real Estate Investment Trusts (REITs),Mortgage REITs,NYS,$1B (Micro),"1,117,990"
ARLO,Arlo Technologies Inc,Information Technology,"Electronic Equipment, Instruments & Components",Electronic Equipment & Instruments,NYS,$1B (Micro),"2,228,560"
ARMK,Aramark,Consumer Discretionary,"Hotels, Restaurants & Leisure",Restaurants,NYS,$10B (Mid),"2,094,840"
AROC,Archrock Inc,Energy,Energy Equipment & Services,Oil & Gas Equipment & Services,NYS,$6B (Small),"2,024,000"
ARR,ARMOUR Residential REIT Inc,Financials,Mortgage Real Estate Investment Trusts (REITs),Mortgage REITs,NYS,$2B (Small),"3,517,070"
ARW,Arrow Electronics Inc,Information Technology,"Electronic Equipment, Instruments & Components",Technology Distributors,NYS,$7B (Small),"553,040"
ARX,Accelerant Holdings,Financials,Insurance,Insurance Brokers,NYS,$2B (Small),"1,131,380"
AS,Amer Sports Inc,Consumer Discretionary,"Textiles, Apparel & Luxury Goods","Apparel, Accessories & Luxury Goods",NYS,$19B (Mid),"7,216,130"
ASAN,Asana Inc,Information Technology,Software,Application Software,NYS,$2B (Micro),"6,791,190"
ASB,Associated Banc-Corp,Financials,Banks,Regional Banks,NYS,$4B (Small),"2,717,530"
ASC,Ardmore Shipping Corp,Energy,"Oil, Gas & Consumable Fuels",Oil & Gas Storage & Transportation,NYS,$625M (Micro),"950,780"
ASGN,ASGN Inc,Information Technology,IT Services,IT Consulting & Other Services,NYS,$2B (Micro),"682,930"
ASH,Ashland Inc,Materials,Chemicals,Specialty Chemicals,NYS,$2B (Small),"616,680"
ASIC,Ategrity Specialty Insurance Company Holdings,Financials,Insurance,Property & Casualty Insurance,NYS,$960M (Micro),"109,560"
ASIX,AdvanSix Inc,Materials,Chemicals,Commodity Chemicals,NYS,$496M (Micro),"592,090"
ASM,Avino Silver & Gold Mines Ltd,Materials,Metals & Mining,Precious Metals & Minerals,NYS,$1B (Micro),"4,752,930"
ASR,Grupo Aeroportuario del Sureste SAB de CV,Industrials,Transportation Infrastructure,Airport Services,NYS,$10B (Mid),"75,180"
ASX,ASE Technology Holding Co Ltd,Information Technology,Semiconductors & Semiconductor Equipment,Semiconductors,NYS,$48B (Large),"8,334,730"
ATCH,Atlasclear Holdings Inc,Financials,Capital Markets,Investment Banking & Brokerage,NYS,$33M (Micro),"2,432,350"
ATEN,A10 Networks Inc,Information Technology,Software,Systems Software,NYS,$2B (Micro),"668,450"
ATHM,Autohome Inc,Communication Services,Interactive Media & Services,Interactive Media & Services,NYS,$2B (Small),"1,608,130"
ATI,ATI Inc,Industrials,Aerospace & Defense,Aerospace & Defense,NYS,$22B (Mid),"2,304,810"
ATKR,Atkore Inc,Industrials,Electrical Equipment,Electrical Components & Equipment,NYS,$2B (Micro),"284,000"
ATMU,Atmus Filtration Technologies Inc,Industrials,Machinery,Construction Machinery & Heavy Transportation Equipment,NYS,$5B (Small),"840,750"
ATNM,Actinium Pharmaceuticals Inc,Health Care,Biotechnology,Biotechnology,NYS,$37M (Micro),"102,780"
ATO,Atmos Energy Corp,Utilities,Gas Utilities,Gas Utilities,NYS,$30B (Mid),"1,389,800"
ATR,Aptargroup Inc,Materials,Containers & Packaging,"Metal, Glass & Plastic Containers",NYS,$8B (Mid),"399,570"
AU,Anglogold Ashanti PLC,Materials,Metals & Mining,Gold,NYS,$54B (Large),"2,974,920"
AUB,Atlantic Union Bankshares Corp,Financials,Banks,Regional Banks,NYS,$5B (Small),"1,083,860"
AUNA,Auna SA,Health Care,Health Care Providers & Services,Health Care Facilities,NYS,$385M (Micro),"373,880"
AUST,Austin Gold Corp,Materials,Metals & Mining,Gold,NYS,$22M (Micro),"281,010"
AVA,Avista Corp,Utilities,Multi-Utilities,Multi-Utilities,NYS,$3B (Small),"876,850"
AVAL,Grupo Aval Acciones y Valores SA,Financials,Banks,Diversified Banks,NYS,$2B (Micro),"361,400"
AVB,AvalonBay Communities Inc,Real Estate,Residential REITs,Multi-Family Residential REITs,NYS,$24B (Mid),"1,063,490"
AVBC,Avidia Bancorp Inc,Financials,Banks,Regional Banks,NYS,$383M (Micro),"70,280"
AVD,American Vanguard Corp,Materials,Chemicals,Fertilizers & Agricultural Chemicals,NYS,$120M (Micro),"245,420"
AVNS,Avanos Medical Inc,Health Care,Health Care Equipment & Supplies,Health Care Supplies,NYS,$623M (Micro),"702,690"
AVNT,Avient Corp,Materials,Chemicals,Specialty Chemicals,NYS,$3B (Small),"718,910"
AVTR,Avantor Inc,Health Care,Life Sciences Tools & Services,Life Sciences Tools & Services,NYS,$6B (Small),"10,187,890"
AVY,Avery Dennison Corp,Materials,Containers & Packaging,Paper & Plastic Packaging Products & Materials,NYS,$13B (Mid),"647,940"
AWI,Armstrong World Industries Inc,Industrials,Building Products,Building Products,NYS,$7B (Small),"831,940"
AWK,American Water Works Co Inc,Utilities,Water Utilities,Water Utilities,NYS,$26B (Mid),"1,892,480"
AWR,American States Water Co,Utilities,Water Utilities,Water Utilities,NYS,$3B (Small),"243,980"
AX,Axos Financial Inc,Financials,Banks,Regional Banks,NYS,$5B (Small),"352,510"
AXIA,Centrais Eletricas Brasileiras SA - Eletrobras,Utilities,Electric Utilities,Electric Utilities,NYS,$23B (Mid),"2,911,280"
AXP,American Express Co,Financials,Consumer Finance,Consumer Finance,NYS,$210B (Large),"5,117,400"
AXS,AXIS Capital Holdings Ltd,Financials,Insurance,Property & Casualty Insurance,NYS,$7B (Small),"571,800"
AXTA,Axalta Coating Systems Ltd,Materials,Chemicals,Specialty Chemicals,NYS,$6B (Small),"3,312,370"
AYI,Acuity Inc,Industrials,Electrical Equipment,Electrical Components & Equipment,NYS,$8B (Mid),"538,690"
AZN,AstraZeneca PLC,Health Care,Pharmaceuticals,Pharmaceuticals,NYS,$300B (Large),"2,070,050"
AZO,Autozone Inc,Consumer Discretionary,Specialty Retail,Automotive Retail,NYS,$61B (Large),"176,790"
AZTR,Azitra Inc,Health Care,Biotechnology,Biotechnology,NYS,$3M (Micro),"1,602,350"
AZZ,AZZ Inc,Industrials,Building Products,Building Products,NYS,$4B (Small),"192,020"
B,Barrick Mining Corp,Materials,Metals & Mining,Gold,NYS,$78B (Large),"13,851,730"
BA,Boeing Co,Industrials,Aerospace & Defense,Aerospace & Defense,NYS,$168B (Large),"6,689,270"
BABA,Alibaba Group Holding Ltd,Consumer Discretionary,Broadline Retail,Broadline Retail,NYS,$325B (Large),"12,295,570"
BAC,Bank of America Corp,Financials,Banks,Diversified Banks,NYS,$348B (Large),"49,668,270"
BAH,Booz Allen Hamilton Holding Corp,Industrials,Professional Services,Research & Consulting Services,NYS,$9B (Mid),"2,928,820"
BAK,Braskem SA,Materials,Chemicals,Commodity Chemicals,NYS,$820M (Micro),"4,050,480"
BALL,Ball Corp,Materials,Containers & Packaging,"Metal, Glass & Plastic Containers",NYS,$16B (Mid),"1,874,820"
BALY,Bally's Corp,Consumer Discretionary,"Hotels, Restaurants & Leisure",Casinos & Gaming,NYS,$655M (Micro),"108,430"
BAM,BROOKFIELD ASSET MANAGEMENT LTD,Financials,Capital Markets,Asset Management & Custody Banks,NYS,$73B (Large),"4,448,140"
BANC,Banc of California Inc,Financials,Banks,Regional Banks,NYS,$3B (Small),"3,104,160"
BAP,Credicorp Ltd,Financials,Banks,Diversified Banks,NYS,$27B (Mid),"476,630"
BARK,Bark Inc,Consumer Discretionary,Specialty Retail,Other Specialty Retail,NYS,$140M (Micro),"611,770"
BATL,Battalion Oil Corp,Energy,"Oil, Gas & Consumable Fuels",Oil & Gas Exploration & Production,NYS,$355M (Micro),"37,032,090"
BAX,Baxter International Inc,Health Care,Health Care Equipment & Supplies,Health Care Equipment,NYS,$9B (Mid),"11,709,860"
BBAI,BigBear.ai Holdings Inc,Information Technology,IT Services,IT Consulting & Other Services,NYS,$2B (Micro),"42,482,580"
BBAR,Banco BBVA Argentina SA,Financials,Banks,Diversified Banks,NYS,$3B (Small),"814,620"
BBBY,Bed Bath & Beyond Inc,Consumer Discretionary,Specialty Retail,Homefurnishing Retail,NYS,$336M (Micro),"1,719,840"
BBDC,Barings BDC Inc,Financials,Capital Markets,Asset Management & Custody Banks,NYS,$852M (Micro),"999,280"
BBT,Beacon Financial Corp,Financials,Banks,Regional Banks,NYS,$2B (Small),"941,750"
BBVA,Banco Bilbao Vizcaya Argentaria SA,Financials,Banks,Diversified Banks,NYS,$125B (Large),"2,364,680"
BBW,Build-A-Bear Workshop Inc,Consumer Discretionary,Specialty Retail,Other Specialty Retail,NYS,$563M (Micro),"444,340"
BBWI,Bath & Body Works Inc,Consumer Discretionary,Specialty Retail,Other Specialty Retail,NYS,$4B (Small),"6,108,990"
BBY,Best Buy Co Inc,Consumer Discretionary,Specialty Retail,Computer & Electronics Retail,NYS,$13B (Mid),"6,522,500"
BC,Brunswick Corp,Consumer Discretionary,Leisure Products,Leisure Products,NYS,$5B (Small),"1,359,450"
BCC,Boise Cascade Co,Industrials,Trading Companies & Distributors,Trading Companies & Distributors,NYS,$3B (Small),"504,480"
BCE,BCE Inc,Communication Services,Diversified Telecommunication Services,Integrated Telecommunication Services,NYS,$24B (Mid),"3,609,120"
BCH,Banco de Chile,Financials,Banks,Diversified Banks,NYS,$20B (Mid),"374,160"
BCHT,Birchtech Corp,Industrials,Commercial Services & Supplies,Environmental & Facilities Services,NYS,$60M (Micro),"268,680"
BCO,Brinks Co,Industrials,Commercial Services & Supplies,Security & Alarm Services,NYS,$5B (Small),"981,220"
BCS,Barclays PLC,Financials,Banks,Diversified Banks,NYS,$77B (Large),"10,524,680"
BCSF,Bain Capital Specialty Finance Inc,Financials,Capital Markets,Asset Management & Custody Banks,NYS,$813M (Micro),"690,920"
BDC,Belden Inc,Information Technology,"Electronic Equipment, Instruments & Components",Electronic Components,NYS,$5B (Small),"418,590"
BDN,Brandywine Realty Trust,Real Estate,Office REITs,Office REITs,NYS,$519M (Micro),"2,934,340"
BDX,Becton Dickinson and Co,Health Care,Health Care Equipment & Supplies,Health Care Equipment,NYS,$46B (Large),"2,777,090"
BE,Bloom Energy Corp,Industrials,Electrical Equipment,Heavy Electrical Equipment,NYS,$45B (Large),"11,051,680"
BEKE,Ke Holdings Inc,Real Estate,Real Estate Management & Development,Real Estate Services,NYS,$20B (Mid),"4,586,670"
BEN,Franklin Resources Inc,Financials,Capital Markets,Asset Management & Custody Banks,NYS,$13B (Mid),"5,398,900"
BEPC,Brookfield Renewable Corp,Utilities,Independent Power & Renewable Electricity Producers,Renewable Electricity,NYS,$7B (Small),"1,238,550"
BESS,Bimergen Energy Corp,Industrials,Electrical Equipment,Heavy Electrical Equipment,NYS,$20M (Micro),"163,120"
BETA,BETA Technologies Inc,Industrials,Aerospace & Defense,Aerospace & Defense,NYS,$4B (Small),"1,177,610"
BF/B,Brown-Forman Corp,Consumer Staples,Beverages,Distillers & Vintners,NYS,$7B (Small),"8,909,640"
BFAM,Bright Horizons Family Solutions Inc,Consumer Discretionary,Diversified Consumer Services,Education Services,NYS,$4B (Small),"974,520"
BFH,Bread Financial Holdings Inc,Financials,Consumer Finance,Consumer Finance,NYS,$3B (Small),"713,280"
BFS,Saul Centers Inc,Real Estate,Retail REITs,Retail REITs,NYS,$821M (Micro),"87,060"
BG,Bunge Global SA,Consumer Staples,Food Products,Agricultural Products & Services,NYS,$24B (Mid),"1,791,840"
BGS,B&G Foods Inc,Consumer Staples,Food Products,Packaged Foods & Meats,NYS,$429M (Micro),"3,124,860"
BHB,Bar Harbor Bankshares,Financials,Banks,Regional Banks,NYS,$519M (Micro),"137,320"
BHC,Bausch Health Companies Inc,Health Care,Pharmaceuticals,Pharmaceuticals,NYS,$2B (Micro),"3,003,660"
BHE,Benchmark Electronics Inc,Information Technology,"Electronic Equipment, Instruments & Components",Electronic Manufacturing Services,NYS,$2B (Micro),"328,940"
BHP,BHP Group Ltd,Materials,Metals & Mining,Diversified Metals & Mining,NYS,$186B (Large),"4,585,070"
BHR,Braemar Hotels & Resorts Inc,Real Estate,Hotel & Resort REITs,Hotel & Resort REITs,NYS,$175M (Micro),"534,210"
BHVN,Biohaven Ltd,Health Care,Biotechnology,Biotechnology,NYS,$2B (Micro),"2,658,210"
BILL,BILL Holdings Inc,Information Technology,Software,Application Software,NYS,$4B (Small),"1,845,270"
BIO,Bio Rad Laboratories Inc,Health Care,Life Sciences Tools & Services,Life Sciences Tools & Services,NYS,$6B (Small),"281,960"
BIP,Brookfield Infrastructure Partners LP,Utilities,Multi-Utilities,Multi-Utilities,NYS,$25B (Mid),"1,034,120"
BIPC,Brookfield Infrastructure Corp,Utilities,Gas Utilities,Gas Utilities,NYS,$6B (Small),"694,320"
BIRK,Birkenstock Holding PLC,Consumer Discretionary,"Textiles, Apparel & Luxury Goods",Footwear,NYS,$7B (Small),"2,420,640"
BJ,BJ's Wholesale Club Holdings Inc,Consumer Staples,Consumer Staples Distribution & Retail,Consumer Staples Merchandise Retail,NYS,$12B (Mid),"2,054,940"
BK,Bank of New York Mellon Corp,Financials,Capital Markets,Asset Management & Custody Banks,NYS,$81B (Large),"3,338,860"
BKD,Brookdale Senior Living Inc,Health Care,Health Care Providers & Services,Health Care Facilities,NYS,$3B (Small),"4,219,170"
BKE,Buckle Inc,Consumer Discretionary,Specialty Retail,Apparel Retail,NYS,$3B (Small),"364,300"
BKH,Black Hills Corp,Utilities,Multi-Utilities,Multi-Utilities,NYS,$5B (Small),"834,950"
BKKT,Bakkt Holdings Inc,Financials,Capital Markets,Financial Exchanges & Data,NYS,$284M (Micro),"1,629,860"
BKSY,Blacksky Technology Inc,Industrials,Professional Services,Research & Consulting Services,NYS,$849M (Micro),"1,534,020"
BKU,BankUnited Inc,Financials,Banks,Regional Banks,NYS,$3B (Small),"984,340"
BKV,BKV Corp,Energy,"Oil, Gas & Consumable Fuels",Oil & Gas Exploration & Production,NYS,$3B (Small),"870,770"
BLCO,Bausch + Lomb Corp,Health Care,Health Care Equipment & Supplies,Health Care Supplies,NYS,$6B (Small),"403,260"
BLD,TopBuild Corp,Consumer Discretionary,Household Durables,Homebuilding,NYS,$11B (Mid),"434,250"
BLDR,Builders FirstSource Inc,Industrials,Building Products,Building Products,NYS,$10B (Mid),"2,857,940"
BLK,BlackRock Inc,Financials,Capital Markets,Asset Management & Custody Banks,NYS,$148B (Large),"1,038,920"
BLND,Blend Labs Inc,Information Technology,Software,Application Software,NYS,$466M (Micro),"3,001,900"
BLSH,Bullish,Financials,Capital Markets,Financial Exchanges & Data,NYS,$6B (Small),"1,367,790"
BLX,Foreign Trade Bank of Latin America Inc,Financials,Financial Services,Specialized Finance,NYS,$1B (Micro),"156,170"
BMA,Banco Macro SA,Financials,Banks,Diversified Banks,NYS,$5B (Small),"480,070"
BMI,Badger Meter Inc,Information Technology,"Electronic Equipment, Instruments & Components",Electronic Equipment & Instruments,NYS,$4B (Small),"364,920"
BMNR,Bitmine Immersion Technologies Inc,Information Technology,Software,Application Software,NYS,$10B (Mid),"45,744,090"
BMO,Bank of Montreal,Financials,Banks,Diversified Banks,NYS,$100B (Large),"920,770"
BMY,Bristol-Myers Squibb Co,Health Care,Pharmaceuticals,Pharmaceuticals,NYS,$122B (Large),"13,686,580"
BN,Brookfield Corp,Financials,Capital Markets,Asset Management & Custody Banks,NYS,$99B (Large),"6,847,350"
BNED,Barnes & Noble Education Inc,Consumer Discretionary,Specialty Retail,Other Specialty Retail,NYS,$287M (Micro),"255,400"
BNL,Broadstone Net Lease Inc,Real Estate,Diversified REITs,Diversified REITs,NYS,$4B (Small),"1,831,080"
BNS,Bank of Nova Scotia,Financials,Banks,Diversified Banks,NYS,$88B (Large),"2,260,430"
BOC,Boston Omaha Corp,Communication Services,Media,Advertising,NYS,$388M (Micro),"129,740"
BOH,Bank of Hawaii Corp,Financials,Banks,Regional Banks,NYS,$3B (Small),"544,980"
BOOT,Boot Barn Holdings Inc,Consumer Discretionary,Specialty Retail,Apparel Retail,NYS,$5B (Small),"530,630"
BORR,Borr Drilling Ltd,Energy,Energy Equipment & Services,Oil & Gas Drilling,NYS,$2B (Micro),"6,341,330"
BOW,Bowhead Specialty Holdings Inc,Financials,Insurance,Property & Casualty Insurance,NYS,$732M (Micro),"237,520"
BOX,Box Inc,Information Technology,Software,Application Software,NYS,$3B (Small),"3,243,280"
BP,BP PLC,Energy,"Oil, Gas & Consumable Fuels",Integrated Oil & Gas,NYS,$109B (Large),"13,982,520"
BQ,Boqii Holding Ltd,Consumer Discretionary,Specialty Retail,Other Specialty Retail,NYS,$5M (Micro),"124,570"
BR,Broadridge Financial Solutions Inc,Industrials,Professional Services,Data Processing & Outsourced Services,NYS,$21B (Mid),"1,419,560"
BRBR,Bellring Brands Inc,Consumer Staples,Personal Care Products,Personal Care Products,NYS,$2B (Micro),"3,027,220"
BRC,Brady Corp,Industrials,Commercial Services & Supplies,Commercial Printing,NYS,$4B (Small),"232,110"
BRCC,BRC Inc,Consumer Staples,Food Products,Packaged Foods & Meats,NYS,$233M (Micro),"1,490,920"
BRN,Barnwell Industries Inc,Energy,"Oil, Gas & Consumable Fuels",Oil & Gas Exploration & Production,NYS,$14M (Micro),"708,360"
BRO,Brown & Brown Inc,Financials,Insurance,Insurance Brokers,NYS,$23B (Mid),"2,946,460"
BROS,Dutch Bros Inc,Consumer Discretionary,"Hotels, Restaurants & Leisure",Restaurants,NYS,$8B (Mid),"4,450,410"
BRSL,Brightstar Lottery PLC,Consumer Discretionary,"Hotels, Restaurants & Leisure",Casinos & Gaming,NYS,$2B (Small),"1,799,420"
BRSP,Brightspire Capital Inc,Financials,Mortgage Real Estate Investment Trusts (REITs),Mortgage REITs,NYS,$732M (Micro),"905,770"
BRX,Brixmor Property Group Inc,Real Estate,Retail REITs,Retail REITs,NYS,$9B (Mid),"3,376,530"
BSAC,Banco Santander Chile,Financials,Banks,Diversified Banks,NYS,$15B (Mid),"491,780"
BSBR,Banco Santander Brasil SA,Financials,Banks,Diversified Banks,NYS,$23B (Mid),"1,082,480"
BSM,Black Stone Minerals LP,Energy,"Oil, Gas & Consumable Fuels",Oil & Gas Exploration & Production,NYS,$3B (Small),"547,900"
BSX,Boston Scientific Corp,Health Care,Health Care Equipment & Supplies,Health Care Equipment,NYS,$103B (Large),"14,221,490"
BTGO,BitGo Holdings Inc,Financials,Capital Markets,Investment Banking & Brokerage,NYS,$1B (Micro),"508,210"
BTI,British American Tobacco plc,Consumer Staples,Tobacco,Tobacco,NYS,$129B (Large),"5,517,380"
BTU,Peabody Energy Corp,Energy,"Oil, Gas & Consumable Fuels",Coal & Consumable Fuels,NYS,$4B (Small),"3,124,360"
BUD,Anheuser-Busch Inbev SA,Consumer Staples,Beverages,Brewers,NYS,$126B (Large),"2,220,330"
BURL,Burlington Stores Inc,Consumer Discretionary,Specialty Retail,Apparel Retail,NYS,$19B (Mid),"1,116,290"
BURU,NUBURU Inc,Industrials,Machinery,Industrial Machinery & Supplies & Components,NYS,$26M (Micro),"34,161,030"
BV,Brightview Holdings Inc,Industrials,Commercial Services & Supplies,Environmental & Facilities Services,NYS,$1B (Micro),"700,630"
BVN,Compania de Minas Buenaventura SAA,Materials,Metals & Mining,Diversified Metals & Mining,NYS,$11B (Mid),"1,901,030"
BW,Babcock & Wilcox Enterprises Inc,Industrials,Electrical Equipment,Heavy Electrical Equipment,NYS,$2B (Micro),"5,890,100"
BWA,Borgwarner Inc,Consumer Discretionary,Automobile Components,Automotive Parts & Equipment,NYS,$11B (Mid),"3,023,400"
BWMX,Betterware de Mexico SAPI de CV,Consumer Discretionary,Specialty Retail,Home Improvement Retail,NYS,$645M (Micro),"150,740"
BWXT,BWX Technologies Inc,Industrials,Aerospace & Defense,Aerospace & Defense,NYS,$18B (Mid),"987,310"
BX,Blackstone Inc,Financials,Capital Markets,Asset Management & Custody Banks,NYS,$127B (Large),"9,726,700"
BXC,Bluelinx Holdings Inc,Industrials,Trading Companies & Distributors,Trading Companies & Distributors,NYS,$431M (Micro),"89,560"
BXMT,Blackstone Mortgage Trust Inc,Financials,Mortgage Real Estate Investment Trusts (REITs),Mortgage REITs,NYS,$3B (Small),"1,062,120"
BXP,BXP Inc,Real Estate,Office REITs,Office REITs,NYS,$8B (Mid),"4,494,390"
BXSL,Blackstone Secured Lending Fund,Financials,Capital Markets,Asset Management & Custody Banks,NYS,$6B (Small),"2,995,520"
BY,Byline Bancorp Inc,Financials,Banks,Regional Banks,NYS,$1B (Micro),"176,100"
BYD,Boyd Gaming Corp,Consumer Discretionary,"Hotels, Restaurants & Leisure",Casinos & Gaming,NYS,$6B (Small),"1,095,410"
BZH,Beazer Homes USA Inc,Consumer Discretionary,Household Durables,Homebuilding,NYS,$641M (Micro),"411,730"
C,Citigroup Inc,Financials,Banks,Diversified Banks,NYS,$191B (Large),"17,386,140"
CAAP,Corporacion America Airports SA,Industrials,Transportation Infrastructure,Airport Services,NYS,$4B (Small),"294,770"
CABO,Cable One Inc,Communication Services,Media,Cable & Satellite,NYS,$649M (Micro),"185,910"
CACI,CACI International Inc,Industrials,Professional Services,Research & Consulting Services,NYS,$13B (Mid),"270,070"
CAE,CAE Inc,Industrials,Aerospace & Defense,Aerospace & Defense,NYS,$9B (Mid),"729,240"
CAG,Conagra Brands Inc,Consumer Staples,Food Products,Packaged Foods & Meats,NYS,$8B (Mid),"11,091,550"
CAH,Cardinal Health Inc,Health Care,Health Care Providers & Services,Health Care Distributors,NYS,$51B (Large),"1,902,530"
CAL,Caleres Inc,Consumer Discretionary,Specialty Retail,Apparel Retail,NYS,$333M (Micro),"614,110"
CALX,Calix Inc,Information Technology,Communications Equipment,Communications Equipment,NYS,$3B (Small),"783,570"
CALY,Callaway Golf Co,Consumer Discretionary,Leisure Products,Leisure Products,NYS,$3B (Small),"2,683,380"
CANG,Cango Inc,Consumer Discretionary,Specialty Retail,Automotive Retail,NYS,$227M (Micro),"874,470"
CAPL,Crossamerica Partners LP,Energy,"Oil, Gas & Consumable Fuels",Oil & Gas Storage & Transportation,NYS,$834M (Micro),"126,580"
CARR,Carrier Global Corp,Industrials,Building Products,Building Products,NYS,$49B (Large),"6,094,390"
CARS,Cars.com Inc,Communication Services,Interactive Media & Services,Interactive Media & Services,NYS,$447M (Micro),"2,168,590"
CAT,Caterpillar Inc,Industrials,Machinery,Construction Machinery & Heavy Transportation Equipment,NYS,$329B (Large),"3,198,650"
CATX,Perspective Therapeutics Inc,Health Care,Biotechnology,Biotechnology,NYS,$595M (Micro),"1,473,600"
CAVA,CAVA Group Inc,Consumer Discretionary,"Hotels, Restaurants & Leisure",Restaurants,NYS,$9B (Mid),"5,194,670"
CB,Chubb Ltd,Financials,Insurance,Property & Casualty Insurance,NYS,$126B (Large),"1,822,640"
CBAN,Colony Bankcorp Inc,Financials,Banks,Regional Banks,NYS,$413M (Micro),"209,960"
CBL,CBL & Associates Properties Inc,Real Estate,Retail REITs,Retail REITs,NYS,$1B (Micro),"134,010"
CBRE,CBRE Group Inc,Real Estate,Real Estate Management & Development,Real Estate Services,NYS,$39B (Mid),"2,325,070"
CBT,Cabot Corp,Materials,Chemicals,Commodity Chemicals,NYS,$4B (Small),"425,050"
CBU,Community Financial System Inc,Financials,Banks,Regional Banks,NYS,$3B (Small),"224,140"
CBZ,CBIZ Inc,Industrials,Professional Services,Research & Consulting Services,NYS,$1B (Micro),"2,220,050"
CC,Chemours Co,Materials,Chemicals,Diversified Chemicals,NYS,$3B (Small),"3,532,040"
CCI,Crown Castle Inc,Real Estate,Specialized REITs,Telecom Tower REITs,NYS,$38B (Mid),"3,355,030"
CCJ,Cameco Corp,Energy,"Oil, Gas & Consumable Fuels",Coal & Consumable Fuels,NYS,$50B (Large),"3,857,080"
CCK,Crown Holdings Inc,Materials,Containers & Packaging,"Metal, Glass & Plastic Containers",NYS,$12B (Mid),"1,132,480"
CCL,Carnival Corp,Consumer Discretionary,"Hotels, Restaurants & Leisure","Hotels, Resorts & Cruise Lines",NYS,$32B (Mid),"30,206,600"
CCO,Clear Channel Outdoor Holdings Inc,Communication Services,Media,Advertising,NYS,$1B (Micro),"8,627,540"
CCS,Century Communities Inc,Consumer Discretionary,Household Durables,Homebuilding,NYS,$2B (Micro),"238,870"
CCU,Compania Cervecerias Unidas SA,Consumer Staples,Beverages,Brewers,NYS,$2B (Small),"323,540"
CDE,"Coeur Mining, Inc",Materials,Metals & Mining,Gold,NYS,$14B (Mid),"19,746,670"
CDP,COPT Defense Properties,Real Estate,Office REITs,Office REITs,NYS,$4B (Small),"1,054,220"
CDRE,Cadre Holdings Inc,Industrials,Aerospace & Defense,Aerospace & Defense,NYS,$2B (Micro),"317,430"
CE,Celanese Corp,Materials,Chemicals,Specialty Chemicals,NYS,$6B (Small),"2,919,300"
CEPU,Central Puerto SA,Utilities,Independent Power & Renewable Electricity Producers,Independent Power Producers & Energy Traders,NYS,$2B (Small),"339,260"
CF,CF Industries Holdings Inc,Materials,Chemicals,Fertilizers & Agricultural Chemicals,NYS,$18B (Mid),"5,610,030"
CFG,Citizens Financial Group Inc,Financials,Banks,Regional Banks,NYS,$25B (Mid),"6,265,320"
CFR,Cullen/Frost Bankers Inc,Financials,Banks,Regional Banks,NYS,$8B (Mid),"720,970"
CHCT,Community Healthcare Trust Inc,Real Estate,Health Care REITs,Health Care REITs,NYS,$466M (Micro),"389,020"
CHD,Church & Dwight Co Inc,Consumer Staples,Household Products,Household Products,NYS,$24B (Mid),"1,898,850"
CHE,Chemed Corp,Health Care,Health Care Providers & Services,Health Care Services,NYS,$6B (Small),"347,660"
CHGG,Chegg Inc,Consumer Discretionary,Diversified Consumer Services,Education Services,NYS,$66M (Micro),"682,070"
CHH,Choice Hotels International Inc,Consumer Discretionary,"Hotels, Restaurants & Leisure","Hotels, Resorts & Cruise Lines",NYS,$5B (Small),"603,740"
CHMI,Cherry Hill Mortgage Investment Corp,Financials,Mortgage Real Estate Investment Trusts (REITs),Mortgage REITs,NYS,$98M (Micro),"175,660"
CHOW,ChowChow Cloud International Holdings Ltd,Information Technology,IT Services,IT Consulting & Other Services,NYS,$18M (Micro),"461,230"
CHPT,ChargePoint Holdings Inc,Industrials,Electrical Equipment,Electrical Components & Equipment,NYS,$131M (Micro),"498,940"
CHT,Chunghwa Telecom Co Ltd,Communication Services,Diversified Telecommunication Services,Integrated Telecommunication Services,NYS,$33B (Mid),"181,700"
CHWY,Chewy Inc,Consumer Discretionary,Specialty Retail,Other Specialty Retail,NYS,$11B (Mid),"9,408,790"
CI,Cigna Group,Health Care,Health Care Providers & Services,Health Care Services,NYS,$69B (Large),"1,802,230"
CIA,Citizens Inc,Financials,Insurance,Life & Health Insurance,NYS,$257M (Micro),"178,670"
CIB,Grupo Cibest SA,Financials,Banks,Diversified Banks,NYS,$8B (Mid),"711,880"
CIEN,Ciena Corp,Information Technology,Communications Equipment,Communications Equipment,NYS,$48B (Large),"3,416,160"
CIG,Energy of Minas Gerais Co,Utilities,Electric Utilities,Electric Utilities,NYS,$4B (Small),"6,209,580"
CIM,Chimera Investment Corp,Financials,Mortgage Real Estate Investment Trusts (REITs),Mortgage REITs,NYS,$1B (Micro),"751,260"
CINT,Ci&T Inc,Information Technology,IT Services,IT Consulting & Other Services,NYS,$721M (Micro),"67,090"
CION,Cion Investment Corp,Financials,Capital Markets,Asset Management & Custody Banks,NYS,$397M (Micro),"566,270"
CITR,CitroTech Inc,Industrials,Commercial Services & Supplies,Office Services & Supplies,NYS,$160M (Micro),"51,760"
CL,Colgate-Palmolive Co,Consumer Staples,Household Products,Household Products,NYS,$72B (Large),"6,437,000"
CLB,Core Laboratories Inc,Energy,Energy Equipment & Services,Oil & Gas Equipment & Services,NYS,$765M (Micro),"392,370"
CLDI,Calidi Biotherapeutics Inc,Health Care,Biotechnology,Biotechnology,NYS,$2M (Micro),"634,800"
CLDT,Chatham Lodging Trust,Real Estate,Hotel & Resort REITs,Hotel & Resort REITs,NYS,$370M (Micro),"414,250"
CLF,Cleveland-Cliffs Inc,Materials,Metals & Mining,Steel,NYS,$5B (Small),"15,876,100"
CLH,Clean Harbors Inc,Industrials,Commercial Services & Supplies,Environmental & Facilities Services,NYS,$15B (Mid),"550,590"
CLS,Celestica Inc,Information Technology,"Electronic Equipment, Instruments & Components",Electronic Manufacturing Services,NYS,$31B (Mid),"2,202,310"
CLVT,Clarivate PLC,Industrials,Professional Services,Research & Consulting Services,NYS,$2B (Micro),"8,563,670"
CLW,Clearwater Paper Corp,Materials,Paper & Forest Products,Paper Products,NYS,$224M (Micro),"218,850"
CLX,Clorox Co,Consumer Staples,Household Products,Household Products,NYS,$14B (Mid),"2,142,090"
CM,Canadian Imperial Bank of Commerce,Financials,Banks,Diversified Banks,NYS,$92B (Large),"1,302,020"
CMC,Commercial Metals Co,Materials,Metals & Mining,Steel,NYS,$7B (Small),"1,207,370"
CMCL,Caledonia Mining Corporation PLC,Materials,Metals & Mining,Gold,NYS,$507M (Micro),"247,420"
CMDB,Costamare Bulkers Holdings Ltd,Industrials,Marine Transportation,Marine Transportation,NYS,$403M (Micro),"55,420"
CMG,Chipotle Mexican Grill Inc,Consumer Discretionary,"Hotels, Restaurants & Leisure",Restaurants,NYS,$44B (Large),"15,147,790"
CMI,Cummins Inc,Industrials,Machinery,Construction Machinery & Heavy Transportation Equipment,NYS,$77B (Large),"1,035,050"
CMP,Compass Minerals International Inc,Materials,Metals & Mining,Diversified Metals & Mining,NYS,$962M (Micro),"447,950"
CMRE,Costamare Inc,Industrials,Marine Transportation,Marine Transportation,NYS,$2B (Micro),"470,810"
CMS,CMS Energy Corp,Utilities,Multi-Utilities,Multi-Utilities,NYS,$23B (Mid),"3,156,160"
CMTG,Claros Mortgage Trust Inc,Financials,Mortgage Real Estate Investment Trusts (REITs),Mortgage REITs,NYS,$337M (Micro),"957,840"
CNA,CNA Financial Corp,Financials,Insurance,Property & Casualty Insurance,NYS,$13B (Mid),"547,840"
CNC,Centene Corp,Health Care,Health Care Providers & Services,Managed Health Care,NYS,$18B (Mid),"5,588,460"
CNH,CNH Industrial NV,Industrials,Machinery,Agricultural & Farm Machinery,NYS,$14B (Mid),"12,360,240"
CNI,Canadian National Railway Co,Industrials,Ground Transportation,Rail Transportation,NYS,$65B (Large),"2,015,170"
CNK,Cinemark Holdings Inc,Communication Services,Entertainment,Movies & Entertainment,NYS,$3B (Small),"2,874,150"
CNM,Core & Main Inc,Industrials,Trading Companies & Distributors,Trading Companies & Distributors,NYS,$10B (Mid),"2,243,280"
CNMD,Conmed Corp,Health Care,Health Care Equipment & Supplies,Health Care Equipment,NYS,$1B (Micro),"427,570"
CNNE,Cannae Holdings Inc,Financials,Financial Services,Multi-Sector Holdings,NYS,$548M (Micro),"839,820"
CNO,CNO Financial Group Inc,Financials,Insurance,Life & Health Insurance,NYS,$4B (Small),"602,860"
CNP,CenterPoint Energy Inc,Utilities,Multi-Utilities,Multi-Utilities,NYS,$28B (Mid),"5,466,370"
CNQ,Canadian Natural Resources Ltd,Energy,"Oil, Gas & Consumable Fuels",Oil & Gas Exploration & Production,NYS,$99B (Large),"11,712,130"
CNR,Core Natural Resources Inc,Energy,"Oil, Gas & Consumable Fuels",Coal & Consumable Fuels,NYS,$5B (Small),"1,091,340"
CNS,Cohen & Steers Inc,Financials,Capital Markets,Asset Management & Custody Banks,NYS,$3B (Small),"324,230"
CNX,CNX Resources Corp,Energy,"Oil, Gas & Consumable Fuels",Oil & Gas Exploration & Production,NYS,$6B (Small),"2,707,940"
CODI,Compass Diversified Holdings,Financials,Financial Services,Multi-Sector Holdings,NYS,$465M (Micro),"1,561,510"
COF,Capital One Financial Corp,Financials,Consumer Finance,Consumer Finance,NYS,$113B (Large),"6,215,470"
COHR,Coherent Corp,Information Technology,"Electronic Equipment, Instruments & Components",Electronic Components,NYS,$49B (Large),"9,440,390"
COLD,Americold Realty Trust Inc,Real Estate,Industrial REITs,Industrial REITs,NYS,$3B (Small),"4,456,850"
COMP,Compass Inc,Real Estate,Real Estate Management & Development,Real Estate Services,NYS,$6B (Small),"20,260,250"
CON,Concentra Group Holdings Parent Inc,Health Care,Health Care Providers & Services,Health Care Facilities,NYS,$3B (Small),"818,170"
COOK,Traeger Inc,Consumer Discretionary,Household Durables,Household Appliances,NYS,$84M (Micro),"698,270"
COP,ConocoPhillips,Energy,"Oil, Gas & Consumable Fuels",Oil & Gas Exploration & Production,NYS,$143B (Large),"11,935,480"
COR,Cencora Inc,Health Care,Health Care Providers & Services,Health Care Distributors,NYS,$68B (Large),"1,068,710"
COSO,CoastalSouth Bancshares Inc,Financials,Banks,Regional Banks,NYS,$288M (Micro),"65,640"
COTY,Coty Inc,Consumer Staples,Personal Care Products,Personal Care Products,NYS,$2B (Micro),"7,412,990"
COUR,Coursera Inc,Consumer Discretionary,Diversified Consumer Services,Education Services,NYS,$1B (Micro),"5,505,030"
CPA,Copa Holdings SA,Industrials,Passenger Airlines,Passenger Airlines,NYS,$5B (Small),"470,250"
CPAY,Corpay Inc,Financials,Financial Services,Transaction & Payment Processing Services,NYS,$22B (Mid),"719,650"
CPF,Central Pacific Financial Corp,Financials,Banks,Regional Banks,NYS,$813M (Micro),"155,160"
CPK,Chesapeake Utilities Corp,Utilities,Gas Utilities,Gas Utilities,NYS,$3B (Small),"152,200"
CPNG,Coupang Inc,Consumer Discretionary,Broadline Retail,Broadline Retail,NYS,$34B (Mid),"28,647,950"
CPRI,Capri Holdings Ltd,Consumer Discretionary,"Textiles, Apparel & Luxury Goods","Apparel, Accessories & Luxury Goods",NYS,$2B (Micro),"3,486,200"
CPS,Cooper-Standard Holdings Inc,Consumer Discretionary,Automobile Components,Automotive Parts & Equipment,NYS,$551M (Micro),"198,060"
CPT,Camden Property Trust,Real Estate,Residential REITs,Multi-Family Residential REITs,NYS,$11B (Mid),"900,700"
CQP,Cheniere Energy Partners LP,Energy,"Oil, Gas & Consumable Fuels",Oil & Gas Storage & Transportation,NYS,$31B (Mid),"120,990"
CR,Crane Co,Industrials,Machinery,Industrial Machinery & Supplies & Components,NYS,$11B (Mid),"322,600"
CRBG,Corebridge Financial Inc,Financials,Financial Services,Diversified Financial Services,NYS,$11B (Mid),"3,672,670"
CRC,California Resources Corp,Energy,"Oil, Gas & Consumable Fuels",Oil & Gas Exploration & Production,NYS,$6B (Small),"1,026,100"
CRCL,Circle Internet Group Inc,Information Technology,Software,Application Software,NYS,$28B (Mid),"30,161,020"
CRGY,Crescent Energy Co,Energy,"Oil, Gas & Consumable Fuels",Oil & Gas Exploration & Production,NYS,$4B (Small),"13,891,590"
CRH,CRH PLC,Materials,Construction Materials,Construction Materials,NYS,$70B (Large),"6,287,850"
CRI,Carter's Inc,Consumer Discretionary,"Textiles, Apparel & Luxury Goods","Apparel, Accessories & Luxury Goods",NYS,$1B (Micro),"1,849,610"
CRK,Comstock Resources Inc,Energy,"Oil, Gas & Consumable Fuels",Oil & Gas Exploration & Production,NYS,$6B (Small),"2,029,910"
CRL,Charles River Laboratories International Inc,Health Care,Life Sciences Tools & Services,Life Sciences Tools & Services,NYS,$8B (Mid),"1,022,820"
CRM,Salesforce Inc,Information Technology,Software,Application Software,NYS,$179B (Large),"15,036,800"
CRS,Carpenter Technology Corp,Industrials,Aerospace & Defense,Aerospace & Defense,NYS,$20B (Mid),"602,510"
CSAN,Cosan SA,Consumer Discretionary,Specialty Retail,Automotive Retail,NYS,$5B (Small),"1,867,330"
CSL,Carlisle Companies Inc,Industrials,Building Products,Building Products,NYS,$14B (Mid),"403,510"
CSR,Centerspace,Real Estate,Residential REITs,Multi-Family Residential REITs,NYS,$1B (Micro),"117,530"
CSTM,Constellium SE,Materials,Metals & Mining,Aluminum,NYS,$3B (Small),"3,010,960"
CSV,Carriage Services Inc,Consumer Discretionary,Diversified Consumer Services,Specialized Consumer Services,NYS,$673M (Micro),"95,910"
CSW,CSW Industrials Inc,Industrials,Building Products,Building Products,NYS,$4B (Small),"101,150"
CTEV,Claritev Corp,Health Care,Health Care Technology,Health Care Technology,NYS,$278M (Micro),"383,240"
CTGO,Contango ORE Inc,Materials,Metals & Mining,Diversified Metals & Mining,NYS,$401M (Micro),"260,920"
CTM,Castellum Inc,Information Technology,IT Services,IT Consulting & Other Services,NYS,$82M (Micro),"789,150"
CTO,CTO Realty Growth Inc,Real Estate,Diversified REITs,Diversified REITs,NYS,$625M (Micro),"349,900"
CTOS,Custom Truck One Source Inc,Industrials,Trading Companies & Distributors,Trading Companies & Distributors,NYS,$1B (Micro),"843,640"
CTRA,Coterra Energy Inc,Energy,"Oil, Gas & Consumable Fuels",Oil & Gas Exploration & Production,NYS,$24B (Mid),"10,005,640"
CTRE,CareTrust REIT Inc,Real Estate,Health Care REITs,Health Care REITs,NYS,$9B (Mid),"1,857,260"
CTRI,Centuri Holdings Inc,Industrials,Construction & Engineering,Construction & Engineering,NYS,$3B (Small),"2,129,730"
CTS,CTS Corp,Information Technology,"Electronic Equipment, Instruments & Components",Electronic Manufacturing Services,NYS,$1B (Micro),"256,240"
CTVA,Corteva Inc,Materials,Chemicals,Fertilizers & Agricultural Chemicals,NYS,$53B (Large),"4,264,170"
CUBE,CubeSmart,Real Estate,Specialized REITs,Self-Storage REITs,NYS,$9B (Mid),"2,431,950"
CUBI,Customers Bancorp Inc,Financials,Banks,Regional Banks,NYS,$2B (Small),"482,480"
CUK,Carnival PLC,Consumer Discretionary,"Hotels, Restaurants & Leisure","Hotels, Resorts & Cruise Lines",NYS,$4B (Small),"3,177,040"
CURB,Curbline Properties Corp.,Real Estate,Retail REITs,Retail REITs,NYS,$3B (Small),"901,120"
CURV,Torrid Holdings Inc,Consumer Discretionary,Specialty Retail,Apparel Retail,NYS,$128M (Micro),"237,540"
CUZ,Cousins Properties Inc,Real Estate,Office REITs,Office REITs,NYS,$4B (Small),"2,205,190"
CVE,Cenovus Energy Inc,Energy,"Oil, Gas & Consumable Fuels",Integrated Oil & Gas,NYS,$45B (Large),"19,943,880"
CVEO,Civeo Corp,Industrials,Commercial Services & Supplies,Diversified Support Services,NYS,$320M (Micro),"88,740"
CVI,CVR Energy Inc,Energy,"Oil, Gas & Consumable Fuels",Oil & Gas Refining & Marketing,NYS,$3B (Small),"1,401,840"
CVLG,Covenant Logistics Group Inc,Industrials,Ground Transportation,Cargo Ground Transportation,NYS,$647M (Micro),"121,120"
CVNA,Carvana Co,Consumer Discretionary,Specialty Retail,Automotive Retail,NYS,$68B (Large),"2,965,980"
CVS,CVS Health Corp,Health Care,Health Care Providers & Services,Health Care Services,NYS,$96B (Large),"8,607,830"
CVSA,Covista Inc,Consumer Discretionary,Diversified Consumer Services,Education Services,NYS,$3B (Small),"403,610"
CVU,CPI Aerostructures Inc,Industrials,Aerospace & Defense,Aerospace & Defense,NYS,$62M (Micro),"242,690"
CVX,Chevron Corp,Energy,"Oil, Gas & Consumable Fuels",Integrated Oil & Gas,NYS,$383B (Large),"12,410,500"
CW,Curtiss-Wright Corp,Industrials,Aerospace & Defense,Aerospace & Defense,NYS,$26B (Mid),"478,890"
CWAN,Clearwater Analytics Holdings Inc,Information Technology,Software,Application Software,NYS,$7B (Small),"5,463,430"
CWEN/A,Clearway Energy Inc,Utilities,Independent Power & Renewable Electricity Producers,Renewable Electricity,NYS,$3B (Small),"331,130"
CWH,Camping World Holdings Inc,Consumer Discretionary,Specialty Retail,Automotive Retail,NYS,$717M (Micro),"5,144,680"
CWK,Cushman & Wakefield Ltd,Real Estate,Real Estate Management & Development,Real Estate Services,NYS,$3B (Small),"1,967,160"
CWT,California Water Service Group,Utilities,Water Utilities,Water Utilities,NYS,$3B (Small),"435,630"
CX,Cemex SAB de CV,Materials,Construction Materials,Construction Materials,NYS,$16B (Mid),"8,502,100"
CXM,Sprinklr Inc,Information Technology,Software,Application Software,NYS,$1B (Micro),"2,407,430"
CXT,Crane NXT Co,Information Technology,"Electronic Equipment, Instruments & Components",Electronic Equipment & Instruments,NYS,$3B (Small),"846,470"
CXW,CoreCivic Inc,Industrials,Commercial Services & Supplies,Security & Alarm Services,NYS,$2B (Micro),"1,037,850"
CYD,China Yuchai International Ltd,Industrials,Machinery,Construction Machinery & Heavy Transportation Equipment,NYS,$2B (Micro),"335,180"
D,Dominion Energy Inc,Utilities,Multi-Utilities,Multi-Utilities,NYS,$55B (Large),"5,823,030"
DAC,Danaos Corp,Industrials,Marine Transportation,Marine Transportation,NYS,$2B (Micro),"112,670"
DAL,Delta Air Lines Inc,Industrials,Passenger Airlines,Passenger Airlines,NYS,$39B (Mid),"15,358,260"
DAN,Dana Inc,Consumer Discretionary,Automobile Components,Automotive Parts & Equipment,NYS,$3B (Small),"1,512,120"
DAO,Youdao Inc,Consumer Discretionary,Diversified Consumer Services,Education Services,NYS,$1B (Micro),"89,210"
DAR,Darling Ingredients Inc,Consumer Staples,Food Products,Agricultural Products & Services,NYS,$9B (Mid),"2,457,230"
DAVA,Endava PLC,Information Technology,IT Services,IT Consulting & Other Services,NYS,$275M (Micro),"470,700"
DB,Deutsche Bank AG,Financials,Capital Markets,Diversified Capital Markets,NYS,$60B (Large),"3,852,480"
DBD,Diebold Nixdorf Inc,Information Technology,"Technology Hardware, Storage & Peripherals","Technology Hardware, Storage & Peripherals",NYS,$3B (Small),"304,540"
DBI,Designer Brands Inc,Consumer Discretionary,Specialty Retail,Apparel Retail,NYS,$291M (Micro),"537,350"
DBRG,DigitalBridge Group Inc,Financials,Capital Markets,Asset Management & Custody Banks,NYS,$3B (Small),"2,918,580"
DC,Dakota Gold Corp,Materials,Metals & Mining,Gold,NYS,$793M (Micro),"1,388,450"
DCH,Dauch Corp,Consumer Discretionary,Automobile Components,Automotive Parts & Equipment,NYS,$1B (Micro),"5,474,820"
DCI,Donaldson Company Inc,Industrials,Machinery,Industrial Machinery & Supplies & Components,NYS,$10B (Mid),"1,098,200"
DCO,Ducommun Inc,Industrials,Aerospace & Defense,Aerospace & Defense,NYS,$2B (Micro),"208,960"
DD,Dupont De Nemours Inc,Materials,Chemicals,Specialty Chemicals,NYS,$19B (Mid),"4,113,910"
DDC,DDC Enterprise Ltd,Consumer Staples,Food Products,Packaged Foods & Meats,NYS,$65M (Micro),"84,100"
DDD,3D Systems Corp,Industrials,Machinery,Industrial Machinery & Supplies & Components,NYS,$361M (Micro),"3,326,860"
DDL,Dingdong (Cayman) Ltd,Consumer Staples,Consumer Staples Distribution & Retail,Food Retail,NYS,$485M (Micro),"1,018,820"
DDS,Dillard's Inc,Consumer Discretionary,Broadline Retail,Broadline Retail,NYS,$9B (Mid),"152,410"
DE,Deere & Co,Industrials,Machinery,Agricultural & Farm Machinery,NYS,$160B (Large),"1,433,010"
DEA,Easterly Government Properties Inc,Real Estate,Office REITs,Office REITs,NYS,$1B (Micro),"610,800"
DEC,Diversified Energy Co,Energy,"Oil, Gas & Consumable Fuels",Oil & Gas Exploration & Production,NYS,$1B (Micro),"1,149,430"
DECK,Deckers Outdoor Corp,Consumer Discretionary,"Textiles, Apparel & Luxury Goods",Footwear,NYS,$15B (Mid),"2,214,130"
DEI,Douglas Emmett Inc,Real Estate,Office REITs,Office REITs,NYS,$2B (Micro),"2,711,570"
DELL,Dell Technologies Inc,Information Technology,"Technology Hardware, Storage & Peripherals","Technology Hardware, Storage & Peripherals",NYS,$98B (Large),"12,148,380"
DEO,Diageo PLC,Consumer Staples,Beverages,Distillers & Vintners,NYS,$44B (Large),"3,073,950"
DFH,Dream Finders Homes Inc,Consumer Discretionary,Household Durables,Homebuilding,NYS,$1B (Micro),"684,690"
DFIN,Donnelley Financial Solutions Inc,Financials,Capital Markets,Financial Exchanges & Data,NYS,$1B (Micro),"276,590"
DG,Dollar General Corp,Consumer Staples,Consumer Staples Distribution & Retail,Consumer Staples Merchandise Retail,NYS,$32B (Mid),"3,010,160"
DGX,Quest Diagnostics Inc,Health Care,Health Care Providers & Services,Health Care Services,NYS,$22B (Mid),"800,670"
DHI,D.R. Horton Inc,Consumer Discretionary,Household Durables,Homebuilding,NYS,$41B (Large),"2,520,780"
DHR,Danaher Corp,Health Care,Life Sciences Tools & Services,Life Sciences Tools & Services,NYS,$138B (Large),"3,739,190"
DHT,DHT Holdings Inc,Energy,"Oil, Gas & Consumable Fuels",Oil & Gas Storage & Transportation,NYS,$3B (Small),"7,996,880"
DHX,DHI Group Inc,Communication Services,Interactive Media & Services,Interactive Media & Services,NYS,$110M (Micro),"338,910"
DIN,Dine Brands Global Inc,Consumer Discretionary,"Hotels, Restaurants & Leisure",Restaurants,NYS,$385M (Micro),"459,520"
DINO,HF Sinclair Corp,Energy,"Oil, Gas & Consumable Fuels",Oil & Gas Refining & Marketing,NYS,$10B (Mid),"4,246,030"
DIS,Walt Disney Co,Communication Services,Entertainment,Movies & Entertainment,NYS,$179B (Large),"11,130,610"
DK,Delek US Holdings Inc,Energy,"Oil, Gas & Consumable Fuels",Oil & Gas Refining & Marketing,NYS,$3B (Small),"2,114,610"
DKL,Delek Logistics Partners LP,Energy,"Oil, Gas & Consumable Fuels",Oil & Gas Storage & Transportation,NYS,$3B (Small),"91,030"
DKS,DICK'S Sporting Goods Inc,Consumer Discretionary,Specialty Retail,Other Specialty Retail,NYS,$18B (Mid),"1,158,760"
DLB,Dolby Laboratories Inc,Information Technology,Software,Systems Software,NYS,$6B (Small),"645,030"
DLNG,Dynagas LNG Partners LP,Energy,"Oil, Gas & Consumable Fuels",Oil & Gas Storage & Transportation,NYS,$217M (Micro),"121,270"
DLR,Digital Realty Trust Inc,Real Estate,Specialized REITs,Data Center REITs,NYS,$62B (Large),"2,174,670"
DLX,Deluxe Corp,Industrials,Commercial Services & Supplies,Commercial Printing,NYS,$1B (Micro),"345,640"
DNA,Ginkgo Bioworks Holdings Inc,Health Care,Life Sciences Tools & Services,Life Sciences Tools & Services,NYS,$402M (Micro),"1,442,120"
DNN,Denison Mines Corp,Energy,"Oil, Gas & Consumable Fuels",Coal & Consumable Fuels,NYS,$4B (Small),"40,885,210"
DNOW,DNOW Inc,Industrials,Trading Companies & Distributors,Trading Companies & Distributors,NYS,$2B (Small),"4,237,350"
DOC,Healthpeak Properties Inc,Real Estate,Health Care REITs,Health Care REITs,NYS,$12B (Mid),"6,614,430"
DOCN,DigitalOcean Holdings Inc,Information Technology,IT Services,Internet Services & Infrastructure,NYS,$6B (Small),"3,147,790"
DOCS,Doximity Inc,Health Care,Health Care Technology,Health Care Technology,NYS,$5B (Small),"2,812,320"
DOLE,Dole PLC,Consumer Staples,Food Products,Packaged Foods & Meats,NYS,$1B (Micro),"859,020"
DOUG,Douglas Elliman Inc,Real Estate,Real Estate Management & Development,Real Estate Services,NYS,$205M (Micro),"750,080"
DOV,Dover Corp,Industrials,Machinery,Industrial Machinery & Supplies & Components,NYS,$28B (Mid),"1,329,220"
DOW,Dow Inc,Materials,Chemicals,Commodity Chemicals,NYS,$25B (Mid),"16,850,260"
DQ,Daqo New Energy Corp,Information Technology,Semiconductors & Semiconductor Equipment,Semiconductor Materials & Equipment,NYS,$2B (Micro),"771,960"
DRD,DRDGOLD Ltd,Materials,Metals & Mining,Gold,NYS,$3B (Small),"363,860"
DRI,Darden Restaurants Inc,Consumer Discretionary,"Hotels, Restaurants & Leisure",Restaurants,NYS,$23B (Mid),"1,271,230"
DSX,Diana Shipping Inc,Industrials,Marine Transportation,Marine Transportation,NYS,$281M (Micro),"1,200,240"
DT,Dynatrace Inc,Information Technology,Software,Application Software,NYS,$11B (Mid),"9,080,160"
DTE,DTE Energy Co,Utilities,Multi-Utilities,Multi-Utilities,NYS,$30B (Mid),"1,525,720"
DTM,DT Midstream Inc,Energy,"Oil, Gas & Consumable Fuels",Oil & Gas Storage & Transportation,NYS,$14B (Mid),"756,560"
DUK,Duke Energy Corp,Utilities,Electric Utilities,Electric Utilities,NYS,$101B (Large),"4,973,680"
DV,DoubleVerify Holdings Inc,Communication Services,Media,Advertising,NYS,$2B (Micro),"3,773,030"
DVA,DaVita Inc,Health Care,Health Care Providers & Services,Health Care Services,NYS,$10B (Mid),"832,010"
DVN,Devon Energy Corp,Energy,"Oil, Gas & Consumable Fuels",Oil & Gas Exploration & Production,NYS,$28B (Mid),"14,268,240"
DX,Dynex Capital Inc,Financials,Mortgage Real Estate Investment Trusts (REITs),Mortgage REITs,NYS,$3B (Small),"5,968,860"
DXC,DXC Technology Co,Information Technology,IT Services,IT Consulting & Other Services,NYS,$2B (Micro),"2,595,390"
DXF,Eason Technology Ltd,Financials,Financial Services,Specialized Finance,NYS,$3M (Micro),"65,710"
DY,Dycom Industries Inc,Industrials,Construction & Engineering,Construction & Engineering,NYS,$11B (Mid),"557,600"
E,Eni SpA,Energy,"Oil, Gas & Consumable Fuels",Integrated Oil & Gas,NYS,$73B (Large),"555,280"
EAF,GrafTech International Ltd,Industrials,Electrical Equipment,Electrical Components & Equipment,NYS,$142M (Micro),"300,790"
EAT,Brinker International Inc,Consumer Discretionary,"Hotels, Restaurants & Leisure",Restaurants,NYS,$6B (Small),"1,320,390"
EBF,Ennis Inc,Industrials,Commercial Services & Supplies,Commercial Printing,NYS,$537M (Micro),"164,430"
EBS,Emergent BioSolutions Inc,Health Care,Biotechnology,Biotechnology,NYS,$423M (Micro),"1,735,500"
EC,Ecopetrol SA,Energy,"Oil, Gas & Consumable Fuels",Integrated Oil & Gas,NYS,$28B (Mid),"4,088,820"
ECG,Everus Construction Group Inc,Industrials,Construction & Engineering,Construction & Engineering,NYS,$6B (Small),"984,120"
ECL,Ecolab Inc,Materials,Chemicals,Specialty Chemicals,NYS,$78B (Large),"1,599,610"
ECO,Okeanis Eco Tankers Corp,Energy,"Oil, Gas & Consumable Fuels",Oil & Gas Storage & Transportation,NYS,$2B (Micro),"787,590"
ECVT,Ecovyst Inc,Materials,Chemicals,Specialty Chemicals,NYS,$1B (Micro),"2,229,450"
ED,Consolidated Edison Inc,Utilities,Multi-Utilities,Multi-Utilities,NYS,$40B (Mid),"2,732,890"
EDN,Empresa Distribuidora y Comercializadora Norte SA,Utilities,Electric Utilities,Electric Utilities,NYS,$617M (Micro),"131,960"
EDU,New Oriental Education & Technology Group Inc,Consumer Discretionary,Diversified Consumer Services,Education Services,NYS,$9B (Mid),"759,090"
EE,Excelerate Energy Inc,Energy,"Oil, Gas & Consumable Fuels",Oil & Gas Storage & Transportation,NYS,$4B (Small),"780,830"
EFC,Ellington Financial Inc,Financials,Mortgage Real Estate Investment Trusts (REITs),Mortgage REITs,NYS,$1B (Micro),"1,978,390"
EFX,Equifax Inc,Industrials,Professional Services,Research & Consulting Services,NYS,$23B (Mid),"1,355,840"
EG,Everest Group Ltd,Financials,Insurance,Reinsurance,NYS,$13B (Mid),"377,770"
EGO,Eldorado Gold Corp,Materials,Metals & Mining,Gold,NYS,$8B (Mid),"2,256,760"
EGP,Eastgroup Properties Inc,Real Estate,Industrial REITs,Industrial REITs,NYS,$10B (Mid),"329,070"
EGY,VAALCO Energy Inc,Energy,"Oil, Gas & Consumable Fuels",Oil & Gas Exploration & Production,NYS,$581M (Micro),"1,516,760"
EHAB,Enhabit Inc,Health Care,Health Care Providers & Services,Health Care Services,NYS,$691M (Micro),"2,485,610"
EHC,Encompass Health Corp,Health Care,Health Care Providers & Services,Health Care Facilities,NYS,$10B (Mid),"935,570"
EIG,Employers Holdings Inc,Financials,Insurance,Property & Casualty Insurance,NYS,$772M (Micro),"313,800"
EIX,Edison International,Utilities,Electric Utilities,Electric Utilities,NYS,$28B (Mid),"3,862,870"
EL,Estee Lauder Companies Inc,Consumer Staples,Personal Care Products,Personal Care Products,NYS,$33B (Mid),"4,456,060"
ELA,Envela Corp,Consumer Discretionary,Specialty Retail,Other Specialty Retail,NYS,$326M (Micro),"78,760"
ELAN,Elanco Animal Health Inc,Health Care,Pharmaceuticals,Pharmaceuticals,NYS,$12B (Mid),"4,350,940"
ELF,elf Beauty Inc,Consumer Staples,Personal Care Products,Personal Care Products,NYS,$5B (Small),"2,099,230"
ELMD,Electromed Inc,Health Care,Health Care Equipment & Supplies,Health Care Equipment,NYS,$197M (Micro),"58,320"
ELME,Elme Communities,Real Estate,Residential REITs,Multi-Family Residential REITs,NYS,$189M (Micro),"1,245,380"
ELS,Equity LifeStyle Properties Inc,Real Estate,Residential REITs,Single-Family Residential REITs,NYS,$13B (Mid),"3,200,730"
ELV,Elevance Health Inc,Health Care,Health Care Providers & Services,Managed Health Care,NYS,$64B (Large),"3,144,000"
EMBJ,Embraer SA,Industrials,Aerospace & Defense,Aerospace & Defense,NYS,$12B (Mid),"1,326,280"
EME,EMCOR Group Inc,Industrials,Construction & Engineering,Construction & Engineering,NYS,$32B (Mid),"492,430"
EMN,Eastman Chemical Co,Materials,Chemicals,Specialty Chemicals,NYS,$8B (Mid),"1,522,990"
EMR,Emerson Electric Co,Industrials,Electrical Equipment,Electrical Components & Equipment,NYS,$78B (Large),"2,833,680"
ENB,Enbridge Inc,Energy,"Oil, Gas & Consumable Fuels",Oil & Gas Storage & Transportation,NYS,$117B (Large),"5,003,350"
ENIC,Enel Chile SA,Utilities,Electric Utilities,Electric Utilities,NYS,$6B (Small),"585,890"
ENOV,Enovis Corp,Health Care,Health Care Equipment & Supplies,Health Care Equipment,NYS,$1B (Micro),"1,377,990"
ENR,Energizer Holdings Inc,Consumer Staples,Household Products,Household Products,NYS,$1B (Micro),"1,410,490"
ENS,EnerSys,Industrials,Electrical Equipment,Electrical Components & Equipment,NYS,$6B (Small),"432,090"
ENVA,Enova International Inc,Financials,Consumer Finance,Consumer Finance,NYS,$3B (Small),"252,620"
EOG,EOG Resources Inc,Energy,"Oil, Gas & Consumable Fuels",Oil & Gas Exploration & Production,NYS,$71B (Large),"6,948,170"
EONR,EON Resources Inc,Energy,"Oil, Gas & Consumable Fuels",Oil & Gas Exploration & Production,NYS,$44M (Micro),"86,922,460"
EPAC,Enerpac Tool Group Corp,Industrials,Machinery,Industrial Machinery & Supplies & Components,NYS,$2B (Micro),"326,730"
EPAM,Epam Systems Inc,Information Technology,IT Services,IT Consulting & Other Services,NYS,$8B (Mid),"1,389,230"
EPC,Edgewell Personal Care Co,Consumer Staples,Personal Care Products,Personal Care Products,NYS,$931M (Micro),"780,250"
EPD,Enterprise Products Partners LP,Energy,"Oil, Gas & Consumable Fuels",Oil & Gas Storage & Transportation,NYS,$80B (Large),"4,273,820"
EPM,Evolution Petroleum Corp,Energy,"Oil, Gas & Consumable Fuels",Oil & Gas Exploration & Production,NYS,$167M (Micro),"477,540"
EPR,EPR Properties,Real Estate,Specialized REITs,Other Specialized REITs,NYS,$4B (Small),"1,045,600"
EPRT,Essential Properties Realty Trust Inc,Real Estate,Diversified REITs,Diversified REITs,NYS,$7B (Small),"2,024,720"
EQBK,Equity Bancshares Inc,Financials,Banks,Regional Banks,NYS,$917M (Micro),"129,800"
EQH,Equitable Holdings Inc,Financials,Financial Services,Diversified Financial Services,NYS,$11B (Mid),"3,556,550"
EQNR,Equinor ASA,Energy,"Oil, Gas & Consumable Fuels",Integrated Oil & Gas,NYS,$84B (Large),"9,442,710"
EQR,Equity Residential,Real Estate,Residential REITs,Multi-Family Residential REITs,NYS,$23B (Mid),"2,286,250"
EQT,EQT Corp,Energy,"Oil, Gas & Consumable Fuels",Oil & Gas Exploration & Production,NYS,$40B (Mid),"9,263,870"
EQX,Equinox Gold Corp,Materials,Metals & Mining,Gold,NYS,$13B (Mid),"8,486,820"
ES,Eversource Energy,Utilities,Electric Utilities,Electric Utilities,NYS,$28B (Mid),"2,374,750"
ESAB,ESAB Corp,Industrials,Machinery,Industrial Machinery & Supplies & Components,NYS,$7B (Small),"423,580"
ESE,ESCO Technologies Inc,Industrials,Machinery,Industrial Machinery & Supplies & Components,NYS,$7B (Small),"218,550"
ESI,Element Solutions Inc,Materials,Chemicals,Specialty Chemicals,NYS,$8B (Mid),"3,425,830"
ESNT,Essent Group Ltd,Financials,Financial Services,Commercial & Residential Mortgage Finance,NYS,$5B (Small),"705,520"
ESRT,Empire State Realty Trust Inc,Real Estate,Office REITs,Office REITs,NYS,$911M (Micro),"1,779,590"
ESS,Essex Property Trust Inc,Real Estate,Residential REITs,Multi-Family Residential REITs,NYS,$16B (Mid),"497,250"
ESTC,Elastic NV,Information Technology,Software,Application Software,NYS,$5B (Small),"3,170,940"
ET,Energy Transfer LP,Energy,"Oil, Gas & Consumable Fuels",Oil & Gas Storage & Transportation,NYS,$65B (Large),"14,069,720"
ETD,Ethan Allen Interiors Inc,Consumer Discretionary,Household Durables,Home Furnishings,NYS,$558M (Micro),"370,710"
ETN,Eaton Corporation PLC,Industrials,Electrical Equipment,Electrical Components & Equipment,NYS,$138B (Large),"2,725,750"
ETR,Entergy Corp,Utilities,Electric Utilities,Electric Utilities,NYS,$47B (Large),"2,447,030"
ETSY,ETSY Inc,Consumer Discretionary,Broadline Retail,Broadline Retail,NYS,$5B (Small),"3,097,600"
EVC,Entravision Communications Corp,Communication Services,Media,Broadcasting,NYS,$269M (Micro),"437,510"
EVEX,Eve Holding Inc,Industrials,Aerospace & Defense,Aerospace & Defense,NYS,$1B (Micro),"995,860"
EVMN,Evommune Inc,Health Care,Biotechnology,Biotechnology,NYS,$843M (Micro),"341,940"
EVR,Evercore Inc,Financials,Capital Markets,Investment Banking & Brokerage,NYS,$12B (Mid),"698,680"
EVTC,Evertec Inc,Financials,Financial Services,Transaction & Payment Processing Services,NYS,$2B (Micro),"677,760"
EVTL,Vertical Aerospace Ltd,Industrials,Aerospace & Defense,Aerospace & Defense,NYS,$396M (Micro),"832,260"
EW,Edwards Lifesciences Corp,Health Care,Health Care Equipment & Supplies,Health Care Equipment,NYS,$49B (Large),"5,050,420"
EXK,Endeavour Silver Corp,Materials,Metals & Mining,Silver,NYS,$3B (Small),"11,705,490"
EXOD,Exodus Movement Inc,Information Technology,Software,Application Software,NYS,$324M (Micro),"52,060"
EXP,Eagle Materials Inc,Materials,Construction Materials,Construction Materials,NYS,$6B (Small),"439,180"
EXPD,Expeditors International of Washington Inc,Industrials,Air Freight & Logistics,Air Freight & Logistics,NYS,$19B (Mid),"1,754,630"
EXR,Extra Space Storage Inc,Real Estate,Specialized REITs,Self-Storage REITs,NYS,$30B (Mid),"1,056,170"
F,Ford Motor Co,Consumer Discretionary,Automobiles,Automobile Manufacturers,NYS,$48B (Large),"73,839,830"
FAF,First American Financial Corp,Financials,Insurance,Property & Casualty Insurance,NYS,$6B (Small),"849,530"
FBIN,Fortune Brands Innovations Inc,Industrials,Building Products,Building Products,NYS,$5B (Small),"2,856,880"
FBK,FB Financial Corp,Financials,Banks,Regional Banks,NYS,$3B (Small),"298,430"
FBP,First BanCorp,Financials,Banks,Regional Banks,NYS,$3B (Small),"1,474,330"
FBRT,Franklin BSP Realty Trust Inc,Financials,Mortgage Real Estate Investment Trusts (REITs),Mortgage REITs,NYS,$735M (Micro),"1,315,660"
FC,Franklin Covey Co,Industrials,Professional Services,Research & Consulting Services,NYS,$136M (Micro),"142,310"
FCF,First Commonwealth Financial Corp,Financials,Banks,Regional Banks,NYS,$2B (Micro),"988,810"
FCN,FTI Consulting Inc,Industrials,Professional Services,Research & Consulting Services,NYS,$5B (Small),"747,990"
FCPT,Four Corners Property Trust Inc,Real Estate,Specialized REITs,Other Specialized REITs,NYS,$3B (Small),"680,610"
FCX,Freeport-McMoRan Inc,Materials,Metals & Mining,Copper,NYS,$88B (Large),"20,450,620"
FDP,Fresh Del Monte Produce Inc,Consumer Staples,Food Products,Agricultural Products & Services,NYS,$2B (Micro),"240,870"
FDS,Factset Research Systems Inc,Financials,Capital Markets,Financial Exchanges & Data,NYS,$8B (Mid),"962,940"
FDX,FedEx Corp,Industrials,Air Freight & Logistics,Air Freight & Logistics,NYS,$85B (Large),"1,909,210"
FE,FirstEnergy Corp,Utilities,Electric Utilities,Electric Utilities,NYS,$29B (Mid),"3,849,500"
FERG,Ferguson Enterprises Inc,Industrials,Trading Companies & Distributors,Trading Companies & Distributors,NYS,$45B (Large),"1,604,000"
FET,Forum Energy Technologies Inc,Energy,Energy Equipment & Services,Oil & Gas Equipment & Services,NYS,$651M (Micro),"260,810"
FF,FutureFuel Corp,Energy,"Oil, Gas & Consumable Fuels",Oil & Gas Refining & Marketing,NYS,$195M (Micro),"454,400"
FFWM,First Foundation Inc,Financials,Banks,Regional Banks,NYS,$462M (Micro),"601,130"
FG,F&G Annuities & Life Inc,Financials,Insurance,Life & Health Insurance,NYS,$3B (Small),"538,620"
FHI,Federated Hermes Inc,Financials,Capital Markets,Asset Management & Custody Banks,NYS,$4B (Small),"686,040"
FHN,First Horizon Corp,Financials,Banks,Regional Banks,NYS,$11B (Mid),"6,343,930"
FICO,Fair Isaac Corp,Information Technology,Software,Application Software,NYS,$28B (Mid),"269,710"
FIG,Figma Inc,Information Technology,Software,Application Software,NYS,$15B (Mid),"14,947,090"
FIGS,Figs Inc,Consumer Discretionary,"Textiles, Apparel & Luxury Goods","Apparel, Accessories & Luxury Goods",NYS,$3B (Small),"7,314,100"
FIHL,Fidelis Insurance Holdings Ltd,Financials,Insurance,Property & Casualty Insurance,NYS,$2B (Micro),"609,110"
FINV,FinVolution Group,Financials,Consumer Finance,Consumer Finance,NYS,$1B (Micro),"1,047,910"
FIS,Fidelity National Information Services Inc,Financials,Financial Services,Transaction & Payment Processing Services,NYS,$26B (Mid),"5,960,970"
FIX,Comfort Systems USA Inc,Industrials,Construction & Engineering,Construction & Engineering,NYS,$50B (Large),"484,830"
FJET,Starfighters Space Inc,Industrials,Aerospace & Defense,Aerospace & Defense,NYS,$354M (Micro),"1,294,000"
FLG,Flagstar Bank NA,Financials,Banks,Regional Banks,NYS,$5B (Small),"5,222,170"
FLNG,FLEX LNG Ltd,Energy,"Oil, Gas & Consumable Fuels",Oil & Gas Storage & Transportation,NYS,$2B (Micro),"1,009,460"
FLO,Flowers Foods Inc,Consumer Staples,Food Products,Packaged Foods & Meats,NYS,$2B (Micro),"6,131,590"
FLOC,Flowco Holdings Inc,Energy,Energy Equipment & Services,Oil & Gas Equipment & Services,NYS,$2B (Micro),"394,050"
FLR,Fluor Corp,Industrials,Construction & Engineering,Construction & Engineering,NYS,$7B (Small),"2,671,360"
FLS,Flowserve Corp,Industrials,Machinery,Industrial Machinery & Supplies & Components,NYS,$10B (Mid),"1,820,710"
FLUT,Flutter Entertainment PLC,Consumer Discretionary,"Hotels, Restaurants & Leisure",Casinos & Gaming,NYS,$19B (Mid),"6,203,290"
FLYX,Flyexclusive Inc,Industrials,Passenger Airlines,Passenger Airlines,NYS,$227M (Micro),"252,000"
FMC,FMC Corp,Materials,Chemicals,Fertilizers & Agricultural Chemicals,NYS,$2B (Micro),"3,189,940"
FMX,Fomento Economico Mexicano SAB de CV,Consumer Staples,Beverages,Soft Drinks & Non-alcoholic Beverages,NYS,$22B (Mid),"437,610"
FN,Fabrinet,Information Technology,"Electronic Equipment, Instruments & Components",Electronic Manufacturing Services,NYS,$19B (Mid),"764,770"
FNB,FNB Corp,Financials,Banks,Regional Banks,NYS,$6B (Small),"7,543,440"
FND,Floor & Decor Holdings Inc,Consumer Discretionary,Specialty Retail,Home Improvement Retail,NYS,$6B (Small),"2,211,060"
FNF,Fidelity National Financial Inc,Financials,Insurance,Property & Casualty Insurance,NYS,$13B (Mid),"2,078,330"
FOA,Finance of America Companies Inc,Financials,Financial Services,Commercial & Residential Mortgage Finance,NYS,$176M (Micro),"73,390"
FOR,Forestar Group Inc,Real Estate,Real Estate Management & Development,Real Estate Development,NYS,$1B (Micro),"134,470"
FOUR,Shift4 Payments Inc,Financials,Financial Services,Transaction & Payment Processing Services,NYS,$4B (Small),"4,027,710"
FPH,Five Point Holdings LLC,Real Estate,Real Estate Management & Development,Diversified Real Estate Activities,NYS,$372M (Micro),"195,360"
FPI,Farmland Partners Inc,Real Estate,Specialized REITs,Other Specialized REITs,NYS,$548M (Micro),"592,160"
FPS,"Forgent Power Solutions, Inc",Industrials,Electrical Equipment,Heavy Electrical Equipment,NYS,$11B (Mid),"2,391,590"
FR,First Industrial Realty Trust Inc,Real Estate,Industrial REITs,Industrial REITs,NYS,$8B (Mid),"1,008,800"
FRO,Frontline Plc,Energy,"Oil, Gas & Consumable Fuels",Oil & Gas Storage & Transportation,NYS,$7B (Small),"6,545,730"
FRT,Federal Realty Investment Trust,Real Estate,Retail REITs,Retail REITs,NYS,$9B (Mid),"789,560"
FSK,FS KKR Capital Corp,Financials,Capital Markets,Asset Management & Custody Banks,NYS,$3B (Small),"7,382,390"
FSP,Franklin Street Properties Corp,Real Estate,Office REITs,Office REITs,NYS,$65M (Micro),"659,320"
FSS,Federal Signal Corp,Industrials,Machinery,Construction Machinery & Heavy Transportation Equipment,NYS,$7B (Small),"575,630"
FTI,TechnipFMC PLC,Energy,Energy Equipment & Services,Oil & Gas Equipment & Services,NYS,$26B (Mid),"4,463,290"
FTK,Flotek Industries Inc,Materials,Chemicals,Specialty Chemicals,NYS,$520M (Micro),"289,100"
FTV,Fortive Corp,Industrials,Machinery,Industrial Machinery & Supplies & Components,NYS,$17B (Mid),"3,495,420"
FUBO,FuboTV Inc,Communication Services,Interactive Media & Services,Interactive Media & Services,NYS,$2B (Micro),"11,591,580"
FUL,H.B. Fuller Company,Materials,Chemicals,Specialty Chemicals,NYS,$3B (Small),"493,720"
FUN,Six Flags Entertainment Corp,Consumer Discretionary,"Hotels, Restaurants & Leisure",Leisure Facilities,NYS,$2B (Micro),"1,786,850"
FVR,FrontView REIT Inc,Real Estate,Retail REITs,Retail REITs,NYS,$360M (Micro),"152,590"
FVRR,Fiverr International Ltd,Industrials,Professional Services,Human Resource & Employment Services,NYS,$400M (Micro),"1,362,970"
G,Genpact Ltd,Industrials,Professional Services,Data Processing & Outsourced Services,NYS,$7B (Small),"2,068,370"
GAP,Gap Inc,Consumer Discretionary,Specialty Retail,Apparel Retail,NYS,$9B (Mid),"10,366,130"
GATX,GATX Corp,Industrials,Trading Companies & Distributors,Trading Companies & Distributors,NYS,$6B (Small),"188,790"
GBCI,Glacier Bancorp Inc,Financials,Banks,Regional Banks,NYS,$6B (Small),"1,269,050"
GBR,New Concept Energy Inc,Real Estate,Real Estate Management & Development,Real Estate Operating Companies,NYS,$5M (Micro),"3,995,470"
GBTG,Global Business Travel Group Inc,Consumer Discretionary,"Hotels, Restaurants & Leisure","Hotels, Resorts & Cruise Lines",NYS,$3B (Small),"2,017,350"
GBX,Greenbrier Companies Inc,Industrials,Machinery,Construction Machinery & Heavy Transportation Equipment,NYS,$2B (Micro),"269,290"
GCO,Genesco Inc,Consumer Discretionary,Specialty Retail,Apparel Retail,NYS,$278M (Micro),"286,080"
GCTS,GCT Semiconductor Holding Inc,Information Technology,Semiconductors & Semiconductor Equipment,Semiconductors,NYS,$83M (Micro),"1,987,400"
GD,General Dynamics Corp,Industrials,Aerospace & Defense,Aerospace & Defense,NYS,$96B (Large),"1,313,070"
GDDY,GoDaddy Inc,Information Technology,IT Services,Internet Services & Infrastructure,NYS,$12B (Mid),"3,604,700"
GDOT,Green Dot Corp,Financials,Consumer Finance,Consumer Finance,NYS,$635M (Micro),"405,060"
GE,GE Aerospace,Industrials,Aerospace & Defense,Aerospace & Defense,NYS,$341B (Large),"4,999,600"
GEF,Greif Inc,Materials,Containers & Packaging,"Metal, Glass & Plastic Containers",NYS,$2B (Micro),"192,900"
GEL,Genesis Energy LP,Energy,"Oil, Gas & Consumable Fuels",Oil & Gas Storage & Transportation,NYS,$2B (Small),"214,310"
GENI,Genius Sports Ltd,Consumer Discretionary,"Hotels, Restaurants & Leisure",Casinos & Gaming,NYS,$1B (Micro),"6,637,610"
GEO,Geo Group Inc,Industrials,Commercial Services & Supplies,Security & Alarm Services,NYS,$2B (Micro),"3,242,810"
GETY,Getty Images Holdings Inc,Communication Services,Interactive Media & Services,Interactive Media & Services,NYS,$314M (Micro),"3,130,680"
GEV,GE Vernova Inc,Industrials,Electrical Equipment,Heavy Electrical Equipment,NYS,$228B (Large),"2,650,250"
GFF,Griffon Corp,Industrials,Building Products,Building Products,NYS,$3B (Small),"319,980"
GFI,Gold Fields Ltd,Materials,Metals & Mining,Gold,NYS,$45B (Large),"3,368,580"
GGG,Graco Inc,Industrials,Machinery,Industrial Machinery & Supplies & Components,NYS,$15B (Mid),"963,600"
GHI,Greystone Housing Impact Investors LP,Financials,Financial Services,Commercial & Residential Mortgage Finance,NYS,$173M (Micro),"52,860"
GHM,Graham Corp,Industrials,Machinery,Industrial Machinery & Supplies & Components,NYS,$945M (Micro),"114,050"
GIB,CGI Inc,Information Technology,IT Services,IT Consulting & Other Services,NYS,$16B (Mid),"492,660"
GIC,Global Industrial Co,Industrials,Trading Companies & Distributors,Trading Companies & Distributors,NYS,$1B (Micro),"132,280"
GIL,Gildan Activewear Inc,Consumer Discretionary,"Textiles, Apparel & Luxury Goods","Apparel, Accessories & Luxury Goods",NYS,$11B (Mid),"2,412,300"
GIS,General Mills Inc,Consumer Staples,Food Products,Packaged Foods & Meats,NYS,$22B (Mid),"7,191,150"
GKOS,Glaukos Corp,Health Care,Health Care Equipment & Supplies,Health Care Equipment,NYS,$6B (Small),"700,010"
GL,Globe Life Inc,Financials,Insurance,Life & Health Insurance,NYS,$11B (Mid),"514,390"
GLOB,Globant SA,Information Technology,IT Services,IT Consulting & Other Services,NYS,$2B (Micro),"1,929,560"
GLW,Corning Inc,Information Technology,"Electronic Equipment, Instruments & Components",Electronic Components,NYS,$113B (Large),"16,317,370"
GM,General Motors Co,Consumer Discretionary,Automobiles,Automobile Manufacturers,NYS,$68B (Large),"9,037,480"
GME,GameStop Corp,Consumer Discretionary,Specialty Retail,Computer & Electronics Retail,NYS,$11B (Mid),"4,968,450"
GMED,Globus Medical Inc,Health Care,Health Care Equipment & Supplies,Health Care Equipment,NYS,$12B (Mid),"1,099,840"
GNE,Genie Energy Ltd,Utilities,Electric Utilities,Electric Utilities,NYS,$372M (Micro),"58,200"
GNK,Genco Shipping & Trading Ltd,Industrials,Marine Transportation,Marine Transportation,NYS,$911M (Micro),"667,590"
GNL,Global Net Lease Inc,Real Estate,Diversified REITs,Diversified REITs,NYS,$2B (Micro),"2,502,160"
GNRC,Generac Holdings Inc,Industrials,Electrical Equipment,Electrical Components & Equipment,NYS,$12B (Mid),"957,010"
GNS,Genius Group Ltd,Consumer Discretionary,Diversified Consumer Services,Education Services,NYS,$59M (Micro),"916,750"
GNW,Genworth Financial Inc,Financials,Insurance,Life & Health Insurance,NYS,$3B (Small),"3,823,550"
GOLD,Gold.com Inc,Consumer Discretionary,Distributors,Distributors,NYS,$1B (Micro),"658,130"
GOLF,Acushnet Holdings Corp,Consumer Discretionary,Leisure Products,Leisure Products,NYS,$6B (Small),"479,300"
GORO,Gold Resource Corp,Materials,Metals & Mining,Gold,NYS,$233M (Micro),"1,952,720"
GOTU,Gaotu Techedu Inc,Consumer Discretionary,Diversified Consumer Services,Education Services,NYS,$516M (Micro),"523,100"
GPC,Genuine Parts Co,Consumer Discretionary,Distributors,Distributors,NYS,$15B (Mid),"1,423,450"
GPGI,GPGI Inc,Information Technology,"Technology Hardware, Storage & Peripherals","Technology Hardware, Storage & Peripherals",NYS,$6B (Small),"4,301,600"
GPI,Group 1 Automotive Inc,Consumer Discretionary,Specialty Retail,Automotive Retail,NYS,$4B (Small),"164,810"
GPK,Graphic Packaging Holding Co,Materials,Containers & Packaging,Paper & Plastic Packaging Products & Materials,NYS,$3B (Small),"6,102,910"
GPMT,Granite Point Mortgage Trust Inc,Financials,Mortgage Real Estate Investment Trusts (REITs),Mortgage REITs,NYS,$78M (Micro),"142,990"
GPN,Global Payments Inc,Financials,Financial Services,Transaction & Payment Processing Services,NYS,$20B (Mid),"4,093,270"
GPOR,Gulfport Energy Corp,Energy,"Oil, Gas & Consumable Fuels",Oil & Gas Exploration & Production,NYS,$4B (Small),"451,550"
GPRK,GeoPark Ltd,Energy,"Oil, Gas & Consumable Fuels",Oil & Gas Exploration & Production,NYS,$450M (Micro),"978,530"
GPUS,Hyperscale Data Inc,Industrials,Industrial Conglomerates,Industrial Conglomerates,NYS,$69M (Micro),"10,683,940"
GRBK,Green Brick Partners Inc,Consumer Discretionary,Household Durables,Homebuilding,NYS,$3B (Small),"247,860"
GRC,Gorman-Rupp Co,Industrials,Machinery,Industrial Machinery & Supplies & Components,NYS,$2B (Micro),"115,800"
GRDN,Guardian Pharmacy Services Inc,Health Care,Health Care Providers & Services,Health Care Services,NYS,$2B (Micro),"228,130"
GRMN,Garmin Ltd,Consumer Discretionary,Household Durables,Consumer Electronics,NYS,$45B (Large),"1,028,390"
GRND,Grindr Inc,Communication Services,Interactive Media & Services,Interactive Media & Services,NYS,$2B (Small),"1,776,300"
GRNT,Granite Ridge Resources Inc,Energy,"Oil, Gas & Consumable Fuels",Oil & Gas Exploration & Production,NYS,$667M (Micro),"906,500"
GROV,Grove Collaborative Holdings Inc,Consumer Discretionary,Specialty Retail,Other Specialty Retail,NYS,$53M (Micro),"119,230"
GROY,Gold Royalty Corp,Materials,Metals & Mining,Gold,NYS,$955M (Micro),"2,689,190"
GS,Goldman Sachs Group Inc,Financials,Capital Markets,Investment Banking & Brokerage,NYS,$244B (Large),"2,897,350"
GSBD,Goldman Sachs BDC Inc,Financials,Capital Markets,Asset Management & Custody Banks,NYS,$1B (Micro),"1,756,280"
GSK,GSK plc,Health Care,Pharmaceuticals,Pharmaceuticals,NYS,$112B (Large),"5,214,320"
GSL,Global Ship Lease Inc,Industrials,Marine Transportation,Marine Transportation,NYS,$1B (Micro),"560,360"
GTE,Gran Tierra Energy Inc,Energy,"Oil, Gas & Consumable Fuels",Oil & Gas Exploration & Production,NYS,$275M (Micro),"1,134,050"
GTES,Gates Industrial Corporation PLC,Industrials,Machinery,Industrial Machinery & Supplies & Components,NYS,$6B (Small),"2,337,130"
GTLS,Chart Industries Inc,Industrials,Machinery,Industrial Machinery & Supplies & Components,NYS,$10B (Mid),"2,194,060"
GTN,Gray Media Inc,Communication Services,Media,Broadcasting,NYS,$470M (Micro),"1,999,320"
GTY,Getty Realty Corp,Real Estate,Retail REITs,Retail REITs,NYS,$2B (Micro),"561,930"
GVA,Granite Construction Inc,Industrials,Construction & Engineering,Construction & Engineering,NYS,$5B (Small),"713,780"
GWH,ESS Tech Inc,Industrials,Electrical Equipment,Electrical Components & Equipment,NYS,$36M (Micro),"1,152,490"
GWRE,Guidewire Software Inc,Information Technology,Software,Application Software,NYS,$13B (Mid),"2,570,550"
GWW,WW Grainger Inc,Industrials,Trading Companies & Distributors,Trading Companies & Distributors,NYS,$53B (Large),"274,300"
GXO,GXO Logistics Inc,Industrials,Air Freight & Logistics,Air Freight & Logistics,NYS,$6B (Small),"1,348,490"
H,Hyatt Hotels Corp,Consumer Discretionary,"Hotels, Restaurants & Leisure","Hotels, Resorts & Cruise Lines",NYS,$14B (Mid),"1,121,550"
HAE,Haemonetics Corp,Health Care,Health Care Equipment & Supplies,Health Care Supplies,NYS,$3B (Small),"754,670"
HAL,Halliburton Co,Energy,Energy Equipment & Services,Oil & Gas Equipment & Services,NYS,$30B (Mid),"15,527,180"
HASI,HA Sustainable Infrastructure Capital Inc,Financials,Financial Services,Specialized Finance,NYS,$5B (Small),"886,660"
HAYW,Hayward Holdings Inc,Industrials,Building Products,Building Products,NYS,$3B (Small),"2,977,800"
HCA,HCA Healthcare Inc,Health Care,Health Care Providers & Services,Health Care Facilities,NYS,$120B (Large),"1,099,310"
HCC,Warrior Met Coal Inc,Materials,Metals & Mining,Steel,NYS,$4B (Small),"1,006,610"
HCI,Hci Group Inc,Financials,Insurance,Property & Casualty Insurance,NYS,$2B (Micro),"144,280"
HCWC,Healthy Choice Wellness Corp,Consumer Staples,Consumer Staples Distribution & Retail,Food Retail,NYS,$4M (Micro),"5,150,020"
HD,Home Depot Inc,Consumer Discretionary,Specialty Retail,Home Improvement Retail,NYS,$349B (Large),"4,270,740"
HDB,HDFC Bank Ltd,Financials,Banks,Diversified Banks,NYS,$146B (Large),"7,181,400"
HE,Hawaiian Electric Industries Inc,Utilities,Electric Utilities,Electric Utilities,NYS,$3B (Small),"2,704,270"
HEI,HEICO Corp,Industrials,Aerospace & Defense,Aerospace & Defense,NYS,$17B (Mid),"1,159,610"
HESM,Hess Midstream LP,Energy,"Oil, Gas & Consumable Fuels",Oil & Gas Storage & Transportation,NYS,$8B (Mid),"1,560,280"
HG,Hamilton Insurance Group Ltd,Financials,Insurance,Property & Casualty Insurance,NYS,$3B (Small),"638,290"
HGTY,Hagerty Inc,Financials,Insurance,Insurance Brokers,NYS,$3B (Small),"214,450"
HGV,Hilton Grand Vacations Inc,Consumer Discretionary,"Hotels, Restaurants & Leisure","Hotels, Resorts & Cruise Lines",NYS,$4B (Small),"907,290"
HHH,Howard Hughes Holdings Inc,Real Estate,Real Estate Management & Development,Real Estate Development,NYS,$4B (Small),"607,840"
HIG,Hartford Insurance Group Inc,Financials,Insurance,Property & Casualty Insurance,NYS,$37B (Mid),"1,648,590"
HII,Huntington Ingalls Industries Inc,Industrials,Aerospace & Defense,Aerospace & Defense,NYS,$16B (Mid),"453,580"
HIMS,Hims & Hers Health Inc,Health Care,Health Care Providers & Services,Health Care Services,NYS,$6B (Small),"50,571,660"
HIPO,Hippo Holdings Inc,Financials,Insurance,Insurance Brokers,NYS,$668M (Micro),"159,530"
HIW,Highwoods Properties Inc,Real Estate,Office REITs,Office REITs,NYS,$2B (Small),"1,670,800"
HKD,AMTD Digital Inc,Information Technology,Software,Application Software,NYS,$528M (Micro),"2,545,360"
HL,Hecla Mining Co,Materials,Metals & Mining,Silver,NYS,$14B (Mid),"20,608,690"
HLF,Herbalife Ltd,Consumer Staples,Personal Care Products,Personal Care Products,NYS,$2B (Micro),"1,713,940"
HLI,Houlihan Lokey Inc,Financials,Capital Markets,Investment Banking & Brokerage,NYS,$10B (Mid),"553,220"
HLIO,Helios Technologies Inc,Industrials,Machinery,Industrial Machinery & Supplies & Components,NYS,$2B (Small),"434,510"
HLN,Haleon PLC,Health Care,Pharmaceuticals,Pharmaceuticals,NYS,$45B (Large),"8,885,590"
HLT,Hilton Worldwide Holdings Inc,Consumer Discretionary,"Hotels, Restaurants & Leisure","Hotels, Resorts & Cruise Lines",NYS,$68B (Large),"2,136,400"
HLX,Helix Energy Solutions Group Inc,Energy,Energy Equipment & Services,Oil & Gas Equipment & Services,NYS,$1B (Micro),"2,344,400"
HMC,Honda Motor Co Ltd,Consumer Discretionary,Automobiles,Automobile Manufacturers,NYS,$36B (Mid),"1,520,930"
HMN,Horace Mann Educators Corp,Financials,Insurance,Multi-line Insurance,NYS,$2B (Micro),"262,870"
HMY,Harmony Gold Mining Company Ltd,Materials,Metals & Mining,Gold,NYS,$11B (Mid),"4,369,020"
HNGE,Hinge Health Inc,Health Care,Health Care Providers & Services,Health Care Services,NYS,$4B (Small),"1,386,880"
HNI,HNI Corp,Industrials,Commercial Services & Supplies,Office Services & Supplies,NYS,$3B (Small),"1,053,710"
HOG,Harley-Davidson Inc,Consumer Discretionary,Automobiles,Motorcycle Manufacturers,NYS,$2B (Micro),"4,306,870"
HOMB,Home BancShares Inc,Financials,Banks,Regional Banks,NYS,$5B (Small),"1,678,930"
HOV,Hovnanian Enterprises Inc,Consumer Discretionary,Household Durables,Homebuilding,NYS,$552M (Micro),"89,880"
HP,Helmerich and Payne Inc,Energy,Energy Equipment & Services,Oil & Gas Drilling,NYS,$3B (Small),"1,446,070"
HPE,Hewlett Packard Enterprise Co,Information Technology,"Technology Hardware, Storage & Peripherals","Technology Hardware, Storage & Peripherals",NYS,$28B (Mid),"20,591,710"
HPP,Hudson Pacific Properties Inc,Real Estate,Office REITs,Office REITs,NYS,$336M (Micro),"1,572,030"
HPQ,HP Inc,Information Technology,"Technology Hardware, Storage & Peripherals","Technology Hardware, Storage & Peripherals",NYS,$17B (Mid),"21,518,920"
HR,Healthcare Realty Trust Inc,Real Estate,Health Care REITs,Health Care REITs,NYS,$6B (Small),"3,114,450"
HRB,H & R Block Inc,Consumer Discretionary,Diversified Consumer Services,Specialized Consumer Services,NYS,$4B (Small),"2,401,900"
HRI,Herc Holdings Inc,Industrials,Trading Companies & Distributors,Trading Companies & Distributors,NYS,$4B (Small),"736,050"
HRL,Hormel Foods Corp,Consumer Staples,Food Products,Packaged Foods & Meats,NYS,$13B (Mid),"4,738,940"
HRTG,Heritage Insurance Holdings Inc,Financials,Insurance,Property & Casualty Insurance,NYS,$826M (Micro),"366,130"
HSBC,HSBC Holdings PLC,Financials,Banks,Diversified Banks,NYS,$295B (Large),"2,460,450"
HSY,Hershey Co,Consumer Staples,Food Products,Packaged Foods & Meats,NYS,$44B (Large),"1,562,500"
HTB,HomeTrust Bancshares Inc,Financials,Banks,Regional Banks,NYS,$725M (Micro),"77,250"
HTGC,Hercules Capital Inc,Financials,Capital Markets,Asset Management & Custody Banks,NYS,$3B (Small),"4,464,500"
HTH,Hilltop Holdings Inc,Financials,Banks,Regional Banks,NYS,$2B (Micro),"363,940"
HTT,High Templar Tech Ltd,Financials,Consumer Finance,Consumer Finance,NYS,$456M (Micro),"121,440"
HUBB,Hubbell Inc,Industrials,Electrical Equipment,Electrical Components & Equipment,NYS,$25B (Mid),"567,890"
HUBS,HubSpot Inc,Information Technology,Software,Application Software,NYS,$14B (Mid),"1,867,160"
HUM,Humana Inc,Health Care,Health Care Providers & Services,Managed Health Care,NYS,$21B (Mid),"1,662,550"
HUN,Huntsman Corp,Materials,Chemicals,Diversified Chemicals,NYS,$2B (Micro),"8,314,090"
HVT,Haverty Furniture Companies Inc,Consumer Discretionary,Specialty Retail,Homefurnishing Retail,NYS,$326M (Micro),"99,330"
HWM,Howmet Aerospace Inc,Industrials,Aerospace & Defense,Aerospace & Defense,NYS,$101B (Large),"2,300,330"
HXL,Hexcel Corp,Industrials,Aerospace & Defense,Aerospace & Defense,NYS,$6B (Small),"1,356,620"
HY,Hyster-Yale Inc,Industrials,Machinery,Industrial Machinery & Supplies & Components,NYS,$580M (Micro),"132,280"
HYLN,Hyliion Holdings Corp,Industrials,Electrical Equipment,Electrical Components & Equipment,NYS,$368M (Micro),"1,196,420"
HZO,MarineMax Inc,Consumer Discretionary,Specialty Retail,Other Specialty Retail,NYS,$599M (Micro),"600,270"
IAG,IAMGOLD Corp,Materials,Metals & Mining,Gold,NYS,$13B (Mid),"7,581,560"
IBM,International Business Machines Corp,Information Technology,IT Services,IT Consulting & Other Services,NYS,$233B (Large),"6,901,950"
IBN,ICICI Bank Ltd,Financials,Banks,Diversified Banks,NYS,$98B (Large),"5,094,700"
IBO,Impact Biomedical Inc,Health Care,Pharmaceuticals,Pharmaceuticals,NYS,$58M (Micro),"25,575,460"
IBP,Installed Building Products Inc,Consumer Discretionary,Household Durables,Homebuilding,NYS,$8B (Small),"423,680"
IBTA,Ibotta Inc,Communication Services,Media,Advertising,NYS,$533M (Micro),"527,420"
ICE,Intercontinental Exchange Inc,Financials,Capital Markets,Financial Exchanges & Data,NYS,$89B (Large),"4,076,120"
IDA,Idacorp Inc,Utilities,Electric Utilities,Electric Utilities,NYS,$8B (Mid),"400,040"
IDR,Idaho Strategic Resources Inc,Materials,Metals & Mining,Diversified Metals & Mining,NYS,$596M (Micro),"264,890"
IDT,IDT Corp,Communication Services,Diversified Telecommunication Services,Integrated Telecommunication Services,NYS,$1B (Micro),"149,610"
IE,Ivanhoe Electric Inc,Materials,Metals & Mining,Diversified Metals & Mining,NYS,$2B (Small),"1,843,760"
IEX,IDEX Corp,Industrials,Machinery,Industrial Machinery & Supplies & Components,NYS,$14B (Mid),"594,730"
IFF,International Flavors & Fragrances Inc,Materials,Chemicals,Specialty Chemicals,NYS,$18B (Mid),"1,753,410"
IFS,Intercorp Financial Services Inc,Financials,Banks,Diversified Banks,NYS,$5B (Small),"273,810"
IGC,IGC Pharma Inc,Health Care,Pharmaceuticals,Pharmaceuticals,NYS,$28M (Micro),"372,030"
IHG,InterContinental Hotels Group PLC,Consumer Discretionary,"Hotels, Restaurants & Leisure","Hotels, Resorts & Cruise Lines",NYS,$20B (Mid),"418,260"
IHS,IHS Holding Ltd,Communication Services,Diversified Telecommunication Services,Integrated Telecommunication Services,NYS,$3B (Small),"3,359,770"
IIIN,Insteel Industries Inc,Industrials,Building Products,Building Products,NYS,$636M (Micro),"96,150"
IIPR,Innovative Industrial Properties Inc,Real Estate,Industrial REITs,Industrial REITs,NYS,$2B (Micro),"388,330"
IMAX,Imax Corp,Communication Services,Entertainment,Movies & Entertainment,NYS,$2B (Small),"1,350,490"
IMO,Imperial Oil Ltd,Energy,"Oil, Gas & Consumable Fuels",Integrated Oil & Gas,NYS,$58B (Large),"1,110,020"
INDO,Indonesia Energy Corp Ltd,Energy,"Oil, Gas & Consumable Fuels",Oil & Gas Exploration & Production,NYS,$71M (Micro),"9,320,980"
INFQ,"Infleqtion, Inc",Information Technology,"Technology Hardware, Storage & Peripherals","Technology Hardware, Storage & Peripherals",NYS,$2B (Small),"3,113,950"
INFU,InfuSystem Holdings Inc,Health Care,Health Care Providers & Services,Health Care Services,NYS,$194M (Micro),"153,980"
INFY,Infosys Ltd,Information Technology,IT Services,IT Consulting & Other Services,NYS,$56B (Large),"16,888,280"
ING,ING Groep NV,Financials,Banks,Diversified Banks,NYS,$79B (Large),"3,316,460"
INGM,Ingram Micro Holding Corp,Information Technology,"Electronic Equipment, Instruments & Components",Technology Distributors,NYS,$5B (Small),"1,917,170"
INGR,Ingredion Inc,Consumer Staples,Food Products,Agricultural Products & Services,NYS,$7B (Small),"586,890"
INN,Summit Hotel Properties Inc,Real Estate,Hotel & Resort REITs,Hotel & Resort REITs,NYS,$447M (Micro),"1,484,450"
INR,Infinity Natural Resources Inc,Energy,"Oil, Gas & Consumable Fuels",Oil & Gas Exploration & Production,NYS,$1B (Micro),"235,810"
INSP,Inspire Medical Systems Inc,Health Care,Health Care Equipment & Supplies,Health Care Equipment,NYS,$2B (Micro),"1,432,870"
INSW,International Seaways Inc,Energy,"Oil, Gas & Consumable Fuels",Oil & Gas Storage & Transportation,NYS,$3B (Small),"937,700"
INTT,inTest Corp,Information Technology,Semiconductors & Semiconductor Equipment,Semiconductor Materials & Equipment,NYS,$183M (Micro),"215,720"
INUV,Inuvo Inc,Information Technology,Software,Application Software,NYS,$41M (Micro),"680,110"
INVH,Invitation Homes Inc,Real Estate,Residential REITs,Single-Family Residential REITs,NYS,$15B (Mid),"7,166,350"
INVX,Innovex International Inc,Energy,Energy Equipment & Services,Oil & Gas Equipment & Services,NYS,$2B (Micro),"1,168,040"
IONQ,IONQ Inc,Information Technology,"Technology Hardware, Storage & Peripherals","Technology Hardware, Storage & Peripherals",NYS,$13B (Mid),"28,803,440"
IOT,Samsara Inc,Information Technology,Software,Application Software,NYS,$19B (Mid),"12,145,930"
IP,International Paper Co,Materials,Containers & Packaging,Paper & Plastic Packaging Products & Materials,NYS,$20B (Mid),"6,140,490"
IPI,Intrepid Potash Inc,Materials,Chemicals,Fertilizers & Agricultural Chemicals,NYS,$592M (Micro),"420,650"
IQV,IQVIA Holdings Inc,Health Care,Life Sciences Tools & Services,Life Sciences Tools & Services,NYS,$29B (Mid),"2,514,650"
IR,Ingersoll Rand Inc,Industrials,Machinery,Industrial Machinery & Supplies & Components,NYS,$33B (Mid),"3,048,600"
IRM,Iron Mountain Inc,Real Estate,Specialized REITs,Other Specialized REITs,NYS,$32B (Mid),"1,649,270"
IRS,IRSA Inversiones y Representaciones SA,Real Estate,Real Estate Management & Development,Real Estate Operating Companies,NYS,$1B (Micro),"181,890"
IRT,Independence Realty Trust Inc,Real Estate,Residential REITs,Multi-Family Residential REITs,NYS,$4B (Small),"2,644,570"
IT,Gartner Inc,Information Technology,IT Services,IT Consulting & Other Services,NYS,$11B (Mid),"1,660,210"
ITGR,Integer Holdings Corp,Health Care,Health Care Equipment & Supplies,Health Care Equipment,NYS,$3B (Small),"755,320"
ITP,IT Tech Packaging Inc,Materials,Paper & Forest Products,Paper Products,NYS,$3M (Micro),"239,400"
ITT,ITT Inc,Industrials,Machinery,Industrial Machinery & Supplies & Components,NYS,$17B (Mid),"1,005,810"
ITUB,Itau Unibanco Holding SA,Financials,Banks,Diversified Banks,NYS,$46B (Large),"30,633,970"
ITW,Illinois Tool Works Inc,Industrials,Machinery,Industrial Machinery & Supplies & Components,NYS,$78B (Large),"1,494,540"
IVR,Invesco Mortgage Capital Inc,Financials,Mortgage Real Estate Investment Trusts (REITs),Mortgage REITs,NYS,$692M (Micro),"2,593,910"
IVT,Inventrust Properties Corp,Real Estate,Retail REITs,Retail REITs,NYS,$2B (Small),"559,980"
IVZ,Invesco Ltd,Financials,Capital Markets,Asset Management & Custody Banks,NYS,$11B (Mid),"5,651,940"
IX,ORIX Corp,Financials,Financial Services,Diversified Financial Services,NYS,$35B (Mid),"669,650"
J,Jacobs Solutions Inc,Industrials,Professional Services,Research & Consulting Services,NYS,$16B (Mid),"762,860"
JAGU,Jaguar Uranium Corp,Energy,"Oil, Gas & Consumable Fuels",Coal & Consumable Fuels,NYS,$34M (Micro),"540,030"
JBGS,JBG SMITH Properties,Real Estate,Office REITs,Office REITs,NYS,$863M (Micro),"580,020"
JBI,Janus International Group Inc,Industrials,Building Products,Building Products,NYS,$772M (Micro),"2,039,520"
JBL,Jabil Inc,Information Technology,"Electronic Equipment, Instruments & Components",Electronic Manufacturing Services,NYS,$27B (Mid),"1,236,660"
JBS,Jbs NV,Consumer Staples,Food Products,Packaged Foods & Meats,NYS,$17B (Mid),"5,721,180"
JBTM,JBT Marel Corp,Industrials,Machinery,Industrial Machinery & Supplies & Components,NYS,$7B (Small),"803,840"
JCI,Johnson Controls International PLC,Industrials,Building Products,Building Products,NYS,$83B (Large),"4,587,770"
JEF,Jefferies Financial Group Inc,Financials,Capital Markets,Investment Banking & Brokerage,NYS,$8B (Mid),"4,656,560"
JELD,JELD-WEN Holding Inc,Industrials,Building Products,Building Products,NYS,$133M (Micro),"1,750,690"
JHG,Janus Henderson Group PLC,Financials,Capital Markets,Asset Management & Custody Banks,NYS,$8B (Mid),"3,574,220"
JHX,James Hardie Industries PLC,Materials,Construction Materials,Construction Materials,NYS,$12B (Mid),"5,718,890"
JKS,JinkoSolar Holding Co Ltd,Information Technology,Semiconductors & Semiconductor Equipment,Semiconductors,NYS,$3B (Small),"561,270"
JLL,Jones Lang LaSalle Inc,Real Estate,Real Estate Management & Development,Real Estate Services,NYS,$14B (Mid),"436,460"
JMIA,Jumia Technologies AG,Consumer Discretionary,Broadline Retail,Broadline Retail,NYS,$969M (Micro),"1,589,640"
JNJ,Johnson & Johnson,Health Care,Pharmaceuticals,Pharmaceuticals,NYS,$586B (Large),"8,390,180"
JOB,GEE Group Inc,Industrials,Professional Services,Human Resource & Employment Services,NYS,$26M (Micro),"3,176,410"
JOBY,Joby Aviation Inc,Industrials,Passenger Airlines,Passenger Airlines,NYS,$10B (Mid),"27,770,070"
JOE,St Joe Co,Real Estate,Real Estate Management & Development,Diversified Real Estate Activities,NYS,$4B (Small),"244,890"
JPM,JPMorgan Chase & Co,Financials,Banks,Diversified Banks,NYS,$775B (Large),"10,738,190"
JXN,Jackson Financial Inc,Financials,Financial Services,Diversified Financial Services,NYS,$8B (Small),"693,710"
KAI,Kadant Inc,Industrials,Machinery,Industrial Machinery & Supplies & Components,NYS,$4B (Small),"160,270"
KAPA,Kairos Pharma Ltd,Health Care,Biotechnology,Biotechnology,NYS,$13M (Micro),"2,564,830"
KB,KB Financial Group Inc,Financials,Banks,Diversified Banks,NYS,$37B (Mid),"407,700"
KBDC,Kayne Anderson BDC Inc,Financials,Capital Markets,Asset Management & Custody Banks,NYS,$930M (Micro),"510,870"
KBH,KB Home,Consumer Discretionary,Household Durables,Homebuilding,NYS,$3B (Small),"856,480"
KBR,KBR Inc,Industrials,Professional Services,Research & Consulting Services,NYS,$5B (Small),"1,940,060"
KD,Kyndryl Holdings Inc,Information Technology,IT Services,IT Consulting & Other Services,NYS,$3B (Small),"3,854,450"
KEP,Korea Electric Power Corp,Utilities,Electric Utilities,Electric Utilities,NYS,$21B (Mid),"1,051,000"
KEX,Kirby Corp,Industrials,Marine Transportation,Marine Transportation,NYS,$7B (Small),"581,040"
KEY,KeyCorp,Financials,Banks,Diversified Banks,NYS,$21B (Mid),"16,575,380"
KEYS,Keysight Technologies Inc,Information Technology,"Electronic Equipment, Instruments & Components",Electronic Equipment & Instruments,NYS,$49B (Large),"2,180,540"
KFRC,Kforce Inc,Industrials,Professional Services,Human Resource & Employment Services,NYS,$478M (Micro),"303,980"
KFS,Kingsway Financial Services Inc,Financials,Insurance,Property & Casualty Insurance,NYS,$319M (Micro),"70,420"
KFY,Korn Ferry,Industrials,Professional Services,Human Resource & Employment Services,NYS,$3B (Small),"676,030"
KGC,Kinross Gold Corp,Materials,Metals & Mining,Gold,NYS,$39B (Mid),"10,909,230"
KGS,Kodiak Gas Services Inc,Energy,Energy Equipment & Services,Oil & Gas Equipment & Services,NYS,$5B (Small),"1,850,850"
KIM,Kimco Realty Corp,Real Estate,Retail REITs,Retail REITs,NYS,$16B (Mid),"7,045,740"
KKR,KKR & Co Inc,Financials,Capital Markets,Asset Management & Custody Banks,NYS,$78B (Large),"11,121,630"
KLAR,Klarna Group PLC,Financials,Financial Services,Transaction & Payment Processing Services,NYS,$6B (Small),"7,500,150"
KMI,Kinder Morgan Inc,Energy,"Oil, Gas & Consumable Fuels",Oil & Gas Storage & Transportation,NYS,$74B (Large),"13,678,630"
KMPR,Kemper Corp,Financials,Insurance,Property & Casualty Insurance,NYS,$2B (Micro),"864,650"
KMT,Kennametal Inc,Industrials,Machinery,Industrial Machinery & Supplies & Components,NYS,$3B (Small),"1,637,040"
KMX,Carmax Inc,Consumer Discretionary,Specialty Retail,Automotive Retail,NYS,$6B (Small),"3,085,100"
KN,Knowles Corp,Information Technology,"Electronic Equipment, Instruments & Components",Electronic Components,NYS,$2B (Small),"655,780"
KNF,Knife River Corp,Materials,Construction Materials,Construction Materials,NYS,$5B (Small),"475,220"
KNOP,Knot Offshore Partners LP,Energy,"Oil, Gas & Consumable Fuels",Oil & Gas Storage & Transportation,NYS,$358M (Micro),"72,300"
KNRX,Knorex Ltd,Communication Services,Interactive Media & Services,Interactive Media & Services,NYS,$43M (Micro),"282,480"
KNSL,Kinsale Capital Group Inc,Financials,Insurance,Property & Casualty Insurance,NYS,$8B (Mid),"228,030"
KNTK,Kinetik Holdings Inc,Energy,"Oil, Gas & Consumable Fuels",Oil & Gas Storage & Transportation,NYS,$7B (Small),"1,932,770"
KNX,Knight-Swift Transportation Holdings Inc,Industrials,Ground Transportation,Cargo Ground Transportation,NYS,$9B (Mid),"2,944,260"
KO,Coca-Cola Co,Consumer Staples,Beverages,Soft Drinks & Non-alcoholic Beverages,NYS,$334B (Large),"19,359,150"
KODK,Eastman Kodak Co,Information Technology,"Technology Hardware, Storage & Peripherals","Technology Hardware, Storage & Peripherals",NYS,$670M (Micro),"623,420"
KOF,Coca-Cola Femsa SAB de CV,Consumer Staples,Beverages,Soft Drinks & Non-alcoholic Beverages,NYS,$5B (Small),"198,900"
KOP,Koppers Holdings Inc,Materials,Chemicals,Commodity Chemicals,NYS,$732M (Micro),"284,600"
KORE,KORE Group Holdings Inc,Communication Services,Wireless Telecommunication Services,Wireless Telecommunication Services,NYS,$157M (Micro),"418,060"
KOS,Kosmos Energy Ltd,Energy,"Oil, Gas & Consumable Fuels",Oil & Gas Exploration & Production,NYS,$967M (Micro),"29,708,060"
KR,Kroger Co,Consumer Staples,Consumer Staples Distribution & Retail,Food Retail,NYS,$48B (Large),"7,957,580"
KRC,Kilroy Realty Corp,Real Estate,Office REITs,Office REITs,NYS,$3B (Small),"2,337,760"
KREF,KKR Real Estate Finance Trust Inc,Financials,Mortgage Real Estate Investment Trusts (REITs),Mortgage REITs,NYS,$436M (Micro),"1,499,180"
KRG,Kite Realty Group Trust,Real Estate,Retail REITs,Retail REITs,NYS,$5B (Small),"1,947,180"
KRMN,Karman Holdings Inc,Industrials,Aerospace & Defense,Aerospace & Defense,NYS,$14B (Mid),"2,657,430"
KRO,Kronos Worldwide Inc,Materials,Chemicals,Commodity Chemicals,NYS,$581M (Micro),"333,770"
KRP,Kimbell Royalty Partners LP,Energy,"Oil, Gas & Consumable Fuels",Oil & Gas Exploration & Production,NYS,$2B (Micro),"775,930"
KSS,Kohls Corp,Consumer Discretionary,Broadline Retail,Broadline Retail,NYS,$2B (Micro),"6,689,240"
KT,KT Corp,Communication Services,Diversified Telecommunication Services,Integrated Telecommunication Services,NYS,$11B (Mid),"2,402,000"
KTB,Kontoor Brands Inc,Consumer Discretionary,"Textiles, Apparel & Luxury Goods","Apparel, Accessories & Luxury Goods",NYS,$4B (Small),"1,266,780"
KULR,KULR Technology Group Inc,Industrials,Electrical Equipment,Electrical Components & Equipment,NYS,$129M (Micro),"936,030"
KVUE,Kenvue Inc,Consumer Staples,Personal Care Products,Personal Care Products,NYS,$34B (Mid),"33,619,510"
KVYO,Klaviyo Inc,Information Technology,Software,Application Software,NYS,$6B (Small),"5,006,200"
KW,Kennedy-Wilson Holdings Inc,Real Estate,Real Estate Management & Development,Real Estate Operating Companies,NYS,$2B (Micro),"1,929,380"
KWR,Quaker Chemical Corp,Materials,Chemicals,Specialty Chemicals,NYS,$2B (Small),"190,470"
L,Loews Corp,Financials,Insurance,Property & Casualty Insurance,NYS,$22B (Mid),"706,810"
LAC,Lithium Americas Corp,Materials,Metals & Mining,Diversified Metals & Mining,NYS,$2B (Micro),"8,641,420"
LAD,Lithia Motors Inc,Consumer Discretionary,Specialty Retail,Automotive Retail,NYS,$6B (Small),"323,350"
LADR,Ladder Capital Corp,Financials,Mortgage Real Estate Investment Trusts (REITs),Mortgage REITs,NYS,$1B (Micro),"611,990"
LAR,Lithium Argentina AG,Materials,Metals & Mining,Diversified Metals & Mining,NYS,$1B (Micro),"2,931,990"
LAW,CS Disco Inc,Information Technology,Software,Application Software,NYS,$274M (Micro),"813,640"
LAZ,Lazard Inc,Financials,Capital Markets,Investment Banking & Brokerage,NYS,$4B (Small),"1,807,840"
LB,LandBridge Co LLC,Real Estate,Real Estate Management & Development,Real Estate Operating Companies,NYS,$5B (Small),"546,200"
LBRT,Liberty Energy Inc,Energy,Energy Equipment & Services,Oil & Gas Equipment & Services,NYS,$5B (Small),"3,539,390"
LC,LendingClub Corp,Financials,Consumer Finance,Consumer Finance,NYS,$2B (Micro),"1,992,500"
LCII,LCI Industries,Consumer Discretionary,Automobile Components,Automotive Parts & Equipment,NYS,$3B (Small),"307,470"
LCTX,Lineage Cell Therapeutics Inc,Health Care,Biotechnology,Biotechnology,NYS,$418M (Micro),"1,273,700"
LDI,loanDepot Inc,Financials,Financial Services,Commercial & Residential Mortgage Finance,NYS,$586M (Micro),"2,938,180"
LDOS,Leidos Holdings Inc,Industrials,Professional Services,Research & Consulting Services,NYS,$22B (Mid),"1,335,490"
LEA,Lear Corp,Consumer Discretionary,Automobile Components,Automotive Parts & Equipment,NYS,$6B (Small),"441,700"
LEG,Leggett & Platt Inc,Consumer Discretionary,Household Durables,Home Furnishings,NYS,$1B (Micro),"1,274,650"
LEN,Lennar Corp,Consumer Discretionary,Household Durables,Homebuilding,NYS,$21B (Mid),"2,485,580"
LEU,Centrus Energy Corp,Energy,"Oil, Gas & Consumable Fuels",Coal & Consumable Fuels,NYS,$4B (Small),"725,950"
LEVI,Levi Strauss & Co,Consumer Discretionary,"Textiles, Apparel & Luxury Goods","Apparel, Accessories & Luxury Goods",NYS,$7B (Small),"2,408,810"
LFT,Lument Finance Trust Inc,Financials,Mortgage Real Estate Investment Trusts (REITs),Mortgage REITs,NYS,$72M (Micro),"115,110"
LGCY,Legacy Education Inc,Consumer Discretionary,Diversified Consumer Services,Education Services,NYS,$177M (Micro),"103,200"
LH,Labcorp Holdings Inc,Health Care,Health Care Providers & Services,Health Care Services,NYS,$22B (Mid),"517,610"
LHX,L3Harris Technologies Inc,Industrials,Aerospace & Defense,Aerospace & Defense,NYS,$68B (Large),"1,708,410"
LII,Lennox International Inc,Industrials,Building Products,Building Products,NYS,$18B (Mid),"486,240"
LION,Lionsgate Studios Corp,Communication Services,Entertainment,Movies & Entertainment,NYS,$3B (Small),"3,573,830"
LLY,Eli Lilly and Co,Health Care,Pharmaceuticals,Pharmaceuticals,NYS,$943B (Large),"2,824,810"
LMND,Lemonade Inc,Financials,Insurance,Property & Casualty Insurance,NYS,$4B (Small),"2,229,160"
LMT,Lockheed Martin Corp,Industrials,Aerospace & Defense,Aerospace & Defense,NYS,$149B (Large),"2,021,250"
LNC,Lincoln National Corp,Financials,Insurance,Life & Health Insurance,NYS,$6B (Small),"3,000,490"
LND,BrasilAgro - Companhia Brasileira de Propriedades Agricolas,Consumer Staples,Food Products,Agricultural Products & Services,NYS,$430M (Micro),"70,510"
LNG,Cheniere Energy Inc,Energy,"Oil, Gas & Consumable Fuels",Oil & Gas Storage & Transportation,NYS,$53B (Large),"3,969,000"
LNN,Lindsay Corp,Industrials,Machinery,Agricultural & Farm Machinery,NYS,$1B (Micro),"80,080"
LOAR,Loar Holdings Inc,Industrials,Aerospace & Defense,Aerospace & Defense,NYS,$7B (Small),"1,623,250"
LOB,Live Oak Bancshares Inc,Financials,Banks,Regional Banks,NYS,$2B (Micro),"293,900"
LOMA,Loma Negra Compania Industrial Argentina SA,Materials,Construction Materials,Construction Materials,NYS,$1B (Micro),"472,180"
LOW,Lowe's Companies Inc,Consumer Discretionary,Specialty Retail,Home Improvement Retail,NYS,$138B (Large),"3,059,380"
LPG,Dorian LPG Ltd,Energy,"Oil, Gas & Consumable Fuels",Oil & Gas Storage & Transportation,NYS,$1B (Micro),"674,100"
LPL,LG Display Co Ltd,Information Technology,"Electronic Equipment, Instruments & Components",Electronic Components,NYS,$4B (Small),"1,303,430"
LPX,Louisiana-Pacific Corp,Materials,Paper & Forest Products,Forest Products,NYS,$5B (Small),"1,088,710"
LRN,Stride Inc,Consumer Discretionary,Diversified Consumer Services,Education Services,NYS,$4B (Small),"853,610"
LTC,LTC Properties Inc,Real Estate,Health Care REITs,Health Care REITs,NYS,$2B (Micro),"483,210"
LTH,Life Time Group Holdings Inc,Consumer Discretionary,"Hotels, Restaurants & Leisure",Leisure Facilities,NYS,$6B (Small),"3,531,900"
LTM,LATAM Airlines Group SA,Industrials,Passenger Airlines,Passenger Airlines,NYS,$14B (Mid),"1,853,840"
LU,Lufax Holding Ltd,Financials,Consumer Finance,Consumer Finance,NYS,$2B (Micro),"1,524,070"
LUCK,Lucky Strike Entertainment Corp,Consumer Discretionary,"Hotels, Restaurants & Leisure",Leisure Facilities,NYS,$1B (Micro),"152,250"
LUMN,Lumen Technologies Inc,Communication Services,Diversified Telecommunication Services,Alternative Carriers,NYS,$7B (Small),"13,159,840"
LUV,Southwest Airlines Co,Industrials,Passenger Airlines,Passenger Airlines,NYS,$21B (Mid),"11,637,310"
LUXE,LuxExperience BV,Consumer Discretionary,Specialty Retail,Apparel Retail,NYS,$1B (Micro),"245,250"
LVS,Las Vegas Sands Corp,Consumer Discretionary,"Hotels, Restaurants & Leisure",Casinos & Gaming,NYS,$37B (Mid),"4,484,800"
LVWR,LiveWire Group Inc,Consumer Discretionary,Automobiles,Motorcycle Manufacturers,NYS,$319M (Micro),"437,940"
LW,Lamb Weston Holdings Inc,Consumer Staples,Food Products,Packaged Foods & Meats,NYS,$6B (Small),"2,235,870"
LXFR,Luxfer Holdings PLC,Industrials,Machinery,Industrial Machinery & Supplies & Components,NYS,$319M (Micro),"221,390"
LXP,LXP Industrial Trust,Real Estate,Industrial REITs,Industrial REITs,NYS,$3B (Small),"640,260"
LXU,LSB Industries Inc,Materials,Chemicals,Diversified Chemicals,NYS,$970M (Micro),"1,634,040"
LYB,LyondellBasell Industries NV,Materials,Chemicals,Commodity Chemicals,NYS,$22B (Mid),"10,453,730"
LYG,Lloyds Banking Group PLC,Financials,Banks,Diversified Banks,NYS,$79B (Large),"20,731,400"
LYV,Live Nation Entertainment Inc,Communication Services,Entertainment,Movies & Entertainment,NYS,$39B (Mid),"3,781,040"
LZB,La-Z-Boy Inc,Consumer Discretionary,Household Durables,Home Furnishings,NYS,$1B (Micro),"402,300"
LZM,Lifezone Metals Ltd,Materials,Metals & Mining,Diversified Metals & Mining,NYS,$373M (Micro),"218,920"
M,Macy's Inc,Consumer Discretionary,Broadline Retail,Broadline Retail,NYS,$5B (Small),"9,049,120"
MA,Mastercard Inc,Financials,Financial Services,Transaction & Payment Processing Services,NYS,$449B (Large),"3,834,900"
MAA,Mid-America Apartment Communities Inc,Real Estate,Residential REITs,Multi-Family Residential REITs,NYS,$15B (Mid),"877,950"
MAC,Macerich Co,Real Estate,Retail REITs,Retail REITs,NYS,$5B (Small),"1,997,120"
MAGN,Magnera Corp,Materials,Paper & Forest Products,Paper Products,NYS,$407M (Micro),"407,280"
MAIA,Maia Biotechnology Inc,Health Care,Biotechnology,Biotechnology,NYS,$92M (Micro),"1,873,840"
MAIN,Main Street Capital Corp,Financials,Capital Markets,Asset Management & Custody Banks,NYS,$5B (Small),"788,100"
MAN,ManpowerGroup Inc,Industrials,Professional Services,Human Resource & Employment Services,NYS,$1B (Micro),"1,659,000"
MANE,Veradermics Inc,Health Care,Pharmaceuticals,Pharmaceuticals,NYS,$2B (Micro),"263,570"
MANU,Manchester United PLC,Communication Services,Entertainment,Movies & Entertainment,NYS,$3B (Small),"484,360"
MAS,Masco Corp,Industrials,Building Products,Building Products,NYS,$13B (Mid),"2,417,550"
MATV,Mativ Holdings Inc,Materials,Chemicals,Commodity Chemicals,NYS,$501M (Micro),"390,180"
MATX,Matson Inc,Industrials,Marine Transportation,Marine Transportation,NYS,$5B (Small),"374,770"
MAX,Mediaalpha Inc,Communication Services,Interactive Media & Services,Interactive Media & Services,NYS,$637M (Micro),"1,201,370"
MBC,Masterbrand Inc,Industrials,Building Products,Building Products,NYS,$1B (Micro),"3,165,890"
MBI,MBIA Inc,Financials,Insurance,Property & Casualty Insurance,NYS,$313M (Micro),"383,460"
MC,Moelis & Co,Financials,Capital Markets,Investment Banking & Brokerage,NYS,$4B (Small),"1,550,330"
MCB,Metropolitan Bank Holding Corp,Financials,Banks,Regional Banks,NYS,$967M (Micro),"324,780"
MCD,McDonald's Corp,Consumer Discretionary,"Hotels, Restaurants & Leisure",Restaurants,NYS,$231B (Large),"3,288,470"
MCK,McKesson Corp,Health Care,Health Care Providers & Services,Health Care Distributors,NYS,$114B (Large),"777,550"
MCO,Moody's Corp,Financials,Capital Markets,Financial Exchanges & Data,NYS,$79B (Large),"1,636,120"
MCS,Marcus Corp,Communication Services,Entertainment,Movies & Entertainment,NYS,$497M (Micro),"181,590"
MCY,Mercury General Corp,Financials,Insurance,Property & Casualty Insurance,NYS,$5B (Small),"322,750"
MD,Pediatrix Medical Group Inc,Health Care,Health Care Providers & Services,Health Care Services,NYS,$2B (Micro),"856,170"
MDT,Medtronic PLC,Health Care,Health Care Equipment & Supplies,Health Care Equipment,NYS,$114B (Large),"8,249,320"
MDU,MDU Resources Group Inc,Utilities,Gas Utilities,Gas Utilities,NYS,$4B (Small),"1,770,050"
MDV,Modiv Industrial Inc,Real Estate,Diversified REITs,Diversified REITs,NYS,$153M (Micro),"64,500"
MEC,Mayville Engineering Company Inc,Industrials,Machinery,Industrial Machinery & Supplies & Components,NYS,$363M (Micro),"248,620"
MED,Medifast Inc,Consumer Staples,Personal Care Products,Personal Care Products,NYS,$111M (Micro),"203,240"
MEG,Montrose Environmental Group Inc,Industrials,Commercial Services & Supplies,Environmental & Facilities Services,NYS,$959M (Micro),"564,200"
MEI,Methode Electronics Inc,Information Technology,"Electronic Equipment, Instruments & Components",Electronic Manufacturing Services,NYS,$208M (Micro),"601,000"
MET,MetLife Inc,Financials,Insurance,Life & Health Insurance,NYS,$46B (Large),"4,866,650"
MFA,MFA Financial Inc,Financials,Mortgage Real Estate Investment Trusts (REITs),Mortgage REITs,NYS,$1B (Micro),"1,308,940"
MFC,Manulife Financial Corp,Financials,Insurance,Life & Health Insurance,NYS,$57B (Large),"3,191,160"
MFG,Mizuho Financial Group Inc,Financials,Banks,Diversified Banks,NYS,$98B (Large),"5,428,990"
MG,Mistras Group Inc,Industrials,Professional Services,Research & Consulting Services,NYS,$456M (Micro),"195,660"
MGA,Magna International Inc,Consumer Discretionary,Automobile Components,Automotive Parts & Equipment,NYS,$16B (Mid),"1,702,020"
MGM,MGM Resorts International,Consumer Discretionary,"Hotels, Restaurants & Leisure",Casinos & Gaming,NYS,$9B (Mid),"5,283,600"
MGY,Magnolia Oil & Gas Corp,Energy,"Oil, Gas & Consumable Fuels",Oil & Gas Exploration & Production,NYS,$5B (Small),"3,278,610"
MH,McGraw Hill Inc,Consumer Discretionary,Diversified Consumer Services,Education Services,NYS,$3B (Small),"485,010"
MHK,Mohawk Industries Inc,Consumer Discretionary,Household Durables,Home Furnishings,NYS,$7B (Small),"1,138,270"
MHO,M/I Homes Inc,Consumer Discretionary,Household Durables,Homebuilding,NYS,$3B (Small),"275,240"
MI,Nft Ltd,Communication Services,Interactive Media & Services,Interactive Media & Services,NYS,$3M (Micro),"1,135,310"
MIAX,Miami International Holdings Inc,Financials,Capital Markets,Financial Exchanges & Data,NYS,$4B (Small),"1,674,480"
MIR,Mirion Technologies Inc,Information Technology,"Electronic Equipment, Instruments & Components",Electronic Equipment & Instruments,NYS,$5B (Small),"2,867,690"
MITT,TPG Mortgage Investment Trust Inc,Financials,Mortgage Real Estate Investment Trusts (REITs),Mortgage REITs,NYS,$247M (Micro),"368,210"
MKC,McCormick & Company Inc,Consumer Staples,Food Products,Packaged Foods & Meats,NYS,$15B (Mid),"2,440,150"
MKL,Markel Group Inc,Financials,Insurance,Property & Casualty Insurance,NYS,$25B (Mid),"54,040"
MLI,Mueller Industries Inc,Industrials,Machinery,Industrial Machinery & Supplies & Components,NYS,$13B (Mid),"658,270"
MLM,Martin Marietta Materials Inc,Materials,Construction Materials,Construction Materials,NYS,$36B (Mid),"603,420"
MLR,Miller Industries Inc,Industrials,Machinery,Construction Machinery & Heavy Transportation Equipment,NYS,$504M (Micro),"74,220"
MLSS,Milestone Scientific Inc,Health Care,Health Care Equipment & Supplies,Health Care Equipment,NYS,$23M (Micro),"102,330"
MMA,Mixed Martial Arts Group Ltd,Consumer Discretionary,Diversified Consumer Services,Specialized Consumer Services,NYS,$11M (Micro),"747,540"
MMI,Marcus & Millichap Inc,Real Estate,Real Estate Management & Development,Real Estate Services,NYS,$998M (Micro),"289,630"
MMM,3M Co,Industrials,Industrial Conglomerates,Industrial Conglomerates,NYS,$82B (Large),"4,533,290"
MMS,Maximus Inc,Industrials,Professional Services,Data Processing & Outsourced Services,NYS,$4B (Small),"748,140"
MNR,Mach Natural Resources LP,Energy,"Oil, Gas & Consumable Fuels",Oil & Gas Exploration & Production,NYS,$2B (Small),"367,160"
MNSO,MINISO Group Holding Ltd,Consumer Discretionary,Broadline Retail,Broadline Retail,NYS,$5B (Small),"692,460"
MNTN,MNTN Inc,Communication Services,Media,Advertising,NYS,$774M (Micro),"740,320"
MO,Altria Group Inc,Consumer Staples,Tobacco,Tobacco,NYS,$111B (Large),"8,894,950"
MOD,Modine Manufacturing Co,Industrials,Building Products,Building Products,NYS,$11B (Mid),"1,214,210"
MOG/A,Moog Inc,Industrials,Aerospace & Defense,Aerospace & Defense,NYS,$9B (Mid),"212,280"
MOH,Molina Healthcare Inc,Health Care,Health Care Providers & Services,Managed Health Care,NYS,$8B (Small),"1,347,800"
MOS,Mosaic Co,Materials,Chemicals,Fertilizers & Agricultural Chemicals,NYS,$9B (Mid),"9,537,010"
MOV,Movado Group Inc,Consumer Discretionary,"Textiles, Apparel & Luxury Goods","Apparel, Accessories & Luxury Goods",NYS,$365M (Micro),"106,900"
MP,MP Materials Corp,Materials,Metals & Mining,Diversified Metals & Mining,NYS,$11B (Mid),"6,063,640"
MPC,Marathon Petroleum Corp,Energy,"Oil, Gas & Consumable Fuels",Oil & Gas Refining & Marketing,NYS,$67B (Large),"3,209,710"
MPLX,MPLX LP,Energy,"Oil, Gas & Consumable Fuels",Oil & Gas Storage & Transportation,NYS,$60B (Large),"1,383,920"
MPT,Medical Properties Trust Inc,Real Estate,Health Care REITs,Health Care REITs,NYS,$3B (Small),"5,440,090"
MPU,Mega Matrix Inc,Communication Services,Entertainment,Movies & Entertainment,NYS,$51M (Micro),"62,540"
MRK,Merck & Co Inc,Health Care,Pharmaceuticals,Pharmaceuticals,NYS,$287B (Large),"11,204,060"
MRP,Millrose Properties Inc,Real Estate,Specialized REITs,Other Specialized REITs,NYS,$5B (Small),"1,932,750"
MRSH,Marsh & McLennan Companies Inc,Financials,Insurance,Insurance Brokers,NYS,$84B (Large),"2,710,730"
MS,Morgan Stanley,Financials,Capital Markets,Investment Banking & Brokerage,NYS,$255B (Large),"7,554,240"
MSA,MSA Safety Inc,Industrials,Commercial Services & Supplies,Office Services & Supplies,NYS,$7B (Small),"178,690"
MSB,Mesabi Trust,Materials,Metals & Mining,Steel,NYS,$412M (Micro),"62,640"
MSCI,MSCI Inc,Financials,Capital Markets,Financial Exchanges & Data,NYS,$40B (Mid),"625,390"
MSDL,Morgan Stanley Direct Lending Fund,Financials,Capital Markets,Asset Management & Custody Banks,NYS,$1B (Micro),"884,410"
MSGE,Madison Square Garden Entertainment Corp,Communication Services,Entertainment,Movies & Entertainment,NYS,$3B (Small),"402,240"
MSGS,Madison Square Garden Sports Corp,Communication Services,Entertainment,Movies & Entertainment,NYS,$8B (Mid),"246,680"
MSI,Motorola Solutions Inc,Information Technology,Communications Equipment,Communications Equipment,NYS,$77B (Large),"1,017,230"
MSIF,MSC Income Fund Inc,Financials,Capital Markets,Asset Management & Custody Banks,NYS,$588M (Micro),"383,030"
MSM,MSC Industrial Direct Co Inc,Industrials,Trading Companies & Distributors,Trading Companies & Distributors,NYS,$5B (Small),"613,790"
MSN,Emerson Radio Corp,Consumer Discretionary,Household Durables,Consumer Electronics,NYS,$8M (Micro),"98,490"
MT,ArcelorMittal SA,Materials,Metals & Mining,Steel,NYS,$43B (Large),"2,236,230"
MTB,M&T Bank Corp,Financials,Banks,Regional Banks,NYS,$30B (Mid),"1,324,200"
MTD,Mettler-Toledo International Inc,Health Care,Life Sciences Tools & Services,Life Sciences Tools & Services,NYS,$25B (Mid),"197,540"
MTDR,Matador Resources Co,Energy,"Oil, Gas & Consumable Fuels",Oil & Gas Exploration & Production,NYS,$7B (Small),"2,467,170"
MTG,MGIC Investment Corp,Financials,Financial Services,Commercial & Residential Mortgage Finance,NYS,$6B (Small),"2,047,400"
MTH,Meritage Homes Corp,Consumer Discretionary,Household Durables,Homebuilding,NYS,$4B (Small),"826,290"
MTN,Vail Resorts Inc,Consumer Discretionary,"Hotels, Restaurants & Leisure",Leisure Facilities,NYS,$5B (Small),"959,680"
MTRN,Materion Corp,Materials,Metals & Mining,Diversified Metals & Mining,NYS,$3B (Small),"261,500"
MTUS,Metallus Inc,Materials,Metals & Mining,Steel,NYS,$664M (Micro),"462,730"
MTW,Manitowoc Company Inc,Industrials,Machinery,Construction Machinery & Heavy Transportation Equipment,NYS,$466M (Micro),"277,910"
MTX,Minerals Technologies Inc,Materials,Chemicals,Specialty Chemicals,NYS,$2B (Micro),"190,460"
MTZ,MasTec Inc,Industrials,Construction & Engineering,Construction & Engineering,NYS,$24B (Mid),"1,173,430"
MUFG,Mitsubishi UFJ Financial Group Inc,Financials,Banks,Diversified Banks,NYS,$192B (Large),"4,974,550"
MUR,Murphy Oil Corp,Energy,"Oil, Gas & Consumable Fuels",Oil & Gas Exploration & Production,NYS,$5B (Small),"2,457,300"
MUSA,Murphy USA Inc,Consumer Discretionary,Specialty Retail,Automotive Retail,NYS,$8B (Mid),"418,950"
MUX,McEwen Inc,Materials,Metals & Mining,Gold,NYS,$1B (Micro),"1,312,630"
MVO,MV Oil Trust,Energy,"Oil, Gas & Consumable Fuels",Oil & Gas Exploration & Production,NYS,$26M (Micro),"975,720"
MWA,Mueller Water Products Inc,Industrials,Machinery,Industrial Machinery & Supplies & Components,NYS,$4B (Small),"915,870"
MX,Magnachip Semiconductor Corp,Information Technology,Semiconductors & Semiconductor Equipment,Semiconductors,NYS,$101M (Micro),"362,980"
MXC,Mexco Energy Corp,Energy,"Oil, Gas & Consumable Fuels",Oil & Gas Exploration & Production,NYS,$24M (Micro),"123,890"
MYE,Myers Industries Inc,Materials,Containers & Packaging,"Metal, Glass & Plastic Containers",NYS,$795M (Micro),"286,150"
MYO,Myomo Inc,Health Care,Health Care Equipment & Supplies,Health Care Equipment,NYS,$28M (Micro),"547,290"
NABL,N-Able Inc,Information Technology,Software,Systems Software,NYS,$906M (Micro),"2,459,630"
NAK,Northern Dynasty Minerals Ltd,Materials,Metals & Mining,Diversified Metals & Mining,NYS,$756M (Micro),"6,871,640"
NAT,Nordic American Tankers Ltd,Energy,"Oil, Gas & Consumable Fuels",Oil & Gas Storage & Transportation,NYS,$1B (Micro),"8,285,580"
NATL,NCR Atleos Corp,Financials,Financial Services,Transaction & Payment Processing Services,NYS,$3B (Small),"2,337,250"
NBHC,National Bank Holdings Corp,Financials,Banks,Regional Banks,NYS,$2B (Micro),"612,120"
NBR,Nabors Industries Ltd,Energy,Energy Equipment & Services,Oil & Gas Drilling,NYS,$1B (Micro),"397,090"
NBY,NovaBay Pharmaceuticals Inc,Health Care,Pharmaceuticals,Pharmaceuticals,NYS,$33M (Micro),"440,090"
NCDL,Nuveen Churchill Direct Lending Corp,Financials,Capital Markets,Asset Management & Custody Banks,NYS,$657M (Micro),"317,120"
NCL,Northann Corp,Industrials,Building Products,Building Products,NYS,$4M (Micro),"184,330"
NCLH,Norwegian Cruise Line Holdings Ltd,Consumer Discretionary,"Hotels, Restaurants & Leisure","Hotels, Resorts & Cruise Lines",NYS,$9B (Mid),"27,632,270"
NE,Noble Corporation PLC,Energy,Energy Equipment & Services,Oil & Gas Drilling,NYS,$7B (Small),"1,877,930"
NEE,Nextera Energy Inc,Utilities,Electric Utilities,Electric Utilities,NYS,$191B (Large),"12,390,790"
NEM,Newmont Corporation,Materials,Metals & Mining,Gold,NYS,$126B (Large),"9,969,250"
NET,Cloudflare Inc,Information Technology,IT Services,Internet Services & Infrastructure,NYS,$75B (Large),"3,640,710"
NEU,NewMarket Corp,Materials,Chemicals,Specialty Chemicals,NYS,$6B (Small),"167,870"
NEXA,Nexa Resources SA,Materials,Metals & Mining,Diversified Metals & Mining,NYS,$2B (Micro),"947,590"
NFG,National Fuel Gas Co,Utilities,Gas Utilities,Gas Utilities,NYS,$9B (Mid),"774,230"
NG,NovaGold Resources Inc,Materials,Metals & Mining,Gold,NYS,$5B (Small),"4,167,440"
NGD,New Gold Inc,Materials,Metals & Mining,Gold,NYS,$9B (Mid),"11,300,160"
NGG,National Grid PLC,Utilities,Multi-Utilities,Multi-Utilities,NYS,$89B (Large),"1,250,840"
NGL,NGL Energy Partners LP,Energy,"Oil, Gas & Consumable Fuels",Oil & Gas Storage & Transportation,NYS,$1B (Micro),"280,150"
NGS,Natural Gas Services Group Inc,Energy,Energy Equipment & Services,Oil & Gas Equipment & Services,NYS,$479M (Micro),"119,510"
NGVC,Natural Grocers by Vitamin Cottage Inc,Consumer Staples,Consumer Staples Distribution & Retail,Food Retail,NYS,$566M (Micro),"143,560"
NGVT,Ingevity Corp,Materials,Chemicals,Specialty Chemicals,NYS,$2B (Small),"437,610"
NHC,National Healthcare Corp,Health Care,Health Care Providers & Services,Health Care Facilities,NYS,$2B (Small),"96,580"
NHI,National Health Investors Inc,Real Estate,Health Care REITs,Health Care REITs,NYS,$4B (Small),"426,050"
NI,NiSource Inc,Utilities,Multi-Utilities,Multi-Utilities,NYS,$22B (Mid),"4,424,910"
NIC,Nicolet Bankshares Inc,Financials,Banks,Regional Banks,NYS,$3B (Small),"237,480"
NIO,NIO Inc,Consumer Discretionary,Automobiles,Automobile Manufacturers,NYS,$13B (Mid),"50,793,970"
NIQ,NIQ Global Intelligence PLC,Communication Services,Media,Advertising,NYS,$4B (Small),"1,134,820"
NJR,New Jersey Resources Corp,Utilities,Gas Utilities,Gas Utilities,NYS,$5B (Small),"512,340"
NKE,Nike Inc,Consumer Discretionary,"Textiles, Apparel & Luxury Goods",Footwear,NYS,$82B (Large),"15,870,570"
NL,NL Industries Inc,Industrials,Commercial Services & Supplies,Office Services & Supplies,NYS,$285M (Micro),"57,230"
NLOP,Net Lease Office Properties,Real Estate,Office REITs,Office REITs,NYS,$208M (Micro),"250,640"
NLY,Annaly Capital Management Inc,Financials,Mortgage Real Estate Investment Trusts (REITs),Mortgage REITs,NYS,$16B (Mid),"8,069,930"
NMAX,Newsmax Inc,Communication Services,Media,Broadcasting,NYS,$925M (Micro),"728,640"
NMM,Navios Maritime Partners LP,Industrials,Marine Transportation,Marine Transportation,NYS,$2B (Micro),"207,020"
NMR,Nomura Holdings Inc,Financials,Capital Markets,Investment Banking & Brokerage,NYS,$23B (Mid),"2,689,670"
NNI,Nelnet Inc,Financials,Consumer Finance,Consumer Finance,NYS,$5B (Small),"103,580"
NNN,NNN REIT Inc,Real Estate,Retail REITs,Retail REITs,NYS,$9B (Mid),"1,418,340"
NNVC,"NanoViricides, Inc",Health Care,Biotechnology,Biotechnology,NYS,$25M (Micro),"143,400"
NOA,North American Construction Group Ltd,Energy,Energy Equipment & Services,Oil & Gas Equipment & Services,NYS,$487M (Micro),"82,980"
NOAH,Noah Holdings Ltd,Financials,Capital Markets,Asset Management & Custody Banks,NYS,$790M (Micro),"121,330"
NOC,NORTHROP GRUMMAN CORP,Industrials,Aerospace & Defense,Aerospace & Defense,NYS,$104B (Large),"1,034,880"
NOG,Northern Oil and Gas Inc,Energy,"Oil, Gas & Consumable Fuels",Oil & Gas Exploration & Production,NYS,$3B (Small),"3,101,120"
NOK,Nokia Oyj,Information Technology,Communications Equipment,Communications Equipment,NYS,$44B (Large),"58,053,290"
NOMD,Nomad Foods Ltd,Consumer Staples,Food Products,Packaged Foods & Meats,NYS,$1B (Micro),"2,929,790"
NOTE,FiscalNote Holdings Inc,Industrials,Professional Services,Research & Consulting Services,NYS,$16M (Micro),"377,110"
NOV,Nov Inc,Energy,Energy Equipment & Services,Oil & Gas Equipment & Services,NYS,$7B (Small),"4,557,220"
NOW,ServiceNow Inc,Information Technology,Software,Systems Software,NYS,$121B (Large),"20,569,950"
NP,Neptune Insurance Holdings Inc,Financials,Insurance,Property & Casualty Insurance,NYS,$3B (Small),"373,350"
NPB,Northpointe Bancshares Inc,Financials,Banks,Regional Banks,NYS,$618M (Micro),"231,460"
NPK,National Presto Industries Inc,Industrials,Aerospace & Defense,Aerospace & Defense,NYS,$1B (Micro),"96,430"
NPKI,NPK International Inc,Industrials,Trading Companies & Distributors,Trading Companies & Distributors,NYS,$1B (Micro),"1,130,390"
NPO,Enpro Inc,Industrials,Machinery,Industrial Machinery & Supplies & Components,NYS,$5B (Small),"229,010"
NPWR,NET Power Inc,Industrials,Electrical Equipment,Heavy Electrical Equipment,NYS,$426M (Micro),"802,360"
NRDY,Nerdy Inc,Consumer Discretionary,Diversified Consumer Services,Education Services,NYS,$176M (Micro),"1,312,990"
NRG,NRG Energy Inc,Utilities,Electric Utilities,Electric Utilities,NYS,$32B (Mid),"4,458,790"
NRP,Natural Resource Partners LP,Energy,"Oil, Gas & Consumable Fuels",Coal & Consumable Fuels,NYS,$2B (Micro),"61,620"
NRT,North European Oil Royalty Trust,Energy,"Oil, Gas & Consumable Fuels",Oil & Gas Exploration & Production,NYS,$85M (Micro),"160,160"
NRXS,Neuraxis Inc,Health Care,Health Care Equipment & Supplies,Health Care Equipment,NYS,$69M (Micro),"144,910"
NSA,National Storage Affiliates Trust,Real Estate,Specialized REITs,Self-Storage REITs,NYS,$2B (Small),"1,445,250"
NSC,Norfolk Southern Corp,Industrials,Ground Transportation,Rail Transportation,NYS,$67B (Large),"1,515,640"
NSP,Insperity Inc,Industrials,Professional Services,Human Resource & Employment Services,NYS,$751M (Micro),"1,089,560"
NTB,Bank of NT Butterfield & Son Ltd,Financials,Banks,Diversified Banks,NYS,$2B (Micro),"167,200"
NTST,Netstreit Corp,Real Estate,Retail REITs,Retail REITs,NYS,$2B (Small),"1,139,600"
NU,Nu Holdings Ltd,Financials,Banks,Diversified Banks,NYS,$70B (Large),"80,102,670"
NUE,Nucor Corp,Materials,Metals & Mining,Steel,NYS,$39B (Mid),"1,537,780"
NUS,NU Skin Enterprises Inc,Consumer Staples,Personal Care Products,Personal Care Products,NYS,$352M (Micro),"602,590"
NUVB,Nuvation Bio Inc,Health Care,Pharmaceuticals,Pharmaceuticals,NYS,$2B (Micro),"7,032,370"
NVGS,Navigator Holdings Ltd,Energy,"Oil, Gas & Consumable Fuels",Oil & Gas Storage & Transportation,NYS,$1B (Micro),"346,410"
NVO,Novo Nordisk A/S,Health Care,Pharmaceuticals,Pharmaceuticals,NYS,$131B (Large),"28,017,190"
NVRI,Enviri Corp,Industrials,Commercial Services & Supplies,Environmental & Facilities Services,NYS,$1B (Micro),"1,421,120"
NVS,Novartis AG,Health Care,Pharmaceuticals,Pharmaceuticals,NYS,$297B (Large),"3,286,900"
NVST,Envista Holdings Corp,Health Care,Health Care Equipment & Supplies,Health Care Equipment,NYS,$4B (Small),"2,491,180"
NVT,nVent Electric PLC,Industrials,Electrical Equipment,Electrical Components & Equipment,NYS,$18B (Mid),"2,508,790"
NWG,NatWest Group PLC,Financials,Banks,Diversified Banks,NYS,$63B (Large),"4,335,140"
NWN,Northwest Natural Holding Co,Utilities,Gas Utilities,Gas Utilities,NYS,$2B (Small),"391,950"
NX,Quanex Building Products Corp,Industrials,Building Products,Building Products,NYS,$813M (Micro),"647,000"
NXDR,Nextdoor Holdings Inc,Communication Services,Interactive Media & Services,Interactive Media & Services,NYS,$620M (Micro),"7,276,780"
NXDT,NexPoint Diversified Real Estate Trust,Real Estate,Diversified REITs,Diversified REITs,NYS,$228M (Micro),"153,450"
NXRT,NexPoint Residential Trust Inc,Real Estate,Residential REITs,Multi-Family Residential REITs,NYS,$669M (Micro),"266,870"
NYT,New York Times Co,Communication Services,Media,Publishing,NYS,$13B (Mid),"2,667,410"
O,Realty Income Corp,Real Estate,Retail REITs,Retail REITs,NYS,$60B (Large),"7,340,900"
OBDC,Blue Owl Capital Corp,Financials,Capital Markets,Asset Management & Custody Banks,NYS,$6B (Small),"7,212,220"
OBE,Obsidian Energy Ltd,Energy,"Oil, Gas & Consumable Fuels",Oil & Gas Exploration & Production,NYS,$583M (Micro),"641,560"
OBK,Origin Bancorp Inc,Financials,Banks,Regional Banks,NYS,$1B (Micro),"151,760"
OC,Owens Corning,Industrials,Building Products,Building Products,NYS,$9B (Mid),"2,006,550"
ODC,Oil-Dri Corporation of America,Consumer Staples,Household Products,Household Products,NYS,$946M (Micro),"81,180"
OEC,Orion SA,Materials,Chemicals,Commodity Chemicals,NYS,$264M (Micro),"786,250"
OFG,OFG Bancorp,Financials,Banks,Regional Banks,NYS,$2B (Micro),"374,890"
OFRM,Once Upon A Farm PBC,Consumer Staples,Food Products,Packaged Foods & Meats,NYS,$833M (Micro),"426,870"
OGE,OGE Energy Corp,Utilities,Electric Utilities,Electric Utilities,NYS,$10B (Mid),"1,489,380"
OGEN,Oragenics Inc,Health Care,Biotechnology,Biotechnology,NYS,$4M (Micro),"856,400"
OGN,Organon & Co,Health Care,Pharmaceuticals,Pharmaceuticals,NYS,$2B (Micro),"3,491,890"
OGS,ONE Gas Inc,Utilities,Gas Utilities,Gas Utilities,NYS,$5B (Small),"449,060"
OHI,Omega Healthcare Investors Inc,Real Estate,Health Care REITs,Health Care REITs,NYS,$14B (Mid),"1,891,850"
OI,O-I Glass Inc,Materials,Containers & Packaging,"Metal, Glass & Plastic Containers",NYS,$2B (Micro),"2,917,400"
OII,Oceaneering International Inc,Energy,Energy Equipment & Services,Oil & Gas Equipment & Services,NYS,$4B (Small),"1,342,710"
OIS,Oil States International Inc,Energy,Energy Equipment & Services,Oil & Gas Equipment & Services,NYS,$767M (Micro),"1,566,900"
OKE,ONEOK Inc,Energy,"Oil, Gas & Consumable Fuels",Oil & Gas Storage & Transportation,NYS,$54B (Large),"5,671,240"
OKLO,Oklo Inc,Utilities,Electric Utilities,Electric Utilities,NYS,$10B (Mid),"7,460,620"
OLN,Olin Corp,Materials,Chemicals,Commodity Chemicals,NYS,$3B (Small),"3,366,240"
OLP,One Liberty Properties Inc,Real Estate,Industrial REITs,Industrial REITs,NYS,$500M (Micro),"77,420"
OMC,Omnicom Group Inc,Communication Services,Media,Advertising,NYS,$25B (Mid),"4,786,260"
OMF,OneMain Holdings Inc,Financials,Consumer Finance,Consumer Finance,NYS,$6B (Small),"1,568,330"
ONIT,Onity Group Inc,Financials,Financial Services,Commercial & Residential Mortgage Finance,NYS,$332M (Micro),"64,670"
ONL,Orion Properties Inc,Real Estate,Office REITs,Office REITs,NYS,$135M (Micro),"209,100"
ONON,On Holding Ltd,Consumer Discretionary,"Textiles, Apparel & Luxury Goods",Footwear,NYS,$13B (Mid),"7,274,340"
ONTF,ON24 Inc,Information Technology,Software,Application Software,NYS,$343M (Micro),"661,690"
ONTO,Onto Innovation Inc,Information Technology,Semiconductors & Semiconductor Equipment,Semiconductor Materials & Equipment,NYS,$10B (Mid),"921,530"
OOMA,Ooma Inc,Information Technology,Software,Application Software,NYS,$389M (Micro),"317,560"
OPAD,Offerpad Solutions Inc,Real Estate,Real Estate Management & Development,Real Estate Services,NYS,$38M (Micro),"988,220"
OPFI,OppFi Inc,Financials,Consumer Finance,Consumer Finance,NYS,$748M (Micro),"443,270"
OPLN,Openlane Inc,Industrials,Commercial Services & Supplies,Diversified Support Services,NYS,$3B (Small),"1,000,330"
OPTT,Ocean Power Technologies Inc,Industrials,Electrical Equipment,Heavy Electrical Equipment,NYS,$84M (Micro),"8,513,470"
OPTU,Optimum Communications Inc,Communication Services,Media,Cable & Satellite,NYS,$706M (Micro),"2,055,330"
OPY,Oppenheimer Holdings Inc,Financials,Capital Markets,Investment Banking & Brokerage,NYS,$909M (Micro),"57,440"
ORA,Ormat Technologies Inc,Utilities,Independent Power & Renewable Electricity Producers,Renewable Electricity,NYS,$7B (Small),"876,200"
ORC,Orchid Island Capital Inc,Financials,Mortgage Real Estate Investment Trusts (REITs),Mortgage REITs,NYS,$1B (Micro),"7,314,700"
ORCL,Oracle Corp,Information Technology,Software,Systems Software,NYS,$469B (Large),"28,931,980"
ORI,Old Republic International Corp,Financials,Insurance,Property & Casualty Insurance,NYS,$10B (Mid),"1,672,900"
ORN,Orion Group Holdings Inc,Industrials,Construction & Engineering,Construction & Engineering,NYS,$435M (Micro),"456,490"
OSCR,Oscar Health Inc,Financials,Insurance,Life & Health Insurance,NYS,$4B (Small),"6,963,390"
OSG,Octave Specialty Group Inc,Financials,Insurance,Property & Casualty Insurance,NYS,$235M (Micro),"638,200"
OSK,Oshkosh Corp,Industrials,Machinery,Construction Machinery & Heavy Transportation Equipment,NYS,$10B (Mid),"724,100"
OSTX,OS Therapies Inc,Health Care,Biotechnology,Biotechnology,NYS,$55M (Micro),"568,960"
OTF,Blue Owl Technology Finance Corp,Financials,Capital Markets,Asset Management & Custody Banks,NYS,$5B (Small),"2,430,410"
OTIS,Otis Worldwide Corp,Industrials,Machinery,Industrial Machinery & Supplies & Components,NYS,$33B (Mid),"3,457,560"
OUT,OUTFRONT Media Inc,Real Estate,Specialized REITs,Other Specialized REITs,NYS,$5B (Small),"1,816,460"
OVV,Ovintiv Inc,Energy,"Oil, Gas & Consumable Fuels",Oil & Gas Exploration & Production,NYS,$16B (Mid),"5,555,290"
OWL,Blue Owl Capital Inc,Financials,Capital Markets,Asset Management & Custody Banks,NYS,$14B (Mid),"41,134,030"
OWLT,Owlet Inc,Health Care,Health Care Equipment & Supplies,Health Care Equipment,NYS,$170M (Micro),"635,170"
OXM,Oxford Industries Inc,Consumer Discretionary,"Textiles, Apparel & Luxury Goods","Apparel, Accessories & Luxury Goods",NYS,$556M (Micro),"253,310"
OXY,Occidental Petroleum Corp,Energy,"Oil, Gas & Consumable Fuels",Integrated Oil & Gas,NYS,$55B (Large),"21,088,390"
PAAS,Pan American Silver Corp,Materials,Metals & Mining,Gold,NYS,$26B (Mid),"7,414,940"
PAC,Grupo Aeroportuario del Pacifico SAB de CV,Industrials,Transportation Infrastructure,Airport Services,NYS,$10B (Mid),"120,900"
PACS,Pacs Group Inc,Health Care,Health Care Providers & Services,Health Care Facilities,NYS,$5B (Small),"1,117,230"
PAG,Penske Automotive Group Inc,Consumer Discretionary,Specialty Retail,Automotive Retail,NYS,$10B (Mid),"302,850"
PAGS,PagSeguro Digital Ltd,Financials,Financial Services,Transaction & Payment Processing Services,NYS,$3B (Small),"5,549,400"
PAM,Pampa Energia SA,Utilities,Electric Utilities,Electric Utilities,NYS,$5B (Small),"285,890"
PAPL,Pineapple Financial Inc,Financials,Financial Services,Commercial & Residential Mortgage Finance,NYS,$17M (Micro),"320,730"
PAR,PAR Technology Corp,Information Technology,Software,Application Software,NYS,$691M (Micro),"2,029,830"
PARR,Par Pacific Holdings Inc,Energy,"Oil, Gas & Consumable Fuels",Oil & Gas Refining & Marketing,NYS,$2B (Small),"1,775,990"
PATH,UiPath Inc,Information Technology,Software,Systems Software,NYS,$7B (Small),"43,280,920"
PAY,Paymentus Holdings Inc,Financials,Financial Services,Transaction & Payment Processing Services,NYS,$3B (Small),"790,810"
PAYC,Paycom Software Inc,Industrials,Professional Services,Human Resource & Employment Services,NYS,$7B (Small),"2,394,060"
PB,Prosperity Bancshares Inc,Financials,Banks,Regional Banks,NYS,$7B (Small),"1,253,150"
PBF,PBF Energy Inc,Energy,"Oil, Gas & Consumable Fuels",Oil & Gas Refining & Marketing,NYS,$5B (Small),"4,693,600"
PBH,Prestige Consumer Healthcare Inc,Health Care,Pharmaceuticals,Pharmaceuticals,NYS,$3B (Small),"411,330"
PBI,Pitney Bowes Inc,Industrials,Commercial Services & Supplies,Office Services & Supplies,NYS,$2B (Micro),"2,837,490"
PBR,Petroleo Brasileiro SA Petrobras,Energy,"Oil, Gas & Consumable Fuels",Integrated Oil & Gas,NYS,$71B (Large),"35,202,860"
PBT,Permian Basin Royalty Trust,Energy,"Oil, Gas & Consumable Fuels",Oil & Gas Exploration & Production,NYS,$968M (Micro),"92,730"
PCG,PG&E Corp,Utilities,Electric Utilities,Electric Utilities,NYS,$40B (Mid),"21,725,990"
PCOR,Procore Technologies Inc,Information Technology,Software,Application Software,NYS,$8B (Mid),"2,685,460"
PD,PagerDuty Inc,Information Technology,Software,Application Software,NYS,$676M (Micro),"3,642,280"
PDM,Piedmont Realty Trust Inc,Real Estate,Office REITs,Office REITs,NYS,$848M (Micro),"933,790"
PEB,Pebblebrook Hotel Trust,Real Estate,Hotel & Resort REITs,Hotel & Resort REITs,NYS,$1B (Micro),"2,765,950"
PED,PEDEVCO Corp,Energy,"Oil, Gas & Consumable Fuels",Oil & Gas Exploration & Production,NYS,$213M (Micro),"1,403,530"
PEG,Public Service Enterprise Group Inc,Utilities,Multi-Utilities,Multi-Utilities,NYS,$41B (Mid),"3,245,660"
PEN,Penumbra Inc,Health Care,Health Care Equipment & Supplies,Health Care Equipment,NYS,$13B (Mid),"739,240"
PERF,Perfect Corp,Information Technology,Software,Application Software,NYS,$143M (Micro),"84,820"
PEW,GrabAGun Digital Holdings Inc,Consumer Discretionary,Specialty Retail,Other Specialty Retail,NYS,$84M (Micro),"357,550"
PFE,Pfizer Inc,Health Care,Pharmaceuticals,Pharmaceuticals,NYS,$155B (Large),"39,646,420"
PFGC,Performance Food Group Co,Consumer Staples,Consumer Staples Distribution & Retail,Food Distributors,NYS,$14B (Mid),"1,804,240"
PFLT,PennantPark Floating Rate Capital Ltd,Financials,Capital Markets,Asset Management & Custody Banks,NYS,$808M (Micro),"1,060,860"
PFS,Provident Financial Services Inc,Financials,Banks,Regional Banks,NYS,$3B (Small),"1,047,910"
PFSI,PennyMac Financial Services Inc,Financials,Financial Services,Commercial & Residential Mortgage Finance,NYS,$5B (Small),"898,500"
PG,Procter & Gamble Co,Consumer Staples,Household Products,Household Products,NYS,$356B (Large),"9,629,460"
PGR,Progressive Corp,Financials,Insurance,Property & Casualty Insurance,NYS,$118B (Large),"3,002,540"
PH,Parker-Hannifin Corp,Industrials,Machinery,Industrial Machinery & Supplies & Components,NYS,$119B (Large),"892,800"
PHG,Koninklijke Philips NV,Health Care,Health Care Equipment & Supplies,Health Care Equipment,NYS,$27B (Mid),"878,500"
PHGE,Biomx Inc,Health Care,Biotechnology,Biotechnology,NYS,$10M (Micro),"80,960"
PHI,PLDT Inc,Communication Services,Wireless Telecommunication Services,Wireless Telecommunication Services,NYS,$5B (Small),"61,130"
PHIN,Phinia Inc,Consumer Discretionary,Automobile Components,Automotive Parts & Equipment,NYS,$2B (Small),"503,520"
PHM,Pultegroup Inc,Consumer Discretionary,Household Durables,Homebuilding,NYS,$24B (Mid),"1,723,540"
PHR,Phreesia Inc,Health Care,Health Care Technology,Health Care Technology,NYS,$684M (Micro),"1,433,500"
PII,Polaris Inc,Consumer Discretionary,Leisure Products,Leisure Products,NYS,$3B (Small),"1,002,200"
PINE,Alpine Income Property Trust Inc,Real Estate,Diversified REITs,Diversified REITs,NYS,$289M (Micro),"284,940"
PINS,Pinterest Inc,Communication Services,Interactive Media & Services,Interactive Media & Services,NYS,$12B (Mid),"22,129,130"
PIPR,Piper Sandler Companies,Financials,Capital Markets,Investment Banking & Brokerage,NYS,$5B (Small),"217,190"
PJT,PJT Partners Inc,Financials,Capital Markets,Investment Banking & Brokerage,NYS,$5B (Small),"389,370"
PK,Park Hotels & Resorts Inc,Real Estate,Hotel & Resort REITs,Hotel & Resort REITs,NYS,$2B (Small),"4,061,500"
PKE,Park Aerospace Corp,Industrials,Aerospace & Defense,Aerospace & Defense,NYS,$542M (Micro),"331,580"
PKG,Packaging Corp of America,Materials,Containers & Packaging,Paper & Plastic Packaging Products & Materials,NYS,$20B (Mid),"890,650"
PKST,Peakstone Realty Trust,Real Estate,Office REITs,Office REITs,NYS,$775M (Micro),"593,290"
PKX,Posco Holdings Inc,Materials,Metals & Mining,Steel,NYS,$18B (Mid),"217,090"
PL,Planet Labs PBC,Industrials,Professional Services,Research & Consulting Services,NYS,$9B (Mid),"9,853,660"
PLAG,Planet Green Holdings Corp,Consumer Staples,Food Products,Packaged Foods & Meats,NYS,$23M (Micro),"118,760"
PLD,Prologis Inc,Real Estate,Industrial REITs,Industrial REITs,NYS,$125B (Large),"3,849,350"
PLG,Platinum Group Metals Ltd,Materials,Metals & Mining,Precious Metals & Minerals,NYS,$297M (Micro),"2,152,120"
PLNT,Planet Fitness Inc,Consumer Discretionary,"Hotels, Restaurants & Leisure",Leisure Facilities,NYS,$6B (Small),"2,339,500"
PLOW,Douglas Dynamics Inc,Industrials,Machinery,Construction Machinery & Heavy Transportation Equipment,NYS,$999M (Micro),"322,440"
PLX,Protalix Biotherapeutics Inc,Health Care,Biotechnology,Biotechnology,NYS,$232M (Micro),"1,144,700"
PM,Philip Morris International Inc,Consumer Staples,Tobacco,Tobacco,NYS,$260B (Large),"5,486,790"
PMI,Picard Medical Inc,Health Care,Health Care Equipment & Supplies,Health Care Equipment,NYS,$85M (Micro),"201,100"
PMNT,Perfect Moment Ltd,Consumer Discretionary,"Textiles, Apparel & Luxury Goods","Apparel, Accessories & Luxury Goods",NYS,$11M (Micro),"3,990,380"
PMT,PennyMac Mortgage Investment Trust,Financials,Mortgage Real Estate Investment Trusts (REITs),Mortgage REITs,NYS,$1B (Micro),"982,750"
PNC,PNC Financial Services Group Inc,Financials,Banks,Diversified Banks,NYS,$83B (Large),"2,893,080"
PNFP,Pinnacle Financial Partners Inc,Financials,Banks,Regional Banks,NYS,$13B (Mid),"1,678,350"
PNNT,Pennantpark Investment Corp,Financials,Capital Markets,Asset Management & Custody Banks,NYS,$311M (Micro),"800,920"
PNR,Pentair PLC,Industrials,Machinery,Industrial Machinery & Supplies & Components,NYS,$15B (Mid),"1,654,470"
PNW,Pinnacle West Capital Corp,Utilities,Electric Utilities,Electric Utilities,NYS,$12B (Mid),"1,707,580"
POAS,Phaos Technology Holdings (Cayman) Limited,Information Technology,"Electronic Equipment, Instruments & Components",Electronic Equipment & Instruments,NYS,$23M (Micro),"401,560"
POR,Portland General Electric Co,Utilities,Electric Utilities,Electric Utilities,NYS,$6B (Small),"1,321,450"
POST,Post Holdings Inc,Consumer Staples,Food Products,Packaged Foods & Meats,NYS,$5B (Small),"581,480"
PPG,PPG Industries Inc,Materials,Chemicals,Specialty Chemicals,NYS,$23B (Mid),"2,430,350"
PPL,PPL Corp,Utilities,Electric Utilities,Electric Utilities,NYS,$28B (Mid),"9,707,040"
PR,Permian Resources Corp,Energy,"Oil, Gas & Consumable Fuels",Oil & Gas Exploration & Production,NYS,$16B (Mid),"15,925,180"
PRA,ProAssurance Corp,Financials,Insurance,Property & Casualty Insurance,NYS,$1B (Micro),"692,230"
PRG,PROG Holdings Inc,Financials,Consumer Finance,Consumer Finance,NYS,$1B (Micro),"599,540"
PRGO,Perrigo Company PLC,Health Care,Pharmaceuticals,Pharmaceuticals,NYS,$1B (Micro),"5,000,320"
PRI,Primerica Inc,Financials,Insurance,Life & Health Insurance,NYS,$8B (Mid),"195,780"
PRIM,Primoris Services Corp,Industrials,Construction & Engineering,Construction & Engineering,NYS,$7B (Small),"802,840"
PRK,Park National Corp,Financials,Banks,Regional Banks,NYS,$3B (Small),"75,440"
PRKS,United Parks & Resorts Inc,Consumer Discretionary,"Hotels, Restaurants & Leisure",Leisure Facilities,NYS,$2B (Micro),"1,454,470"
PRLB,Proto Labs Inc,Industrials,Machinery,Industrial Machinery & Supplies & Components,NYS,$1B (Micro),"163,960"
PRM,Perimeter Solutions Inc,Materials,Chemicals,Specialty Chemicals,NYS,$3B (Small),"1,508,760"
PRMB,Primo Brands Corp,Consumer Staples,Beverages,Soft Drinks & Non-alcoholic Beverages,NYS,$8B (Mid),"7,332,490"
PRSU,Pursuit Attractions and Hospitality Inc,Consumer Discretionary,"Hotels, Restaurants & Leisure",Leisure Facilities,NYS,$1B (Micro),"277,060"
PRU,Prudential Financial Inc,Financials,Insurance,Life & Health Insurance,NYS,$33B (Mid),"2,457,370"
PSA,Public Storage,Real Estate,Specialized REITs,Self-Storage REITs,NYS,$53B (Large),"1,097,640"
PSBD,Palmer Square Capital BDC Inc,Financials,Capital Markets,Asset Management & Custody Banks,NYS,$336M (Micro),"94,980"
PSFE,Paysafe Ltd,Financials,Financial Services,Transaction & Payment Processing Services,NYS,$378M (Micro),"557,240"
PSN,Parsons Corp,Industrials,Professional Services,Research & Consulting Services,NYS,$6B (Small),"1,136,770"
PSO,Pearson PLC,Consumer Discretionary,Diversified Consumer Services,Education Services,NYS,$8B (Mid),"1,184,700"
PSQH,PSQ Holdings Inc,Communication Services,Interactive Media & Services,Interactive Media & Services,NYS,$31M (Micro),"234,930"
PSTG,"Everpure, Inc",Information Technology,"Technology Hardware, Storage & Peripherals","Technology Hardware, Storage & Peripherals",NYS,$21B (Mid),"4,938,870"
PSTL,Postal Realty Trust Inc,Real Estate,Office REITs,Office REITs,NYS,$528M (Micro),"358,520"
PSX,Phillips 66,Energy,"Oil, Gas & Consumable Fuels",Oil & Gas Refining & Marketing,NYS,$68B (Large),"3,443,410"
PUK,Prudential PLC,Financials,Insurance,Life & Health Insurance,NYS,$38B (Mid),"919,800"
PUMP,ProPetro Holding Corp,Energy,Energy Equipment & Services,Oil & Gas Equipment & Services,NYS,$2B (Micro),"2,843,810"
PVH,PVH Corp,Consumer Discretionary,"Textiles, Apparel & Luxury Goods","Apparel, Accessories & Luxury Goods",NYS,$3B (Small),"831,150"
PVL,Permianville Royalty Trust,Energy,"Oil, Gas & Consumable Fuels",Oil & Gas Exploration & Production,NYS,$61M (Micro),"202,490"
PWR,Quanta Services Inc,Industrials,Construction & Engineering,Construction & Engineering,NYS,$85B (Large),"1,147,510"
PZG,Paramount Gold Nevada Corp,Materials,Metals & Mining,Gold,NYS,$194M (Micro),"1,307,130"
Q,Qnity Electronics Inc,Information Technology,Semiconductors & Semiconductor Equipment,Semiconductor Materials & Equipment,NYS,$24B (Mid),"3,357,400"
QBTS,D-Wave Quantum Inc,Information Technology,Software,Application Software,NYS,$7B (Small),"26,333,300"
QGEN,Qiagen NV,Health Care,Life Sciences Tools & Services,Life Sciences Tools & Services,NYS,$8B (Mid),"2,057,790"
QSR,Restaurant Brands International Inc,Consumer Discretionary,"Hotels, Restaurants & Leisure",Restaurants,NYS,$25B (Mid),"3,886,230"
QTWO,Q2 Holdings Inc,Information Technology,Software,Application Software,NYS,$3B (Small),"1,705,180"
QUAD,Quad/Graphics Inc,Industrials,Commercial Services & Supplies,Commercial Printing,NYS,$349M (Micro),"262,060"
QXO,QXO Inc,Industrials,Trading Companies & Distributors,Trading Companies & Distributors,NYS,$15B (Mid),"5,905,750"
R,Ryder System Inc,Industrials,Ground Transportation,Cargo Ground Transportation,NYS,$8B (Mid),"376,820"
RAL,Ralliant Corp,Information Technology,"Electronic Equipment, Instruments & Components",Electronic Equipment & Instruments,NYS,$5B (Small),"1,660,700"
RAMP,Liveramp Holdings Inc,Information Technology,Software,Application Software,NYS,$2B (Micro),"1,033,010"
RBA,RB Global Inc,Industrials,Commercial Services & Supplies,Diversified Support Services,NYS,$19B (Mid),"1,398,940"
RBC,RBC Bearings Inc,Industrials,Machinery,Industrial Machinery & Supplies & Components,NYS,$18B (Mid),"195,130"
RBLX,Roblox Corp,Communication Services,Entertainment,Interactive Home Entertainment,NYS,$43B (Large),"9,303,420"
RBRK,Rubrik Inc,Information Technology,Software,Systems Software,NYS,$12B (Mid),"2,942,880"
RC,Ready Capital Corp,Financials,Mortgage Real Estate Investment Trusts (REITs),Mortgage REITs,NYS,$305M (Micro),"3,870,690"
RCI,Rogers Communications Inc,Communication Services,Wireless Telecommunication Services,Wireless Telecommunication Services,NYS,$17B (Mid),"940,780"
RCL,Royal Caribbean Cruises Ltd,Consumer Discretionary,"Hotels, Restaurants & Leisure","Hotels, Resorts & Cruise Lines",NYS,$78B (Large),"3,250,180"
RCUS,Arcus Biosciences Inc,Health Care,Biotechnology,Biotechnology,NYS,$3B (Small),"1,413,660"
RDDT,Reddit Inc,Communication Services,Interactive Media & Services,Interactive Media & Services,NYS,$26B (Mid),"5,264,460"
RDN,Radian Group Inc,Financials,Financial Services,Commercial & Residential Mortgage Finance,NYS,$4B (Small),"1,441,150"
RDW,Redwire Corp,Industrials,Aerospace & Defense,Aerospace & Defense,NYS,$2B (Micro),"18,050,040"
RDY,Dr Reddy's Laboratories Ltd,Health Care,Pharmaceuticals,Pharmaceuticals,NYS,$12B (Mid),"1,858,690"
REI,Ring Energy Inc,Energy,"Oil, Gas & Consumable Fuels",Oil & Gas Exploration & Production,NYS,$302M (Micro),"7,442,410"
RELX,Relx PLC,Industrials,Professional Services,Research & Consulting Services,NYS,$63B (Large),"4,762,930"
REPX,Riley Exploration Permian Inc,Energy,"Oil, Gas & Consumable Fuels",Oil & Gas Exploration & Production,NYS,$718M (Micro),"488,930"
RERE,ATRenew Inc,Consumer Discretionary,Specialty Retail,Computer & Electronics Retail,NYS,$1B (Micro),"1,441,340"
RES,RPC Inc,Energy,Energy Equipment & Services,Oil & Gas Equipment & Services,NYS,$1B (Micro),"2,402,280"
REX,REX American Resources Corp,Energy,"Oil, Gas & Consumable Fuels",Oil & Gas Refining & Marketing,NYS,$1B (Micro),"156,020"
REXR,Rexford Industrial Realty Inc,Real Estate,Industrial REITs,Industrial REITs,NYS,$8B (Mid),"2,658,440"
REZI,Resideo Technologies Inc,Industrials,Building Products,Building Products,NYS,$5B (Small),"1,763,780"
RF,Regions Financial Corp,Financials,Banks,Regional Banks,NYS,$23B (Mid),"14,937,820"
RFL,Rafael Holdings Inc,Health Care,Pharmaceuticals,Pharmaceuticals,NYS,$78M (Micro),"141,010"
RGA,Reinsurance Group of America Inc,Financials,Insurance,Reinsurance,NYS,$14B (Mid),"380,690"
RGR,Sturm Ruger & Company Inc,Consumer Discretionary,Leisure Products,Leisure Products,NYS,$621M (Micro),"198,470"
RH,RH,Consumer Discretionary,Specialty Retail,Homefurnishing Retail,NYS,$3B (Small),"1,282,820"
RHI,Robert Half Inc,Industrials,Professional Services,Human Resource & Employment Services,NYS,$2B (Small),"3,747,610"
RHLD,Resolute Holdings Management Inc,Industrials,Professional Services,Research & Consulting Services,NYS,$1B (Micro),"270,690"
RHP,Ryman Hospitality Properties Inc,Real Estate,Hotel & Resort REITs,Hotel & Resort REITs,NYS,$6B (Small),"582,080"
RIG,Transocean Ltd,Energy,Energy Equipment & Services,Oil & Gas Drilling,NYS,$7B (Small),"37,719,850"
RIO,Rio Tinto PLC,Materials,Metals & Mining,Diversified Metals & Mining,NYS,$116B (Large),"3,474,990"
RITM,Rithm Capital Corp,Financials,Mortgage Real Estate Investment Trusts (REITs),Mortgage REITs,NYS,$5B (Small),"11,347,550"
RJF,Raymond James Financial Inc,Financials,Capital Markets,Investment Banking & Brokerage,NYS,$29B (Mid),"1,334,550"
RKT,Rocket Companies Inc,Financials,Financial Services,Commercial & Residential Mortgage Finance,NYS,$43B (Large),"36,174,310"
RL,Ralph Lauren Corp,Consumer Discretionary,"Textiles, Apparel & Luxury Goods","Apparel, Accessories & Luxury Goods",NYS,$21B (Mid),"639,000"
RLGT,Radiant Logistics Inc,Industrials,Air Freight & Logistics,Air Freight & Logistics,NYS,$326M (Micro),"139,850"
RLI,RLI Corp,Financials,Insurance,Property & Casualty Insurance,NYS,$6B (Small),"680,160"
RLJ,RLJ Lodging Trust,Real Estate,Hotel & Resort REITs,Hotel & Resort REITs,NYS,$1B (Micro),"2,385,640"
RLX,RLX Technology Inc,Consumer Staples,Tobacco,Tobacco,NYS,$3B (Small),"2,092,810"
RMAX,Re/Max Holdings Inc,Real Estate,Real Estate Management & Development,Real Estate Services,NYS,$120M (Micro),"254,800"
RMD,Resmed Inc,Health Care,Health Care Equipment & Supplies,Health Care Equipment,NYS,$35B (Mid),"927,780"
RNG,RingCentral Inc,Information Technology,Software,Application Software,NYS,$3B (Small),"2,790,120"
RNGR,Ranger Energy Services Inc,Energy,Energy Equipment & Services,Oil & Gas Equipment & Services,NYS,$398M (Micro),"145,580"
RNR,Renaissancere Holdings Ltd,Financials,Insurance,Reinsurance,NYS,$13B (Mid),"357,620"
RNST,Renasant Corp,Financials,Banks,Regional Banks,NYS,$3B (Small),"957,640"
ROG,Rogers Corp,Information Technology,"Electronic Equipment, Instruments & Components",Electronic Components,NYS,$2B (Micro),"165,470"
ROK,Rockwell Automation Inc,Industrials,Electrical Equipment,Electrical Components & Equipment,NYS,$42B (Large),"1,103,130"
ROL,Rollins Inc,Industrials,Commercial Services & Supplies,Environmental & Facilities Services,NYS,$27B (Mid),"3,009,490"
ROLR,High Roller Technologies Inc,Consumer Discretionary,"Hotels, Restaurants & Leisure",Casinos & Gaming,NYS,$44M (Micro),"173,390"
RPC,Ridgepost Capital Inc,Financials,Capital Markets,Asset Management & Custody Banks,NYS,$823M (Micro),"783,450"
RPM,RPM International Inc,Materials,Chemicals,Specialty Chemicals,NYS,$13B (Mid),"969,600"
RRC,Range Resources Corp,Energy,"Oil, Gas & Consumable Fuels",Oil & Gas Exploration & Production,NYS,$10B (Mid),"4,119,760"
RRX,Regal Rexnord Corp,Industrials,Electrical Equipment,Electrical Components & Equipment,NYS,$13B (Mid),"1,258,650"
RS,Reliance Inc,Materials,Metals & Mining,Steel,NYS,$16B (Mid),"379,330"
RSG,Republic Services Inc,Industrials,Commercial Services & Supplies,Environmental & Facilities Services,NYS,$69B (Large),"1,177,150"
RSI,Rush Street Interactive Inc,Consumer Discretionary,"Hotels, Restaurants & Leisure",Casinos & Gaming,NYS,$5B (Small),"1,833,300"
RSKD,Riskified Ltd,Information Technology,Software,Application Software,NYS,$646M (Micro),"1,021,700"
RTO,Rentokil Initial PLC,Industrials,Commercial Services & Supplies,Environmental & Facilities Services,NYS,$16B (Mid),"1,906,510"
RTX,RTX Corp,Industrials,Aerospace & Defense,Aerospace & Defense,NYS,$279B (Large),"7,841,610"
RVLV,Revolve Group Inc,Consumer Discretionary,Specialty Retail,Apparel Retail,NYS,$2B (Micro),"1,476,330"
RVP,Retractable Technologies Inc,Health Care,Health Care Equipment & Supplies,Health Care Supplies,NYS,$22M (Micro),"55,150"
RVTY,Revvity Inc,Health Care,Life Sciences Tools & Services,Life Sciences Tools & Services,NYS,$10B (Mid),"1,171,960"
RWT,Redwood Trust Inc,Financials,Mortgage Real Estate Investment Trusts (REITs),Mortgage REITs,NYS,$755M (Micro),"1,673,650"
RXO,RXO Inc,Industrials,Ground Transportation,Cargo Ground Transportation,NYS,$2B (Micro),"1,876,860"
RY,Royal Bank of Canada,Financials,Banks,Diversified Banks,NYS,$231B (Large),"1,388,670"
RYAM,Rayonier Advanced Materials Inc,Materials,Chemicals,Specialty Chemicals,NYS,$750M (Micro),"2,219,940"
RYAN,Ryan Specialty Holdings Inc,Financials,Insurance,Insurance Brokers,NYS,$10B (Mid),"2,041,310"
RYDE,Ryde Group Ltd,Industrials,Ground Transportation,Passenger Ground Transportation,NYS,$83M (Micro),"11,315,610"
RYN,Rayonier Inc,Real Estate,Specialized REITs,Timber REITs,NYS,$6B (Small),"3,618,780"
RYZ,Ryerson Holding Corp,Materials,Metals & Mining,Steel,NYS,$1B (Micro),"505,630"
S,SentinelOne Inc,Information Technology,Software,Systems Software,NYS,$5B (Small),"8,240,220"
SA,Seabridge Gold Inc,Materials,Metals & Mining,Gold,NYS,$4B (Small),"811,080"
SACH,Sachem Capital Corp,Financials,Mortgage Real Estate Investment Trusts (REITs),Mortgage REITs,NYS,$52M (Micro),"152,500"
SAFE,Safehold Inc,Real Estate,Specialized REITs,Other Specialized REITs,NYS,$1B (Micro),"324,880"
SAH,Sonic Automotive Inc,Consumer Discretionary,Specialty Retail,Automotive Retail,NYS,$2B (Micro),"375,720"
SAM,Boston Beer Company Inc,Consumer Staples,Beverages,Brewers,NYS,$2B (Small),"197,660"
SAN,Banco Santander SA,Financials,Banks,Diversified Banks,NYS,$167B (Large),"22,885,190"
SAP,SAP SE,Information Technology,Software,Application Software,NYS,$223B (Large),"3,307,050"
SAR,Saratoga Investment Corp,Financials,Capital Markets,Asset Management & Custody Banks,NYS,$369M (Micro),"159,420"
SARO,"StandardAero, Inc.",Industrials,Aerospace & Defense,Aerospace & Defense,NYS,$9B (Mid),"5,755,970"
SB,Safe Bulkers Inc,Industrials,Marine Transportation,Marine Transportation,NYS,$623M (Micro),"905,870"
SBEV,Splash Beverage Group Inc,Consumer Staples,Beverages,Distillers & Vintners,NYS,$6M (Micro),"4,116,710"
SBH,Sally Beauty Holdings Inc,Consumer Discretionary,Specialty Retail,Other Specialty Retail,NYS,$1B (Micro),"1,382,770"
SBS,Companhia de Saneamento Basico do Estado de Sao Paulo - SABESP,Utilities,Water Utilities,Water Utilities,NYS,$20B (Mid),"1,678,280"
SBSI,Southside Bancshares Inc,Financials,Banks,Regional Banks,NYS,$886M (Micro),"127,170"
SBSW,Sibanye Stillwater Ltd,Materials,Metals & Mining,Precious Metals & Minerals,NYS,$10B (Mid),"6,910,110"
SCCO,Southern Copper Corp,Materials,Metals & Mining,Copper,NYS,$157B (Large),"1,929,260"
SCHW,Charles Schwab Corp,Financials,Capital Markets,Investment Banking & Brokerage,NYS,$162B (Large),"9,708,440"
SCI,Service Corporation International,Consumer Discretionary,Diversified Consumer Services,Specialized Consumer Services,NYS,$11B (Mid),"1,142,740"
SCL,Stepan Co,Materials,Chemicals,Specialty Chemicals,NYS,$1B (Micro),"167,130"
SCM,Stellus Capital Investment Corp,Financials,Capital Markets,Asset Management & Custody Banks,NYS,$274M (Micro),"241,550"
SD,SandRidge Energy Inc,Energy,"Oil, Gas & Consumable Fuels",Oil & Gas Exploration & Production,NYS,$608M (Micro),"413,210"
SDHC,Smith Douglas Homes Corp,Consumer Discretionary,Household Durables,Homebuilding,NYS,$611M (Micro),"133,080"
SDRL,Seadrill Ltd,Energy,Energy Equipment & Services,Oil & Gas Drilling,NYS,$3B (Small),"958,210"
SE,Sea Ltd,Consumer Discretionary,Broadline Retail,Broadline Retail,NYS,$48B (Large),"10,351,870"
SEE,Sealed Air Corp,Materials,Containers & Packaging,Paper & Plastic Packaging Products & Materials,NYS,$6B (Small),"2,615,140"
SEG,Seaport Entertainment Group Inc,Real Estate,Real Estate Management & Development,Real Estate Operating Companies,NYS,$276M (Micro),"93,950"
SEI,Solaris Energy Infrastructure Inc,Energy,Energy Equipment & Services,Oil & Gas Equipment & Services,NYS,$4B (Small),"3,045,600"
SEM,Select Medical Holdings Corp,Health Care,Health Care Providers & Services,Health Care Facilities,NYS,$2B (Micro),"2,972,180"
SEMR,SEMrush Holdings Inc,Information Technology,Software,Application Software,NYS,$2B (Micro),"1,767,820"
SER,Serina Therapeutics Inc,Health Care,Biotechnology,Biotechnology,NYS,$16M (Micro),"57,310"
SES,SES AI Corp,Industrials,Electrical Equipment,Electrical Components & Equipment,NYS,$473M (Micro),"15,856,870"
SF,Stifel Financial Corp,Financials,Capital Markets,Investment Banking & Brokerage,NYS,$11B (Mid),"1,348,930"
SFBS,ServisFirst Bancshares Inc,Financials,Banks,Regional Banks,NYS,$4B (Small),"457,580"
SFL,SFL Corporation Ltd,Energy,"Oil, Gas & Consumable Fuels",Oil & Gas Storage & Transportation,NYS,$1B (Micro),"1,810,850"
SG,Sweetgreen Inc,Consumer Discretionary,"Hotels, Restaurants & Leisure",Restaurants,NYS,$668M (Micro),"5,433,660"
SGHC,SGHC Ltd,Consumer Discretionary,"Hotels, Restaurants & Leisure",Casinos & Gaming,NYS,$5B (Small),"2,881,720"
SGI,Somnigroup International Inc,Consumer Discretionary,Household Durables,Home Furnishings,NYS,$17B (Mid),"2,212,030"
SGN,Signing Day Sports Inc,Information Technology,Software,Application Software,NYS,$21M (Micro),"35,735,060"
SHAK,Shake Shack Inc,Consumer Discretionary,"Hotels, Restaurants & Leisure",Restaurants,NYS,$4B (Small),"1,859,320"
SHEL,Shell PLC,Energy,"Oil, Gas & Consumable Fuels",Integrated Oil & Gas,NYS,$247B (Large),"8,041,720"
SHG,Shinhan Financial Group Co Ltd,Financials,Banks,Diversified Banks,NYS,$29B (Mid),"445,270"
SHO,Sunstone Hotel Investors Inc,Real Estate,Hotel & Resort REITs,Hotel & Resort REITs,NYS,$2B (Micro),"1,877,470"
SHW,Sherwin-Williams Co,Materials,Chemicals,Specialty Chemicals,NYS,$80B (Large),"1,660,960"
SI,Shoulder Innovations Inc,Health Care,Health Care Equipment & Supplies,Health Care Equipment,NYS,$289M (Micro),"55,670"
SID,Companhia Siderurgica Nacional SA,Materials,Metals & Mining,Steel,NYS,$2B (Micro),"5,318,630"
SIF,SIFCO Industries Inc,Industrials,Aerospace & Defense,Aerospace & Defense,NYS,$91M (Micro),"77,600"
SIG,Signet Jewelers Ltd,Consumer Discretionary,Specialty Retail,Other Specialty Retail,NYS,$3B (Small),"902,930"
SILA,Sila Realty Trust Inc,Real Estate,Health Care REITs,Health Care REITs,NYS,$1B (Micro),"328,690"
SITC,Site Centers Corp,Real Estate,Retail REITs,Retail REITs,NYS,$309M (Micro),"1,016,490"
SITE,SiteOne Landscape Supply Inc,Industrials,Trading Companies & Distributors,Trading Companies & Distributors,NYS,$6B (Small),"652,200"
SJM,J M Smucker Co,Consumer Staples,Food Products,Packaged Foods & Meats,NYS,$11B (Mid),"3,648,460"
SJT,San Juan Basin Royalty Trust,Energy,"Oil, Gas & Consumable Fuels",Oil & Gas Exploration & Production,NYS,$237M (Micro),"240,320"
SKIL,Skillsoft Corp,Industrials,Professional Services,Human Resource & Employment Services,NYS,$37M (Micro),"142,590"
SKM,SK Telecom Co Ltd,Communication Services,Wireless Telecommunication Services,Wireless Telecommunication Services,NYS,$11B (Mid),"2,237,200"
SKT,Tanger Inc,Real Estate,Retail REITs,Retail REITs,NYS,$4B (Small),"931,190"
SKY,Champion Homes Inc,Consumer Discretionary,Household Durables,Homebuilding,NYS,$4B (Small),"627,920"
SKYH,Sky Harbour Group Corp,Industrials,Transportation Infrastructure,Airport Services,NYS,$693M (Micro),"127,930"
SLAI,SOLAI Ltd,Information Technology,Software,Application Software,NYS,$17M (Micro),"55,820"
SLB,Slb NV,Energy,Energy Equipment & Services,Oil & Gas Equipment & Services,NYS,$72B (Large),"17,611,010"
SLF,Sun Life Financial Inc,Financials,Insurance,Life & Health Insurance,NYS,$35B (Mid),"722,740"
SLG,SL Green Realty Corp,Real Estate,Office REITs,Office REITs,NYS,$3B (Small),"1,620,550"
SLGN,Silgan Holdings Inc,Materials,Containers & Packaging,"Metal, Glass & Plastic Containers",NYS,$4B (Small),"849,550"
SLND,Southland Holdings Inc,Industrials,Construction & Engineering,Construction & Engineering,NYS,$42M (Micro),"96,280"
SLQT,SelectQuote Inc,Financials,Insurance,Insurance Brokers,NYS,$117M (Micro),"1,440,420"
SLVM,Sylvamo Corp,Materials,Paper & Forest Products,Paper Products,NYS,$2B (Micro),"321,090"
SM,SM Energy Co,Energy,"Oil, Gas & Consumable Fuels",Oil & Gas Exploration & Production,NYS,$6B (Small),"9,261,330"
SMA,SmartStop Self Storage REIT Inc,Real Estate,Specialized REITs,Self-Storage REITs,NYS,$2B (Micro),"1,191,450"
SMBK,SmartFinancial Inc,Financials,Banks,Regional Banks,NYS,$648M (Micro),"72,710"
SMC,Summit Midstream Corp,Energy,"Oil, Gas & Consumable Fuels",Oil & Gas Storage & Transportation,NYS,$592M (Micro),"66,730"
SMFG,Sumitomo Mitsui Financial Group Inc,Financials,Banks,Diversified Banks,NYS,$128B (Large),"2,555,620"
SMG,Scotts Miracle-Gro Co,Materials,Chemicals,Fertilizers & Agricultural Chemicals,NYS,$4B (Small),"794,470"
SMHI,SEACOR Marine Holdings Inc,Energy,Energy Equipment & Services,Oil & Gas Equipment & Services,NYS,$209M (Micro),"233,800"
SMP,Standard Motor Products Inc,Consumer Discretionary,Automobile Components,Automotive Parts & Equipment,NYS,$804M (Micro),"164,970"
SMR,Nuscale Power Corp,Industrials,Electrical Equipment,Heavy Electrical Equipment,NYS,$4B (Small),"22,489,820"
SMRT,SmartRent Inc,Information Technology,"Electronic Equipment, Instruments & Components",Electronic Equipment & Instruments,NYS,$359M (Micro),"1,034,920"
SMWB,Similarweb Ltd,Information Technology,Software,Application Software,NYS,$230M (Micro),"836,930"
SN,Sharkninja Inc,Consumer Discretionary,Household Durables,Household Appliances,NYS,$16B (Mid),"1,994,300"
SNA,Snap-On Inc,Industrials,Machinery,Industrial Machinery & Supplies & Components,NYS,$19B (Mid),"361,690"
SNAP,Snap Inc,Communication Services,Interactive Media & Services,Interactive Media & Services,NYS,$8B (Mid),"35,843,850"
SNDA,Sonida Senior Living Inc,Health Care,Health Care Providers & Services,Health Care Facilities,NYS,$633M (Micro),"93,720"
SNDR,Schneider National Inc,Industrials,Ground Transportation,Cargo Ground Transportation,NYS,$4B (Small),"805,030"
SNN,Smith & Nephew PLC,Health Care,Health Care Equipment & Supplies,Health Care Equipment,NYS,$14B (Mid),"1,182,380"
SNOW,Snowflake Inc,Information Technology,IT Services,Internet Services & Infrastructure,NYS,$61B (Large),"7,904,720"
SNX,TD Synnex Corp,Information Technology,"Electronic Equipment, Instruments & Components",Technology Distributors,NYS,$13B (Mid),"533,770"
SO,Southern Co,Utilities,Electric Utilities,Electric Utilities,NYS,$108B (Large),"5,637,700"
SOAR,Volato Group Inc,Industrials,Passenger Airlines,Passenger Airlines,NYS,$3M (Micro),"7,773,020"
SOC,Sable Offshore Corp,Energy,"Oil, Gas & Consumable Fuels",Oil & Gas Exploration & Production,NYS,$2B (Small),"8,835,150"
SOLV,Solventum Corp,Health Care,Health Care Equipment & Supplies,Health Care Supplies,NYS,$12B (Mid),"1,397,830"
SON,Sonoco Products Co,Materials,Containers & Packaging,Paper & Plastic Packaging Products & Materials,NYS,$5B (Small),"809,200"
SONY,Sony Group Corp,Consumer Discretionary,Household Durables,Consumer Electronics,NYS,$128B (Large),"6,921,080"
SOS,Sos Ltd,Industrials,Professional Services,Research & Consulting Services,NYS,$12M (Micro),"106,690"
SPB,Spectrum Brands Holdings Inc,Consumer Staples,Household Products,Household Products,NYS,$2B (Micro),"344,630"
SPCE,Virgin Galactic Holdings Inc,Industrials,Aerospace & Defense,Aerospace & Defense,NYS,$186M (Micro),"1,713,180"
SPG,Simon Property Group Inc,Real Estate,Retail REITs,Retail REITs,NYS,$62B (Large),"1,577,850"
SPGI,S&P Global Inc,Financials,Capital Markets,Financial Exchanges & Data,NYS,$128B (Large),"2,555,940"
SPH,Suburban Propane Partners LP,Utilities,Gas Utilities,Gas Utilities,NYS,$1B (Micro),"121,300"
SPHR,Sphere Entertainment Co,Communication Services,Entertainment,Movies & Entertainment,NYS,$4B (Small),"854,900"
SPIR,Spire Global Inc,Industrials,Professional Services,Research & Consulting Services,NYS,$382M (Micro),"468,790"
SPNT,Siriuspoint Ltd,Financials,Insurance,Reinsurance,NYS,$2B (Small),"636,060"
SPOT,Spotify Technology SA,Communication Services,Entertainment,Movies & Entertainment,NYS,$106B (Large),"2,878,500"
SPXC,SPX Technologies Inc,Industrials,Machinery,Industrial Machinery & Supplies & Components,NYS,$10B (Mid),"376,320"
SQM,Sociedad Quimica y Minera de Chile SA,Materials,Chemicals,Specialty Chemicals,NYS,$11B (Mid),"1,477,290"
SR,Spire Inc,Utilities,Gas Utilities,Gas Utilities,NYS,$5B (Small),"383,020"
SRE,Sempra,Utilities,Multi-Utilities,Multi-Utilities,NYS,$61B (Large),"3,881,910"
SRFM,Surf Air Mobility Inc,Industrials,Passenger Airlines,Passenger Airlines,NYS,$125M (Micro),"1,615,160"
SRG,Seritage Growth Properties,Real Estate,Real Estate Management & Development,Real Estate Operating Companies,NYS,$159M (Micro),"171,000"
SRI,Stoneridge Inc,Consumer Discretionary,Automobile Components,Automotive Parts & Equipment,NYS,$215M (Micro),"151,200"
SRXH,Srx Health Solutions Inc,Consumer Staples,Consumer Staples Distribution & Retail,Drug Retail,NYS,$43M (Micro),"12,454,840"
SSB,SouthState Bank Corp,Financials,Banks,Regional Banks,NYS,$9B (Mid),"959,630"
SSD,Simpson Manufacturing Co Inc,Industrials,Building Products,Building Products,NYS,$7B (Small),"229,900"
SSL,Sasol Ltd,Materials,Chemicals,Diversified Chemicals,NYS,$6B (Small),"2,849,700"
SSTK,Shutterstock Inc,Communication Services,Interactive Media & Services,Interactive Media & Services,NYS,$580M (Micro),"414,370"
ST,Sensata Technologies Holding PLC,Industrials,Electrical Equipment,Electrical Components & Equipment,NYS,$5B (Small),"1,837,590"
STAG,STAG Industrial Inc,Real Estate,Industrial REITs,Industrial REITs,NYS,$7B (Small),"1,105,810"
STC,Stewart Information Services Corp,Financials,Insurance,Property & Casualty Insurance,NYS,$2B (Micro),"207,890"
STE,STERIS plc,Health Care,Health Care Equipment & Supplies,Health Care Equipment,NYS,$22B (Mid),"916,350"
STEL,Stellar Bancorp Inc,Financials,Banks,Regional Banks,NYS,$2B (Micro),"424,850"
STEM,Stem Inc,Industrials,Electrical Equipment,Electrical Components & Equipment,NYS,$91M (Micro),"292,660"
STM,STMicroelectronics NV,Information Technology,Semiconductors & Semiconductor Equipment,Semiconductors,NYS,$30B (Mid),"8,403,930"
STN,Stantec Inc,Industrials,Construction & Engineering,Construction & Engineering,NYS,$10B (Mid),"422,830"
STNG,Scorpio Tankers Inc,Energy,"Oil, Gas & Consumable Fuels",Oil & Gas Storage & Transportation,NYS,$4B (Small),"1,322,030"
STT,State Street Corp,Financials,Capital Markets,Asset Management & Custody Banks,NYS,$35B (Mid),"2,339,890"
STUB,StubHub Holdings Inc,Communication Services,Entertainment,Movies & Entertainment,NYS,$3B (Small),"6,563,510"
STVN,Stevanato Group SpA,Health Care,Life Sciences Tools & Services,Life Sciences Tools & Services,NYS,$5B (Small),"592,430"
STWD,Starwood Property Trust Inc,Financials,Mortgage Real Estate Investment Trusts (REITs),Mortgage REITs,NYS,$7B (Small),"3,816,010"
STXS,Stereotaxis Inc,Health Care,Health Care Equipment & Supplies,Health Care Equipment,NYS,$184M (Micro),"497,260"
STZ,Constellation Brands Inc,Consumer Staples,Beverages,Distillers & Vintners,NYS,$26B (Mid),"1,840,590"
SU,Suncor Energy Inc,Energy,"Oil, Gas & Consumable Fuels",Integrated Oil & Gas,NYS,$69B (Large),"6,385,940"
SUI,Sun Communities Inc,Real Estate,Residential REITs,Single-Family Residential REITs,NYS,$17B (Mid),"1,141,500"
SUN,Sunoco LP,Energy,"Oil, Gas & Consumable Fuels",Oil & Gas Refining & Marketing,NYS,$13B (Mid),"580,140"
SUNC,SunocoCorp LLC,Energy,"Oil, Gas & Consumable Fuels",Oil & Gas Refining & Marketing,NYS,$3B (Small),"573,780"
SUPV,Grupo Supervielle SA,Financials,Banks,Diversified Banks,NYS,$810M (Micro),"1,275,700"
SVM,Silvercorp Metals Inc,Materials,Metals & Mining,Silver,NYS,$3B (Small),"5,056,130"
SVV,Savers Value Village Inc,Consumer Discretionary,Broadline Retail,Broadline Retail,NYS,$1B (Micro),"1,094,870"
SW,Smurfit WestRock PLC,Materials,Containers & Packaging,Paper & Plastic Packaging Products & Materials,NYS,$22B (Mid),"6,281,440"
SWK,Stanley Black & Decker Inc,Industrials,Machinery,Industrial Machinery & Supplies & Components,NYS,$11B (Mid),"1,977,980"
SWX,Southwest Gas Holdings Inc,Utilities,Gas Utilities,Gas Utilities,NYS,$6B (Small),"687,090"
SXC,SunCoke Energy Inc,Materials,Metals & Mining,Steel,NYS,$511M (Micro),"2,179,660"
SXI,Standex International Corp,Industrials,Machinery,Industrial Machinery & Supplies & Components,NYS,$3B (Small),"210,320"
SXT,Sensient Technologies Corp,Materials,Chemicals,Specialty Chemicals,NYS,$4B (Small),"278,510"
SYF,Synchrony Financial,Financials,Consumer Finance,Consumer Finance,NYS,$23B (Mid),"4,344,610"
SYK,Stryker Corp,Health Care,Health Care Equipment & Supplies,Health Care Equipment,NYS,$132B (Large),"1,561,680"
SYNX,Silynxcom Ltd,Industrials,Aerospace & Defense,Aerospace & Defense,NYS,$8M (Micro),"7,849,380"
SYY,Sysco Corp,Consumer Staples,Consumer Staples Distribution & Retail,Food Distributors,NYS,$40B (Mid),"3,423,690"
T,AT&T Inc,Communication Services,Diversified Telecommunication Services,Integrated Telecommunication Services,NYS,$190B (Large),"43,563,770"
TAC,TransAlta Corp,Utilities,Independent Power & Renewable Electricity Producers,Independent Power Producers & Energy Traders,NYS,$4B (Small),"1,879,900"
TAK,Takeda Pharmaceutical Co Ltd,Health Care,Pharmaceuticals,Pharmaceuticals,NYS,$57B (Large),"2,616,710"
TAL,TAL Education Group,Consumer Discretionary,Diversified Consumer Services,Education Services,NYS,$7B (Small),"4,289,870"
TALO,Talos Energy Inc,Energy,"Oil, Gas & Consumable Fuels",Oil & Gas Exploration & Production,NYS,$2B (Small),"3,014,230"
TAP,Molson Coors Beverage Co,Consumer Staples,Beverages,Brewers,NYS,$8B (Mid),"3,012,340"
TBBB,Bbb Foods Inc,Consumer Staples,Consumer Staples Distribution & Retail,Food Retail,NYS,$4B (Small),"493,880"
TBN,Tamboran Resources Corp,Energy,"Oil, Gas & Consumable Fuels",Oil & Gas Exploration & Production,NYS,$693M (Micro),"99,820"
TCBX,Third Coast Bancshares Inc,Financials,Banks,Regional Banks,NYS,$621M (Micro),"67,310"
TD,Toronto-Dominion Bank,Financials,Banks,Diversified Banks,NYS,$160B (Large),"2,268,850"
TDAY,USA TODAY Co Inc,Communication Services,Media,Publishing,NYS,$956M (Micro),"2,415,280"
TDC,Teradata Corp,Information Technology,Software,Systems Software,NYS,$3B (Small),"2,180,870"
TDG,TransDigm Group Inc,Industrials,Aerospace & Defense,Aerospace & Defense,NYS,$71B (Large),"328,060"
TDOC,Teladoc Health Inc,Health Care,Health Care Technology,Health Care Technology,NYS,$976M (Micro),"8,543,370"
TDS,Telephone and Data Systems Inc,Communication Services,Wireless Telecommunication Services,Wireless Telecommunication Services,NYS,$5B (Small),"696,930"
TDW,Tidewater Inc,Energy,Energy Equipment & Services,Oil & Gas Equipment & Services,NYS,$4B (Small),"1,099,080"
TDY,Teledyne Technologies Inc,Information Technology,"Electronic Equipment, Instruments & Components",Electronic Equipment & Instruments,NYS,$30B (Mid),"280,420"
TE,T1 Energy Inc,Industrials,Electrical Equipment,Electrical Components & Equipment,NYS,$2B (Small),"14,980,900"
TEL,TE Connectivity PLC,Information Technology,"Electronic Equipment, Instruments & Components",Electronic Manufacturing Services,NYS,$60B (Large),"2,740,640"
TEN,Tsakos Energy Navigation Ltd,Energy,"Oil, Gas & Consumable Fuels",Oil & Gas Storage & Transportation,NYS,$1B (Micro),"842,060"
TEO,Telecom Argentina SA,Communication Services,Diversified Telecommunication Services,Integrated Telecommunication Services,NYS,$2B (Micro),"267,220"
TEVA,Teva Pharmaceutical Industries Ltd,Health Care,Pharmaceuticals,Pharmaceuticals,NYS,$35B (Mid),"8,093,810"
TEX,Terex Corp,Industrials,Machinery,Construction Machinery & Heavy Transportation Equipment,NYS,$7B (Small),"1,753,760"
TFC,Truist Financial Corp,Financials,Banks,Regional Banks,NYS,$57B (Large),"8,444,760"
TFIN,Triumph Financial Inc,Financials,Banks,Regional Banks,NYS,$1B (Micro),"256,190"
TFX,Teleflex Inc,Health Care,Health Care Equipment & Supplies,Health Care Equipment,NYS,$5B (Small),"1,073,780"
TG,Tredegar Corp,Materials,Metals & Mining,Aluminum,NYS,$270M (Micro),"160,280"
TGB,Taseko Mines Ltd,Materials,Metals & Mining,Copper,NYS,$3B (Small),"5,982,940"
TGE,Generation Essentials Group,Industrials,Industrial Conglomerates,Industrial Conglomerates,NYS,$86M (Micro),"139,300"
TGEN,Tecogen Inc,Industrials,Building Products,Building Products,NYS,$84M (Micro),"280,320"
TGLS,Tecnoglass Inc,Industrials,Building Products,Building Products,NYS,$2B (Micro),"717,870"
TGNA,Tegna Inc,Communication Services,Media,Broadcasting,NYS,$3B (Small),"2,858,560"
TGS,Transportadora de Gas del Sur SA,Energy,"Oil, Gas & Consumable Fuels",Oil & Gas Storage & Transportation,NYS,$2B (Small),"283,800"
TGT,Target Corp,Consumer Staples,Consumer Staples Distribution & Retail,Consumer Staples Merchandise Retail,NYS,$54B (Large),"7,187,560"
THC,Tenet Healthcare Corp,Health Care,Health Care Providers & Services,Health Care Facilities,NYS,$20B (Mid),"951,700"
THG,Hanover Insurance Group Inc,Financials,Insurance,Property & Casualty Insurance,NYS,$6B (Small),"257,650"
THM,International Tower Hill Mines Ltd,Materials,Metals & Mining,Gold,NYS,$765M (Micro),"2,150,590"
THO,Thor Industries Inc,Consumer Discretionary,Automobiles,Automobile Manufacturers,NYS,$4B (Small),"1,090,950"
THR,Thermon Group Holdings Inc,Industrials,Electrical Equipment,Electrical Components & Equipment,NYS,$2B (Micro),"1,040,750"
TIC,TIC Solutions Inc,Industrials,Professional Services,Research & Consulting Services,NYS,$2B (Micro),"2,193,890"
TIMB,Tim SA,Communication Services,Wireless Telecommunication Services,Wireless Telecommunication Services,NYS,$12B (Mid),"412,940"
TJX,TJX Companies Inc,Consumer Discretionary,Specialty Retail,Apparel Retail,NYS,$175B (Large),"5,874,080"
TK,Teekay Corp Ltd,Energy,"Oil, Gas & Consumable Fuels",Oil & Gas Storage & Transportation,NYS,$1B (Micro),"661,620"
TKC,Turkcell Iletisim Hizmetleri AS,Communication Services,Wireless Telecommunication Services,Wireless Telecommunication Services,NYS,$5B (Small),"1,513,610"
TKO,TKO Group Holdings Inc,Communication Services,Entertainment,Movies & Entertainment,NYS,$39B (Mid),"1,219,580"
TKR,Timken Co,Industrials,Machinery,Industrial Machinery & Supplies & Components,NYS,$7B (Small),"921,320"
TLK,Telkom Indonesia (Persero) Tbk PT,Communication Services,Diversified Telecommunication Services,Integrated Telecommunication Services,NYS,$18B (Mid),"1,095,480"
TM,Toyota Motor Corp,Consumer Discretionary,Automobiles,Automobile Manufacturers,NYS,$288B (Large),"349,780"
TMDE,TMD Energy Ltd,Energy,"Oil, Gas & Consumable Fuels",Oil & Gas Storage & Transportation,NYS,$54M (Micro),"24,938,640"
TME,Tencent Music Entertainment Group,Communication Services,Entertainment,Movies & Entertainment,NYS,$21B (Mid),"5,850,210"
TMHC,Taylor Morrison Home Corp,Consumer Discretionary,Household Durables,Homebuilding,NYS,$6B (Small),"1,058,320"
TMO,Thermo Fisher Scientific Inc,Health Care,Life Sciences Tools & Services,Life Sciences Tools & Services,NYS,$184B (Large),"2,000,180"
TMP,Tompkins Financial Corp,Financials,Banks,Regional Banks,NYS,$1B (Micro),"65,070"
TNC,Tennant Co,Industrials,Machinery,Industrial Machinery & Supplies & Components,NYS,$1B (Micro),"374,530"
TNET,TriNet Group Inc,Industrials,Professional Services,Human Resource & Employment Services,NYS,$2B (Micro),"630,170"
TNK,Teekay Tankers Ltd,Energy,"Oil, Gas & Consumable Fuels",Oil & Gas Storage & Transportation,NYS,$2B (Small),"771,280"
TNL,Travel + Leisure Co,Consumer Discretionary,"Hotels, Restaurants & Leisure","Hotels, Resorts & Cruise Lines",NYS,$4B (Small),"664,500"
TOL,Toll Brothers Inc,Consumer Discretionary,Household Durables,Homebuilding,NYS,$14B (Mid),"1,098,250"
TOON,Kartoon Studios Inc,Communication Services,Entertainment,Movies & Entertainment,NYS,$31M (Micro),"118,470"
TOST,Toast Inc,Financials,Financial Services,Transaction & Payment Processing Services,NYS,$17B (Mid),"12,499,490"
TOVX,Theriva Biologics Inc,Health Care,Biotechnology,Biotechnology,NYS,$6M (Micro),"1,967,390"
TPB,Turning Point Brands Inc,Consumer Staples,Tobacco,Tobacco,NYS,$2B (Micro),"666,790"
TPC,Tutor Perini Corp,Industrials,Construction & Engineering,Construction & Engineering,NYS,$4B (Small),"1,073,400"
TPET,Trio Petroleum Corp,Energy,"Oil, Gas & Consumable Fuels",Oil & Gas Exploration & Production,NYS,$18M (Micro),"171,893,090"
TPH,Tri Pointe Homes Inc (Delaware),Consumer Discretionary,Household Durables,Homebuilding,NYS,$4B (Small),"3,820,540"
TPL,Texas Pacific Land Corp,Energy,"Oil, Gas & Consumable Fuels",Oil & Gas Exploration & Production,NYS,$36B (Mid),"613,850"
TPR,Tapestry Inc,Consumer Discretionary,"Textiles, Apparel & Luxury Goods","Apparel, Accessories & Luxury Goods",NYS,$29B (Mid),"2,366,480"
TPVG,Triplepoint Venture Growth BDC Corp,Financials,Capital Markets,Asset Management & Custody Banks,NYS,$213M (Micro),"534,270"
TR,Tootsie Roll Industries Inc,Consumer Staples,Food Products,Packaged Foods & Meats,NYS,$2B (Micro),"165,050"
TRAK,ReposiTrak Inc,Information Technology,Software,Application Software,NYS,$149M (Micro),"192,300"
TRC,Tejon Ranch Co,Real Estate,Real Estate Management & Development,Diversified Real Estate Activities,NYS,$513M (Micro),"91,610"
TREX,Trex Company Inc,Industrials,Building Products,Building Products,NYS,$4B (Small),"2,408,040"
TRGP,Targa Resources Corp,Energy,"Oil, Gas & Consumable Fuels",Oil & Gas Storage & Transportation,NYS,$51B (Large),"1,793,990"
TRN,Trinity Industries Inc,Industrials,Machinery,Construction Machinery & Heavy Transportation Equipment,NYS,$2B (Small),"664,000"
TRNO,Terreno Realty Corp,Real Estate,Industrial REITs,Industrial REITs,NYS,$7B (Small),"680,130"
TROX,Tronox Holdings PLC,Materials,Chemicals,Commodity Chemicals,NYS,$1B (Micro),"3,479,060"
TRP,TC Energy Corp,Energy,"Oil, Gas & Consumable Fuels",Oil & Gas Storage & Transportation,NYS,$66B (Large),"2,445,960"
TRT,Trio-Tech International,Information Technology,Semiconductors & Semiconductor Equipment,Semiconductor Materials & Equipment,NYS,$53M (Micro),"64,200"
TRTX,TPG RE Finance Trust Inc,Financials,Mortgage Real Estate Investment Trusts (REITs),Mortgage REITs,NYS,$639M (Micro),"728,120"
TRU,TransUnion,Industrials,Professional Services,Research & Consulting Services,NYS,$14B (Mid),"2,603,000"
TRV,Travelers Companies Inc,Financials,Insurance,Property & Casualty Insurance,NYS,$65B (Large),"1,552,530"
TRX,TRX Gold Corp,Materials,Metals & Mining,Gold,NYS,$577M (Micro),"6,196,610"
TS,Tenaris SA,Energy,Energy Equipment & Services,Oil & Gas Equipment & Services,NYS,$27B (Mid),"1,839,080"
TSLX,Sixth Street Specialty Lending Inc,Financials,Capital Markets,Asset Management & Custody Banks,NYS,$2B (Micro),"1,705,880"
TSM,Taiwan Semiconductor Manufacturing Co Ltd,Information Technology,Semiconductors & Semiconductor Equipment,Semiconductors,NYS,$2T (Large),"14,017,480"
TSN,Tyson Foods Inc,Consumer Staples,Food Products,Packaged Foods & Meats,NYS,$21B (Mid),"3,407,160"
TSQ,Townsquare Media Inc,Communication Services,Media,Broadcasting,NYS,$120M (Micro),"121,560"
TT,Trane Technologies PLC,Industrials,Building Products,Building Products,NYS,$96B (Large),"1,396,100"
TTAM,Titan America SA,Materials,Construction Materials,Construction Materials,NYS,$3B (Small),"328,930"
TTC,Toro Co,Industrials,Machinery,Agricultural & Farm Machinery,NYS,$9B (Mid),"1,183,560"
TTI,Tetra Technologies Inc,Energy,Energy Equipment & Services,Oil & Gas Equipment & Services,NYS,$1B (Micro),"2,648,040"
TU,Telus Corp,Communication Services,Diversified Telecommunication Services,Integrated Telecommunication Services,NYS,$21B (Mid),"6,550,340"
TUYA,Tuya Inc,Information Technology,Software,Application Software,NYS,$2B (Micro),"2,773,610"
TV,Grupo Televisa SAB,Communication Services,Diversified Telecommunication Services,Integrated Telecommunication Services,NYS,$2B (Micro),"1,851,060"
TWI,Titan International Inc,Industrials,Machinery,Agricultural & Farm Machinery,NYS,$529M (Micro),"910,180"
TWLO,Twilio Inc,Information Technology,IT Services,Internet Services & Infrastructure,NYS,$19B (Mid),"2,098,870"
TWO,Two Harbors Investment Corp,Financials,Mortgage Real Estate Investment Trusts (REITs),Mortgage REITs,NYS,$993M (Micro),"3,930,230"
TX,Ternium SA,Materials,Metals & Mining,Steel,NYS,$8B (Mid),"180,350"
TXNM,TXNM Energy Inc,Utilities,Electric Utilities,Electric Utilities,NYS,$6B (Small),"1,270,180"
TXO,TXO Partners LP,Energy,"Oil, Gas & Consumable Fuels",Oil & Gas Exploration & Production,NYS,$682M (Micro),"253,650"
TXT,Textron Inc,Industrials,Aerospace & Defense,Aerospace & Defense,NYS,$16B (Mid),"1,438,030"
TYL,Tyler Technologies Inc,Information Technology,Software,Application Software,NYS,$15B (Mid),"711,080"
U,Unity Software Inc,Information Technology,Software,Application Software,NYS,$9B (Mid),"16,618,050"
UAA,Under Armour Inc,Consumer Discretionary,"Textiles, Apparel & Luxury Goods","Apparel, Accessories & Luxury Goods",NYS,$1B (Micro),"10,713,830"
UAMY,United States Antimony Corp,Materials,Metals & Mining,Diversified Metals & Mining,NYS,$1B (Micro),"13,671,610"
UAN,CVR Partners LP,Materials,Chemicals,Fertilizers & Agricultural Chemicals,NYS,$1B (Micro),"111,560"
UAVS,Ageagle Aerial Systems Inc,Industrials,Machinery,Agricultural & Farm Machinery,NYS,$47M (Micro),"5,033,780"
UBER,Uber Technologies Inc,Industrials,Ground Transportation,Passenger Ground Transportation,NYS,$154B (Large),"20,164,370"
UBS,UBS Group AG,Financials,Capital Markets,Diversified Capital Markets,NYS,$121B (Large),"2,957,900"
UCB,United Community Banks Inc,Financials,Banks,Regional Banks,NYS,$4B (Small),"1,008,850"
UDR,UDR Inc,Real Estate,Residential REITs,Multi-Family Residential REITs,NYS,$12B (Mid),"3,182,470"
UE,Urban Edge Properties,Real Estate,Retail REITs,Retail REITs,NYS,$3B (Small),"919,170"
UEC,Uranium Energy Corp,Energy,"Oil, Gas & Consumable Fuels",Coal & Consumable Fuels,NYS,$7B (Small),"10,309,270"
UGI,UGI Corp,Utilities,Gas Utilities,Gas Utilities,NYS,$8B (Mid),"1,716,480"
UGP,Ultrapar Participacoes SA,Consumer Discretionary,Specialty Retail,Automotive Retail,NYS,$6B (Small),"3,009,430"
UHAL,U-Haul Holding Co,Industrials,Ground Transportation,Cargo Ground Transportation,NYS,$929M (Micro),"185,600"
UHS,Universal Health Services Inc,Health Care,Health Care Providers & Services,Health Care Facilities,NYS,$11B (Mid),"1,045,300"
UHT,Universal Health Realty Income Trust,Real Estate,Health Care REITs,Health Care REITs,NYS,$594M (Micro),"63,920"
UI,Ubiquiti Inc,Information Technology,Communications Equipment,Communications Equipment,NYS,$46B (Large),"87,580"
UIS,Unisys Corp,Information Technology,IT Services,IT Consulting & Other Services,NYS,$169M (Micro),"1,236,980"
UL,Unilever PLC,Consumer Staples,Personal Care Products,Personal Care Products,NYS,$142B (Large),"3,584,630"
ULS,UL Solutions Inc,Industrials,Professional Services,Research & Consulting Services,NYS,$17B (Mid),"568,110"
UMAC,Unusual Machines Inc,Information Technology,"Electronic Equipment, Instruments & Components",Electronic Equipment & Instruments,NYS,$749M (Micro),"4,378,930"
UMC,United Microelectronics Corp,Information Technology,Semiconductors & Semiconductor Equipment,Semiconductors,NYS,$24B (Mid),"8,596,070"
UMH,UMH Properties Inc,Real Estate,Residential REITs,Single-Family Residential REITs,NYS,$1B (Micro),"632,730"
UNF,UniFirst Corp,Industrials,Commercial Services & Supplies,Diversified Support Services,NYS,$5B (Small),"253,070"
UNFI,United Natural Foods Inc,Consumer Staples,Consumer Staples Distribution & Retail,Food Distributors,NYS,$2B (Small),"803,240"
UNH,UnitedHealth Group Inc,Health Care,Health Care Providers & Services,Managed Health Care,NYS,$259B (Large),"8,295,160"
UNM,Unum Group,Financials,Insurance,Life & Health Insurance,NYS,$12B (Mid),"1,646,970"
UNP,Union Pacific Corp,Industrials,Ground Transportation,Rail Transportation,NYS,$149B (Large),"3,176,580"
UP,Wheels Up Experience Inc,Industrials,Passenger Airlines,Passenger Airlines,NYS,$384M (Micro),"2,587,990"
UPS,United Parcel Service Inc,Industrials,Air Freight & Logistics,Air Freight & Logistics,NYS,$86B (Large),"7,454,230"
URG,Ur-Energy Inc,Energy,"Oil, Gas & Consumable Fuels",Coal & Consumable Fuels,NYS,$597M (Micro),"5,835,010"
URI,United Rentals Inc,Industrials,Trading Companies & Distributors,Trading Companies & Distributors,NYS,$49B (Large),"739,790"
USAC,USA Compression Partners LP,Energy,Energy Equipment & Services,Oil & Gas Equipment & Services,NYS,$4B (Small),"228,350"
USB,US Bancorp,Financials,Banks,Diversified Banks,NYS,$81B (Large),"10,449,180"
USBC,USBC Inc,Health Care,Health Care Equipment & Supplies,Health Care Equipment,NYS,$151M (Micro),"273,510"
USFD,US Foods Holding Corp,Consumer Staples,Consumer Staples Distribution & Retail,Food Distributors,NYS,$20B (Mid),"2,056,590"
USNA,USANA Health Sciences Inc,Consumer Staples,Personal Care Products,Personal Care Products,NYS,$322M (Micro),"159,830"
USPH,US Physical Therapy Inc,Health Care,Health Care Providers & Services,Health Care Facilities,NYS,$1B (Micro),"194,830"
UTI,Universal Technical Institute Inc,Consumer Discretionary,Diversified Consumer Services,Education Services,NYS,$2B (Micro),"856,950"
UTL,Unitil Corp,Utilities,Multi-Utilities,Multi-Utilities,NYS,$937M (Micro),"133,350"
UTZ,UTZ Brands Inc,Consumer Staples,Food Products,Packaged Foods & Meats,NYS,$1B (Micro),"1,643,780"
UUU,Universal Safety Products Inc,Information Technology,"Electronic Equipment, Instruments & Components",Electronic Equipment & Instruments,NYS,$15M (Micro),"51,150"
UUUU,Energy Fuels Inc,Energy,"Oil, Gas & Consumable Fuels",Coal & Consumable Fuels,NYS,$5B (Small),"11,451,720"
UVE,Universal Insurance Holdings Inc,Financials,Insurance,Property & Casualty Insurance,NYS,$949M (Micro),"272,150"
UVV,Universal Corp,Consumer Staples,Tobacco,Tobacco,NYS,$1B (Micro),"208,060"
V,Visa Inc,Financials,Financial Services,Transaction & Payment Processing Services,NYS,$589B (Large),"7,453,840"
VAC,Marriott Vacations Worldwide Corp,Consumer Discretionary,"Hotels, Restaurants & Leisure","Hotels, Resorts & Cruise Lines",NYS,$2B (Small),"942,800"
VAL,Valaris Ltd,Energy,Energy Equipment & Services,Oil & Gas Drilling,NYS,$6B (Small),"1,039,360"
VALE,Vale SA,Materials,Metals & Mining,Steel,NYS,$65B (Large),"35,344,980"
VEEV,Veeva Systems Inc,Health Care,Health Care Technology,Health Care Technology,NYS,$31B (Mid),"2,605,330"
VEL,Velocity Financial Inc,Financials,Financial Services,Commercial & Residential Mortgage Finance,NYS,$710M (Micro),"110,260"
VFC,VF Corp,Consumer Discretionary,"Textiles, Apparel & Luxury Goods","Apparel, Accessories & Luxury Goods",NYS,$6B (Small),"6,133,450"
VG,Venture Global Inc,Energy,"Oil, Gas & Consumable Fuels",Oil & Gas Exploration & Production,NYS,$31B (Mid),"28,635,950"
VGZ,Vista Gold Corp,Materials,Metals & Mining,Gold,NYS,$301M (Micro),"1,661,060"
VIA,Via Transportation Inc,Information Technology,Software,Application Software,NYS,$2B (Micro),"1,028,790"
VICI,VICI Properties Inc,Real Estate,Specialized REITs,Other Specialized REITs,NYS,$30B (Mid),"10,000,020"
VIK,Viking Holdings Ltd,Consumer Discretionary,"Hotels, Restaurants & Leisure","Hotels, Resorts & Cruise Lines",NYS,$32B (Mid),"3,188,780"
VIPS,Vipshop Holdings Ltd,Consumer Discretionary,Broadline Retail,Broadline Retail,NYS,$8B (Mid),"2,554,590"
VIRT,Virtu Financial Inc,Financials,Capital Markets,Investment Banking & Brokerage,NYS,$6B (Small),"1,014,780"
VIST,Vista Energy SAB de CV,Energy,"Oil, Gas & Consumable Fuels",Oil & Gas Exploration & Production,NYS,$6B (Small),"1,942,960"
VIV,Telefonica Brasil SA,Communication Services,Diversified Telecommunication Services,Integrated Telecommunication Services,NYS,$26B (Mid),"1,048,850"
VLN,Valens Semiconductor Ltd,Information Technology,Semiconductors & Semiconductor Equipment,Semiconductors,NYS,$151M (Micro),"848,440"
VLO,Valero Energy Corp,Energy,"Oil, Gas & Consumable Fuels",Oil & Gas Refining & Marketing,NYS,$69B (Large),"4,361,110"
VLRS,Controladora Vuela Compania de Aviacion SAB de CV,Industrials,Passenger Airlines,Passenger Airlines,NYS,$897M (Micro),"1,239,690"
VLTO,Veralto Corp,Industrials,Commercial Services & Supplies,Environmental & Facilities Services,NYS,$23B (Mid),"1,825,770"
VMC,Vulcan Materials Co,Materials,Construction Materials,Construction Materials,NYS,$35B (Mid),"1,396,270"
VMI,Valmont Industries Inc,Industrials,Construction & Engineering,Construction & Engineering,NYS,$8B (Mid),"162,340"
VNO,Vornado Realty Trust,Real Estate,Office REITs,Office REITs,NYS,$5B (Small),"1,978,480"
VNRX,VolitionRX Ltd,Health Care,Health Care Equipment & Supplies,Health Care Supplies,NYS,$28M (Micro),"2,352,370"
VNT,Vontier Corp,Information Technology,"Electronic Equipment, Instruments & Components",Electronic Equipment & Instruments,NYS,$5B (Small),"1,034,470"
VNTG,Vantage Corp,Energy,Energy Equipment & Services,Oil & Gas Equipment & Services,NYS,$27M (Micro),"149,870"
VOYA,Voya Financial Inc,Financials,Financial Services,Diversified Financial Services,NYS,$6B (Small),"1,281,810"
VOYG,Voyager Technologies Inc,Industrials,Aerospace & Defense,Aerospace & Defense,NYS,$2B (Micro),"1,241,430"
VPG,Vishay Precision Group Inc,Information Technology,"Electronic Equipment, Instruments & Components",Electronic Equipment & Instruments,NYS,$583M (Micro),"170,020"
VRE,Veris Residential Inc,Real Estate,Residential REITs,Multi-Family Residential REITs,NYS,$2B (Micro),"1,786,660"
VRT,Vertiv Holdings Co,Industrials,Electrical Equipment,Electrical Components & Equipment,NYS,$103B (Large),"8,446,090"
VRTS,Virtus Investment Partners Inc,Financials,Capital Markets,Asset Management & Custody Banks,NYS,$886M (Micro),"81,610"
VSCO,Victoria's Secret & Co,Consumer Discretionary,Specialty Retail,Apparel Retail,NYS,$4B (Small),"3,751,230"
VSH,Vishay Intertechnology Inc,Information Technology,"Electronic Equipment, Instruments & Components",Electronic Components,NYS,$2B (Small),"2,004,810"
VST,Vistra Corp,Utilities,Independent Power & Renewable Electricity Producers,Independent Power Producers & Energy Traders,NYS,$54B (Large),"5,335,500"
VSTS,Vestis Corp,Industrials,Commercial Services & Supplies,Diversified Support Services,NYS,$990M (Micro),"1,580,410"
VTAK,Catheter Precision Inc,Health Care,Health Care Equipment & Supplies,Health Care Equipment,NYS,$4M (Micro),"6,023,880"
VTEX,VTEX,Information Technology,IT Services,Internet Services & Infrastructure,NYS,$704M (Micro),"1,710,580"
VTOL,Bristow Group Inc,Energy,Energy Equipment & Services,Oil & Gas Equipment & Services,NYS,$1B (Micro),"249,990"
VTR,Ventas Inc,Real Estate,Health Care REITs,Health Care REITs,NYS,$41B (Mid),"2,605,520"
VTS,Vitesse Energy Inc,Energy,"Oil, Gas & Consumable Fuels",Oil & Gas Exploration & Production,NYS,$792M (Micro),"710,240"
VVV,Valvoline Inc,Consumer Discretionary,Specialty Retail,Automotive Retail,NYS,$4B (Small),"1,750,610"
VVX,V2X Inc,Industrials,Aerospace & Defense,Aerospace & Defense,NYS,$2B (Small),"605,650"
VYX,NCR Voyix Corp,Information Technology,Software,Application Software,NYS,$970M (Micro),"2,988,720"
VZ,Verizon Communications Inc,Communication Services,Diversified Telecommunication Services,Integrated Telecommunication Services,NYS,$214B (Large),"25,836,320"
W,Wayfair Inc,Consumer Discretionary,Specialty Retail,Homefurnishing Retail,NYS,$10B (Mid),"3,643,560"
WAB,Westinghouse Air Brake Technologies Corp,Industrials,Machinery,Construction Machinery & Heavy Transportation Equipment,NYS,$42B (Large),"998,640"
WAL,Western Alliance Bancorp,Financials,Banks,Regional Banks,NYS,$8B (Mid),"2,322,800"
WAT,Waters Corp,Health Care,Life Sciences Tools & Services,Life Sciences Tools & Services,NYS,$29B (Mid),"1,296,880"
WBI,WaterBridge Infrastructure LLC,Energy,Energy Equipment & Services,Oil & Gas Equipment & Services,NYS,$1B (Micro),"854,350"
WBS,Webster Financial Corp,Financials,Banks,Regional Banks,NYS,$11B (Mid),"7,717,300"
WCC,Wesco International Inc,Industrials,Trading Companies & Distributors,Trading Companies & Distributors,NYS,$13B (Mid),"570,800"
WCN,Waste Connections Inc,Industrials,Commercial Services & Supplies,Environmental & Facilities Services,NYS,$43B (Large),"1,622,760"
WD,Walker & Dunlop Inc,Financials,Financial Services,Commercial & Residential Mortgage Finance,NYS,$2B (Micro),"699,990"
WDH,Waterdrop Inc,Financials,Insurance,Insurance Brokers,NYS,$498M (Micro),"246,350"
WDS,Woodside Energy Group Ltd,Energy,"Oil, Gas & Consumable Fuels",Oil & Gas Exploration & Production,NYS,$42B (Large),"1,545,080"
WEAV,Weave Communications Inc,Information Technology,Software,Application Software,NYS,$392M (Micro),"1,920,810"
WEC,WEC Energy Group Inc,Utilities,Multi-Utilities,Multi-Utilities,NYS,$37B (Mid),"2,298,350"
WELL,Welltower Inc,Real Estate,Health Care REITs,Health Care REITs,NYS,$143B (Large),"3,313,960"
WES,Western Midstream Partners LP,Energy,"Oil, Gas & Consumable Fuels",Oil & Gas Storage & Transportation,NYS,$16B (Mid),"1,577,490"
WEX,WEX Inc,Financials,Financial Services,Transaction & Payment Processing Services,NYS,$6B (Small),"498,470"
WF,Woori Financial Group Inc,Financials,Banks,Diversified Banks,NYS,$17B (Mid),"109,210"
WFC,Wells Fargo & Co,Financials,Banks,Diversified Banks,NYS,$237B (Large),"20,462,740"
WGO,Winnebago Industries Inc,Consumer Discretionary,Automobiles,Automobile Manufacturers,NYS,$969M (Micro),"633,170"
WH,Wyndham Hotels & Resorts Inc,Consumer Discretionary,"Hotels, Restaurants & Leisure","Hotels, Resorts & Cruise Lines",NYS,$6B (Small),"1,341,640"
WHD,Cactus Inc,Energy,Energy Equipment & Services,Oil & Gas Equipment & Services,NYS,$4B (Small),"1,585,970"
WHR,Whirlpool Corp,Consumer Discretionary,Household Durables,Household Appliances,NYS,$4B (Small),"5,220,740"
WIT,Wipro Ltd,Information Technology,IT Services,IT Consulting & Other Services,NYS,$25B (Mid),"19,140,790"
WK,Workiva Inc,Information Technology,Software,Application Software,NYS,$4B (Small),"1,192,240"
WKC,World Kinect Corp,Energy,"Oil, Gas & Consumable Fuels",Oil & Gas Refining & Marketing,NYS,$1B (Micro),"734,060"
WLK,Westlake Corp,Materials,Chemicals,Commodity Chemicals,NYS,$14B (Mid),"1,386,620"
WLKP,Westlake Chemical Partners LP,Materials,Chemicals,Commodity Chemicals,NYS,$783M (Micro),"50,600"
WLY,John Wiley & Sons Inc,Communication Services,Media,Publishing,NYS,$2B (Micro),"763,530"
WM,Waste Management Inc,Industrials,Commercial Services & Supplies,Environmental & Facilities Services,NYS,$95B (Large),"2,764,730"
WMB,Williams Companies Inc,Energy,"Oil, Gas & Consumable Fuels",Oil & Gas Storage & Transportation,NYS,$91B (Large),"7,269,740"
WMK,Weis Markets Inc,Consumer Staples,Consumer Staples Distribution & Retail,Food Retail,NYS,$2B (Micro),"177,770"
WMS,Advanced Drainage Systems Inc,Industrials,Building Products,Building Products,NYS,$11B (Mid),"906,550"
WNC,Wabash National Corp,Industrials,Machinery,Construction Machinery & Heavy Transportation Equipment,NYS,$365M (Micro),"556,190"
WOLF,Wolfspeed Inc,Information Technology,Semiconductors & Semiconductor Equipment,Semiconductors,NYS,$821M (Micro),"1,857,100"
WOR,Worthington Enterprises Inc,Industrials,Machinery,Industrial Machinery & Supplies & Components,NYS,$2B (Small),"156,420"
WPC,WP Carey Inc,Real Estate,Diversified REITs,Diversified REITs,NYS,$16B (Mid),"1,164,750"
WPM,Wheaton Precious Metals Corp,Materials,Metals & Mining,Gold,NYS,$67B (Large),"2,158,640"
WPP,WPP PLC,Communication Services,Media,Advertising,NYS,$4B (Small),"628,580"
WRB,W R Berkley Corp,Financials,Insurance,Property & Casualty Insurance,NYS,$25B (Mid),"2,130,120"
WRBY,Warby Parker Inc,Consumer Discretionary,Specialty Retail,Other Specialty Retail,NYS,$3B (Small),"4,487,480"
WS,Worthington Steel Inc,Materials,Metals & Mining,Steel,NYS,$2B (Micro),"246,690"
WSM,Williams-Sonoma Inc,Consumer Discretionary,Specialty Retail,Homefurnishing Retail,NYS,$22B (Mid),"1,086,740"
WSO,Watsco Inc,Industrials,Trading Companies & Distributors,Trading Companies & Distributors,NYS,$13B (Mid),"348,680"
WSR,Whitestone REIT,Real Estate,Retail REITs,Retail REITs,NYS,$853M (Micro),"319,250"
WST,West Pharmaceutical Services Inc,Health Care,Life Sciences Tools & Services,Life Sciences Tools & Services,NYS,$17B (Mid),"840,380"
WT,WisdomTree Inc,Financials,Capital Markets,Asset Management & Custody Banks,NYS,$2B (Small),"2,376,880"
WTI,W&T Offshore Inc,Energy,"Oil, Gas & Consumable Fuels",Oil & Gas Exploration & Production,NYS,$424M (Micro),"10,206,740"
WTRG,Essential Utilities Inc,Utilities,Water Utilities,Water Utilities,NYS,$11B (Mid),"4,905,590"
WTS,Watts Water Technologies Inc,Industrials,Machinery,Industrial Machinery & Supplies & Components,NYS,$10B (Mid),"164,850"
WTTR,Select Water Solutions Inc,Energy,Energy Equipment & Services,Oil & Gas Equipment & Services,NYS,$2B (Micro),"1,671,990"
WU,Western Union Co,Financials,Financial Services,Transaction & Payment Processing Services,NYS,$3B (Small),"8,137,520"
WWR,Westwater Resources Inc,Industrials,Electrical Equipment,Electrical Components & Equipment,NYS,$98M (Micro),"1,000,340"
WWW,Wolverine World Wide Inc,Consumer Discretionary,"Textiles, Apparel & Luxury Goods",Footwear,NYS,$1B (Micro),"1,793,480"
WY,Weyerhaeuser Co,Real Estate,Specialized REITs,Timber REITs,NYS,$17B (Mid),"6,927,510"
XHR,Xenia Hotels & Resorts Inc,Real Estate,Hotel & Resort REITs,Hotel & Resort REITs,NYS,$1B (Micro),"857,880"
XIFR,XPLR Infrastructure LP,Utilities,Independent Power & Renewable Electricity Producers,Renewable Electricity,NYS,$1B (Micro),"800,780"
XOM,Exxon Mobil Corp,Energy,"Oil, Gas & Consumable Fuels",Integrated Oil & Gas,NYS,$632B (Large),"22,384,560"
XPER,Xperi Inc,Information Technology,Software,Systems Software,NYS,$276M (Micro),"564,570"
XPEV,Xpeng Inc,Consumer Discretionary,Automobiles,Automobile Manufacturers,NYS,$18B (Mid),"7,286,220"
XPL,Solitario Resources Corp,Materials,Metals & Mining,Diversified Metals & Mining,NYS,$87M (Micro),"614,690"
XPO,XPO Inc,Industrials,Ground Transportation,Cargo Ground Transportation,NYS,$23B (Mid),"1,904,260"
XPOF,Xponential Fitness Inc,Consumer Discretionary,"Hotels, Restaurants & Leisure",Leisure Facilities,NYS,$296M (Micro),"1,490,540"
XPRO,Expro Group Holdings NV,Energy,Energy Equipment & Services,Oil & Gas Equipment & Services,NYS,$2B (Micro),"1,197,000"
XRN,Chiron Real Estate Inc,Real Estate,Health Care REITs,Health Care REITs,NYS,$461M (Micro),"184,830"
XTNT,Xtant Medical Holdings Inc,Health Care,Health Care Equipment & Supplies,Health Care Supplies,NYS,$88M (Micro),"124,570"
XXI,Twenty One Capital Inc,Financials,Capital Markets,Asset Management & Custody Banks,NYS,$5B (Small),"982,780"
XYF,X Financial,Financials,Consumer Finance,Consumer Finance,NYS,$188M (Micro),"96,110"
XYL,Xylem Inc,Industrials,Machinery,Industrial Machinery & Supplies & Components,NYS,$30B (Mid),"2,081,220"
XYZ,Block Inc,Financials,Financial Services,Transaction & Payment Processing Services,NYS,$39B (Mid),"14,310,860"
XZO,Exzeo Group Inc,Financials,Insurance,Property & Casualty Insurance,NYS,$1B (Micro),"215,780"
YALA,Yalla Group Ltd,Communication Services,Interactive Media & Services,Interactive Media & Services,NYS,$1B (Micro),"288,660"
YCBD,cbdMD Inc,Health Care,Pharmaceuticals,Pharmaceuticals,NYS,$7M (Micro),"524,340"
YELP,Yelp Inc,Communication Services,Interactive Media & Services,Interactive Media & Services,NYS,$1B (Micro),"1,704,070"
YETI,Yeti Holdings Inc,Consumer Discretionary,Leisure Products,Leisure Products,NYS,$3B (Small),"1,387,570"
YEXT,Yext Inc,Information Technology,Software,Application Software,NYS,$675M (Micro),"3,384,000"
YMM,Full Truck Alliance Co Ltd,Industrials,Ground Transportation,Cargo Ground Transportation,NYS,$10B (Mid),"7,132,480"
YOU,Clear Secure Inc,Information Technology,Software,Application Software,NYS,$6B (Small),"2,957,630"
YPF,YPF SA,Energy,"Oil, Gas & Consumable Fuels",Integrated Oil & Gas,NYS,$15B (Mid),"2,000,790"
YSG,Yatsen Holding Ltd,Consumer Staples,Personal Care Products,Personal Care Products,NYS,$396M (Micro),"155,750"
YSS,York Space Systems Inc,Industrials,Aerospace & Defense,Aerospace & Defense,NYS,$3B (Small),"665,430"
YUM,Yum! Brands Inc,Consumer Discretionary,"Hotels, Restaurants & Leisure",Restaurants,NYS,$43B (Large),"1,788,140"
YUMC,Yum China Holdings Inc,Consumer Discretionary,"Hotels, Restaurants & Leisure",Restaurants,NYS,$19B (Mid),"1,968,180"
ZBH,Zimmer Biomet Holdings Inc,Health Care,Health Care Equipment & Supplies,Health Care Equipment,NYS,$18B (Mid),"1,951,990"
ZEPP,Zepp Health Corp,Information Technology,"Electronic Equipment, Instruments & Components",Electronic Equipment & Instruments,NYS,$303M (Micro),"58,760"
ZETA,Zeta Global Holdings Corp,Information Technology,Software,Application Software,NYS,$4B (Small),"9,524,630"
ZGN,Ermenegildo Zegna NV,Consumer Discretionary,"Textiles, Apparel & Luxury Goods","Apparel, Accessories & Luxury Goods",NYS,$3B (Small),"776,330"
ZIM,ZIM Integrated Shipping Services Ltd,Industrials,Marine Transportation,Marine Transportation,NYS,$3B (Small),"2,233,790"
ZIP,Ziprecruiter Inc,Communication Services,Interactive Media & Services,Interactive Media & Services,NYS,$241M (Micro),"2,155,910"
ZONE,CleanCore Solutions Inc,Industrials,Machinery,Industrial Machinery & Supplies & Components,NYS,$70M (Micro),"3,149,610"
ZTO,ZTO Express (Cayman) Inc,Industrials,Air Freight & Logistics,Air Freight & Logistics,NYS,$14B (Mid),"2,009,140"
ZTS,Zoetis Inc,Health Care,Pharmaceuticals,Pharmaceuticals,NYS,$51B (Large),"3,888,640"
ZVIA,Zevia PBC,Consumer Staples,Beverages,Soft Drinks & Non-alcoholic Beverages,NYS,$102M (Micro),"694,770"
ZWS,Zurn Elkay Water Solutions Corp,Industrials,Building Products,Building Products,NYS,$8B (Mid),"809,040"